"AphiaID","phylum","class","order","family","genus","species","records","max_year","target_gene","source_obis","source_gbif","source_dna","category","redlist_category","vernacular","group"
149004,"Bacillariophyta","Bacillariophyceae","Bacillariales","Bacillariaceae","Cylindrotheca","Cylindrotheca closterium",,,"COI",FALSE,FALSE,TRUE,,,,"algae"
832130,"Bacillariophyta","Bacillariophyceae","Bacillariales","Bacillariaceae","Pseudo-nitzschia","Pseudo-nitzschia abrensis",,,"COI",FALSE,FALSE,TRUE,,,,"algae"
531450,"Bacillariophyta","Bacillariophyceae","Bacillariales","Bacillariaceae","Pseudo-nitzschia","Pseudo-nitzschia caciantha",,,"COI",FALSE,FALSE,TRUE,,,,"algae"
156548,"Bacillariophyta","Bacillariophyceae","Bacillariales","Bacillariaceae","Pseudo-nitzschia","Pseudo-nitzschia pseudodelicatissima",,,"COI",FALSE,FALSE,TRUE,,,,"algae"
1307191,"Bacillariophyta","Bacillariophyceae","Bacillariales","Bacillariaceae","Pseudo-nitzschia","Pseudo-nitzschia sabit",,,"COI",FALSE,FALSE,TRUE,,,,"algae"
495535,"Bacillariophyta","Bacillariophyceae","Naviculales","Naviculaceae","Haslea","Haslea pseudostrearia",,,"COI",FALSE,FALSE,TRUE,,,,"algae"
172829,"Bacillariophyta","Bacillariophyceae","Naviculales","Naviculaceae","Navicula","Navicula minima",,,"12S",FALSE,FALSE,TRUE,,,,"algae"
175584,"Bacillariophyta","Bacillariophyceae","Naviculales","Phaeodactylaceae","Phaeodactylum","Phaeodactylum tricornutum",,,"COI",FALSE,FALSE,TRUE,,,,"algae"
609925,"Bacillariophyta","Bacillariophyceae","Naviculales","Pinnulariaceae","Pinnularia","Pinnularia acrosphaeria",,,"COI",FALSE,FALSE,TRUE,,,,"algae"
376361,"Bacillariophyta","Bacillariophyceae","Thalassiosirales","Skeletonemaceae","Skeletonema","Skeletonema menzelii",,,"COI",FALSE,FALSE,TRUE,,,,"algae"
345463,"Chlorophyta","Mamiellophyceae","Dolichomastigales","Dolichomastigaceae","Dolichomastix","Dolichomastix tenuilepis",,,"COI",FALSE,FALSE,TRUE,,,,"algae"
134563,"Chlorophyta","Mamiellophyceae","Mamiellales","Mamiellaceae","Mantoniella","Mantoniella squamata",,,"COI",FALSE,FALSE,TRUE,,,,"algae"
134564,"Chlorophyta","Mamiellophyceae","Mamiellales","Mamiellaceae","Micromonas","Micromonas pusilla",,,"COI",FALSE,FALSE,TRUE,,,,"algae"
160538,"Haptophyta","Coccolithophyceae","Phaeocystales","Phaeocystaceae","Phaeocystis","Phaeocystis globosa",,,"COI",FALSE,FALSE,TRUE,,,,"algae"
115106,"Haptophyta","Coccolithophyceae","Phaeocystales","Phaeocystaceae","Phaeocystis","Phaeocystis pouchetii",,,"COI",FALSE,FALSE,TRUE,,,,"algae"
1358375,"Haptophyta","Coccolithophyceae","Prymnesiales","Chrysochromulinaceae","Chrysochromulina","Chrysochromulina tobinii",,,"COI",FALSE,FALSE,TRUE,,,,"algae"
375970,"Ochrophyta","Dictyochophyceae","Dictyochales","Dictyochaceae","Octactis","Octactis octonaria",,,"COI",FALSE,FALSE,TRUE,,,,"algae"
707927,"Ochrophyta","Dictyochophyceae","Dictyochales","Dictyochaceae","Vicicitus","Vicicitus globosus",,,"COI",FALSE,FALSE,TRUE,,,,"algae"
377141,"Ochrophyta","Phaeophyceae","Dictyotales","Dictyotaceae","Canistrocarpus","Canistrocarpus cervicornis",,,"COI",FALSE,FALSE,TRUE,,,,"algae"
145363,"Ochrophyta","Phaeophyceae","Dictyotales","Dictyotaceae","Dictyota","Dictyota bartayresiana",,,"COI",FALSE,FALSE,TRUE,,,,"algae"
220786,"Ochrophyta","Phaeophyceae","Dictyotales","Dictyotaceae","Dictyota","Dictyota ceylanica",,,"COI",FALSE,FALSE,TRUE,,,,"algae"
220782,"Ochrophyta","Phaeophyceae","Dictyotales","Dictyotaceae","Dictyota","Dictyota friabilis",,,"COI",FALSE,FALSE,TRUE,,,,"algae"
1372763,"Ochrophyta","Phaeophyceae","Dictyotales","Dictyotaceae","Lobophora","Lobophora obscura",,,"COI",FALSE,FALSE,TRUE,,,,"algae"
145382,"Ochrophyta","Phaeophyceae","Dictyotales","Dictyotaceae","Padina","Padina boergesenii",,,"COI",FALSE,FALSE,TRUE,,,,"algae"
214334,"Ochrophyta","Phaeophyceae","Ectocarpales","Scytosiphonaceae","Hydroclathrus","Hydroclathrus tenuis",,,"COI",FALSE,FALSE,TRUE,,,,"algae"
221476,"Ochrophyta","Phaeophyceae","Fucales","Sargassaceae","Turbinaria","Turbinaria conoides",2,1860,"COI",TRUE,FALSE,TRUE,,,,"algae"
376356,"Ochrophyta","Pinguiophyceae","Pinguiochrysidales","Pinguiochrysidaceae","Pinguiococcus","Pinguiococcus pyrenoidosus",,,"COI",FALSE,FALSE,TRUE,,,,"algae"
608356,"Ochrophyta","Raphidophyceae","Chattonellales","Vacuolariaceae","Haramonas","Haramonas dimorpha",,,"COI",FALSE,FALSE,TRUE,,,,"algae"
144439,"Rhodophyta","Florideophyceae","Bonnemaisoniales","Bonnemaisoniaceae","Asparagopsis","Asparagopsis taxiformis",,,"COI",FALSE,FALSE,TRUE,,,,"algae"
211768,"Rhodophyta","Florideophyceae","Ceramiales","Rhodomelaceae","Acanthophora","Acanthophora spicifera",,,"COI",FALSE,FALSE,TRUE,,,,"algae"
373128,"Rhodophyta","Florideophyceae","Ceramiales","Rhodomelaceae","Herposiphonia","Herposiphonia pecten-veneris",,,"COI",FALSE,FALSE,TRUE,,,,"algae"
1346787,"Rhodophyta","Florideophyceae","Ceramiales","Rhodomelaceae","Kapraunia","Kapraunia schneideri",,,"COI",FALSE,FALSE,TRUE,,,,"algae"
499472,"Rhodophyta","Florideophyceae","Ceramiales","Rhodomelaceae","Laurencia","Laurencia dendroidea",,,"COI",FALSE,FALSE,TRUE,,,,"algae"
495579,"Rhodophyta","Florideophyceae","Ceramiales","Rhodomelaceae","Palisada","Palisada parvipapillata",,,"COI",FALSE,FALSE,TRUE,,,,"algae"
144706,"Rhodophyta","Florideophyceae","Ceramiales","Callithamniaceae","Spyridia","Spyridia filamentosa",,,"COI",FALSE,FALSE,TRUE,,,,"algae"
1360725,"Rhodophyta","Florideophyceae","Ceramiales","Rhodomelaceae","Wilsonosiphonia","Wilsonosiphonia fujiae",,,"COI",FALSE,FALSE,TRUE,,,,"algae"
1041645,"Rhodophyta","Florideophyceae","Corallinales","Porolithaceae","Harveylithon","Harveylithon munitum",,,"COI",FALSE,FALSE,TRUE,,,,"algae"
145123,"Rhodophyta","Florideophyceae","Corallinales","Corallinaceae","Jania","Jania adhaerens",2,1816,"COI",TRUE,FALSE,TRUE,,,,"algae"
145191,"Rhodophyta","Florideophyceae","Corallinales","Spongitaceae","Neogoniolithon","Neogoniolithon brassica-florida",,,"COI",FALSE,FALSE,TRUE,,,,"algae"
372900,"Rhodophyta","Florideophyceae","Corallinales","Spongitaceae","Neogoniolithon","Neogoniolithon rhizophorae",,,"COI",FALSE,FALSE,TRUE,,,,"algae"
213914,"Rhodophyta","Florideophyceae","Corallinales","Spongitaceae","Neogoniolithon","Neogoniolithon trichotomum",,,"COI",FALSE,FALSE,TRUE,,,,"algae"
1534768,"Rhodophyta","Florideophyceae","Gelidiales","Orthogonacladiaceae","Aphanta","Aphanta ligulata",,,"COI",FALSE,FALSE,TRUE,,,,"algae"
623233,"Rhodophyta","Florideophyceae","Gelidiales","Gelidiellaceae","Gelidiella","Gelidiella fanii",,,"COI",FALSE,FALSE,TRUE,,,,"algae"
374576,"Rhodophyta","Florideophyceae","Gelidiales","Pterocladiaceae","Pterocladiella","Pterocladiella caerulescens",,,"COI",FALSE,FALSE,TRUE,,,,"algae"
220814,"Rhodophyta","Florideophyceae","Gigartinales","Cystocloniaceae","Hypnea","Hypnea nigrescens",,,"COI",FALSE,FALSE,TRUE,,,,"algae"
145635,"Rhodophyta","Florideophyceae","Gigartinales","Cystocloniaceae","Hypnea","Hypnea spinella",2,1847,"COI",TRUE,FALSE,TRUE,,,,"algae"
1360842,"Rhodophyta","Florideophyceae","Gigartinales","Kallymeniaceae","Meredithia","Meredithia compaginata",,,"COI",FALSE,FALSE,TRUE,,,,"algae"
214010,"Rhodophyta","Florideophyceae","Gigartinales","Solieriaceae","Sarconema","Sarconema filiforme",,,"COI",FALSE,FALSE,TRUE,,,,"algae"
843974,"Rhodophyta","Florideophyceae","Gracilariales","Gracilariaceae","Gracilaria","Gracilaria babae",,,"COI",FALSE,FALSE,TRUE,,,,"algae"
211611,"Rhodophyta","Florideophyceae","Nemaliales","Galaxauraceae","Galaxaura","Galaxaura filamentosa",,,"COI",FALSE,FALSE,TRUE,,,,"algae"
495626,"Rhodophyta","Florideophyceae","Nemaliales","Liagoraceae","Ganonema","Ganonema pinnatiramosa",,,"COI",FALSE,FALSE,TRUE,,,,"algae"
145756,"Rhodophyta","Florideophyceae","Nemaliales","Liagoraceae","Liagora","Liagora ceranoides",4,1816,"COI",TRUE,FALSE,TRUE,,,,"algae"
837478,"Rhodophyta","Florideophyceae","Peyssonneliales","Peyssonneliaceae","Ramicrusta","Ramicrusta lateralis",,,"COI",FALSE,FALSE,TRUE,,,,"algae"
623232,"Rhodophyta","Florideophyceae","Rhodachlyales","Rhodachlyaceae","Rhodachlya","Rhodachlya madagascarensis",,,"COI",FALSE,FALSE,TRUE,,,,"algae"
623136,"Rhodophyta","Florideophyceae","Rhodymeniales","Hymenocladiaceae","Asteromenia","Asteromenia pseudocoalescens",,,"COI",FALSE,FALSE,TRUE,,,,"algae"
145846,"Rhodophyta","Florideophyceae","Rhodymeniales","Champiaceae","Coelothrix","Coelothrix irregularis",,,"COI",FALSE,FALSE,TRUE,,,,"algae"
147431,"Chordata","Aves","Charadriiformes","Scolopacidae","Arenaria","Arenaria interpres",,,"12S;16S",FALSE,TRUE,TRUE,"LC","LC","ruddy turnstone, tournepierre à collier","birds"
212654,"Chordata","Aves","Pelecaniformes","Fregatidae","Fregata","Fregata minor",,,"12S",FALSE,TRUE,TRUE,"LC","LC","great frigatebird, frégate du Pacifique","birds"
212596,"Chordata","Aves","Pelecaniformes","Sulidae","Sula","Sula sula",,,"16S;COI",FALSE,TRUE,TRUE,"LC","LC","red-footed booby, fou à pieds rouges","birds"
346030,"Arthropoda","Copepoda","Calanoida","Acartiidae","Acartia","Acartia (Acartia) negligens",,,"COI",FALSE,FALSE,TRUE,,,,"copepods"
220838,"Arthropoda","Copepoda","Calanoida","Paracalanidae","Acrocalanus","Acrocalanus gracilis",,,"COI",FALSE,FALSE,TRUE,,,,"copepods"
104669,"Arthropoda","Copepoda","Calanoida","Paracalanidae","Calocalanus","Calocalanus pavo",,,"COI",FALSE,FALSE,TRUE,,,,"copepods"
211848,"Arthropoda","Copepoda","Calanoida","Paracalanidae","Calocalanus","Calocalanus plumulosus",,,"COI",FALSE,FALSE,TRUE,,,,"copepods"
104673,"Arthropoda","Copepoda","Calanoida","Paracalanidae","Calocalanus","Calocalanus styliremis",,,"COI",FALSE,FALSE,TRUE,,,,"copepods"
104503,"Arthropoda","Copepoda","Calanoida","Clausocalanidae","Clausocalanus","Clausocalanus furcatus",,,"COI",FALSE,FALSE,TRUE,,,,"copepods"
104730,"Arthropoda","Copepoda","Calanoida","Pontellidae","Labidocera","Labidocera detruncata",,,"COI",FALSE,FALSE,TRUE,,,,"copepods"
104732,"Arthropoda","Copepoda","Calanoida","Pontellidae","Labidocera","Labidocera madurae",,,"COI",FALSE,FALSE,TRUE,,,,"copepods"
237968,"Arthropoda","Copepoda","Calanoida","Eucalanidae","Pareucalanus","Pareucalanus attenuatus",2,1849,"COI",TRUE,FALSE,TRUE,,,,"copepods"
360157,"Arthropoda","Copepoda","Calanoida","Pontellidae","Pontella","Pontella fera",,,"COI",FALSE,FALSE,TRUE,,,,"copepods"
104473,"Arthropoda","Copepoda","Calanoida","Calanidae","Undinula","Undinula vulgaris",2,1849,"COI",TRUE,FALSE,TRUE,,,,"copepods"
346293,"Arthropoda","Copepoda","Cyclopoida","Sapphirinidae","Copilia","Copilia hendorffi",,,"COI",FALSE,FALSE,TRUE,,,,"copepods"
346477,"Arthropoda","Copepoda","Cyclopoida","Corycaeidae","Farranula","Farranula gibbula",,,"COI",FALSE,FALSE,TRUE,,,,"copepods"
128938,"Arthropoda","Copepoda","Cyclopoida","Oncaeidae","Oncaea","Oncaea media",,,"COI",FALSE,FALSE,TRUE,,,,"copepods"
129060,"Arthropoda","Copepoda","Cyclopoida","Sapphirinidae","Sapphirina","Sapphirina stellata",,,"COI",FALSE,FALSE,TRUE,,,,"copepods"
102007,"Arthropoda","Malacostraca","Amphipoda","Ampithoidae","Cymadusa","Cymadusa filosa",,,"COI",FALSE,FALSE,TRUE,,,,"crustaceans"
210536,"Arthropoda","Malacostraca","Decapoda","Alpheidae","Alpheus","Alpheus pacificus",,,"COI",FALSE,FALSE,TRUE,,,,"crustaceans"
452053,"Arthropoda","Malacostraca","Decapoda","Calappidae","Calappa","Calappa exanthematosa",,,"COI",FALSE,FALSE,TRUE,,,,"crustaceans"
209501,"Arthropoda","Malacostraca","Decapoda","Calappidae","Calappa","Calappa hepatica",,,"COI",FALSE,TRUE,TRUE,,,"smooth box crab","crustaceans"
558094,"Arthropoda","Malacostraca","Decapoda","Macrophthalmidae","Chaenostoma","Chaenostoma boscii",,,"COI",FALSE,FALSE,TRUE,,,,"crustaceans"
849476,"Arthropoda","Malacostraca","Decapoda","Macrophthalmidae","Chaenostoma","Chaenostoma sinuspersici",,,"COI",FALSE,FALSE,TRUE,,,,"crustaceans"
557899,"Arthropoda","Malacostraca","Decapoda","Portunidae","Cycloachelous","Cycloachelous granulatus",,,"COI",FALSE,FALSE,TRUE,,,,"crustaceans"
444087,"Arthropoda","Malacostraca","Decapoda","Xanthidae","Cyclodius","Cyclodius obscurus",,,"COI",FALSE,FALSE,TRUE,,,,"crustaceans"
208730,"Arthropoda","Malacostraca","Decapoda","Diogenidae","Dardanus","Dardanus deformis",,,"COI",FALSE,TRUE,TRUE,,,"pale anemone hermit","crustaceans"
209478,"Arthropoda","Malacostraca","Decapoda","Dynomenidae","Dynomene","Dynomene praedator",,,"COI",FALSE,FALSE,TRUE,,,,"crustaceans"
209116,"Arthropoda","Malacostraca","Decapoda","Xanthidae","Etisus","Etisus bifrontalis",,,"COI",FALSE,FALSE,TRUE,,,,"crustaceans"
444035,"Arthropoda","Malacostraca","Decapoda","Xanthidae","Gaillardiellus","Gaillardiellus rueppelli",,,"COI",FALSE,FALSE,TRUE,,,,"crustaceans"
1250203,"Arthropoda","Malacostraca","Decapoda","Portunidae","Gonioinfradens","Gonioinfradens paucidentatus",,,"COI",FALSE,TRUE,TRUE,,,,"crustaceans"
210322,"Arthropoda","Malacostraca","Decapoda","Hippidae","Hippa","Hippa adactyla",,,"COI",FALSE,FALSE,TRUE,,,,"crustaceans"
209579,"Arthropoda","Malacostraca","Decapoda","Xanthidae","Kraussia","Kraussia rugulosa",,,"COI",FALSE,FALSE,TRUE,,,,"crustaceans"
209088,"Arthropoda","Malacostraca","Decapoda","Xanthidae","Leptodius","Leptodius gracilis",,,"COI",FALSE,FALSE,TRUE,,,,"crustaceans"
208982,"Arthropoda","Malacostraca","Decapoda","Xanthidae","Liomera","Liomera bella",,,"COI",FALSE,FALSE,TRUE,,,"pretty liomera","crustaceans"
107122,"Arthropoda","Malacostraca","Decapoda","Luciferidae","Lucifer","Lucifer typus",,,"COI",FALSE,FALSE,TRUE,,,"standard lucifer prawn, gamba des monts sous-marins","crustaceans"
208964,"Arthropoda","Malacostraca","Decapoda","Xanthidae","Lybia","Lybia tessellata",,,"COI",FALSE,FALSE,TRUE,,,"carrying crab","crustaceans"
209423,"Arthropoda","Malacostraca","Decapoda","Macrophthalmidae","Macrophthalmus","Macrophthalmus (Macrophthalmus) milloti",,,"COI",FALSE,FALSE,TRUE,,,,"crustaceans"
208908,"Arthropoda","Malacostraca","Decapoda","Epialtidae","Menaethius","Menaethius monoceros",,,"COI",FALSE,FALSE,TRUE,,,,"crustaceans"
207537,"Arthropoda","Malacostraca","Decapoda","Grapsidae","Metopograpsus","Metopograpsus thukuhar",,,"COI",FALSE,FALSE,TRUE,,,,"crustaceans"
207539,"Arthropoda","Malacostraca","Decapoda","Grapsidae","Pachygrapsus","Pachygrapsus minutus",,,"COI",FALSE,FALSE,TRUE,,,,"crustaceans"
514613,"Arthropoda","Malacostraca","Decapoda","Palaemonidae","Palaemonella","Palaemonella aliska",,,"COI",FALSE,FALSE,TRUE,,,,"crustaceans"
1061930,"Arthropoda","Malacostraca","Decapoda","Sesarmidae","Parasesarma","Parasesarma samawati",,,"COI",FALSE,FALSE,TRUE,,,,"crustaceans"
207575,"Arthropoda","Malacostraca","Decapoda","Percnidae","Percnon","Percnon abbreviatum",,,"COI",FALSE,FALSE,TRUE,,,,"crustaceans"
207573,"Arthropoda","Malacostraca","Decapoda","Percnidae","Percnon","Percnon guinotae",,,"COI",FALSE,FALSE,TRUE,,,,"crustaceans"
209127,"Arthropoda","Malacostraca","Decapoda","Xanthidae","Pilodius","Pilodius areolatus",,,"COI",FALSE,FALSE,TRUE,,,"areolated xanthid crab","crustaceans"
442581,"Arthropoda","Malacostraca","Decapoda","Pilumnidae","Pilumnus","Pilumnus tahitensis",,,"COI",FALSE,FALSE,TRUE,,,,"crustaceans"
210158,"Arthropoda","Malacostraca","Decapoda","Pilumnidae","Pilumnus","Pilumnus vespertilio",,,"COI",FALSE,FALSE,TRUE,,,,"crustaceans"
208849,"Arthropoda","Malacostraca","Decapoda","Portunidae","Thalamita","Thalamita admete",,,"COI",FALSE,FALSE,TRUE,,,,"crustaceans"
442882,"Arthropoda","Malacostraca","Decapoda","Portunidae","Thalamita","Thalamita chaptalii",,,"COI",FALSE,FALSE,TRUE,,,,"crustaceans"
208876,"Arthropoda","Malacostraca","Decapoda","Portunidae","Thalamita","Thalamita coeruleipes",,,"COI",FALSE,FALSE,TRUE,,,,"crustaceans"
208848,"Arthropoda","Malacostraca","Decapoda","Portunidae","Thalamita","Thalamita crenata",,,"COI",FALSE,TRUE,TRUE,,,"crenate swimming crab","crustaceans"
208857,"Arthropoda","Malacostraca","Decapoda","Portunidae","Thalamita","Thalamita gatavakensis",,,"COI",FALSE,FALSE,TRUE,,,,"crustaceans"
107406,"Arthropoda","Malacostraca","Decapoda","Portunidae","Thalamita","Thalamita gloriensis",,,"COI",FALSE,FALSE,TRUE,,,,"crustaceans"
208871,"Arthropoda","Malacostraca","Decapoda","Portunidae","Thalamita","Thalamita integra",,,"COI",FALSE,FALSE,TRUE,,,,"crustaceans"
208866,"Arthropoda","Malacostraca","Decapoda","Portunidae","Thalamita","Thalamita parvidens",,,"COI",FALSE,FALSE,TRUE,,,,"crustaceans"
442916,"Arthropoda","Malacostraca","Decapoda","Portunidae","Thalamita","Thalamita seurati",,,"COI",FALSE,FALSE,TRUE,,,,"crustaceans"
208880,"Arthropoda","Malacostraca","Decapoda","Portunidae","Thalamita","Thalamita stephensoni",,,"COI",FALSE,FALSE,TRUE,,,,"crustaceans"
443882,"Arthropoda","Malacostraca","Decapoda","Trapeziidae","Trapezia","Trapezia lutea",,,"COI",FALSE,FALSE,TRUE,,,,"crustaceans"
1061722,"Arthropoda","Malacostraca","Decapoda","Portunidae","Xiphonectes","Xiphonectes iranjae",,,"COI",FALSE,FALSE,TRUE,,,,"crustaceans"
209076,"Arthropoda","Malacostraca","Decapoda","Xanthidae","Zosimus","Zosimus aeneus",,,"COI",FALSE,TRUE,TRUE,,,,"crustaceans"
221056,"Arthropoda","Malacostraca","Euphausiacea","Euphausiidae","Euphausia","Euphausia diomedeae",,,"COI",FALSE,FALSE,TRUE,,,,"crustaceans"
221052,"Arthropoda","Malacostraca","Euphausiacea","Euphausiidae","Euphausia","Euphausia tenera",,,"COI",FALSE,FALSE,TRUE,,,,"crustaceans"
409170,"Arthropoda","Malacostraca","Stomatopoda","Squillidae","Alima","Alima pacifica",,,"COI",FALSE,FALSE,TRUE,,,,"crustaceans"
210232,"Arthropoda","Malacostraca","Stomatopoda","Pseudosquillidae","Pseudosquilla","Pseudosquilla ciliata",,,"COI",FALSE,FALSE,TRUE,,,,"crustaceans"
409099,"Arthropoda","Malacostraca","Stomatopoda","Nannosquillidae","Pullosquilla","Pullosquilla litoralis",,,"COI",FALSE,FALSE,TRUE,,,,"crustaceans"
217337,"Chordata","Elasmobranchii","Carcharhiniformes","Carcharhinidae","Carcharhinus","Carcharhinus amblyrhynchos",50,2021,"12S;16S",TRUE,TRUE,TRUE,"EN","EN","grey reef shark","fish"
105795,"Chordata","Elasmobranchii","Carcharhiniformes","Carcharhinidae","Carcharhinus","Carcharhinus melanopterus",46,2013,"12S;16S;COI",TRUE,TRUE,TRUE,"VU","VU","blacktip reef shark","fish"
217356,"Chordata","Elasmobranchii","Carcharhiniformes","Carcharhinidae","Negaprion","Negaprion acutidens",25,2013,"12S;16S",TRUE,TRUE,TRUE,"EN","EN","sicklefin lemon shark","fish"
105816,"Chordata","Elasmobranchii","Carcharhiniformes","Sphyrnidae","Sphyrna","Sphyrna lewini",1,,"12S",TRUE,FALSE,TRUE,"CR","CR","scalloped hammerhead","fish"
217426,"Chordata","Elasmobranchii","Myliobatiformes","Aetobatidae","Aetobatus","Aetobatus narinari",,,"12S",FALSE,FALSE,TRUE,"EN","EN","spotted eagle ray","fish"
398328,"Chordata","Elasmobranchii","Myliobatiformes","Dasyatidae","Himantura","Himantura leoparda",,,"COI",FALSE,FALSE,TRUE,"VU","VU",,"fish"
105854,"Chordata","Elasmobranchii","Myliobatiformes","Dasyatidae","Himantura","Himantura uarnak",,,"12S",FALSE,FALSE,TRUE,"EN","EN","honeycomb stingray","fish"
1026118,"Chordata","Elasmobranchii","Myliobatiformes","Mobulidae","Mobula","Mobula birostris",,,"12S",FALSE,FALSE,TRUE,"EN","EN",,"fish"
1043416,"Chordata","Elasmobranchii","Myliobatiformes","Dasyatidae","Pateobatis","Pateobatis fai",2,2021,"12S;COI",TRUE,TRUE,TRUE,"VU","VU",,"fish"
712972,"Chordata","Elasmobranchii","Myliobatiformes","Dasyatidae","Taeniurops","Taeniurops meyeni",1,,"12S",TRUE,TRUE,TRUE,"VU","VU",,"fish"
217424,"Chordata","Elasmobranchii","Myliobatiformes","Dasyatidae","Urogymnus","Urogymnus asperrimus",,,"12S;COI",FALSE,FALSE,TRUE,"VU","VU","porcupine ray","fish"
220030,"Chordata","Elasmobranchii","Orectolobiformes","Ginglymostomatidae","Nebrius","Nebrius ferrugineus",14,2021,"12S;16S",TRUE,TRUE,TRUE,"VU","VU","tawny nurse shark, requin nourrice fauve","fish"
219639,"Chordata","Teleostei","Acanthuriformes","Acanthuridae","Acanthurus","Acanthurus blochii",1,,"12S;16S",TRUE,TRUE,TRUE,"LC","LC","ringtail surgeonfish","fish"
219628,"Chordata","Teleostei","Acanthuriformes","Acanthuridae","Acanthurus","Acanthurus leucosternon",109,2021,"12S",TRUE,TRUE,TRUE,"LC","LC","powder-blue surgeonfish","fish"
159582,"Chordata","Teleostei","Acanthuriformes","Acanthuridae","Acanthurus","Acanthurus lineatus",11,,"12S;16S;COI",TRUE,TRUE,TRUE,"LC","LC","lined surgeonfish","fish"
219651,"Chordata","Teleostei","Acanthuriformes","Acanthuridae","Acanthurus","Acanthurus mata",1,1964,"COI",TRUE,FALSE,TRUE,"LC","LC","blue-lined surgeonfish","fish"
219626,"Chordata","Teleostei","Acanthuriformes","Acanthuridae","Acanthurus","Acanthurus nigricauda",47,2021,"COI",TRUE,TRUE,TRUE,"LC","LC","epaulette surgeonfish","fish"
219640,"Chordata","Teleostei","Acanthuriformes","Acanthuridae","Acanthurus","Acanthurus nigrofuscus",62,1967,"12S;16S;COI",TRUE,TRUE,TRUE,"LC","LC","brown surgeonfish","fish"
219632,"Chordata","Teleostei","Acanthuriformes","Acanthuridae","Acanthurus","Acanthurus tennentii",37,,"COI",TRUE,TRUE,TRUE,"LC","LC",,"fish"
219630,"Chordata","Teleostei","Acanthuriformes","Acanthuridae","Acanthurus","Acanthurus triostegus",18,1967,"12S;16S;COI",TRUE,TRUE,TRUE,"LC","LC","convict surgeonfish","fish"
219634,"Chordata","Teleostei","Acanthuriformes","Acanthuridae","Acanthurus","Acanthurus xanthopterus",18,2021,"12S;COI",TRUE,TRUE,TRUE,"LC","LC","yellowfin surgeonfish","fish"
218730,"Chordata","Teleostei","Acanthuriformes","Chaetodontidae","Chaetodon","Chaetodon auriga",167,2021,"16S;COI",TRUE,TRUE,TRUE,"LC","LC","threadfin butterflyfish","fish"
218732,"Chordata","Teleostei","Acanthuriformes","Chaetodontidae","Chaetodon","Chaetodon austriacus",,,"12S",FALSE,FALSE,TRUE,"LC","LC","exquisite butterflyfish","fish"
218722,"Chordata","Teleostei","Acanthuriformes","Chaetodontidae","Chaetodon","Chaetodon guttatissimus",231,2021,"16S",TRUE,TRUE,TRUE,"LC","LC","peppered butterflyfish","fish"
218738,"Chordata","Teleostei","Acanthuriformes","Chaetodontidae","Chaetodon","Chaetodon kleinii",198,2021,"12S;16S;COI",TRUE,TRUE,TRUE,"LC","LC","sunburst butterflyfish","fish"
218743,"Chordata","Teleostei","Acanthuriformes","Chaetodontidae","Chaetodon","Chaetodon melannotus",51,2021,"16S",TRUE,TRUE,TRUE,"LC","LC","blackback butterflyfish","fish"
218752,"Chordata","Teleostei","Acanthuriformes","Chaetodontidae","Chaetodon","Chaetodon meyeri",174,2021,"16S",TRUE,TRUE,TRUE,"LC","LC","scrawled butterflyfish","fish"
219655,"Chordata","Teleostei","Acanthuriformes","Acanthuridae","Ctenochaetus","Ctenochaetus binotatus",59,2021,"16S",TRUE,TRUE,TRUE,"LC","LC","twospot surgeonfish","fish"
277560,"Chordata","Teleostei","Acanthuriformes","Acanthuridae","Ctenochaetus","Ctenochaetus flavicauda",,,"COI",FALSE,FALSE,TRUE,"LC","LC",,"fish"
219659,"Chordata","Teleostei","Acanthuriformes","Acanthuridae","Ctenochaetus","Ctenochaetus striatus",89,2021,"12S;16S;COI",TRUE,TRUE,TRUE,"LC","LC","lined bristletooth","fish"
218760,"Chordata","Teleostei","Acanthuriformes","Chaetodontidae","Forcipiger","Forcipiger flavissimus",152,2021,"12S;16S",TRUE,TRUE,TRUE,"LC","LC","forcepsfish","fish"
218764,"Chordata","Teleostei","Acanthuriformes","Chaetodontidae","Heniochus","Heniochus monoceros",43,2021,"16S",TRUE,TRUE,TRUE,"LC","LC","masked bannerfish","fish"
219671,"Chordata","Teleostei","Acanthuriformes","Acanthuridae","Naso","Naso brevirostris",47,2021,"COI",TRUE,TRUE,TRUE,"LC","LC","spotted unicornfish","fish"
278005,"Chordata","Teleostei","Acanthuriformes","Acanthuridae","Naso","Naso elegans",50,2021,"16S",TRUE,TRUE,TRUE,"LC","LC",,"fish"
219667,"Chordata","Teleostei","Acanthuriformes","Acanthuridae","Naso","Naso hexacanthus",6,,"16S",TRUE,TRUE,TRUE,"LC","LC","sleek unicornfish","fish"
219670,"Chordata","Teleostei","Acanthuriformes","Acanthuridae","Naso","Naso thynnoides",1,,"16S",TRUE,TRUE,TRUE,"LC","LC","oneknife unicornfish","fish"
219668,"Chordata","Teleostei","Acanthuriformes","Acanthuridae","Naso","Naso unicornis",24,2021,"12S;16S;COI",TRUE,TRUE,TRUE,"LC","LC","bluespine unicornfish","fish"
219672,"Chordata","Teleostei","Acanthuriformes","Acanthuridae","Naso","Naso vlamingii",7,,"12S",TRUE,TRUE,TRUE,"LC","LC","bignose unicornfish","fish"
218711,"Chordata","Teleostei","Acanthuriformes","Ephippidae","Platax","Platax orbicularis",27,2021,"12S;16S",TRUE,TRUE,TRUE,"LC","LC","circular spadefish","fish"
220083,"Chordata","Teleostei","Acanthuriformes","Zanclidae","Zanclus","Zanclus cornutus",160,2021,"12S;16S",TRUE,TRUE,TRUE,"LC","LC","Moorish idol","fish"
712902,"Chordata","Teleostei","Acanthuriformes","Acanthuridae","Zebrasoma","Zebrasoma velifer",3,1967,"12S",TRUE,TRUE,TRUE,,,,"fish"
218699,"Chordata","Teleostei","Acropomatiformes","Pempheridae","Pempheris","Pempheris schwenkii",,,"12S",FALSE,FALSE,TRUE,,,,"fish"
212255,"Chordata","Teleostei","Albuliformes","Albulidae","Albula","Albula glossodonta",,,"12S;16S",FALSE,FALSE,TRUE,"VU","VU","roundjaw bonefish","fish"
217565,"Chordata","Teleostei","Anguilliformes","Ophichthidae","Callechelys","Callechelys marmorata",3,1967,"12S",TRUE,TRUE,TRUE,"LC","LC","marbled snake eel","fish"
217545,"Chordata","Teleostei","Anguilliformes","Congridae","Conger","Conger cinereus",14,1967,"12S;COI",TRUE,TRUE,TRUE,"LC","LC","mustache conger","fish"
217469,"Chordata","Teleostei","Anguilliformes","Muraenidae","Echidna","Echidna nebulosa",10,1967,"12S;16S",TRUE,TRUE,TRUE,"LC","LC","snowflake moray","fish"
217467,"Chordata","Teleostei","Anguilliformes","Muraenidae","Echidna","Echidna polyzona",6,1967,"12S",TRUE,TRUE,TRUE,"LC","LC","barred moray","fish"
217480,"Chordata","Teleostei","Anguilliformes","Muraenidae","Gymnothorax","Gymnothorax breedeni",1,,"COI",TRUE,TRUE,TRUE,"LC","LC","blackcheek moray","fish"
217479,"Chordata","Teleostei","Anguilliformes","Muraenidae","Gymnothorax","Gymnothorax buroensis",11,1967,"12S;16S",TRUE,TRUE,TRUE,"LC","LC","vagrant moray","fish"
217490,"Chordata","Teleostei","Anguilliformes","Muraenidae","Gymnothorax","Gymnothorax chilospilus",22,1967,"12S;16S;COI",TRUE,TRUE,TRUE,"LC","LC","lipspot moray","fish"
217495,"Chordata","Teleostei","Anguilliformes","Muraenidae","Gymnothorax","Gymnothorax flavimarginatus",5,1967,"12S;16S",TRUE,TRUE,TRUE,"LC","LC","yellowmargin moray","fish"
217505,"Chordata","Teleostei","Anguilliformes","Muraenidae","Gymnothorax","Gymnothorax margaritophorus",5,1967,"16S",TRUE,TRUE,TRUE,"LC","LC","blotched-neck moray","fish"
271852,"Chordata","Teleostei","Anguilliformes","Muraenidae","Gymnothorax","Gymnothorax miliaris",,,"12S",FALSE,FALSE,TRUE,"LC","LC","goldentail moray","fish"
217491,"Chordata","Teleostei","Anguilliformes","Muraenidae","Gymnothorax","Gymnothorax pictus",12,1967,"12S;16S;COI",TRUE,TRUE,TRUE,"LC","LC",,"fish"
271882,"Chordata","Teleostei","Anguilliformes","Muraenidae","Gymnothorax","Gymnothorax richardsonii",4,1967,"12S;16S;COI",TRUE,TRUE,TRUE,"LC","LC",,"fish"
217477,"Chordata","Teleostei","Anguilliformes","Muraenidae","Gymnothorax","Gymnothorax rueppelliae",4,1967,"12S;16S",TRUE,TRUE,TRUE,"LC","LC","banded moray","fish"
217508,"Chordata","Teleostei","Anguilliformes","Muraenidae","Gymnothorax","Gymnothorax undulatus",8,1967,"12S;16S;COI",TRUE,TRUE,TRUE,"LC","LC","undulated moray","fish"
217579,"Chordata","Teleostei","Anguilliformes","Ophichthidae","Myrichthys","Myrichthys colubrinus",3,1967,"12S",TRUE,TRUE,TRUE,"LC","LC","harlequin snake-eel","fish"
217578,"Chordata","Teleostei","Anguilliformes","Ophichthidae","Myrichthys","Myrichthys maculosus",1,1967,"16S",TRUE,TRUE,TRUE,"LC","LC","tiger snake-eel","fish"
217528,"Chordata","Teleostei","Anguilliformes","Muraenidae","Pseudechidna","Pseudechidna brummeri",1,1967,"12S",TRUE,TRUE,TRUE,"LC","LC",,"fish"
217595,"Chordata","Teleostei","Anguilliformes","Ophichthidae","Schismorhynchus","Schismorhynchus labialis",4,1967,"12S;16S",TRUE,TRUE,TRUE,"LC","LC",,"fish"
212038,"Chordata","Teleostei","Anguilliformes","Muraenidae","Uropterygius","Uropterygius xanthopterus",2,1954,"12S",TRUE,TRUE,TRUE,"LC","LC","freckleface reef-eel","fish"
126331,"Chordata","Teleostei","Atheriniformes","Atherinidae","Atherinomorus","Atherinomorus lacunosus",,,"12S;16S",FALSE,FALSE,TRUE,"LC","LC","robust silverside","fish"
217884,"Chordata","Teleostei","Atheriniformes","Atherinidae","Hypoatherina","Hypoatherina barnesi",7,1967,"16S;COI",TRUE,TRUE,TRUE,,,"Barnes' silverside","fish"
217883,"Chordata","Teleostei","Atheriniformes","Atherinidae","Hypoatherina","Hypoatherina temminckii",4,1967,"12S;16S;COI",TRUE,TRUE,TRUE,,,"Samoan silverside","fish"
217664,"Chordata","Teleostei","Aulopiformes","Synodontidae","Saurida","Saurida nebulosa",2,1964,"12S",TRUE,TRUE,TRUE,"LC","LC","clouded lizardfish","fish"
217667,"Chordata","Teleostei","Aulopiformes","Synodontidae","Synodus","Synodus dermatogenys",16,1967,"12S;COI",TRUE,TRUE,TRUE,"LC","LC",,"fish"
217670,"Chordata","Teleostei","Aulopiformes","Synodontidae","Synodus","Synodus variegatus",6,1967,"12S;16S;COI",TRUE,TRUE,TRUE,"LC","LC","common lizardfish","fish"
217862,"Chordata","Teleostei","Beloniformes","Exocoetidae","Cheilopogon","Cheilopogon cyanopterus",,,"12S",FALSE,FALSE,TRUE,"LC","LC","margined flyingfish","fish"
272163,"Chordata","Teleostei","Beloniformes","Exocoetidae","Cheilopogon","Cheilopogon spilonotopterus",,,"16S",FALSE,FALSE,TRUE,,,"stained flyingfish","fish"
126385,"Chordata","Teleostei","Beloniformes","Exocoetidae","Exocoetus","Exocoetus volitans",,,"COI",FALSE,FALSE,TRUE,"LC","LC","flying fish, poisson volant","fish"
126389,"Chordata","Teleostei","Beloniformes","Hemiramphidae","Hemiramphus","Hemiramphus far",,,"12S;16S",FALSE,FALSE,TRUE,,,"spotted halfbeak","fish"
213170,"Chordata","Teleostei","Beloniformes","Hemiramphidae","Hyporhamphus","Hyporhamphus affinis",2,1967,"COI",TRUE,FALSE,TRUE,,,"tropical halfbeak","fish"
217871,"Chordata","Teleostei","Beloniformes","Hemiramphidae","Oxyporhamphus","Oxyporhamphus micropterus",2,,"16S",TRUE,TRUE,TRUE,,,"smallwing flyingfish","fish"
126377,"Chordata","Teleostei","Beloniformes","Belonidae","Platybelone","Platybelone argalus",1,,"12S;16S;COI",TRUE,TRUE,TRUE,"LC","LC","keeltail needlefish","fish"
126378,"Chordata","Teleostei","Beloniformes","Belonidae","Tylosurus","Tylosurus acus",,,"12S;16S;COI",FALSE,FALSE,TRUE,"LC","LC","agujon needlefish","fish"
159259,"Chordata","Teleostei","Beloniformes","Belonidae","Tylosurus","Tylosurus crocodilus",2,1967,"12S;16S;COI",TRUE,TRUE,TRUE,"LC","LC","houndfish","fish"
219248,"Chordata","Teleostei","Blenniiformes","Blenniidae","Blenniella","Blenniella chrysospilos",8,1967,"16S;COI",TRUE,TRUE,TRUE,"LC","LC",,"fish"
219249,"Chordata","Teleostei","Blenniiformes","Blenniidae","Blenniella","Blenniella periophthalmus",12,1967,"12S",TRUE,TRUE,TRUE,"LC","LC","blue-dashed rockskipper","fish"
219266,"Chordata","Teleostei","Blenniiformes","Blenniidae","Cirripectes","Cirripectes castaneus",14,2008,"12S;16S",TRUE,TRUE,TRUE,"LC","LC","chestnut blenny","fish"
219262,"Chordata","Teleostei","Blenniiformes","Blenniidae","Cirripectes","Cirripectes polyzona",4,1967,"12S;16S",TRUE,TRUE,TRUE,"LC","LC","barred blenny","fish"
219263,"Chordata","Teleostei","Blenniiformes","Blenniidae","Cirripectes","Cirripectes quagga",1,1967,"12S;16S;COI",TRUE,FALSE,TRUE,"LC","LC","squiggly blenny","fish"
219265,"Chordata","Teleostei","Blenniiformes","Blenniidae","Cirripectes","Cirripectes stigmaticus",,,"COI",FALSE,FALSE,TRUE,"LC","LC","red-streaked blenny","fish"
219329,"Chordata","Teleostei","Blenniiformes","Blenniidae","Petroscirtes","Petroscirtes mitratus",5,1967,"12S",TRUE,TRUE,TRUE,"LC","LC","floral blenny","fish"
219340,"Chordata","Teleostei","Blenniiformes","Blenniidae","Salarias","Salarias fasciatus",8,1967,"12S",TRUE,TRUE,TRUE,"LC","LC","jewelled blenny","fish"
218909,"Chordata","Teleostei","Carangaria incertae sedis","Polynemidae","Polydactylus","Polydactylus sexfilis",,,"12S;16S",FALSE,FALSE,TRUE,,,"sixfinger threadfin, barbure à six doigts","fish"
345843,"Chordata","Teleostei","Carangaria incertae sedis","Sphyraenidae","Sphyraena","Sphyraena barracuda",35,2021,"12S;COI",TRUE,TRUE,TRUE,"LC","LC","great barracuda","fish"
212055,"Chordata","Teleostei","Carangaria incertae sedis","Sphyraenidae","Sphyraena","Sphyraena helleri",,,"12S",FALSE,FALSE,TRUE,,,"Heller's barracuda","fish"
212045,"Chordata","Teleostei","Carangaria incertae sedis","Sphyraenidae","Sphyraena","Sphyraena jello",,,"16S;COI",FALSE,FALSE,TRUE,,,"pickhandle barracuda","fish"
218395,"Chordata","Teleostei","Carangiformes","Carangidae","Carangoides","Carangoides ferdau",4,,"12S;16S",TRUE,TRUE,TRUE,"LC","LC","blue trevally","fish"
218414,"Chordata","Teleostei","Carangiformes","Carangidae","Caranx","Caranx ignobilis",87,2021,"12S;16S;COI",TRUE,TRUE,TRUE,"LC","LC","giant trevally","fish"
218419,"Chordata","Teleostei","Carangiformes","Carangidae","Caranx","Caranx melampygus",232,2021,"16S;COI",TRUE,TRUE,TRUE,"LC","LC","bluefin trevally","fish"
218404,"Chordata","Teleostei","Carangiformes","Carangidae","Caranx","Caranx sexfasciatus",7,1964,"12S;COI",TRUE,TRUE,TRUE,"LC","LC","bigeye trevally","fish"
126848,"Chordata","Teleostei","Carangiformes","Echeneidae","Echeneis","Echeneis naucrates",22,1967,"12S;16S",TRUE,TRUE,TRUE,"LC","LC","sharksucker","fish"
1605280,"Chordata","Teleostei","Carangiformes","Carangidae","Ferdauia","Ferdauia orthogrammus",7,1967,"12S;16S",TRUE,TRUE,TRUE,,,,"fish"
218429,"Chordata","Teleostei","Carangiformes","Carangidae","Gnathanodon","Gnathanodon speciosus",29,2021,"12S;16S;COI",TRUE,TRUE,TRUE,"LC","LC","golden trevally","fish"
218434,"Chordata","Teleostei","Carangiformes","Carangidae","Scomberoides","Scomberoides lysan",9,,"12S;16S;COI",TRUE,TRUE,TRUE,"LC","LC","doublespotted queenfish","fish"
218440,"Chordata","Teleostei","Carangiformes","Carangidae","Trachinotus","Trachinotus baillonii",2,1964,"12S;16S;COI",TRUE,FALSE,TRUE,"LC","LC","smallspotted dart","fish"
159652,"Chordata","Teleostei","Carangiformes","Carangidae","Trachinotus","Trachinotus carolinus",,,"12S",FALSE,FALSE,TRUE,"LC","LC","pompano","fish"
218851,"Chordata","Teleostei","Centrarchiformes","Cirrhitidae","Amblycirrhitus","Amblycirrhitus bimacula",13,1967,"16S",TRUE,TRUE,TRUE,"LC","LC",,"fish"
218853,"Chordata","Teleostei","Centrarchiformes","Cirrhitidae","Cirrhitichthys","Cirrhitichthys oxycephalus",29,2021,"12S;16S;COI",TRUE,TRUE,TRUE,"LC","LC","pixy hawkfish","fish"
218708,"Chordata","Teleostei","Centrarchiformes","Kyphosidae","Kyphosus","Kyphosus cinerascens",3,1967,"12S;COI",TRUE,TRUE,TRUE,"LC","LC","snubnose chub","fish"
218706,"Chordata","Teleostei","Centrarchiformes","Kyphosidae","Kyphosus","Kyphosus vaigiensis",,,"16S",FALSE,FALSE,TRUE,"LC","LC","brassy chub","fish"
218866,"Chordata","Teleostei","Centrarchiformes","Cirrhitidae","Paracirrhites","Paracirrhites arcatus",49,2021,"12S;16S",TRUE,TRUE,TRUE,"LC","LC","arc-eye hawkfish","fish"
218867,"Chordata","Teleostei","Centrarchiformes","Cirrhitidae","Paracirrhites","Paracirrhites forsteri",59,2021,"16S",TRUE,TRUE,TRUE,"LC","LC","blackside hawkfish","fish"
126424,"Chordata","Teleostei","Clupeiformes","Spratelloididae","Spratelloides","Spratelloides delicatulus",2,,"12S;16S;COI",TRUE,TRUE,TRUE,"LC","LC","delicate round herring","fish"
218920,"Chordata","Teleostei","Eupercaria incertae sedis","Labridae","Anampses","Anampses caeruleopunctatus",10,2021,"12S;16S;COI",TRUE,TRUE,TRUE,"LC","LC","bluespotted wrasse","fish"
212546,"Chordata","Teleostei","Eupercaria incertae sedis","Lutjanidae","Aprion","Aprion virescens",31,2021,"12S",TRUE,TRUE,TRUE,"LC","LC","green jobfish","fish"
219995,"Chordata","Teleostei","Eupercaria incertae sedis","Caesionidae","Caesio","Caesio caerulaurea",2,,"16S",TRUE,TRUE,TRUE,"LC","LC","blue and gold fusilier","fish"
219076,"Chordata","Teleostei","Eupercaria incertae sedis","Scaridae","Calotomus","Calotomus carolinus",20,2008,"12S;16S;COI",TRUE,TRUE,TRUE,"LC","LC","Carolines parrotfish","fish"
219075,"Chordata","Teleostei","Eupercaria incertae sedis","Scaridae","Calotomus","Calotomus spinidens",4,1967,"12S;16S",TRUE,TRUE,TRUE,"LC","LC","spinytooth parrotfish","fish"
219078,"Chordata","Teleostei","Eupercaria incertae sedis","Scaridae","Cetoscarus","Cetoscarus bicolor",3,1967,"12S",TRUE,TRUE,TRUE,"LC","LC","bicolour parrotfish","fish"
218944,"Chordata","Teleostei","Eupercaria incertae sedis","Labridae","Cheilinus","Cheilinus trilobatus",143,1967,"12S",TRUE,TRUE,TRUE,"LC","LC","tripletail wrasse","fish"
218945,"Chordata","Teleostei","Eupercaria incertae sedis","Labridae","Cheilinus","Cheilinus undulatus",59,2021,"12S;16S",TRUE,TRUE,TRUE,"EN","EN","humphead wrasse","fish"
219082,"Chordata","Teleostei","Eupercaria incertae sedis","Scaridae","Chlorurus","Chlorurus sordidus",100,2021,"12S;16S",TRUE,TRUE,TRUE,"LC","LC",,"fish"
218957,"Chordata","Teleostei","Eupercaria incertae sedis","Labridae","Coris","Coris aygula",16,2021,"16S",TRUE,TRUE,TRUE,"LC","LC","clown wrasse","fish"
218959,"Chordata","Teleostei","Eupercaria incertae sedis","Labridae","Coris","Coris caudimacula",32,2021,"16S;COI",TRUE,TRUE,TRUE,"LC","LC","spottail coris","fish"
218967,"Chordata","Teleostei","Eupercaria incertae sedis","Labridae","Cymolutes","Cymolutes praetextatus",1,2008,"12S;16S",TRUE,TRUE,TRUE,"LC","LC",,"fish"
998229,"Chordata","Teleostei","Eupercaria incertae sedis","Sparidae","Diplodus","Diplodus kotschyi",,,"12S",FALSE,FALSE,TRUE,,,,"fish"
367242,"Chordata","Teleostei","Eupercaria incertae sedis","Gerreidae","Gerres","Gerres longirostris",,,"12S",FALSE,TRUE,TRUE,"LC","LC",,"fish"
218532,"Chordata","Teleostei","Eupercaria incertae sedis","Gerreidae","Gerres","Gerres methueni",,,"COI",FALSE,TRUE,TRUE,,,,"fish"
218526,"Chordata","Teleostei","Eupercaria incertae sedis","Gerreidae","Gerres","Gerres oblongus",,,"12S;COI",FALSE,TRUE,TRUE,"LC","LC","slender silver-biddy","fish"
218976,"Chordata","Teleostei","Eupercaria incertae sedis","Labridae","Gomphosus","Gomphosus caeruleus",77,2021,"16S;COI",TRUE,TRUE,TRUE,"LC","LC","Red Sea bird wrasse","fish"
218985,"Chordata","Teleostei","Eupercaria incertae sedis","Labridae","Halichoeres","Halichoeres hortulanus",102,2021,"16S",TRUE,TRUE,TRUE,"LC","LC","checkerboard wrasse","fish"
218986,"Chordata","Teleostei","Eupercaria incertae sedis","Labridae","Halichoeres","Halichoeres nebulosus",6,1967,"16S",TRUE,TRUE,TRUE,"LC","LC","nebulous wrasse","fish"
218990,"Chordata","Teleostei","Eupercaria incertae sedis","Labridae","Halichoeres","Halichoeres scapularis",18,2008,"12S;16S;COI",TRUE,TRUE,TRUE,"LC","LC","zigzag wrasse","fish"
127004,"Chordata","Teleostei","Eupercaria incertae sedis","Priacanthidae","Heteropriacanthus","Heteropriacanthus cruentatus",3,1964,"12S;16S",TRUE,TRUE,TRUE,"LC","LC","glasseye snapper","fish"
219090,"Chordata","Teleostei","Eupercaria incertae sedis","Scaridae","Hipposcarus","Hipposcarus harid",20,2021,"16S;COI",TRUE,TRUE,TRUE,"LC","LC","longnose parrotfish","fish"
278632,"Chordata","Teleostei","Eupercaria incertae sedis","Lethrinidae","Lethrinus","Lethrinus atkinsoni",,,"16S",FALSE,FALSE,TRUE,"LC","LC",,"fish"
212063,"Chordata","Teleostei","Eupercaria incertae sedis","Lethrinidae","Lethrinus","Lethrinus harak",7,1967,"16S",TRUE,TRUE,TRUE,"LC","LC","blackspot emperor","fish"
212062,"Chordata","Teleostei","Eupercaria incertae sedis","Lethrinidae","Lethrinus","Lethrinus miniatus",,,"COI",FALSE,FALSE,TRUE,"LC","LC","trumpet emperor","fish"
212081,"Chordata","Teleostei","Eupercaria incertae sedis","Lethrinidae","Lethrinus","Lethrinus nebulosus",22,2013,"12S;16S",TRUE,TRUE,TRUE,"LC","LC","spangled emperor","fish"
212085,"Chordata","Teleostei","Eupercaria incertae sedis","Lethrinidae","Lethrinus","Lethrinus obsoletus",15,2021,"12S;16S",TRUE,TRUE,TRUE,"LC","LC","orange-striped emperor","fish"
212077,"Chordata","Teleostei","Eupercaria incertae sedis","Lethrinidae","Lethrinus","Lethrinus rubrioperculatus",15,,"12S",TRUE,TRUE,TRUE,"LC","LC","spotcheek emperor","fish"
212079,"Chordata","Teleostei","Eupercaria incertae sedis","Lethrinidae","Lethrinus","Lethrinus xanthochilus",22,2021,"12S",TRUE,TRUE,TRUE,"LC","LC","yellowlip emperor","fish"
218498,"Chordata","Teleostei","Eupercaria incertae sedis","Lutjanidae","Lutjanus","Lutjanus argentimaculatus",2,,"12S;16S",TRUE,TRUE,TRUE,"LC","LC","river snapper","fish"
218479,"Chordata","Teleostei","Eupercaria incertae sedis","Lutjanidae","Lutjanus","Lutjanus bohar",286,2021,"12S;16S",TRUE,TRUE,TRUE,"LC","LC","twinspot snapper","fish"
218489,"Chordata","Teleostei","Eupercaria incertae sedis","Lutjanidae","Lutjanus","Lutjanus ehrenbergii",4,2008,"12S;COI",TRUE,TRUE,TRUE,"LC","LC","blackspot snapper","fish"
218490,"Chordata","Teleostei","Eupercaria incertae sedis","Lutjanidae","Lutjanus","Lutjanus fulviflamma",4,1967,"12S;16S",TRUE,TRUE,TRUE,"LC","LC","dory snapper","fish"
218475,"Chordata","Teleostei","Eupercaria incertae sedis","Lutjanidae","Lutjanus","Lutjanus fulvus",2,1964,"12S;16S;COI",TRUE,TRUE,TRUE,"LC","LC","blacktail snapper","fish"
218480,"Chordata","Teleostei","Eupercaria incertae sedis","Lutjanidae","Lutjanus","Lutjanus gibbus",66,2021,"12S;16S",TRUE,TRUE,TRUE,"LC","LC","humpback snapper","fish"
218482,"Chordata","Teleostei","Eupercaria incertae sedis","Lutjanidae","Lutjanus","Lutjanus kasmira",13,2021,"12S;COI",TRUE,TRUE,TRUE,"LC","LC","common bluestripe snapper","fish"
218474,"Chordata","Teleostei","Eupercaria incertae sedis","Lutjanidae","Lutjanus","Lutjanus monostigma",11,2021,"12S;16S;COI",TRUE,TRUE,TRUE,"LC","LC","one-spot snapper","fish"
218497,"Chordata","Teleostei","Eupercaria incertae sedis","Lutjanidae","Lutjanus","Lutjanus quinquelineatus",,,"16S",FALSE,FALSE,TRUE,"LC","LC",,"fish"
218494,"Chordata","Teleostei","Eupercaria incertae sedis","Lutjanidae","Lutjanus","Lutjanus rivulatus",34,1967,"12S",TRUE,TRUE,TRUE,"LC","LC","blubberlip snapper","fish"
218501,"Chordata","Teleostei","Eupercaria incertae sedis","Lutjanidae","Macolor","Macolor niger",20,2021,"12S",TRUE,TRUE,TRUE,"LC","LC","black and white snapper","fish"
219032,"Chordata","Teleostei","Eupercaria incertae sedis","Labridae","Macropharyngodon","Macropharyngodon bipartitus",30,2021,"12S",TRUE,TRUE,TRUE,"LC","LC","vermiculate wrasse","fish"
218695,"Chordata","Teleostei","Eupercaria incertae sedis","Monodactylidae","Monodactylus","Monodactylus argenteus",23,1967,"12S;16S;COI",TRUE,TRUE,TRUE,"LC","LC","mono","fish"
218584,"Chordata","Teleostei","Eupercaria incertae sedis","Lethrinidae","Monotaxis","Monotaxis grandoculis",157,2021,"12S;16S",TRUE,TRUE,TRUE,"LC","LC","bigeye emperor","fish"
219035,"Chordata","Teleostei","Eupercaria incertae sedis","Labridae","Novaculichthys","Novaculichthys taeniourus",19,2008,"12S;16S;COI",TRUE,TRUE,TRUE,"LC","LC","rockmover wrasse","fish"
593553,"Chordata","Teleostei","Eupercaria incertae sedis","Labridae","Novaculoides","Novaculoides macrolepidotus",12,1967,"12S;16S",TRUE,TRUE,TRUE,,,"seagrass wrasse","fish"
219039,"Chordata","Teleostei","Eupercaria incertae sedis","Labridae","Oxycheilinus","Oxycheilinus bimaculatus",14,1967,"12S;16S",TRUE,TRUE,TRUE,"LC","LC","twospot wrasse","fish"
218548,"Chordata","Teleostei","Eupercaria incertae sedis","Haemulidae","Plectorhinchus","Plectorhinchus albovittatus",72,,"16S;COI",TRUE,TRUE,TRUE,,,"two-stripe sweetlips","fish"
218539,"Chordata","Teleostei","Eupercaria incertae sedis","Haemulidae","Plectorhinchus","Plectorhinchus gibbosus",1,,"12S;16S",TRUE,TRUE,TRUE,"LC","LC","Harry Hotlips","fish"
218553,"Chordata","Teleostei","Eupercaria incertae sedis","Haemulidae","Plectorhinchus","Plectorhinchus plagiodesmus",23,2021,"16S;COI",TRUE,TRUE,TRUE,"LC","LC","barred rubberlip","fish"
218545,"Chordata","Teleostei","Eupercaria incertae sedis","Haemulidae","Plectorhinchus","Plectorhinchus vittatus",49,2021,"12S;COI",TRUE,TRUE,TRUE,"LC","LC",,"fish"
208915,"Chordata","Teleostei","Eupercaria incertae sedis","Labridae","Pseudocheilinus","Pseudocheilinus hexataenia",43,2021,"12S",TRUE,TRUE,TRUE,"LC","LC","sixstripe wrasse","fish"
213661,"Chordata","Teleostei","Eupercaria incertae sedis","Caesionidae","Pterocaesio","Pterocaesio marri",,,"16S;COI",FALSE,FALSE,TRUE,"LC","LC","Marr's fusilier","fish"
213656,"Chordata","Teleostei","Eupercaria incertae sedis","Caesionidae","Pterocaesio","Pterocaesio tile",22,2021,"12S;COI",TRUE,TRUE,TRUE,"LC","LC","dark-banded fusilier","fish"
219121,"Chordata","Teleostei","Eupercaria incertae sedis","Scaridae","Scarus","Scarus ferrugineus",1,,"16S",TRUE,TRUE,TRUE,"LC","LC","rusty parrotfish","fish"
219127,"Chordata","Teleostei","Eupercaria incertae sedis","Scaridae","Scarus","Scarus ghobban",6,1964,"12S",TRUE,TRUE,TRUE,"LC","LC","bluechin parrotfish","fish"
219125,"Chordata","Teleostei","Eupercaria incertae sedis","Scaridae","Scarus","Scarus psittacus",40,2021,"12S;16S;COI",TRUE,TRUE,TRUE,"LC","LC","palenose parrotfish","fish"
219124,"Chordata","Teleostei","Eupercaria incertae sedis","Scaridae","Scarus","Scarus rubroviolaceus",49,2021,"12S;16S;COI",TRUE,TRUE,TRUE,"LC","LC","ember parrotfish","fish"
219098,"Chordata","Teleostei","Eupercaria incertae sedis","Scaridae","Scarus","Scarus tricolor",47,2021,"16S",TRUE,TRUE,TRUE,"LC","LC","tricolour parrotfish","fish"
219058,"Chordata","Teleostei","Eupercaria incertae sedis","Labridae","Stethojulis","Stethojulis albovittata",78,2021,"COI",TRUE,TRUE,TRUE,"LC","LC","bluelined wrasse","fish"
277106,"Chordata","Teleostei","Eupercaria incertae sedis","Labridae","Stethojulis","Stethojulis bandanensis",,,"12S",FALSE,FALSE,TRUE,"LC","LC",,"fish"
219061,"Chordata","Teleostei","Eupercaria incertae sedis","Labridae","Stethojulis","Stethojulis strigiventer",13,1967,"12S;COI",TRUE,TRUE,TRUE,"LC","LC","three-ribbon rainbowfish","fish"
212216,"Chordata","Teleostei","Eupercaria incertae sedis","Labridae","Thalassoma","Thalassoma amblycephalum",53,2021,"12S;16S",TRUE,TRUE,TRUE,"LC","LC","bluntheaded wrasse","fish"
212207,"Chordata","Teleostei","Eupercaria incertae sedis","Labridae","Thalassoma","Thalassoma hebraicum",136,2021,"16S",TRUE,TRUE,TRUE,"LC","LC","goldbar wrasse","fish"
212209,"Chordata","Teleostei","Eupercaria incertae sedis","Labridae","Thalassoma","Thalassoma lunare",24,2021,"16S",TRUE,TRUE,TRUE,"LC","LC","moon wrasse","fish"
212213,"Chordata","Teleostei","Eupercaria incertae sedis","Labridae","Thalassoma","Thalassoma purpureum",4,1954,"COI",TRUE,TRUE,TRUE,"LC","LC","surge wrasse","fish"
312542,"Chordata","Teleostei","Gobiiformes","Gobiidae","Acentrogobius","Acentrogobius nebulosus",,,"COI",FALSE,FALSE,TRUE,,,,"fish"
278655,"Chordata","Teleostei","Gobiiformes","Gobiidae","Amblygobius","Amblygobius phalaena",4,1967,"16S",TRUE,FALSE,TRUE,"LC","LC",,"fish"
277497,"Chordata","Teleostei","Gobiiformes","Gobiidae","Asterropteryx","Asterropteryx semipunctata",5,1967,"12S;16S",TRUE,TRUE,TRUE,"LC","LC",,"fish"
219437,"Chordata","Teleostei","Gobiiformes","Gobiidae","Ctenogobiops","Ctenogobiops feroculus",,,"16S;COI",FALSE,FALSE,TRUE,"LC","LC",,"fish"
219356,"Chordata","Teleostei","Gobiiformes","Eleotridae","Eleotris","Eleotris fusca",,,"16S",FALSE,FALSE,TRUE,"LC","LC","dusky sleeper","fish"
219353,"Chordata","Teleostei","Gobiiformes","Eleotridae","Eleotris","Eleotris melanosoma",,,"12S;COI",FALSE,FALSE,TRUE,"LC","LC",,"fish"
219463,"Chordata","Teleostei","Gobiiformes","Gobiidae","Eviota","Eviota prasina",13,1967,"16S",TRUE,TRUE,TRUE,"LC","LC","green bubble goby","fish"
219475,"Chordata","Teleostei","Gobiiformes","Gobiidae","Gnatholepis","Gnatholepis anjerensis",5,2021,"12S;16S",TRUE,TRUE,TRUE,"LC","LC",,"fish"
219476,"Chordata","Teleostei","Gobiiformes","Gobiidae","Gnatholepis","Gnatholepis cauerensis",16,1967,"12S;COI",TRUE,TRUE,TRUE,"LC","LC","eyebar goby","fish"
219607,"Chordata","Teleostei","Gobiiformes","Microdesmidae","Gunnellichthys","Gunnellichthys monostigma",6,,"16S",TRUE,TRUE,TRUE,"LC","LC",,"fish"
219359,"Chordata","Teleostei","Gobiiformes","Eleotridae","Ophiocara","Ophiocara porocephala",,,"16S",FALSE,FALSE,TRUE,"LC","LC","northern mud gudgeon","fish"
219523,"Chordata","Teleostei","Gobiiformes","Gobiidae","Oplopomus","Oplopomus oplopomus",,,"12S",FALSE,FALSE,TRUE,"LC","LC","spinecheek goby","fish"
278758,"Chordata","Teleostei","Gobiiformes","Microdesmidae","Parioglossus","Parioglossus raoi",,,"12S;16S",FALSE,FALSE,TRUE,"LC","LC",,"fish"
209264,"Chordata","Teleostei","Gobiiformes","Gobiidae","Periophthalmus","Periophthalmus kalolo",,,"16S",FALSE,FALSE,TRUE,"LC","LC","common mudskipper","fish"
219618,"Chordata","Teleostei","Gobiiformes","Microdesmidae","Ptereleotris","Ptereleotris zebra",1,,"12S;16S",TRUE,TRUE,TRUE,"LC","LC","Chinese zebra goby","fish"
219598,"Chordata","Teleostei","Gobiiformes","Gobiidae","Valenciennea","Valenciennea sexguttata",5,1967,"12S",TRUE,TRUE,TRUE,"LC","LC","sixspot goby","fish"
219599,"Chordata","Teleostei","Gobiiformes","Gobiidae","Valenciennea","Valenciennea strigata",18,2021,"16S",TRUE,TRUE,TRUE,"LC","LC","blueband goby","fish"
219600,"Chordata","Teleostei","Gobiiformes","Gobiidae","Vanderhorstia","Vanderhorstia ornatissima",2,1964,"16S",TRUE,FALSE,TRUE,"LC","LC","ornate prawn-goby","fish"
217625,"Chordata","Teleostei","Gonorynchiformes","Chanidae","Chanos","Chanos chanos",4,,"12S;16S;COI",TRUE,TRUE,TRUE,"LC","LC","milkfish, chano","fish"
217926,"Chordata","Teleostei","Holocentriformes","Holocentridae","Myripristis","Myripristis adusta",3,2021,"16S",TRUE,TRUE,TRUE,"LC","LC","shadowfin soldierfish","fish"
217927,"Chordata","Teleostei","Holocentriformes","Holocentridae","Myripristis","Myripristis berndti",5,2021,"12S",TRUE,TRUE,TRUE,"LC","LC","blotcheye soldierfish","fish"
217915,"Chordata","Teleostei","Holocentriformes","Holocentridae","Myripristis","Myripristis kuntee",4,1967,"12S;COI",TRUE,TRUE,TRUE,"LC","LC","pearly soldierfish","fish"
217919,"Chordata","Teleostei","Holocentriformes","Holocentridae","Myripristis","Myripristis pralinia",,,"16S;COI",FALSE,FALSE,TRUE,"LC","LC","scarlet soldierfish","fish"
217914,"Chordata","Teleostei","Holocentriformes","Holocentridae","Myripristis","Myripristis violacea",2,1964,"12S",TRUE,TRUE,TRUE,"LC","LC",,"fish"
159393,"Chordata","Teleostei","Holocentriformes","Holocentridae","Neoniphon","Neoniphon sammara",8,2008,"12S;16S",TRUE,TRUE,TRUE,"LC","LC","sammara squirrelfish","fish"
217940,"Chordata","Teleostei","Holocentriformes","Holocentridae","Sargocentron","Sargocentron caudimaculatum",19,2021,"COI",TRUE,TRUE,TRUE,"LC","LC","silverspot squirrelfish","fish"
217941,"Chordata","Teleostei","Holocentriformes","Holocentridae","Sargocentron","Sargocentron punctatissimum",3,1967,"12S;16S",TRUE,TRUE,TRUE,"LC","LC","speckled squirrelfish","fish"
217950,"Chordata","Teleostei","Holocentriformes","Holocentridae","Sargocentron","Sargocentron spiniferum",10,2021,"12S",TRUE,TRUE,TRUE,"LC","LC","sabre squirrelfish","fish"
217954,"Chordata","Teleostei","Holocentriformes","Holocentridae","Sargocentron","Sargocentron tiere",1,,"16S",TRUE,TRUE,TRUE,"LC","LC","bluelined squirrelfish","fish"
209364,"Chordata","Teleostei","Kurtiformes","Apogonidae","Apogon","Apogon semiornatus",11,1967,"12S",TRUE,TRUE,TRUE,"LC","LC","obliquebanded cardinalfish","fish"
209383,"Chordata","Teleostei","Kurtiformes","Apogonidae","Apogonichthys","Apogonichthys perdix",,,"16S",FALSE,FALSE,TRUE,,,"perdix cardinalfish","fish"
1043448,"Chordata","Teleostei","Kurtiformes","Apogonidae","Fibramia","Fibramia amboinensis",,,"12S",FALSE,FALSE,TRUE,,,,"fish"
1043449,"Chordata","Teleostei","Kurtiformes","Apogonidae","Fibramia","Fibramia lateralis",2,1967,"16S;COI",TRUE,FALSE,TRUE,,,,"fish"
209399,"Chordata","Teleostei","Kurtiformes","Apogonidae","Foa","Foa brachygramma",2,1954,"16S",TRUE,TRUE,TRUE,"LC","LC","weed cardinalfish","fish"
209403,"Chordata","Teleostei","Kurtiformes","Apogonidae","Fowleria","Fowleria variegata",7,1967,"12S;COI",TRUE,TRUE,TRUE,"LC","LC","variegated cardinalfish","fish"
712645,"Chordata","Teleostei","Kurtiformes","Apogonidae","Ostorhinchus","Ostorhinchus apogonoides",8,2021,"12S;COI",TRUE,TRUE,TRUE,"LC","LC",,"fish"
319878,"Chordata","Teleostei","Kurtiformes","Apogonidae","Ostorhinchus","Ostorhinchus fleurieu",,,"16S",FALSE,FALSE,TRUE,,,,"fish"
712696,"Chordata","Teleostei","Kurtiformes","Apogonidae","Pristiapogon","Pristiapogon kallopterus",10,1967,"12S",TRUE,TRUE,TRUE,"LC","LC",,"fish"
209298,"Chordata","Teleostei","Kurtiformes","Apogonidae","Pseudamia","Pseudamia gelatinosa",2,1954,"COI",TRUE,TRUE,TRUE,"LC","LC","gelatinous cardinalfish","fish"
209408,"Chordata","Teleostei","Kurtiformes","Apogonidae","Sphaeramia","Sphaeramia orbicularis",4,1967,"12S;16S;COI",TRUE,TRUE,TRUE,"LC","LC","orbiculate cardinalfish","fish"
151498,"Chordata","Teleostei","Mugiliformes","Mugilidae","Crenimugil","Crenimugil crenilabis",3,2008,"12S;16S",TRUE,TRUE,TRUE,"LC","LC","fringelip mullet","fish"
1043477,"Chordata","Teleostei","Mugiliformes","Mugilidae","Crenimugil","Crenimugil seheli",,,"16S;COI",FALSE,FALSE,TRUE,"LC","LC",,"fish"
218647,"Chordata","Teleostei","Mulliformes","Mullidae","Mulloidichthys","Mulloidichthys flavolineatus",8,1967,"12S;16S;COI",TRUE,TRUE,TRUE,"LC","LC","yellowstripe goatfish","fish"
218648,"Chordata","Teleostei","Mulliformes","Mullidae","Mulloidichthys","Mulloidichthys vanicolensis",3,2021,"12S",TRUE,TRUE,TRUE,"LC","LC","yellowfin goatfish","fish"
218660,"Chordata","Teleostei","Mulliformes","Mullidae","Parupeneus","Parupeneus barberinus",47,2008,"12S;16S;COI",TRUE,TRUE,TRUE,"LC","LC","dash-and-dot goatfish","fish"
218665,"Chordata","Teleostei","Mulliformes","Mullidae","Parupeneus","Parupeneus cyclostomus",55,2021,"12S;16S;COI",TRUE,TRUE,TRUE,"LC","LC","yellowsaddle goatfish","fish"
277815,"Chordata","Teleostei","Mulliformes","Mullidae","Parupeneus","Parupeneus insularis",,,"16S",FALSE,FALSE,TRUE,"LC","LC",,"fish"
277817,"Chordata","Teleostei","Mulliformes","Mullidae","Parupeneus","Parupeneus macronemus",57,2021,"COI",TRUE,TRUE,TRUE,"LC","LC",,"fish"
218656,"Chordata","Teleostei","Mulliformes","Mullidae","Parupeneus","Parupeneus pleurostigma",12,2021,"12S;COI",TRUE,TRUE,TRUE,"LC","LC","sidespot goatfish","fish"
277826,"Chordata","Teleostei","Mulliformes","Mullidae","Parupeneus","Parupeneus trifasciatus",35,2021,"COI",TRUE,TRUE,TRUE,"LC","LC",,"fish"
1525960,"Chordata","Teleostei","Myctophiformes","Myctophidae","Dasyscopelus","Dasyscopelus spinosus",,,"16S;COI",FALSE,FALSE,TRUE,,,,"fish"
217797,"Chordata","Teleostei","Ophidiiformes","Ophidiidae","Brotula","Brotula multibarbata",3,1964,"COI",TRUE,TRUE,TRUE,"LC","LC","goatsbeard brotula","fish"
159289,"Chordata","Teleostei","Ovalentaria incertae sedis","Pomacentridae","Abudefduf","Abudefduf sexfasciatus",11,2008,"12S;COI",TRUE,TRUE,TRUE,"LC","LC","scissortail sergeant","fish"
212879,"Chordata","Teleostei","Ovalentaria incertae sedis","Pomacentridae","Abudefduf","Abudefduf vaigiensis",5,1954,"12S",TRUE,TRUE,TRUE,"LC","LC","Indo-Pacific sergeant","fish"
212811,"Chordata","Teleostei","Ovalentaria incertae sedis","Pomacentridae","Chromis","Chromis viridis",1,2021,"16S",TRUE,FALSE,TRUE,"LC","LC","blue-green damselfish","fish"
273761,"Chordata","Teleostei","Ovalentaria incertae sedis","Pomacentridae","Chromis","Chromis xanthochira",,,"16S;COI",FALSE,FALSE,TRUE,"LC","LC",,"fish"
218784,"Chordata","Teleostei","Ovalentaria incertae sedis","Pomacentridae","Chrysiptera","Chrysiptera biocellata",11,2008,"COI",TRUE,TRUE,TRUE,"LC","LC","twinspot damselfish","fish"
276827,"Chordata","Teleostei","Ovalentaria incertae sedis","Pomacentridae","Chrysiptera","Chrysiptera brownriggii",16,1967,"12S;16S;COI",TRUE,TRUE,TRUE,"LC","LC",,"fish"
218782,"Chordata","Teleostei","Ovalentaria incertae sedis","Pomacentridae","Chrysiptera","Chrysiptera unimaculata",5,2008,"16S",TRUE,TRUE,TRUE,"LC","LC","onespot damselfish","fish"
212846,"Chordata","Teleostei","Ovalentaria incertae sedis","Pomacentridae","Dascyllus","Dascyllus trimaculatus",29,2021,"12S",TRUE,TRUE,TRUE,"LC","LC","domino","fish"
212793,"Chordata","Teleostei","Ovalentaria incertae sedis","Pomacentridae","Lepidozygus","Lepidozygus tapeinosoma",12,2021,"12S;16S",TRUE,TRUE,TRUE,"LC","LC","fusilier damselfish","fish"
212855,"Chordata","Teleostei","Ovalentaria incertae sedis","Pomacentridae","Plectroglyphidodon","Plectroglyphidodon dickii",21,1967,"12S;16S",TRUE,TRUE,TRUE,"NT","NT","blackbar devil","fish"
1592381,"Chordata","Teleostei","Ovalentaria incertae sedis","Pomacentridae","Plectroglyphidodon","Plectroglyphidodon fasciolatus",5,1967,"12S",TRUE,TRUE,TRUE,"LC","LC",,"fish"
212859,"Chordata","Teleostei","Ovalentaria incertae sedis","Pomacentridae","Plectroglyphidodon","Plectroglyphidodon johnstonianus",39,2021,"16S",TRUE,TRUE,TRUE,"LC","LC","Johnston Island damsel","fish"
212854,"Chordata","Teleostei","Ovalentaria incertae sedis","Pomacentridae","Plectroglyphidodon","Plectroglyphidodon leucozonus",2,1967,"12S",TRUE,TRUE,TRUE,"LC","LC",,"fish"
277128,"Chordata","Teleostei","Ovalentaria incertae sedis","Pomacentridae","Pomacentrus","Pomacentrus agassizii",,,"16S;COI",FALSE,FALSE,TRUE,,,,"fish"
1551089,"Chordata","Teleostei","Ovalentaria incertae sedis","Pomacentridae","Pycnochromis","Pycnochromis dimidiatus",17,2021,"16S",TRUE,TRUE,TRUE,,,,"fish"
1592292,"Chordata","Teleostei","Ovalentaria incertae sedis","Pomacentridae","Pycnochromis","Pycnochromis nigrurus",45,2021,"16S",TRUE,TRUE,TRUE,"LC","LC",,"fish"
1551095,"Chordata","Teleostei","Ovalentaria incertae sedis","Pomacentridae","Stegastes","Stegastes lacrymatus",33,2021,"12S;16S",TRUE,TRUE,TRUE,,,,"fish"
218849,"Chordata","Teleostei","Ovalentaria incertae sedis","Pomacentridae","Stegastes","Stegastes nigricans",7,1967,"16S",TRUE,TRUE,TRUE,"LC","LC","black damselfish","fish"
218168,"Chordata","Teleostei","Perciformes","Serranidae","Aethaloperca","Aethaloperca rogaa",109,2021,"12S",TRUE,TRUE,TRUE,,,"redmouth grouper","fish"
220364,"Chordata","Teleostei","Perciformes","Scorpaenidae","Caracanthus","Caracanthus maculatus",,,"16S",FALSE,FALSE,TRUE,"LC","LC","spotted coral croucher","fish"
218174,"Chordata","Teleostei","Perciformes","Serranidae","Cephalopholis","Cephalopholis argus",67,2021,"12S",TRUE,TRUE,TRUE,"LC","LC","peacock grouper","fish"
218184,"Chordata","Teleostei","Perciformes","Serranidae","Cephalopholis","Cephalopholis miniata",39,2021,"16S",TRUE,TRUE,TRUE,"LC","LC","coral grouper","fish"
218189,"Chordata","Teleostei","Perciformes","Serranidae","Cephalopholis","Cephalopholis sexmaculata",1,2021,"12S",TRUE,FALSE,TRUE,"LC","LC","sixspot grouper","fish"
218183,"Chordata","Teleostei","Perciformes","Serranidae","Cephalopholis","Cephalopholis sonnerati",27,,"12S",TRUE,TRUE,TRUE,"LC","LC","tomato hind","fish"
218181,"Chordata","Teleostei","Perciformes","Serranidae","Cephalopholis","Cephalopholis urodeta",3,1967,"12S;16S",TRUE,TRUE,TRUE,"LC","LC","darkfin hind","fish"
218247,"Chordata","Teleostei","Perciformes","Serranidae","Epinephelus","Epinephelus coeruleopunctatus",,,"12S",FALSE,FALSE,TRUE,"LC","LC",,"fish"
273844,"Chordata","Teleostei","Perciformes","Serranidae","Epinephelus","Epinephelus corallicola",,,"12S",FALSE,FALSE,TRUE,"LC","LC",,"fish"
218207,"Chordata","Teleostei","Perciformes","Serranidae","Epinephelus","Epinephelus fasciatus",53,2021,"16S;COI",TRUE,TRUE,TRUE,"LC","LC","blacktip grouper, mérou oriflamme","fish"
218232,"Chordata","Teleostei","Perciformes","Serranidae","Epinephelus","Epinephelus hexagonatus",1,2008,"12S",TRUE,TRUE,TRUE,"LC","LC","starspotted grouper","fish"
218206,"Chordata","Teleostei","Perciformes","Serranidae","Epinephelus","Epinephelus malabaricus",1,,"16S",TRUE,FALSE,TRUE,"LC","LC","Malabar grouper","fish"
218228,"Chordata","Teleostei","Perciformes","Serranidae","Epinephelus","Epinephelus merra",14,1967,"12S;16S;COI",TRUE,TRUE,TRUE,"LC","LC","honeycomb grouper","fish"
218244,"Chordata","Teleostei","Perciformes","Serranidae","Epinephelus","Epinephelus spilotoceps",14,2021,"16S",TRUE,TRUE,TRUE,"LC","LC","foursaddle grouper","fish"
211864,"Chordata","Teleostei","Perciformes","Serranidae","Grammistes","Grammistes sexlineatus",2,2008,"12S;16S",TRUE,TRUE,TRUE,"LC","LC","goldenstriped soapfish","fish"
212528,"Chordata","Teleostei","Perciformes","Serranidae","Luzonichthys","Luzonichthys waitei",2,,"12S;16S",TRUE,TRUE,TRUE,"LC","LC","Waite's splitfin","fish"
209205,"Chordata","Teleostei","Perciformes","Serranidae","Nemanthias","Nemanthias carberryi",12,2021,"COI",TRUE,TRUE,TRUE,"LC","LC","threadfin anthias","fish"
218278,"Chordata","Teleostei","Perciformes","Serranidae","Pseudanthias","Pseudanthias squamipinnis",39,2021,"12S;16S",TRUE,TRUE,TRUE,"LC","LC","sea goldie","fish"
218282,"Chordata","Teleostei","Perciformes","Serranidae","Pseudogramma","Pseudogramma polyacantha",15,1967,"12S;16S",TRUE,TRUE,TRUE,"LC","LC","honeycomb podge","fish"
218110,"Chordata","Teleostei","Perciformes","Scorpaenidae","Scorpaenopsis","Scorpaenopsis diabolus",2,1967,"16S",TRUE,TRUE,TRUE,"LC","LC","devil scorpionfish","fish"
218111,"Chordata","Teleostei","Perciformes","Scorpaenidae","Sebastapistes","Sebastapistes cyanostigma",14,2008,"12S;COI",TRUE,TRUE,TRUE,"LC","LC",,"fish"
218114,"Chordata","Teleostei","Perciformes","Scorpaenidae","Sebastapistes","Sebastapistes mauritiana",2,1967,"12S",TRUE,TRUE,TRUE,"LC","LC","spineblotch scorpionfish","fish"
215627,"Chordata","Teleostei","Perciformes","Synanceiidae","Synanceia","Synanceia verrucosa",2,,"12S",TRUE,TRUE,TRUE,"LC","LC","stonefish","fish"
218304,"Chordata","Teleostei","Perciformes","Serranidae","Variola","Variola louti",177,2021,"12S;16S",TRUE,TRUE,TRUE,"LC","LC","lunartail grouper","fish"
219795,"Chordata","Teleostei","Pleuronectiformes","Bothidae","Bothus","Bothus pantherinus",2,1967,"12S;16S",TRUE,TRUE,TRUE,"LC","LC","panther flounder","fish"
159665,"Chordata","Teleostei","Scombriformes","Chiasmodontidae","Dysalotus","Dysalotus alcocki",,,"16S",FALSE,FALSE,TRUE,"LC","LC",,"fish"
127026,"Chordata","Teleostei","Scombriformes","Scombridae","Thunnus","Thunnus alalunga",,,"12S",FALSE,FALSE,TRUE,"LC","LC","albacore, thon blanc","fish"
127289,"Chordata","Teleostei","Stomiiformes","Gonostomatidae","Cyclothone","Cyclothone pseudopallida",,,"16S",FALSE,FALSE,TRUE,"LC","LC","slender bristlemouth, cyclothone mince","fish"
217966,"Chordata","Teleostei","Syngnathiformes","Fistulariidae","Fistularia","Fistularia commersonii",3,,"16S",TRUE,TRUE,TRUE,"LC","LC","cornetfish","fish"
219925,"Chordata","Teleostei","Tetraodontiformes","Tetraodontidae","Arothron","Arothron hispidus",2,,"12S;16S",TRUE,TRUE,TRUE,"LC","LC","bristly puffer","fish"
219926,"Chordata","Teleostei","Tetraodontiformes","Tetraodontidae","Arothron","Arothron meleagris",11,2021,"12S",TRUE,TRUE,TRUE,"LC","LC","Guineafowl puffer","fish"
219921,"Chordata","Teleostei","Tetraodontiformes","Tetraodontidae","Arothron","Arothron nigropunctatus",36,2021,"12S;16S;COI",TRUE,TRUE,TRUE,"LC","LC","blackspotted puffer","fish"
219874,"Chordata","Teleostei","Tetraodontiformes","Balistidae","Balistapus","Balistapus undulatus",61,2021,"12S;16S",TRUE,TRUE,TRUE,"LC","LC","orangestriped","fish"
219875,"Chordata","Teleostei","Tetraodontiformes","Balistidae","Balistoides","Balistoides viridescens",59,2021,"COI",TRUE,TRUE,TRUE,"LC","LC","titan triggerfish","fish"
276248,"Chordata","Teleostei","Tetraodontiformes","Monacanthidae","Cantherhines","Cantherhines dumerilii",13,,"12S;16S;COI",TRUE,TRUE,TRUE,"LC","LC","barred filefish","fish"
220058,"Chordata","Teleostei","Tetraodontiformes","Monacanthidae","Cantherhines","Cantherhines pardalis",23,2021,"COI",TRUE,TRUE,TRUE,"LC","LC","wier-net filefish","fish"
219938,"Chordata","Teleostei","Tetraodontiformes","Tetraodontidae","Canthigaster","Canthigaster bennetti",5,2008,"12S;16S",TRUE,TRUE,TRUE,"LC","LC","Bennett's sharpnose puffer","fish"
127403,"Chordata","Teleostei","Tetraodontiformes","Diodontidae","Diodon","Diodon hystrix",,,"12S;16S",FALSE,FALSE,TRUE,"LC","LC","spot-fin porcupinefish","fish"
219970,"Chordata","Teleostei","Tetraodontiformes","Diodontidae","Diodon","Diodon liturosus",2,,"16S",TRUE,TRUE,TRUE,,,"black-blotched porcupinefish","fish"
219904,"Chordata","Teleostei","Tetraodontiformes","Ostraciidae","Lactoria","Lactoria cornuta",2,,"12S",TRUE,TRUE,TRUE,,,"longhorn cowfish","fish"
219882,"Chordata","Teleostei","Tetraodontiformes","Balistidae","Melichthys","Melichthys indicus",71,2021,"COI",TRUE,TRUE,TRUE,"LC","LC","Indian triggerfish","fish"
219881,"Chordata","Teleostei","Tetraodontiformes","Balistidae","Melichthys","Melichthys niger",69,2021,"12S;16S;COI",TRUE,TRUE,TRUE,"LC","LC","black durgon","fish"
219879,"Chordata","Teleostei","Tetraodontiformes","Balistidae","Melichthys","Melichthys vidua",,,"12S;16S",FALSE,FALSE,TRUE,"LC","LC","pinktail triggerfish","fish"
219883,"Chordata","Teleostei","Tetraodontiformes","Balistidae","Odonus","Odonus niger",28,2021,"12S;COI",TRUE,TRUE,TRUE,"LC","LC","red-toothed triggerfish","fish"
220072,"Chordata","Teleostei","Tetraodontiformes","Monacanthidae","Pervagor","Pervagor janthinosoma",1,,"12S;16S",TRUE,TRUE,TRUE,"LC","LC","blackbar filefish","fish"
219884,"Chordata","Teleostei","Tetraodontiformes","Balistidae","Pseudobalistes","Pseudobalistes flavimarginatus",11,,"12S",TRUE,TRUE,TRUE,"LC","LC","yellowmargin triggerfish","fish"
219890,"Chordata","Teleostei","Tetraodontiformes","Balistidae","Rhinecanthus","Rhinecanthus aculeatus",1,,"12S;16S;COI",TRUE,TRUE,TRUE,"LC","LC","white-banded triggerfish","fish"
219886,"Chordata","Teleostei","Tetraodontiformes","Balistidae","Rhinecanthus","Rhinecanthus rectangulus",7,2008,"12S;16S;COI",TRUE,TRUE,TRUE,"LC","LC","wedge-tail triggerfish","fish"
276851,"Chordata","Teleostei","Tetraodontiformes","Balistidae","Sufflamen","Sufflamen chrysopterum",130,2021,"12S;16S;COI",TRUE,TRUE,TRUE,"LC","LC",,"fish"
219961,"Chordata","Teleostei","Tetraodontiformes","Tetraodontidae","Torquigener","Torquigener hypselogeneion",,,"12S;16S",FALSE,FALSE,TRUE,"LC","LC","orange-spotted toadfish","fish"
100511,"Ascomycota","Dothideomycetes","Capnodiales","Cladosporiaceae","Cladosporium","Cladosporium herbarum",,,"COI",FALSE,FALSE,TRUE,,,,"fungi"
100538,"Ascomycota","Eurotiomycetes","Eurotiales","Trichocomaceae","Penicillium","Penicillium digitatum",,,"COI",FALSE,FALSE,TRUE,,,,"fungi"
446803,"Cnidaria","Anthozoa","Actiniaria","Andvakiidae","Andvakia","Andvakia discipulorum",,,"COI",FALSE,FALSE,TRUE,,,,"jellyfish"
288925,"Cnidaria","Anthozoa","Actiniaria","Boloceroididae","Boloceroides","Boloceroides mcmurrichi",,,"COI",FALSE,FALSE,TRUE,,,,"jellyfish"
100889,"Cnidaria","Anthozoa","Actiniaria","Edwardsiidae","Edwardsia","Edwardsia longicornis",,,"COI",FALSE,FALSE,TRUE,,,,"jellyfish"
854806,"Cnidaria","Anthozoa","Actiniaria","Sagartiidae","Sagartia","Sagartia lacerata",,,"COI",FALSE,FALSE,TRUE,,,,"jellyfish"
220506,"Cnidaria","Anthozoa","Actiniaria","Aliciidae","Triactis","Triactis producta",,,"COI",FALSE,FALSE,TRUE,,,"crab anemone","jellyfish"
207446,"Cnidaria","Anthozoa","Scleractinia","Merulinidae","Favites","Favites pentagona",2,2002,"COI",TRUE,FALSE,TRUE,"LC","LC","larger star coral","jellyfish"
207470,"Cnidaria","Anthozoa","Scleractinia","Leptastreidae","Leptastrea","Leptastrea purpurea",3,2002,"COI",TRUE,FALSE,TRUE,"LC","LC","crust coral","jellyfish"
207312,"Cnidaria","Anthozoa","Scleractinia","Agariciidae","Pavona","Pavona cactus",2,2002,"COI",TRUE,FALSE,TRUE,"VU","VU","leaf coral","jellyfish"
759099,"Cnidaria","Anthozoa","Scleractinia","Pocilloporidae","Pocillopora","Pocillopora acuta",,,"COI",FALSE,FALSE,TRUE,,,,"jellyfish"
207246,"Cnidaria","Anthozoa","Scleractinia","Poritidae","Porites","Porites lutea",2,2002,"COI",TRUE,FALSE,TRUE,"LC","LC","hump coral","jellyfish"
207261,"Cnidaria","Anthozoa","Scleractinia","Psammocoridae","Psammocora","Psammocora nierstraszi",2,2002,"16S",TRUE,FALSE,TRUE,"LC","LC",,"jellyfish"
994375,"Cnidaria","Anthozoa","Scleractinia","Fungiidae","Sinuorota","Sinuorota hexagonalis",1,2002,"COI",TRUE,FALSE,TRUE,"LC","LC",,"jellyfish"
212178,"Cnidaria","Anthozoa","Scleractinia","Poritidae","Stylaraea","Stylaraea punctata",2,2002,"COI",TRUE,FALSE,TRUE,"DD","DD",,"jellyfish"
743536,"Cnidaria","Anthozoa","Zoantharia","Nanozoanthidae","Nanozoanthus","Nanozoanthus harenaceus",,,"COI",FALSE,FALSE,TRUE,,,,"jellyfish"
1586368,"Cnidaria","Hydrozoa","Anthoathecata","Cladonematidae","Cladonema","Cladonema multiramosum",,,"COI",FALSE,FALSE,TRUE,,,,"jellyfish"
221089,"Cnidaria","Hydrozoa","Anthoathecata","Sphaerocorynidae","Euphysilla","Euphysilla pyramidata",,,"COI",FALSE,FALSE,TRUE,,,,"jellyfish"
117952,"Cnidaria","Hydrozoa","Anthoathecata","Sphaerocorynidae","Sphaerocoryne","Sphaerocoryne bedoti",,,"COI",FALSE,FALSE,TRUE,,,,"jellyfish"
285991,"Cnidaria","Hydrozoa","Anthoathecata","Zancleidae","Zanclea","Zanclea divergens",,,"COI",FALSE,FALSE,TRUE,,,,"jellyfish"
288110,"Cnidaria","Hydrozoa","Anthoathecata","Zancleopsidae","Zancleopsis","Zancleopsis dichotoma",,,"COI",FALSE,FALSE,TRUE,,,,"jellyfish"
117367,"Cnidaria","Hydrozoa","Leptothecata","Campanulariidae","Clytia","Clytia gracilis",,,"COI",FALSE,FALSE,TRUE,,,,"jellyfish"
117725,"Cnidaria","Hydrozoa","Leptothecata","Laodiceidae","Laodicea","Laodicea undulata",,,"COI",FALSE,FALSE,TRUE,,,,"jellyfish"
117385,"Cnidaria","Hydrozoa","Leptothecata","Campanulariidae","Obelia","Obelia bidentata",,,"COI",FALSE,FALSE,TRUE,,,"doubletoothed hydroid","jellyfish"
117267,"Cnidaria","Hydrozoa","Narcomedusae","Solmundaeginidae","Solmundella","Solmundella bitentaculata",2,1833,"COI",TRUE,FALSE,TRUE,,,,"jellyfish"
135419,"Cnidaria","Hydrozoa","Siphonophorae","Diphyidae","Diphyes","Diphyes bojani",2,1829,"COI",TRUE,FALSE,TRUE,,,,"jellyfish"
135420,"Cnidaria","Hydrozoa","Siphonophorae","Diphyidae","Diphyes","Diphyes dispar",,,"COI",FALSE,FALSE,TRUE,,,,"jellyfish"
196555,"Cnidaria","Hydrozoa","Siphonophorae","Diphyidae","Lensia","Lensia campanella",,,"COI",FALSE,FALSE,TRUE,,,,"jellyfish"
135495,"Cnidaria","Hydrozoa","Siphonophorae","Agalmatidae","Nanomia","Nanomia bijuga",,,"COI",FALSE,FALSE,TRUE,,,,"jellyfish"
135479,"Cnidaria","Hydrozoa","Siphonophorae","Physaliidae","Physalia","Physalia physalis",,,"COI",FALSE,FALSE,TRUE,,,"Portuguese man-of-war, galère portugaise","jellyfish"
152189,"Cnidaria","Hydrozoa","Siphonophorae","Sphaeronectidae","Sphaeronectes","Sphaeronectes koellikeri",,,"COI",FALSE,FALSE,TRUE,,,,"jellyfish"
220477,"Cnidaria","Scyphozoa","Semaeostomeae","Pelagiidae","Pelagia","Pelagia panopyra",,,"COI",FALSE,FALSE,TRUE,,,,"jellyfish"
137109,"Chordata","Mammalia","Cetartiodactyla","Delphinidae","Stenella","Stenella longirostris",,,"COI",FALSE,FALSE,TRUE,"LC","LC","long-snouted spinner dolphin, dauphin longirostre","mammals"
220227,"Chordata","Mammalia","Sirenia","Dugongidae","Dugong","Dugong dugon",,,"16S",FALSE,FALSE,TRUE,"VU","VU","dugong","mammals"
207674,"Mollusca","Bivalvia","Cardiida","Cardiidae","Tridacna","Tridacna squamosa",,,"COI",FALSE,FALSE,TRUE,"LR/cd","LR/cd","giant clam","molluscs"
216616,"Mollusca","Bivalvia","Mytilida","Mytilidae","Brachidontes","Brachidontes variabilis",,,"COI",FALSE,FALSE,TRUE,,,"variable mussel","molluscs"
397091,"Mollusca","Bivalvia","Mytilida","Mytilidae","Leiosolenus","Leiosolenus hanleyanus",,,"COI",FALSE,FALSE,TRUE,,,,"molluscs"
506713,"Mollusca","Bivalvia","Ostreida","Ostreidae","Dendostrea","Dendostrea sandvichensis",,,"COI",FALSE,FALSE,TRUE,,,,"molluscs"
1561398,"Mollusca","Bivalvia","Ostreida","Margaritidae","Pinctada","Pinctada persica",,,"COI",FALSE,FALSE,TRUE,,,,"molluscs"
534106,"Mollusca","Cephalopoda","Octopoda","Octopodidae","Callistoctopus","Callistoctopus aspilosomatis",,,"COI",FALSE,FALSE,TRUE,"LC","LC",,"molluscs"
210788,"Mollusca","Cephalopoda","Octopoda","Octopodidae","Octopus","Octopus cyanea",1,1967,"COI",TRUE,TRUE,TRUE,"LC","LC","Cyane's octopus","molluscs"
208629,"Mollusca","Gastropoda","Aplysiida","Aplysiidae","Dolabella","Dolabella auricularia",,,"COI",FALSE,FALSE,TRUE,,,"wedge sea hare","molluscs"
224652,"Mollusca","Gastropoda","Aplysiida","Aplysiidae","Dolabrifera","Dolabrifera dolabrifera",,,"COI",FALSE,FALSE,TRUE,,,,"molluscs"
1053449,"Mollusca","Gastropoda","Aplysiida","Aplysiidae","Dolabrifera","Dolabrifera edmundsi",,,"COI",FALSE,FALSE,TRUE,,,,"molluscs"
224662,"Mollusca","Gastropoda","Aplysiida","Aplysiidae","Stylocheilus","Stylocheilus striatus",,,"COI",FALSE,FALSE,TRUE,,,,"molluscs"
740295,"Mollusca","Gastropoda","Cephalaspidea","Haminoeidae","Aliculastrum","Aliculastrum parallelum",,,"COI",FALSE,FALSE,TRUE,,,,"molluscs"
1396825,"Mollusca","Gastropoda","Cephalaspidea","Haminoeidae","Atys","Atys semistriatus",,,"COI",FALSE,FALSE,TRUE,,,,"molluscs"
510448,"Mollusca","Gastropoda","Cephalaspidea","Bullidae","Bulla","Bulla vernicosa",,,"COI",FALSE,FALSE,TRUE,,,,"molluscs"
420528,"Mollusca","Gastropoda","Cephalaspidea","Aglajidae","Chelidonura","Chelidonura hirundinina",,,"COI",FALSE,FALSE,TRUE,,,,"molluscs"
1374236,"Mollusca","Gastropoda","Cephalaspidea","Haminoeidae","Haloa","Haloa pemphis",,,"COI",FALSE,FALSE,TRUE,,,,"molluscs"
1313730,"Mollusca","Gastropoda","Cephalaspidea","Haminoeidae","Phanerophthalmus","Phanerophthalmus lentigines",,,"COI",FALSE,FALSE,TRUE,,,,"molluscs"
1313712,"Mollusca","Gastropoda","Cephalaspidea","Haminoeidae","Phanerophthalmus","Phanerophthalmus minikoiensis",,,"COI",FALSE,FALSE,TRUE,,,,"molluscs"
1313720,"Mollusca","Gastropoda","Cephalaspidea","Haminoeidae","Phanerophthalmus","Phanerophthalmus paulayi",,,"COI",FALSE,FALSE,TRUE,,,,"molluscs"
559039,"Mollusca","Gastropoda","Cephalaspidea","Aglajidae","Philinopsis","Philinopsis speciosa",,,"COI",FALSE,FALSE,TRUE,,,,"molluscs"
871015,"Mollusca","Gastropoda","Littorinimorpha","Rissoinidae","Apataxia","Apataxia cerithiiformis",,,"16S;COI",FALSE,FALSE,TRUE,,,,"molluscs"
531880,"Mollusca","Gastropoda","Littorinimorpha","Strombidae","Canarium","Canarium mutabile",,,"COI",FALSE,FALSE,TRUE,,,,"molluscs"
732986,"Mollusca","Gastropoda","Littorinimorpha","Vermetidae","Dendropoma","Dendropoma platypus",,,"COI",FALSE,FALSE,TRUE,,,,"molluscs"
220950,"Mollusca","Gastropoda","Littorinimorpha","Cymatiidae","Gutturnium","Gutturnium muricinum",,,"COI",FALSE,FALSE,TRUE,,,,"molluscs"
208940,"Mollusca","Gastropoda","Littorinimorpha","Littorinidae","Littoraria","Littoraria subvittata",1,1969,"COI",TRUE,TRUE,TRUE,,,,"molluscs"
765226,"Mollusca","Gastropoda","Littorinimorpha","Tornidae","Lophocochlias","Lophocochlias parvissimus",,,"COI",FALSE,FALSE,TRUE,,,,"molluscs"
476528,"Mollusca","Gastropoda","Littorinimorpha","Cymatiidae","Monoplex","Monoplex mundus",,,"COI",FALSE,FALSE,TRUE,,,,"molluscs"
1075035,"Mollusca","Gastropoda","Littorinimorpha","Cypraeidae","Naria","Naria helvola",,,"COI",FALSE,TRUE,TRUE,,,,"molluscs"
139945,"Mollusca","Gastropoda","Littorinimorpha","Pterotracheidae","Pterotrachea","Pterotrachea hippocampus",,,"COI",FALSE,FALSE,TRUE,,,,"molluscs"
216954,"Mollusca","Gastropoda","Littorinimorpha","Rissoinidae","Rissoina","Rissoina ambigua",,,"COI",FALSE,FALSE,TRUE,,,,"molluscs"
872612,"Mollusca","Gastropoda","Nudibranchia","Discodorididae","Carminodoris","Carminodoris grandiflora",,,"COI",FALSE,FALSE,TRUE,,,,"molluscs"
761890,"Mollusca","Gastropoda","Nudibranchia","Dorididae","Doriopsis","Doriopsis pecten",,,"COI",FALSE,FALSE,TRUE,,,,"molluscs"
599288,"Mollusca","Gastropoda","Nudibranchia","Facelinidae","Favorinus","Favorinus japonicus",,,"COI",FALSE,FALSE,TRUE,,,,"molluscs"
1314369,"Mollusca","Gastropoda","Nudibranchia","Discodorididae","Halgerda","Halgerda indotessellata",,,"COI",FALSE,FALSE,TRUE,,,,"molluscs"
220381,"Mollusca","Gastropoda","Nudibranchia","Hexabranchidae","Hexabranchus","Hexabranchus sanguineus",,,"COI",FALSE,FALSE,TRUE,,,"Spanish dancer","molluscs"
212836,"Mollusca","Gastropoda","Nudibranchia","Phyllidiidae","Phyllidia","Phyllidia coelestis",,,"COI",FALSE,FALSE,TRUE,,,,"molluscs"
766653,"Mollusca","Gastropoda","Nudibranchia","Samlidae","Samla","Samla bicolor",,,"COI",FALSE,FALSE,TRUE,,,,"molluscs"
863427,"Mollusca","Gastropoda","Pleurobranchida","Pleurobranchidae","Berthellina","Berthellina delicata",,,"COI",FALSE,FALSE,TRUE,,,,"molluscs"
140819,"Mollusca","Gastropoda","Pleurobranchida","Pleurobranchidae","Pleurobranchus","Pleurobranchus forskalii",1,1967,"COI",TRUE,TRUE,TRUE,,,"Forskal's sidegill slug","molluscs"
599477,"Mollusca","Gastropoda","Pleurobranchida","Pleurobranchidae","Pleurobranchus","Pleurobranchus peronii",,,"COI",FALSE,FALSE,TRUE,,,,"molluscs"
849352,"Mollusca","Gastropoda","Pleurobranchida","Pleurobranchidae","Pleurobranchus","Pleurobranchus varians",,,"COI",FALSE,FALSE,TRUE,,,,"molluscs"
605965,"Mollusca","Gastropoda","Pteropoda","Heliconoididae","Heliconoides","Heliconoides inflatus",,,"COI",FALSE,FALSE,TRUE,,,,"molluscs"
180921,"Mollusca","Gastropoda","[unassigned] Caenogastropoda","Cerithiidae","Cerithium","Cerithium egenum",,,"16S;COI",FALSE,FALSE,TRUE,,,,"molluscs"
139061,"Mollusca","Gastropoda","[unassigned] Caenogastropoda","Cerithiidae","Cerithium","Cerithium nesioticum",,,"COI",FALSE,FALSE,TRUE,,,,"molluscs"
216688,"Mollusca","Gastropoda","[unassigned] Caenogastropoda","Cerithiidae","Cerithium","Cerithium rostratum",1,1997,"16S;COI",TRUE,FALSE,TRUE,,,,"molluscs"
494512,"Mollusca","Gastropoda",,"Hermaeidae","Cyerce","Cyerce elegans",,,"COI",FALSE,FALSE,TRUE,,,,"molluscs"
494464,"Mollusca","Gastropoda",,"Plakobranchidae","Elysia","Elysia obtusa",,,"COI",FALSE,FALSE,TRUE,,,,"molluscs"
139682,"Mollusca","Gastropoda",,"Plakobranchidae","Elysia","Elysia ornata",,,"COI",FALSE,FALSE,TRUE,,,"lettuce slug","molluscs"
536474,"Mollusca","Gastropoda",,"Plakobranchidae","Elysia","Elysia pusilla",,,"COI",FALSE,FALSE,TRUE,,,,"molluscs"
545395,"Mollusca","Gastropoda",,"Limapontiidae","Ercolania","Ercolania annelyleorum",,,"COI",FALSE,FALSE,TRUE,,,,"molluscs"
397164,"Mollusca","Gastropoda",,"Oxynoidae","Oxynoe","Oxynoe viridis",,,"COI",FALSE,FALSE,TRUE,,,,"molluscs"
1043245,"Mollusca","Gastropoda",,"Limapontiidae","Placida","Placida kevinleei",,,"COI",FALSE,FALSE,TRUE,,,,"molluscs"
1296050,"Mollusca","Gastropoda",,"Hermaeidae","Polybranchia","Polybranchia jensenae",,,"COI",FALSE,FALSE,TRUE,,,,"molluscs"
120664,"Amoebozoa","Discosea","Dactylopodida","Vexilliferidae","Neoparamoeba","Neoparamoeba aestuarina",,,"COI",FALSE,FALSE,TRUE,,,,"single-cell"
120665,"Amoebozoa","Discosea","Dactylopodida","Vexilliferidae","Neoparamoeba","Neoparamoeba pemaquidensis",,,"COI",FALSE,FALSE,TRUE,,,,"single-cell"
376147,"Cercozoa","Chlorarachnea","Chlorachniida","Chlorarachniaceae","Chlorarachnion","Chlorarachnion reptans",,,"COI",FALSE,FALSE,TRUE,,,,"single-cell"
109743,"Myzozoa","Dinophyceae","Amphidiniales","Amphidiniaceae","Amphidinium","Amphidinium massartii",,,"COI",FALSE,FALSE,TRUE,,,,"single-cell"
109998,"Myzozoa","Dinophyceae","Peridiniales","Crypthecodiniaceae","Crypthecodinium","Crypthecodinium cohnii",,,"COI",FALSE,FALSE,TRUE,,,,"single-cell"
168148,"Porifera","Demospongiae","Axinellida","Raspailiidae","Axechina","Axechina raspailioides",,,"COI",FALSE,FALSE,TRUE,,,,"sponges"
168021,"Porifera","Demospongiae","Axinellida","Raspailiidae","Ectyoplasia","Ectyoplasia ferox",,,"COI",FALSE,FALSE,TRUE,,,,"sponges"
168256,"Porifera","Demospongiae","Biemnida","Biemnidae","Biemna","Biemna ehrenbergi",,,"COI",FALSE,FALSE,TRUE,,,,"sponges"
168186,"Porifera","Demospongiae","Biemnida","Rhabderemiidae","Rhabderemia","Rhabderemia sorokinae",,,"COI",FALSE,FALSE,TRUE,,,,"sponges"
577142,"Porifera","Demospongiae","Biemnida","Biemnidae","Sigmaxinella","Sigmaxinella hipposiderus",,,"COI",FALSE,FALSE,TRUE,,,,"sponges"
170440,"Porifera","Demospongiae","Clionaida","Clionaidae","Cliona","Cliona dissimilis",,,"COI",FALSE,FALSE,TRUE,,,,"sponges"
1450708,"Porifera","Demospongiae","Clionaida","Clionaidae","Cliona","Cliona yorkin",,,"COI",FALSE,FALSE,TRUE,,,"Yorkin Cliona","sponges"
170491,"Porifera","Demospongiae","Clionaida","Clionaidae","Cliothosa","Cliothosa aurivillii",,,"COI",FALSE,FALSE,TRUE,,,,"sponges"
1479479,"Porifera","Demospongiae","Clionaida","Clionaidae","Cliothosa","Cliothosa delitrix",,,"COI",FALSE,FALSE,TRUE,,,,"sponges"
157411,"Porifera","Demospongiae","Clionaida","Clionaidae","Pione","Pione vastifica",,,"COI",FALSE,FALSE,TRUE,,,"boring sponge, clione rouge","sponges"
170520,"Porifera","Demospongiae","Clionaida","Clionaidae","Pione","Pione velans",,,"COI",FALSE,FALSE,TRUE,,,,"sponges"
170709,"Porifera","Demospongiae","Clionaida","Spirastrellidae","Spirastrella","Spirastrella hartmani",,,"COI",FALSE,FALSE,TRUE,,,,"sponges"
132300,"Porifera","Demospongiae","Dendroceratida","Darwinellidae","Chelonaplysilla","Chelonaplysilla erecta",,,"COI",FALSE,FALSE,TRUE,,,,"sponges"
164922,"Porifera","Demospongiae","Dictyoceratida","Dysideidae","Dysidea","Dysidea arenaria",,,"COI",FALSE,FALSE,TRUE,,,"crater sponge","sponges"
132444,"Porifera","Demospongiae","Dictyoceratida","Thorectidae","Fasciospongia","Fasciospongia cavernosa",,,"COI",FALSE,FALSE,TRUE,,,,"sponges"
166223,"Porifera","Demospongiae","Haplosclerida","Callyspongiidae","Callyspongia","Callyspongia (Cladochalina) plicifera",,,"COI",FALSE,FALSE,TRUE,,,,"sponges"
166293,"Porifera","Demospongiae","Haplosclerida","Chalinidae","Chalinula","Chalinula molitba",,,"COI",FALSE,FALSE,TRUE,,,,"sponges"
166302,"Porifera","Demospongiae","Haplosclerida","Chalinidae","Cladocroce","Cladocroce burapha",,,"COI",FALSE,FALSE,TRUE,,,,"sponges"
820772,"Porifera","Demospongiae","Haplosclerida","Niphatidae","Gelliodes","Gelliodes wilsoni",,,"COI",FALSE,FALSE,TRUE,,,,"sponges"
166588,"Porifera","Demospongiae","Haplosclerida","Chalinidae","Haliclona","Haliclona (Halichoclona) vansoesti",,,"COI",FALSE,FALSE,TRUE,,,,"sponges"
166430,"Porifera","Demospongiae","Haplosclerida","Chalinidae","Haliclona","Haliclona pigmentifera",,,"COI",FALSE,FALSE,TRUE,,,,"sponges"
178479,"Porifera","Demospongiae","Haplosclerida","Niphatidae","Pachychalina","Pachychalina tenera",,,"COI",FALSE,FALSE,TRUE,,,,"sponges"
167585,"Porifera","Demospongiae","Poecilosclerida","Microcionidae","Clathria","Clathria (Clathria) unica",,,"COI",FALSE,FALSE,TRUE,,,,"sponges"
167804,"Porifera","Demospongiae","Poecilosclerida","Microcionidae","Clathria","Clathria (Wilsonella) rugosa",,,"COI",FALSE,FALSE,TRUE,,,,"sponges"
168571,"Porifera","Demospongiae","Poecilosclerida","Mycalidae","Mycale","Mycale (Carmia) cecilia",,,"COI",FALSE,FALSE,TRUE,,,,"sponges"
167444,"Porifera","Demospongiae","Poecilosclerida","Acarnidae","Paracornulum","Paracornulum dubium",,,"COI",FALSE,FALSE,TRUE,,,,"sponges"
169314,"Porifera","Demospongiae","Poecilosclerida","Hymedesmiidae","Phorbas","Phorbas bihamiger",,,"COI",FALSE,FALSE,TRUE,,,,"sponges"
169590,"Porifera","Demospongiae","Poecilosclerida","Tedaniidae","Tedania","Tedania (Tedania) tubulifera",,,"COI",FALSE,FALSE,TRUE,,,,"sponges"
165801,"Porifera","Demospongiae","Suberitida","Halichondriidae","Halichondria","Halichondria (Halichondria) bowerbanki",,,"COI",FALSE,FALSE,TRUE,,,"Bowerbank's halichondria","sponges"
165886,"Porifera","Demospongiae","Suberitida","Halichondriidae","Hymeniacidon","Hymeniacidon chloris",,,"COI",FALSE,FALSE,TRUE,,,,"sponges"
345601,"Porifera","Demospongiae","Suberitida","Halichondriidae","Hymeniacidon","Hymeniacidon flavia",,,"COI",FALSE,FALSE,TRUE,,,,"sponges"
1041930,"Porifera","Demospongiae","Suberitida","Suberitidae","Terpios","Terpios gelatinosus",,,"COI",FALSE,FALSE,TRUE,,,,"sponges"
170894,"Porifera","Demospongiae","Suberitida","Suberitidae","Terpios","Terpios hoshinota",,,"COI",FALSE,FALSE,TRUE,,,,"sponges"
1462577,"Porifera","Demospongiae","Tethyida","Hemiasterellidae","Galaxia","Galaxia gaviotensis",,,"COI",FALSE,FALSE,TRUE,,,,"sponges"
240897,"Porifera","Demospongiae","Tetractinellida","Tetillidae","Acanthotetilla","Acanthotetilla celebensis",,,"COI",FALSE,FALSE,TRUE,,,,"sponges"
133978,"Porifera","Demospongiae","Tetractinellida","Ancorinidae","Stelletta","Stelletta mediterranea",,,"COI",FALSE,FALSE,TRUE,,,,"sponges"
133989,"Porifera","Demospongiae","Tetractinellida","Ancorinidae","Stryphnus","Stryphnus mucronatus",,,"COI",FALSE,FALSE,TRUE,,,,"sponges"
171264,"Porifera","Demospongiae","Tetractinellida","Theonellidae","Theonella","Theonella swinhoei",,,"COI",FALSE,FALSE,TRUE,,,,"sponges"
888604,"Porifera","Homoscleromorpha","Homosclerophorida","Plakinidae","Plakortis","Plakortis deweerdtaephila",,,"COI",FALSE,FALSE,TRUE,,,,"sponges"
459522,"Echinodermata","Asteroidea","Valvatida","Asterinidae","Aquilonastra","Aquilonastra anomala",,,"COI",FALSE,FALSE,TRUE,,,,"starfish"
213384,"Echinodermata","Echinoidea","Camarodonta","Echinometridae","Echinostrephus","Echinostrephus molaris",,,"COI",FALSE,FALSE,TRUE,,,,"starfish"
212449,"Echinodermata","Echinoidea","Camarodonta","Toxopneustidae","Toxopneustes","Toxopneustes pileolus",1,1967,"16S;COI",TRUE,FALSE,TRUE,,,,"starfish"
513619,"Echinodermata","Echinoidea","Camarodonta","Toxopneustidae","Tripneustes","Tripneustes depressus",,,"COI",FALSE,FALSE,TRUE,,,,"starfish"
212453,"Echinodermata","Echinoidea","Camarodonta","Toxopneustidae","Tripneustes","Tripneustes gratilla",,,"16S",FALSE,FALSE,TRUE,,,"collector urchin","starfish"
213369,"Echinodermata","Echinoidea","Cidaroida","Cidaridae","Eucidaris","Eucidaris metularia",1,1990,"COI",TRUE,TRUE,TRUE,,,,"starfish"
213377,"Echinodermata","Echinoidea","Diadematoida","Diadematidae","Echinothrix","Echinothrix calamaris",,,"COI",FALSE,FALSE,TRUE,,,"banded sea urchin","starfish"
513357,"Echinodermata","Echinoidea","Echinoneoida","Echinoneidae","Koehleraster","Koehleraster abnormalis",,,"COI",FALSE,FALSE,TRUE,,,,"starfish"
208956,"Echinodermata","Holothuroidea","Holothuriida","Holothuriidae","Actinopyga","Actinopyga mauritiana",,,"16S",FALSE,FALSE,TRUE,"VU","VU",,"starfish"
208945,"Echinodermata","Holothuroidea","Holothuriida","Holothuriidae","Actinopyga","Actinopyga obesa",,,"COI",FALSE,FALSE,TRUE,"DD","DD",,"starfish"
210766,"Echinodermata","Holothuroidea","Holothuriida","Holothuriidae","Bohadschia","Bohadschia cousteaui",,,"16S;COI",FALSE,FALSE,TRUE,"LC","LC",,"starfish"
210764,"Echinodermata","Holothuroidea","Holothuriida","Holothuriidae","Bohadschia","Bohadschia koellikeri",,,"COI",FALSE,FALSE,TRUE,"DD","DD",,"starfish"
210759,"Echinodermata","Holothuroidea","Holothuriida","Holothuriidae","Bohadschia","Bohadschia vitiensis",,,"16S;COI",FALSE,FALSE,TRUE,"DD","DD",,"starfish"
210893,"Echinodermata","Holothuroidea","Holothuriida","Holothuriidae","Holothuria","Holothuria (Lessonothuria) pardalis",,,"COI",FALSE,FALSE,TRUE,,,,"starfish"
210901,"Echinodermata","Holothuroidea","Holothuriida","Holothuriidae","Holothuria","Holothuria (Stauropora) pervicax",,,"COI",FALSE,FALSE,TRUE,,,,"starfish"
210814,"Echinodermata","Holothuroidea","Holothuriida","Holothuriidae","Holothuria","Holothuria (Thymiosycia) arenicola",,,"COI",FALSE,FALSE,TRUE,,,,"starfish"
1672768,"Echinodermata","Holothuroidea","Holothuriida","Holothuriidae","Holothuria","Holothuria atra",,,"COI",FALSE,FALSE,TRUE,"LC","LC",,"starfish"
149789,"Echinodermata","Holothuroidea","Synallactida","Stichopodidae","Stichopus","Stichopus chloronotus",3,1990,"16S;COI",TRUE,TRUE,TRUE,"LC","LC",,"starfish"
125064,"Echinodermata","Ophiuroidea","Amphilepidida","Amphiuridae","Amphipholis","Amphipholis squamata",1,1987,"16S;COI",TRUE,FALSE,TRUE,,,"dwarf brittle star","starfish"
243070,"Echinodermata","Ophiuroidea","Amphilepidida","Amphiuridae","Amphiura","Amphiura (Amphiura) velox",,,"COI",FALSE,FALSE,TRUE,,,,"starfish"
213195,"Echinodermata","Ophiuroidea","Amphilepidida","Ophiotrichidae","Macrophiothrix","Macrophiothrix longipeda",,,"16S",FALSE,FALSE,TRUE,,,,"starfish"
212328,"Echinodermata","Ophiuroidea","Amphilepidida","Ophiactidae","Ophiactis","Ophiactis picteti",,,"COI",FALSE,FALSE,TRUE,,,,"starfish"
125122,"Echinodermata","Ophiuroidea","Amphilepidida","Ophiactidae","Ophiactis","Ophiactis savignyi",2,1990,"16S;COI",TRUE,TRUE,TRUE,,,,"starfish"
213419,"Echinodermata","Ophiuroidea","Amphilepidida","Ophionereididae","Ophionereis","Ophionereis porrecta",,,"COI",FALSE,FALSE,TRUE,,,,"starfish"
1214744,"Echinodermata","Ophiuroidea","Ophiacanthida","Ophiocomidae","Breviturma","Breviturma brevipes",3,1990,"16S;COI",TRUE,TRUE,TRUE,,,,"starfish"
1214746,"Echinodermata","Ophiuroidea","Ophiacanthida","Ophiocomidae","Breviturma","Breviturma doederleini",,,"COI",FALSE,FALSE,TRUE,,,,"starfish"
212371,"Echinodermata","Ophiuroidea","Ophiacanthida","Ophiocomidae","Ophiocoma","Ophiocoma erinaceus",4,1983,"16S;COI",TRUE,TRUE,TRUE,,,,"starfish"
212378,"Echinodermata","Ophiuroidea","Ophiacanthida","Ophiocomidae","Ophiocoma","Ophiocoma scolopendrina",4,1967,"16S;COI",TRUE,TRUE,TRUE,,,,"starfish"
1306699,"Echinodermata","Ophiuroidea","Ophiacanthida","Ophiocomidae","Ophiocomella","Ophiocomella valenciae",,,"COI",FALSE,FALSE,TRUE,,,,"starfish"
137206,"Chordata",,"Testudines","Cheloniidae","Chelonia","Chelonia mydas",15,1758,"12S;16S",TRUE,TRUE,TRUE,"EN","EN","green turtle, tortue verte","turtles"
475657,"Annelida","Clitellata","Tubificida","Naididae","Doliodrilus","Doliodrilus tener",,,"COI",FALSE,FALSE,TRUE,,,,"worms"
475722,"Annelida","Clitellata","Tubificida","Naididae","Heronidrilus","Heronidrilus fastigatus",,,"COI",FALSE,FALSE,TRUE,,,,"worms"
209828,"Annelida","Polychaeta","Eunicida","Eunicidae","Eunice","Eunice afra",,,"COI",FALSE,FALSE,TRUE,,,,"worms"
209829,"Annelida","Polychaeta","Eunicida","Eunicidae","Marphysa","Marphysa mossambica",,,"COI",FALSE,FALSE,TRUE,,,,"worms"
130028,"Annelida","Polychaeta","Eunicida","Dorvilleidae","Ophryotrocha","Ophryotrocha macrovifera",,,"COI",FALSE,FALSE,TRUE,,,,"worms"
327163,"Annelida","Polychaeta","Phyllodocida","Iphionidae","Iphione","Iphione henshawi",,,"COI",FALSE,FALSE,TRUE,,,,"worms"
130376,"Annelida","Polychaeta","Phyllodocida","Nereididae","Leonnates","Leonnates decipiens",,,"COI",FALSE,FALSE,TRUE,,,,"worms"
865162,"Annelida","Polychaeta","Phyllodocida","Syllidae","Syllis","Syllis picta",,,"COI",FALSE,FALSE,TRUE,,,,"worms"
333109,"Annelida","Polychaeta","Sabellida","Sabellidae","Bispira","Bispira manicata",,,"COI",FALSE,FALSE,TRUE,,,,"worms"
873617,"Annelida","Polychaeta","Terebellida","Cirratulidae","Ctenodrilus","Ctenodrilus pacificus",,,"COI",FALSE,FALSE,TRUE,,,,"worms"
326681,"Annelida","Polychaeta",,"Protodrilidae","Astomus","Astomus taenioides",,,"COI",FALSE,FALSE,TRUE,,,,"worms"
129914,"Annelida","Polychaeta",,"Chaetopteridae","Chaetopterus","Chaetopterus variopedatus",,,"COI",FALSE,FALSE,TRUE,,,"parchment worm, grand chétoptère","worms"
330566,"Annelida","Polychaeta",,"Chaetopteridae","Phyllochaetopterus","Phyllochaetopterus verrilli",,,"COI",FALSE,FALSE,TRUE,,,,"worms"
136032,"Annelida",,"Sipuncula","Aspidosiphonidae","Aspidosiphon","Aspidosiphon (Akrikos) albus",,,"COI",FALSE,FALSE,TRUE,,,,"worms"
220538,"Annelida",,"Sipuncula","Phascolosomatidae","Phascolosoma","Phascolosoma (Phascolosoma) nigrescens",,,"COI",FALSE,FALSE,TRUE,,,,"worms"
136081,"Annelida",,"Sipuncula","Phascolosomatidae","Phascolosoma","Phascolosoma (Phascolosoma) stephensoni",,,"COI",FALSE,FALSE,TRUE,,,,"worms"
266509,"Annelida",,"Sipuncula","Siphonosomatidae","Siphonosoma","Siphonosoma funafuti",,,"COI",FALSE,FALSE,TRUE,,,,"worms"
266868,"Annelida",,"Sipuncula","Golfingiidae","Themiste","Themiste (Lagenopsis) lageniformis",,,"COI",FALSE,FALSE,TRUE,,,,"worms"
106278,"Arthropoda","Branchiopoda","Onychopoda","Podonidae","Pseudevadne","Pseudevadne tergestina",,,"COI",FALSE,FALSE,TRUE,,,,
1489180,"Arthropoda","Hexapoda","Hemiptera","Cicadellidae","Macrosteles","Macrosteles quadrilineatus",,,"COI",FALSE,FALSE,TRUE,,,,
208885,"Arthropoda","Thecostraca","Balanomorpha","Chthamalidae","Tetrachthamalus","Tetrachthamalus oblitteratus",,,"COI",FALSE,FALSE,TRUE,,,,
733347,"Arthropoda","Thecostraca","Scalpellomorpha","Lepadidae","Lepas","Lepas (Lepas) anserifera",,,"COI",FALSE,FALSE,TRUE,,,"goose barnacle",
266708,"Chaetognatha","Sagittoidea","Aphragmophora","Sagittidae","Aidanosagitta","Aidanosagitta neglecta",,,"COI",FALSE,FALSE,TRUE,,,,
266249,"Chaetognatha","Sagittoidea","Aphragmophora","Sagittidae","Ferosagitta","Ferosagitta robusta",,,"COI",FALSE,FALSE,TRUE,,,,
105429,"Chaetognatha","Sagittoidea","Aphragmophora","Krohnittidae","Krohnitta","Krohnitta subtilis",,,"COI",FALSE,FALSE,TRUE,,,,
249965,"Chordata","Ascidiacea","Phlebobranchia","Ascidiidae","Ascidia","Ascidia ahodori",,,"COI",FALSE,FALSE,TRUE,,,,
221006,"Chordata","Leptocardii",,"Branchiostomatidae","Asymmetron","Asymmetron lucayanum",,,"COI",FALSE,FALSE,TRUE,,,,
212958,"Chordata","Leptocardii",,"Branchiostomatidae","Epigonichthys","Epigonichthys maldivensis",,,"16S;COI",FALSE,FALSE,TRUE,,,,
210065,"Hemichordata","Enteropneusta","[unassigned] Enteropneusta","Ptychoderidae","Ptychodera","Ptychodera flava",,,"COI",FALSE,FALSE,TRUE,,,"Hawaiian acorn worm",
1508730,"Platyhelminthes",,"Polycladida","Prosthiostomidae","Prosthiostomum","Prosthiostomum torquatum",,,"COI",FALSE,FALSE,TRUE,,,,
