"AphiaID","phylum","class","order","family","genus","species","group","redlist_category","records","max_year","target_gene","source_obis","source_dna"
217352,"Chordata","Elasmobranchii","Carcharhiniformes","Carcharhinidae","Carcharhinus","Carcharhinus albimarginatus","fish","VU",1,2012,,TRUE,
217337,"Chordata","Elasmobranchii","Carcharhiniformes","Carcharhinidae","Carcharhinus","Carcharhinus amblyrhynchos","fish","EN",1,2016,,TRUE,
105789,"Chordata","Elasmobranchii","Carcharhiniformes","Carcharhinidae","Carcharhinus","Carcharhinus falciformis","fish","VU",3,1991,,TRUE,
105790,"Chordata","Elasmobranchii","Carcharhiniformes","Carcharhinidae","Carcharhinus","Carcharhinus galapagensis","fish",,1,,,TRUE,
105793,"Chordata","Elasmobranchii","Carcharhiniformes","Carcharhinidae","Carcharhinus","Carcharhinus limbatus","fish","NT",1,,,TRUE,
105794,"Chordata","Elasmobranchii","Carcharhiniformes","Carcharhinidae","Carcharhinus","Carcharhinus longimanus","fish","CR",1,,,TRUE,
271324,"Chordata","Elasmobranchii","Carcharhiniformes","Carcharhinidae","Carcharhinus","Carcharhinus perezii","fish",,2,,,TRUE,
105797,"Chordata","Elasmobranchii","Carcharhiniformes","Carcharhinidae","Carcharhinus","Carcharhinus plumbeus","fish","VU",1,,,TRUE,
105798,"Chordata","Elasmobranchii","Carcharhiniformes","Carcharhinidae","Carcharhinus","Carcharhinus signatus","fish","VU",2,1992,,TRUE,
105799,"Chordata","Elasmobranchii","Carcharhiniformes","Carcharhinidae","Galeocerdo","Galeocerdo cuvier","fish","NT",3,2012,,TRUE,
105800,"Chordata","Elasmobranchii","Carcharhiniformes","Carcharhinidae","Negaprion","Negaprion brevirostris","fish","NT",10,2008,,TRUE,
105801,"Chordata","Elasmobranchii","Carcharhiniformes","Carcharhinidae","Prionace","Prionace glauca","fish","NT",1,,,TRUE,
105816,"Chordata","Elasmobranchii","Carcharhiniformes","Sphyrnidae","Sphyrna","Sphyrna lewini","fish","CR",1,,,TRUE,
105817,"Chordata","Elasmobranchii","Carcharhiniformes","Sphyrnidae","Sphyrna","Sphyrna mokarran","fish","CR",1,,,TRUE,
105819,"Chordata","Elasmobranchii","Carcharhiniformes","Sphyrnidae","Sphyrna","Sphyrna zygaena","fish","VU",1,,,TRUE,
105833,"Chordata","Elasmobranchii","Hexanchiformes","Hexanchidae","Hexanchus","Hexanchus griseus","fish","NT",1,,,TRUE,
105835,"Chordata","Elasmobranchii","Lamniformes","Alopiidae","Alopias","Alopias superciliosus","fish","VU",1,,,TRUE,
105839,"Chordata","Elasmobranchii","Lamniformes","Lamnidae","Isurus","Isurus oxyrinchus","fish","EN",1,,,TRUE,
217426,"Chordata","Elasmobranchii","Myliobatiformes","Myliobatidae","Aetobatus","Aetobatus narinari","fish","NT",2,,,TRUE,
105856,"Chordata","Elasmobranchii","Myliobatiformes","Gymnuridae","Gymnura","Gymnura altavela","fish","VU",1,,,TRUE,
1042856,"Chordata","Elasmobranchii","Myliobatiformes","Dasyatidae","Hypanus","Hypanus americanus","fish","NT",32,2019,,TRUE,
1493649,"Chordata","Elasmobranchii","Myliobatiformes","Dasyatidae","Hypanus","Hypanus berthalutzae","fish",,1,,,TRUE,
1042867,"Chordata","Elasmobranchii","Myliobatiformes","Dasyatidae","Maculabatis","Maculabatis gerrardi","fish","EN",1,2012,,TRUE,
1026118,"Chordata","Elasmobranchii","Myliobatiformes","Myliobatidae","Mobula","Mobula birostris","fish","EN",1,,,TRUE,
105858,"Chordata","Elasmobranchii","Myliobatiformes","Myliobatidae","Mobula","Mobula mobular","fish","EN",1,,,TRUE,
105859,"Chordata","Elasmobranchii","Myliobatiformes","Myliobatidae","Mobula","Mobula tarapacana","fish","EN",1,,,TRUE,
105846,"Chordata","Elasmobranchii","Orectolobiformes","Ginglymostomatidae","Ginglymostoma","Ginglymostoma cirratum","fish",,16,2008,,TRUE,
105847,"Chordata","Elasmobranchii","Orectolobiformes","Rhincodontidae","Rhincodon","Rhincodon typus","fish","EN",2,,,TRUE,
282619,"Chordata","Elasmobranchii","Rajiformes","Arhynchobatidae","Rioraja","Rioraja agassizii","fish","VU",1,,,TRUE,
215612,"Chordata","Elasmobranchii","Squaliformes","Dalatiidae","Isistius","Isistius brasiliensis","fish",,1,,,TRUE,
159578,"Chordata","Teleostei","Acanthuriformes","Acanthuridae","Acanthurus","Acanthurus bahianus","fish",,12,2019,,TRUE,
159580,"Chordata","Teleostei","Acanthuriformes","Acanthuridae","Acanthurus","Acanthurus chirurgus","fish",,2110,2019,,TRUE,
159581,"Chordata","Teleostei","Acanthuriformes","Acanthuridae","Acanthurus","Acanthurus coeruleus","fish",,888,2019,,TRUE,
127418,"Chordata","Teleostei","Acanthuriformes","Caproidae","Antigonia","Antigonia capros","fish",,1,2016,,TRUE,
159429,"Chordata","Teleostei","Acanthuriformes","Caproidae","Antigonia","Antigonia combatia","fish",,1,2016,,TRUE,
278829,"Chordata","Teleostei","Acanthuriformes","Pomacanthidae","Centropyge","Centropyge aurantonotus","fish",,3,2015,,TRUE,
159703,"Chordata","Teleostei","Acanthuriformes","Ephippidae","Chaetodipterus","Chaetodipterus faber","fish",,1,,,TRUE,
159662,"Chordata","Teleostei","Acanthuriformes","Chaetodontidae","Chaetodon","Chaetodon ocellatus","fish",,282,2019,,TRUE,
159663,"Chordata","Teleostei","Acanthuriformes","Chaetodontidae","Chaetodon","Chaetodon striatus","fish",,2,2009,,TRUE,
276012,"Chordata","Teleostei","Acanthuriformes","Pomacanthidae","Holacanthus","Holacanthus ciliaris","fish",,5,2019,,TRUE,
276017,"Chordata","Teleostei","Acanthuriformes","Pomacanthidae","Holacanthus","Holacanthus tricolor","fish",,1,,,TRUE,
159287,"Chordata","Teleostei","Acanthuriformes","Pomacanthidae","Pomacanthus","Pomacanthus arcuatus","fish",,7,1962,,TRUE,
276025,"Chordata","Teleostei","Acanthuriformes","Pomacanthidae","Pomacanthus","Pomacanthus paru","fish",,116,2019,,TRUE,
273371,"Chordata","Teleostei","Acanthuriformes","Chaetodontidae","Prognathodes","Prognathodes brasiliensis","fish",,2,2013,,TRUE,
273375,"Chordata","Teleostei","Acanthuriformes","Chaetodontidae","Prognathodes","Prognathodes guyanensis","fish",,1,,,TRUE,
159845,"Chordata","Teleostei","Acropomatiformes","Howellidae","Bathysphyraenops","Bathysphyraenops simplex","fish",,1,2016,,TRUE,
1011297,"Chordata","Teleostei","Acropomatiformes","Howellidae","Howella","Howella atlantica","fish",,1,2016,,TRUE,
277068,"Chordata","Teleostei","Acropomatiformes","Pempheridae","Pempheris","Pempheris schomburgkii","fish",,75,2019,,TRUE,
212256,"Chordata","Teleostei","Albuliformes","Albulidae","Albula","Albula vulpes","fish","NT",9,2014,,TRUE,
126707,"Chordata","Teleostei","Alepocephaliformes","Alepocephalidae","Photostylus","Photostylus pycnopterus","fish",,1,2016,,TRUE,
158598,"Chordata","Teleostei","Anguilliformes","Ophichthidae","Apterichtus","Apterichtus kendalli","fish",,1,1981,,TRUE,
126304,"Chordata","Teleostei","Anguilliformes","Nemichthyidae","Avocettina","Avocettina infans","fish",,1,2016,,TRUE,
278676,"Chordata","Teleostei","Anguilliformes","Muraenidae","Echidna","Echidna catenata","fish",,7,2015,,TRUE,
271805,"Chordata","Teleostei","Anguilliformes","Muraenidae","Enchelycore","Enchelycore carychroa","fish",,6,2017,,TRUE,
271808,"Chordata","Teleostei","Anguilliformes","Muraenidae","Enchelycore","Enchelycore nigricans","fish",,9,1986,,TRUE,
158583,"Chordata","Teleostei","Anguilliformes","Muraenidae","Gymnothorax","Gymnothorax funebris","fish",,17,2019,,TRUE,
271852,"Chordata","Teleostei","Anguilliformes","Muraenidae","Gymnothorax","Gymnothorax miliaris","fish",,27,2018,,TRUE,
158584,"Chordata","Teleostei","Anguilliformes","Muraenidae","Gymnothorax","Gymnothorax moringa","fish",,7,2015,,TRUE,
126302,"Chordata","Teleostei","Anguilliformes","Muraenidae","Gymnothorax","Gymnothorax vicinus","fish",,6,2017,,TRUE,
271774,"Chordata","Teleostei","Anguilliformes","Congridae","Heteroconger","Heteroconger camelopardalis","fish",,3,,,TRUE,
279112,"Chordata","Teleostei","Anguilliformes","Ophichthidae","Ichthyapus","Ichthyapus ophioneus","fish",,1,1986,,TRUE,
158576,"Chordata","Teleostei","Anguilliformes","Chlopsidae","Kaupichthys","Kaupichthys hyoproroides","fish",,1,1981,,TRUE,
158588,"Chordata","Teleostei","Anguilliformes","Nemichthyidae","Labichthys","Labichthys carinatus","fish",,1,2016,,TRUE,
158578,"Chordata","Teleostei","Anguilliformes","Moringuidae","Moringua","Moringua edwardsi","fish",,1,1982,,TRUE,
271901,"Chordata","Teleostei","Anguilliformes","Muraenidae","Muraena","Muraena melanotis","fish",,2,1986,,TRUE,
271902,"Chordata","Teleostei","Anguilliformes","Muraenidae","Muraena","Muraena pavonina","fish",,17,2017,,TRUE,
158586,"Chordata","Teleostei","Anguilliformes","Muraenidae","Muraena","Muraena retifera","fish",,1,,,TRUE,
275486,"Chordata","Teleostei","Anguilliformes","Ophichthidae","Myrichthys","Myrichthys ocellatus","fish",,5,1982,,TRUE,
126306,"Chordata","Teleostei","Anguilliformes","Nemichthyidae","Nemichthys","Nemichthys scolopaceus","fish",,1,2016,,TRUE,
126315,"Chordata","Teleostei","Anguilliformes","Ophichthidae","Ophichthus","Ophichthus ophis","fish",,1,,,TRUE,
126319,"Chordata","Teleostei","Anguilliformes","Serrivomeridae","Serrivomer","Serrivomer beanii","fish",,1,2016,,TRUE,
126320,"Chordata","Teleostei","Anguilliformes","Serrivomeridae","Serrivomer","Serrivomer lanceolatoides","fish",,1,2016,,TRUE,
282881,"Chordata","Teleostei","Anguilliformes","Serrivomeridae","Stemonidium","Stemonidium hypomelas","fish",,1,2016,,TRUE,
277951,"Chordata","Teleostei","Anguilliformes","Muraenidae","Uropterygius","Uropterygius macularius","fish",,3,1982,,TRUE,
126720,"Chordata","Teleostei","Argentiniformes","Bathylagidae","Dolicholagus","Dolicholagus longirostris","fish",,1,2016,,TRUE,
126721,"Chordata","Teleostei","Argentiniformes","Bathylagidae","Melanolagus","Melanolagus bericoides","fish",,1,2016,,TRUE,
126733,"Chordata","Teleostei","Argentiniformes","Opisthoproctidae","Opisthoproctus","Opisthoproctus soleatus","fish",,1,2016,,TRUE,
126734,"Chordata","Teleostei","Argentiniformes","Opisthoproctidae","Rhynchohyalus","Rhynchohyalus natalensis","fish",,1,2016,,TRUE,
283164,"Chordata","Teleostei","Argentiniformes","Opisthoproctidae","Winteria","Winteria telescopa","fish",,1,2016,,TRUE,
283193,"Chordata","Teleostei","Argentiniformes","Microstomatidae","Xenophthalmichthys","Xenophthalmichthys danae","fish",,1,2016,,TRUE,
126347,"Chordata","Teleostei","Aulopiformes","Notosudidae","Ahliesaurus","Ahliesaurus berryi","fish",,1,2016,,TRUE,
126333,"Chordata","Teleostei","Aulopiformes","Alepisauridae","Alepisaurus","Alepisaurus ferox","fish",,1,,,TRUE,
275830,"Chordata","Teleostei","Aulopiformes","Giganturidae","Gigantura","Gigantura chuni","fish",,1,2016,,TRUE,
158858,"Chordata","Teleostei","Aulopiformes","Giganturidae","Gigantura","Gigantura indica","fish",,1,2016,,TRUE,
126353,"Chordata","Teleostei","Aulopiformes","Paralepididae","Lestidiops","Lestidiops affinis","fish",,1,2016,,TRUE,
158873,"Chordata","Teleostei","Aulopiformes","Paralepididae","Lestrolepis","Lestrolepis intermedia","fish",,1,2016,,TRUE,
126340,"Chordata","Teleostei","Aulopiformes","Evermannellidae","Odontostomops","Odontostomops normalops","fish",,1,2016,,TRUE,
272087,"Chordata","Teleostei","Aulopiformes","Omosudidae","Omosudis","Omosudis lowii","fish",,1,2016,,TRUE,
158868,"Chordata","Teleostei","Aulopiformes","Chlorophthalmidae","Parasudis","Parasudis truculenta","fish",,1,2016,,TRUE,
158755,"Chordata","Teleostei","Aulopiformes","Scopelarchidae","Scopelarchoides","Scopelarchoides danae","fish",,1,2016,,TRUE,
126367,"Chordata","Teleostei","Aulopiformes","Scopelarchidae","Scopelarchus","Scopelarchus analis","fish",,1,2016,,TRUE,
217724,"Chordata","Teleostei","Aulopiformes","Scopelarchidae","Scopelarchus","Scopelarchus guentheri","fish",,1,2016,,TRUE,
220333,"Chordata","Teleostei","Aulopiformes","Paralepididae","Stemonosudis","Stemonosudis gracilis","fish",,1,2016,,TRUE,
158750,"Chordata","Teleostei","Aulopiformes","Paralepididae","Stemonosudis","Stemonosudis intermedia","fish",,1,2016,,TRUE,
275614,"Chordata","Teleostei","Aulopiformes","Paralepididae","Stemonosudis","Stemonosudis siliquiventer","fish",,1,2016,,TRUE,
126373,"Chordata","Teleostei","Aulopiformes","Synodontidae","Synodus","Synodus synodus","fish",,6,2018,,TRUE,
126375,"Chordata","Teleostei","Beloniformes","Belonidae","Belone","Belone belone","fish",,10,2007,,TRUE,
217862,"Chordata","Teleostei","Beloniformes","Exocoetidae","Cheilopogon","Cheilopogon cyanopterus","fish",,2,1934,,TRUE,
159279,"Chordata","Teleostei","Beloniformes","Hemiramphidae","Hemiramphus","Hemiramphus brasiliensis","fish",,3,2018,,TRUE,
126387,"Chordata","Teleostei","Beloniformes","Exocoetidae","Hirundichthys","Hirundichthys speculiger","fish",,1,,,TRUE,
159281,"Chordata","Teleostei","Beloniformes","Hemiramphidae","Hyporhamphus","Hyporhamphus unifasciatus","fish",,5,1973,,TRUE,
126377,"Chordata","Teleostei","Beloniformes","Belonidae","Platybelone","Platybelone argalus","fish",,29,2019,,TRUE,
275987,"Chordata","Teleostei","Beloniformes","Belonidae","Strongylura","Strongylura timucu","fish",,9,2016,,TRUE,
126406,"Chordata","Teleostei","Beryciformes","Cetomimidae","Cetostoma","Cetostoma regani","fish",,1,2016,,TRUE,
126407,"Chordata","Teleostei","Beryciformes","Cetomimidae","Ditropichthys","Ditropichthys storeri","fish",,1,2016,,TRUE,
221399,"Chordata","Teleostei","Beryciformes","Cetomimidae","Gyrinomimus","Gyrinomimus bruuni","fish",,1,2016,,TRUE,
274926,"Chordata","Teleostei","Beryciformes","Melamphaidae","Melamphaes","Melamphaes eulepis","fish",,1,2016,,TRUE,
274931,"Chordata","Teleostei","Beryciformes","Melamphaidae","Melamphaes","Melamphaes leprus","fish",,1,2016,,TRUE,
127267,"Chordata","Teleostei","Beryciformes","Melamphaidae","Melamphaes","Melamphaes longivelis","fish",,1,2016,,TRUE,
159328,"Chordata","Teleostei","Beryciformes","Melamphaidae","Melamphaes","Melamphaes polylepis","fish",,1,2016,,TRUE,
127271,"Chordata","Teleostei","Beryciformes","Melamphaidae","Melamphaes","Melamphaes typhlops","fish",,1,2016,,TRUE,
127274,"Chordata","Teleostei","Beryciformes","Melamphaidae","Poromitra","Poromitra megalops","fish",,1,2016,,TRUE,
126412,"Chordata","Teleostei","Beryciformes","Rondeletiidae","Rondeletia","Rondeletia loricata","fish",,1,2016,,TRUE,
127275,"Chordata","Teleostei","Beryciformes","Melamphaidae","Scopeloberyx","Scopeloberyx opisthopterus","fish",,1,2016,,TRUE,
127276,"Chordata","Teleostei","Beryciformes","Melamphaidae","Scopeloberyx","Scopeloberyx robustus","fish",,1,2016,,TRUE,
127279,"Chordata","Teleostei","Beryciformes","Melamphaidae","Scopelogadus","Scopelogadus mizolepis","fish",,1,2016,,TRUE,
280105,"Chordata","Teleostei","Blenniiformes","Chaenopsidae","Chaenopsis","Chaenopsis limbaughi","fish",,1,,,TRUE,
276397,"Chordata","Teleostei","Blenniiformes","Dactyloscopidae","Dactyloscopus","Dactyloscopus crossotus","fish",,1,,,TRUE,
276406,"Chordata","Teleostei","Blenniiformes","Dactyloscopidae","Dactyloscopus","Dactyloscopus tridigitatus","fish",,4,1981,,TRUE,
593554,"Chordata","Teleostei","Blenniiformes","Chaenopsidae","Emblemariopsis","Emblemariopsis signifer","fish",,4,2014,,TRUE,
280677,"Chordata","Teleostei","Blenniiformes","Tripterygiidae","Enneanectes","Enneanectes altivelis","fish",,14,2018,,TRUE,
280681,"Chordata","Teleostei","Blenniiformes","Tripterygiidae","Enneanectes","Enneanectes jordani","fish",,1,1982,,TRUE,
277255,"Chordata","Teleostei","Blenniiformes","Blenniidae","Entomacrodus","Entomacrodus textilis","fish",,2,1901,,TRUE,
277256,"Chordata","Teleostei","Blenniiformes","Blenniidae","Entomacrodus","Entomacrodus vomerinus","fish",,16,1986,,TRUE,
993099,"Chordata","Teleostei","Blenniiformes","Labrisomidae","Gobioclinus","Gobioclinus gobio","fish",,1,1981,,TRUE,
1018630,"Chordata","Teleostei","Blenniiformes","Labrisomidae","Gobioclinus","Gobioclinus kalisherae","fish",,12,2017,,TRUE,
398619,"Chordata","Teleostei","Blenniiformes","Labrisomidae","Labrisomus","Labrisomus conditus","fish",,7,2009,,TRUE,
281260,"Chordata","Teleostei","Blenniiformes","Labrisomidae","Labrisomus","Labrisomus nuchipinnis","fish",,4,2007,,TRUE,
1493758,"Chordata","Teleostei","Blenniiformes","Labrisomidae","Malacoctenus","Malacoctenus lianae","fish",,277,2019,,TRUE,
281503,"Chordata","Teleostei","Blenniiformes","Labrisomidae","Malacoctenus","Malacoctenus triangulatus","fish",,4,1986,,TRUE,
126769,"Chordata","Teleostei","Blenniiformes","Blenniidae","Ophioblennius","Ophioblennius atlanticus","fish",,63,2019,,TRUE,
273125,"Chordata","Teleostei","Blenniiformes","Blenniidae","Ophioblennius","Ophioblennius macclurei","fish",,3,1973,,TRUE,
273127,"Chordata","Teleostei","Blenniiformes","Blenniidae","Ophioblennius","Ophioblennius trinitatis","fish",,236,2019,,TRUE,
126782,"Chordata","Teleostei","Blenniiformes","Blenniidae","Scartella","Scartella cristata","fish",,5,1990,,TRUE,
398623,"Chordata","Teleostei","Blenniiformes","Blenniidae","Scartella","Scartella itajobi","fish",,4,,,TRUE,
276378,"Chordata","Teleostei","Blenniiformes","Labrisomidae","Starksia","Starksia multilepis","fish",,21,1981,,TRUE,
276384,"Chordata","Teleostei","Blenniiformes","Labrisomidae","Starksia","Starksia sluiteri","fish",,2,1982,,TRUE,
282907,"Chordata","Teleostei","Blenniiformes","Dactyloscopidae","Storrsia","Storrsia olsoni","fish",,13,1981,,TRUE,
159626,"Chordata","Teleostei","Callionymiformes","Callionymidae","Callionymus","Callionymus bairdi","fish",,1,,,TRUE,
345843,"Chordata","Teleostei","Carangaria incertae sedis","Sphyraenidae","Sphyraena","Sphyraena barracuda","fish",,129,2019,,TRUE,
159813,"Chordata","Teleostei","Carangaria incertae sedis","Sphyraenidae","Sphyraena","Sphyraena borealis","fish",,1,2014,,TRUE,
159814,"Chordata","Teleostei","Carangaria incertae sedis","Sphyraenidae","Sphyraena","Sphyraena guachancho","fish",,1,,,TRUE,
273984,"Chordata","Teleostei","Carangaria incertae sedis","Sphyraenidae","Sphyraena","Sphyraena picudilla","fish",,2,2007,,TRUE,
159629,"Chordata","Teleostei","Carangiformes","Carangidae","Alectis","Alectis ciliaris","fish",,1,,,TRUE,
302312,"Chordata","Teleostei","Carangiformes","Carangidae","Caranx","Caranx bartholomaei","fish",,266,2019,,TRUE,
126802,"Chordata","Teleostei","Carangiformes","Carangidae","Caranx","Caranx crysos","fish",,16,2019,,TRUE,
126803,"Chordata","Teleostei","Carangiformes","Carangidae","Caranx","Caranx hippos","fish",,6,1979,,TRUE,
126804,"Chordata","Teleostei","Carangiformes","Carangidae","Caranx","Caranx latus","fish",,33,2019,,TRUE,
126805,"Chordata","Teleostei","Carangiformes","Carangidae","Caranx","Caranx lugubris","fish",,33,2019,,TRUE,
302432,"Chordata","Teleostei","Carangiformes","Carangidae","Caranx","Caranx ruber","fish",,12,2018,,TRUE,
126846,"Chordata","Teleostei","Carangiformes","Coryphaenidae","Coryphaena","Coryphaena hippurus","fish",,8,1978,,TRUE,
126807,"Chordata","Teleostei","Carangiformes","Carangidae","Decapterus","Decapterus macarellus","fish",,3,,,TRUE,
126848,"Chordata","Teleostei","Carangiformes","Echeneidae","Echeneis","Echeneis naucrates","fish",,3,2014,,TRUE,
159678,"Chordata","Teleostei","Carangiformes","Echeneidae","Echeneis","Echeneis neucratoides","fish",,1,,,TRUE,
126809,"Chordata","Teleostei","Carangiformes","Carangidae","Elagatis","Elagatis bipinnulata","fish",,31,1980,,TRUE,
126949,"Chordata","Teleostei","Carangiformes","Istiophoridae","Istiophorus","Istiophorus albicans","fish",,1,,,TRUE,
712906,"Chordata","Teleostei","Carangiformes","Istiophoridae","Kajikia","Kajikia albida","fish","VU",1,,,TRUE,
126950,"Chordata","Teleostei","Carangiformes","Istiophoridae","Makaira","Makaira nigricans","fish","VU",1,,,TRUE,
126811,"Chordata","Teleostei","Carangiformes","Carangidae","Naucrates","Naucrates ductor","fish",,1,,,TRUE,
159645,"Chordata","Teleostei","Carangiformes","Carangidae","Oligoplites","Oligoplites saurus","fish",,1,,,TRUE,
126850,"Chordata","Teleostei","Carangiformes","Echeneidae","Remora","Remora australis","fish",,1,,,TRUE,
126853,"Chordata","Teleostei","Carangiformes","Echeneidae","Remora","Remora remora","fish",,1,,,TRUE,
159646,"Chordata","Teleostei","Carangiformes","Carangidae","Selar","Selar crumenophthalmus","fish",,1,,,TRUE,
159649,"Chordata","Teleostei","Carangiformes","Carangidae","Selene","Selene vomer","fish",,1,,,TRUE,
126816,"Chordata","Teleostei","Carangiformes","Carangidae","Seriola","Seriola dumerili","fish",,1,,,TRUE,
126818,"Chordata","Teleostei","Carangiformes","Carangidae","Seriola","Seriola rivoliana","fish",,3,2006,,TRUE,
126954,"Chordata","Teleostei","Carangiformes","Istiophoridae","Tetrapturus","Tetrapturus pfluegeri","fish",,1,,,TRUE,
367285,"Chordata","Teleostei","Carangiformes","Carangidae","Trachinotus","Trachinotus falcatus","fish",,2,2013,,TRUE,
159654,"Chordata","Teleostei","Carangiformes","Carangidae","Trachinotus","Trachinotus goodei","fish",,1,,,TRUE,
127094,"Chordata","Teleostei","Carangiformes","Xiphiidae","Xiphias","Xiphias gladius","fish",,1,,,TRUE,
277569,"Chordata","Teleostei","Centrarchiformes","Cirrhitidae","Amblycirrhitus","Amblycirrhitus pinos","fish",,29,2019,,TRUE,
218707,"Chordata","Teleostei","Centrarchiformes","Kyphosidae","Kyphosus","Kyphosus bigibbus","fish",,1,,,TRUE,
303486,"Chordata","Teleostei","Centrarchiformes","Kyphosidae","Kyphosus","Kyphosus sectatrix","fish",,17,2019,,TRUE,
218706,"Chordata","Teleostei","Centrarchiformes","Kyphosidae","Kyphosus","Kyphosus vaigiensis","fish",,5,2014,,TRUE,
293639,"Chordata","Teleostei","Cichliformes","Cichlidae","Oreochromis","Oreochromis niloticus","fish",,1,,,TRUE,
277549,"Chordata","Teleostei","Clupeiformes","Dorosomatidae","Harengula","Harengula clupeola","fish",,1,,,TRUE,
277551,"Chordata","Teleostei","Clupeiformes","Dorosomatidae","Harengula","Harengula jaguana","fish",,1,,,TRUE,
275353,"Chordata","Teleostei","Cyprinodontiformes","Poeciliidae","Poecilia","Poecilia vivipara","fish",,1,,,TRUE,
127232,"Chordata","Teleostei","Dactylopteriformes","Dactylopteridae","Dactylopterus","Dactylopterus volitans","fish",,5,1982,,TRUE,
126430,"Chordata","Teleostei","Elopiformes","Megalopidae","Megalops","Megalops atlanticus","fish","VU",1,,,TRUE,
279623,"Chordata","Teleostei","Eupercaria incertae sedis","Haemulidae","Anisotremus","Anisotremus surinamensis","fish",,152,2019,,TRUE,
279625,"Chordata","Teleostei","Eupercaria incertae sedis","Haemulidae","Anisotremus","Anisotremus virginicus","fish",,2,2018,,TRUE,
273540,"Chordata","Teleostei","Eupercaria incertae sedis","Labridae","Bodianus","Bodianus pulchellus","fish",,19,2017,,TRUE,
273541,"Chordata","Teleostei","Eupercaria incertae sedis","Labridae","Bodianus","Bodianus rufus","fish",,2,,,TRUE,
1577330,"Chordata","Teleostei","Eupercaria incertae sedis","Haemulidae","Brachygenys","Brachygenys chrysargyreum","fish",,416,2019,,TRUE,
280213,"Chordata","Teleostei","Eupercaria incertae sedis","Labridae","Clepticus","Clepticus brasiliensis","fish",,7,2018,,TRUE,
280214,"Chordata","Teleostei","Eupercaria incertae sedis","Labridae","Clepticus","Clepticus parrae","fish",,1,,,TRUE,
276747,"Chordata","Teleostei","Eupercaria incertae sedis","Labridae","Decodon","Decodon puellaris","fish",,1,,,TRUE,
280576,"Chordata","Teleostei","Eupercaria incertae sedis","Labridae","Doratonotus","Doratonotus megalepis","fish",,10,2016,,TRUE,
1389965,"Chordata","Teleostei","Eupercaria incertae sedis","Sciaenidae","Eques","Eques lanceolatus","fish",,1,,,TRUE,
275731,"Chordata","Teleostei","Eupercaria incertae sedis","Haemulidae","Haemulon","Haemulon parra","fish",,210,2019,,TRUE,
275754,"Chordata","Teleostei","Eupercaria incertae sedis","Labridae","Halichoeres","Halichoeres brasiliensis","fish",,1,1981,,TRUE,
275760,"Chordata","Teleostei","Eupercaria incertae sedis","Labridae","Halichoeres","Halichoeres cyanocephalus","fish",,1,,,TRUE,
275761,"Chordata","Teleostei","Eupercaria incertae sedis","Labridae","Halichoeres","Halichoeres dimidiatus","fish",,186,2019,,TRUE,
275793,"Chordata","Teleostei","Eupercaria incertae sedis","Labridae","Halichoeres","Halichoeres radiatus","fish",,1237,2019,,TRUE,
127004,"Chordata","Teleostei","Eupercaria incertae sedis","Priacanthidae","Heteropriacanthus","Heteropriacanthus cruentatus","fish",,76,2019,,TRUE,
159792,"Chordata","Teleostei","Eupercaria incertae sedis","Lutjanidae","Lutjanus","Lutjanus analis","fish","NT",1,,,TRUE,
159798,"Chordata","Teleostei","Eupercaria incertae sedis","Lutjanidae","Lutjanus","Lutjanus jocu","fish",,356,2019,,TRUE,
276547,"Chordata","Teleostei","Eupercaria incertae sedis","Lutjanidae","Lutjanus","Lutjanus purpureus","fish",,1,,,TRUE,
277261,"Chordata","Teleostei","Eupercaria incertae sedis","Malacanthidae","Malacanthus","Malacanthus plumieri","fish",,279,2019,,TRUE,
281639,"Chordata","Teleostei","Eupercaria incertae sedis","Sciaenidae","Nebris","Nebris microps","fish",,1,1981,,TRUE,
159298,"Chordata","Teleostei","Eupercaria incertae sedis","Scaridae","Nicholsina","Nicholsina usta","fish",,7,2014,,TRUE,
159803,"Chordata","Teleostei","Eupercaria incertae sedis","Lutjanidae","Ocyurus","Ocyurus chrysurus","fish",,1,2015,,TRUE,
401818,"Chordata","Teleostei","Eupercaria incertae sedis","Haemulidae","Orthopristis","Orthopristis rubra","fish",,1,2014,,TRUE,
127005,"Chordata","Teleostei","Eupercaria incertae sedis","Priacanthidae","Priacanthus","Priacanthus arenatus","fish",,6,2014,,TRUE,
276063,"Chordata","Teleostei","Eupercaria incertae sedis","Scaridae","Scarus","Scarus trispinosus","fish","EN",4,2015,,TRUE,
273770,"Chordata","Teleostei","Eupercaria incertae sedis","Scaridae","Sparisoma","Sparisoma amplum","fish",,797,2019,,TRUE,
273773,"Chordata","Teleostei","Eupercaria incertae sedis","Scaridae","Sparisoma","Sparisoma axillare","fish",,1074,2019,,TRUE,
273774,"Chordata","Teleostei","Eupercaria incertae sedis","Scaridae","Sparisoma","Sparisoma chrysopterum","fish",,4,1982,,TRUE,
273775,"Chordata","Teleostei","Eupercaria incertae sedis","Scaridae","Sparisoma","Sparisoma frondosum","fish",,574,2019,,TRUE,
273777,"Chordata","Teleostei","Eupercaria incertae sedis","Scaridae","Sparisoma","Sparisoma radians","fish",,127,2019,,TRUE,
159301,"Chordata","Teleostei","Eupercaria incertae sedis","Scaridae","Sparisoma","Sparisoma rubripinne","fish",,2,1982,,TRUE,
273780,"Chordata","Teleostei","Eupercaria incertae sedis","Scaridae","Sparisoma","Sparisoma viride","fish",,4,1966,,TRUE,
159786,"Chordata","Teleostei","Eupercaria incertae sedis","Labridae","Thalassoma","Thalassoma bifasciatum","fish",,3,1966,,TRUE,
273588,"Chordata","Teleostei","Eupercaria incertae sedis","Labridae","Thalassoma","Thalassoma noronhanum","fish",,2327,2019,,TRUE,
273598,"Chordata","Teleostei","Eupercaria incertae sedis","Labridae","Xyrichtys","Xyrichtys incandescens","fish",,3,,,TRUE,
126971,"Chordata","Teleostei","Eupercaria incertae sedis","Labridae","Xyrichtys","Xyrichtys novacula","fish",,1,2009,,TRUE,
273608,"Chordata","Teleostei","Eupercaria incertae sedis","Labridae","Xyrichtys","Xyrichtys splendens","fish",,1,,,TRUE,
126431,"Chordata","Teleostei","Gadiformes","Bregmacerotidae","Bregmaceros","Bregmaceros atlanticus","fish",,1,2016,,TRUE,
281486,"Chordata","Teleostei","Gadiformes","Macrouridae","Macrouroides","Macrouroides inflaticeps","fish",,1,2016,,TRUE,
126483,"Chordata","Teleostei","Gadiformes","Melanonidae","Melanonus","Melanonus zugmayeri","fish",,1,2016,,TRUE,
279505,"Chordata","Teleostei","Gobiesociformes","Gobiesocidae","Acyrtus","Acyrtus artius","fish",,2,1982,,TRUE,
279506,"Chordata","Teleostei","Gobiesociformes","Gobiesocidae","Acyrtus","Acyrtus pauciradiatus","fish",,5,,,TRUE,
1020567,"Chordata","Teleostei","Gobiesociformes","Gobiesocidae","Arcos","Arcos nudus","fish",,1,1981,,TRUE,
712858,"Chordata","Teleostei","Gobiiformes","Gobiidae","Bathygobius","Bathygobius antilliensis","fish",,1,,,TRUE,
1493259,"Chordata","Teleostei","Gobiiformes","Gobiidae","Bathygobius","Bathygobius brasiliensis","fish",,3,,,TRUE,
277638,"Chordata","Teleostei","Gobiiformes","Gobiidae","Bathygobius","Bathygobius soporator","fish",,6,1986,,TRUE,
280169,"Chordata","Teleostei","Gobiiformes","Gobiidae","Chriolepis","Chriolepis fisheri","fish",,2,,,TRUE,
159736,"Chordata","Teleostei","Gobiiformes","Gobiidae","Coryphopterus","Coryphopterus glaucofraenum","fish",,584,2019,,TRUE,
309494,"Chordata","Teleostei","Gobiiformes","Gobiidae","Coryphopterus","Coryphopterus tortugae","fish","VU",1,,,TRUE,
276488,"Chordata","Teleostei","Gobiiformes","Gobiidae","Ctenogobius","Ctenogobius saepepallens","fish",,2,2009,,TRUE,
398635,"Chordata","Teleostei","Gobiiformes","Gobiidae","Elacatinus","Elacatinus phthirophagus","fish",,215,2019,,TRUE,
280621,"Chordata","Teleostei","Gobiiformes","Gobiidae","Elacatinus","Elacatinus randalli","fish",,1,,,TRUE,
277493,"Chordata","Teleostei","Gobiiformes","Gobiidae","Gnatholepis","Gnatholepis thompsoni","fish",,364,2019,,TRUE,
281454,"Chordata","Teleostei","Gobiiformes","Gobiidae","Lythrypnus","Lythrypnus brasiliensis","fish",,2,1982,,TRUE,
276765,"Chordata","Teleostei","Gobiiformes","Gobiidae","Priolepis","Priolepis dawsoni","fish",,17,1986,,TRUE,
276769,"Chordata","Teleostei","Gobiiformes","Gobiidae","Priolepis","Priolepis hipoliti","fish",,1,,,TRUE,
282620,"Chordata","Teleostei","Gobiiformes","Gobiidae","Risor","Risor ruber","fish",,2,,,TRUE,
280402,"Chordata","Teleostei","Holocentriformes","Holocentridae","Corniger","Corniger spinosus","fish",,1,,,TRUE,
159378,"Chordata","Teleostei","Holocentriformes","Holocentridae","Holocentrus","Holocentrus adscensionis","fish",,1286,2019,,TRUE,
159385,"Chordata","Teleostei","Holocentriformes","Holocentridae","Myripristis","Myripristis jacobus","fish",,407,2019,,TRUE,
277960,"Chordata","Teleostei","Holocentriformes","Holocentridae","Plectrypops","Plectrypops retrospinis","fish",,1,,,TRUE,
272972,"Chordata","Teleostei","Kurtiformes","Apogonidae","Apogon","Apogon americanus","fish",,46,2019,,TRUE,
159589,"Chordata","Teleostei","Kurtiformes","Apogonidae","Apogon","Apogon maculatus","fish",,1,1966,,TRUE,
159590,"Chordata","Teleostei","Kurtiformes","Apogonidae","Apogon","Apogon pseudomaculatus","fish",,1,,,TRUE,
279772,"Chordata","Teleostei","Kurtiformes","Apogonidae","Astrapogon","Astrapogon alutus","fish",,1,1981,,TRUE,
282227,"Chordata","Teleostei","Kurtiformes","Apogonidae","Phaeoptyx","Phaeoptyx pigmentaria","fish",,15,2017,,TRUE,
158922,"Chordata","Teleostei","Lampriformes","Trachipteridae","Desmodema","Desmodema polystictum","fish",,1,2016,,TRUE,
217888,"Chordata","Teleostei","Lampriformes","Lophotidae","Eumecichthys","Eumecichthys fiski","fish",,1,2016,,TRUE,
126529,"Chordata","Teleostei","Lampriformes","Trachipteridae","Zu","Zu cristatus","fish",,1,2016,,TRUE,
272539,"Chordata","Teleostei","Lophiiformes","Antennariidae","Antennarius","Antennarius multiocellatus","fish",,2,,,TRUE,
158796,"Chordata","Teleostei","Lophiiformes","Ceratiidae","Ceratias","Ceratias uranoscopus","fish",,1,2016,,TRUE,
126559,"Chordata","Teleostei","Lophiiformes","Oneirodidae","Chaenophryne","Chaenophryne draco","fish",,1,2016,,TRUE,
272617,"Chordata","Teleostei","Lophiiformes","Oneirodidae","Chaenophryne","Chaenophryne ramifera","fish",,1,2016,,TRUE,
272571,"Chordata","Teleostei","Lophiiformes","Gigantactinidae","Gigantactis","Gigantactis watermani","fish",,1,2016,,TRUE,
126556,"Chordata","Teleostei","Lophiiformes","Melanocetidae","Melanocetus","Melanocetus johnsonii","fish",,1,2016,,TRUE,
126569,"Chordata","Teleostei","Lophiiformes","Oneirodidae","Oneirodes","Oneirodes anisacanthus","fish",,1,2016,,TRUE,
126570,"Chordata","Teleostei","Lophiiformes","Oneirodidae","Oneirodes","Oneirodes carlsbergi","fish",,1,2016,,TRUE,
277991,"Chordata","Teleostei","Mulliformes","Mullidae","Mulloidichthys","Mulloidichthys martinicus","fish",,342,2019,,TRUE,
159421,"Chordata","Teleostei","Mulliformes","Mullidae","Pseudupeneus","Pseudupeneus maculatus","fish",,150,2019,,TRUE,
126581,"Chordata","Teleostei","Myctophiformes","Myctophidae","Benthosema","Benthosema suborbitale","fish",,1,2016,,TRUE,
272649,"Chordata","Teleostei","Myctophiformes","Myctophidae","Bolinichthys","Bolinichthys distofax","fish",,1,2016,,TRUE,
158886,"Chordata","Teleostei","Myctophiformes","Myctophidae","Bolinichthys","Bolinichthys photothorax","fish",,1,2016,,TRUE,
126583,"Chordata","Teleostei","Myctophiformes","Myctophidae","Bolinichthys","Bolinichthys supralateralis","fish",,1,2016,,TRUE,
126586,"Chordata","Teleostei","Myctophiformes","Myctophidae","Ceratoscopelus","Ceratoscopelus warmingii","fish",,1,2016,,TRUE,
317659,"Chordata","Teleostei","Myctophiformes","Myctophidae","Dasyscopelus","Dasyscopelus asper","fish",,1,2016,,TRUE,
1525495,"Chordata","Teleostei","Myctophiformes","Myctophidae","Dasyscopelus","Dasyscopelus obtusirostris","fish",,1,2016,,TRUE,
1525496,"Chordata","Teleostei","Myctophiformes","Myctophidae","Dasyscopelus","Dasyscopelus selenops","fish",,1,2016,,TRUE,
126588,"Chordata","Teleostei","Myctophiformes","Myctophidae","Diaphus","Diaphus bertelseni","fish",,1,2016,,TRUE,
126589,"Chordata","Teleostei","Myctophiformes","Myctophidae","Diaphus","Diaphus brachycephalus","fish",,1,2016,,TRUE,
126590,"Chordata","Teleostei","Myctophiformes","Myctophidae","Diaphus","Diaphus dumerilii","fish",,1,2016,,TRUE,
158887,"Chordata","Teleostei","Myctophiformes","Myctophidae","Diaphus","Diaphus fragilis","fish",,1,2016,,TRUE,
158888,"Chordata","Teleostei","Myctophiformes","Myctophidae","Diaphus","Diaphus garmani","fish",,1,2016,,TRUE,
126593,"Chordata","Teleostei","Myctophiformes","Myctophidae","Diaphus","Diaphus lucidus","fish",,1,2016,,TRUE,
126595,"Chordata","Teleostei","Myctophiformes","Myctophidae","Diaphus","Diaphus mollis","fish",,1,2016,,TRUE,
158890,"Chordata","Teleostei","Myctophiformes","Myctophidae","Diaphus","Diaphus perspicillatus","fish",,1,2016,,TRUE,
158891,"Chordata","Teleostei","Myctophiformes","Myctophidae","Diaphus","Diaphus problematicus","fish",,1,2016,,TRUE,
158893,"Chordata","Teleostei","Myctophiformes","Myctophidae","Diaphus","Diaphus splendidus","fish",,1,2016,,TRUE,
126599,"Chordata","Teleostei","Myctophiformes","Myctophidae","Diogenichthys","Diogenichthys atlanticus","fish",,1,2016,,TRUE,
126600,"Chordata","Teleostei","Myctophiformes","Myctophidae","Electrona","Electrona risso","fish",,1,2016,,TRUE,
126603,"Chordata","Teleostei","Myctophiformes","Myctophidae","Hygophum","Hygophum hygomii","fish",,1,2016,,TRUE,
158895,"Chordata","Teleostei","Myctophiformes","Myctophidae","Hygophum","Hygophum macrochir","fish",,1,2016,,TRUE,
126604,"Chordata","Teleostei","Myctophiformes","Myctophidae","Hygophum","Hygophum reinhardtii","fish",,1,2016,,TRUE,
126605,"Chordata","Teleostei","Myctophiformes","Myctophidae","Hygophum","Hygophum taaningi","fish",,1,2016,,TRUE,
158896,"Chordata","Teleostei","Myctophiformes","Myctophidae","Lampadena","Lampadena luminosa","fish",,1,2016,,TRUE,
126610,"Chordata","Teleostei","Myctophiformes","Myctophidae","Lampanyctus","Lampanyctus alatus","fish",,1,2016,,TRUE,
126614,"Chordata","Teleostei","Myctophiformes","Myctophidae","Lampanyctus","Lampanyctus festivus","fish",,1,2016,,TRUE,
126616,"Chordata","Teleostei","Myctophiformes","Myctophidae","Lampanyctus","Lampanyctus lineatus","fish",,1,2016,,TRUE,
158897,"Chordata","Teleostei","Myctophiformes","Myctophidae","Lampanyctus","Lampanyctus nobilis","fish",,1,2016,,TRUE,
158898,"Chordata","Teleostei","Myctophiformes","Myctophidae","Lampanyctus","Lampanyctus tenuiformis","fish",,1,2016,,TRUE,
126621,"Chordata","Teleostei","Myctophiformes","Myctophidae","Lepidophanes","Lepidophanes guentheri","fish",,1,2016,,TRUE,
126626,"Chordata","Teleostei","Myctophiformes","Myctophidae","Myctophum","Myctophum nitidulum","fish",,1,2016,,TRUE,
158916,"Chordata","Teleostei","Myctophiformes","Myctophidae","Notoscopelus","Notoscopelus resplendens","fish",,1,2016,,TRUE,
126636,"Chordata","Teleostei","Myctophiformes","Neoscopelidae","Scopelengys","Scopelengys tristis","fish",,1,2016,,TRUE,
126631,"Chordata","Teleostei","Myctophiformes","Myctophidae","Taaningichthys","Taaningichthys bathyphilus","fish",,1,2016,,TRUE,
159288,"Chordata","Teleostei","Ovalentaria incertae sedis","Pomacentridae","Abudefduf","Abudefduf saxatilis","fish",,1383,2019,,TRUE,
273731,"Chordata","Teleostei","Ovalentaria incertae sedis","Pomacentridae","Chromis","Chromis insolata","fish",,1,,,TRUE,
273743,"Chordata","Teleostei","Ovalentaria incertae sedis","Pomacentridae","Chromis","Chromis multilineata","fish",,885,2019,,TRUE,
280930,"Chordata","Teleostei","Ovalentaria incertae sedis","Grammatidae","Gramma","Gramma brasiliensis","fish",,1,,,TRUE,
276442,"Chordata","Teleostei","Ovalentaria incertae sedis","Opistognathidae","Opistognathus","Opistognathus aurifrons","fish",,2,,,TRUE,
276678,"Chordata","Teleostei","Ovalentaria incertae sedis","Pomacentridae","Stegastes","Stegastes pictus","fish",,323,2019,,TRUE,
276683,"Chordata","Teleostei","Ovalentaria incertae sedis","Pomacentridae","Stegastes","Stegastes rocasensis","fish",,2959,2019,,TRUE,
279146,"Chordata","Teleostei","Perciformes","Serranidae","Cephalopholis","Cephalopholis cruentata","fish",,4,1962,,TRUE,
279148,"Chordata","Teleostei","Perciformes","Serranidae","Cephalopholis","Cephalopholis fulva","fish",,2381,2019,,TRUE,
276920,"Chordata","Teleostei","Perciformes","Serranidae","Dermatolepis","Dermatolepis inermis","fish",,23,2019,,TRUE,
159566,"Chordata","Teleostei","Perciformes","Setarchidae","Ectreposebastes","Ectreposebastes imus","fish",,1,2016,,TRUE,
159353,"Chordata","Teleostei","Perciformes","Serranidae","Epinephelus","Epinephelus itajara","fish","VU",2,,,TRUE,
159354,"Chordata","Teleostei","Perciformes","Serranidae","Epinephelus","Epinephelus morio","fish","VU",1,,,TRUE,
475101,"Chordata","Teleostei","Perciformes","Serranidae","Hyporthodus","Hyporthodus niveatus","fish","VU",1,,,TRUE,
159231,"Chordata","Teleostei","Perciformes","Serranidae","Mycteroperca","Mycteroperca bonaci","fish","NT",1,,,TRUE,
282084,"Chordata","Teleostei","Perciformes","Serranidae","Paranthias","Paranthias furcifer","fish",,143,2019,,TRUE,
274690,"Chordata","Teleostei","Perciformes","Scorpaenidae","Pontinus","Pontinus nematophthalmus","fish",,1,,,TRUE,
282365,"Chordata","Teleostei","Perciformes","Serranidae","Pronotogrammus","Pronotogrammus martinicensis","fish",,2,,,TRUE,
159559,"Chordata","Teleostei","Perciformes","Scorpaenidae","Pterois","Pterois volitans","fish",,1,,,TRUE,
275963,"Chordata","Teleostei","Perciformes","Serranidae","Rypticus","Rypticus saponaceus","fish",,12,2016,,TRUE,
159563,"Chordata","Teleostei","Perciformes","Scorpaenidae","Scorpaena","Scorpaena calcarata","fish",,1,,,TRUE,
274187,"Chordata","Teleostei","Pleuronectiformes","Bothidae","Bothus","Bothus lunatus","fish",,25,2017,,TRUE,
274188,"Chordata","Teleostei","Pleuronectiformes","Bothidae","Bothus","Bothus maculiferus","fish",,3,1982,,TRUE,
159275,"Chordata","Teleostei","Pleuronectiformes","Bothidae","Bothus","Bothus ocellatus","fish",,2,2019,,TRUE,
127165,"Chordata","Teleostei","Saccopharyngiformes","Eurypharyngidae","Eurypharynx","Eurypharynx pelecanoides","fish",,1,2016,,TRUE,
127014,"Chordata","Teleostei","Scombriformes","Scombridae","Acanthocybium","Acanthocybium solandri","fish",,49,1979,,TRUE,
159833,"Chordata","Teleostei","Scombriformes","Trichiuridae","Aphanopus","Aphanopus intermedius","fish",,1,2016,,TRUE,
126783,"Chordata","Teleostei","Scombriformes","Bramidae","Brama","Brama brama","fish",,1,2016,,TRUE,
273147,"Chordata","Teleostei","Scombriformes","Bramidae","Brama","Brama caribbea","fish",,1,2016,,TRUE,
273378,"Chordata","Teleostei","Scombriformes","Chiasmodontidae","Chiasmodon","Chiasmodon braueri","fish",,1,2016,,TRUE,
126840,"Chordata","Teleostei","Scombriformes","Chiasmodontidae","Chiasmodon","Chiasmodon niger","fish",,1,2016,,TRUE,
159424,"Chordata","Teleostei","Scombriformes","Nomeidae","Cubiceps","Cubiceps pauciradiatus","fish",,1,2016,,TRUE,
127017,"Chordata","Teleostei","Scombriformes","Scombridae","Euthynnus","Euthynnus alletteratus","fish",,3,1977,,TRUE,
126862,"Chordata","Teleostei","Scombriformes","Gempylidae","Gempylus","Gempylus serpens","fish",,2,2016,,TRUE,
302801,"Chordata","Teleostei","Scombriformes","Chiasmodontidae","Kali","Kali kerberti","fish",,1,2016,,TRUE,
127018,"Chordata","Teleostei","Scombriformes","Scombridae","Katsuwonus","Katsuwonus pelamis","fish",,11,1977,,TRUE,
126863,"Chordata","Teleostei","Scombriformes","Gempylidae","Lepidocybium","Lepidocybium flavobrunneum","fish",,1,2016,,TRUE,
126865,"Chordata","Teleostei","Scombriformes","Gempylidae","Nesiarchus","Nesiarchus nasutus","fish",,1,2016,,TRUE,
712726,"Chordata","Teleostei","Scombriformes","Caristiidae","Paracaristius","Paracaristius nudarcus","fish",,1,2016,,TRUE,
1007713,"Chordata","Teleostei","Scombriformes","Caristiidae","Platyberyx","Platyberyx andriashevi","fish",,1,2016,,TRUE,
835101,"Chordata","Teleostei","Scombriformes","Caristiidae","Platyberyx","Platyberyx paucus","fish",,1,2016,,TRUE,
126866,"Chordata","Teleostei","Scombriformes","Gempylidae","Promethichthys","Promethichthys prometheus","fish",,1,2016,,TRUE,
159427,"Chordata","Teleostei","Scombriformes","Nomeidae","Psenes","Psenes cyanophrys","fish",,1,2016,,TRUE,
712797,"Chordata","Teleostei","Scombriformes","Chiasmodontidae","Pseudoscopelus","Pseudoscopelus cordilluminatus","fish",,1,2016,,TRUE,
221509,"Chordata","Teleostei","Scombriformes","Chiasmodontidae","Pseudoscopelus","Pseudoscopelus scutatus","fish",,1,2016,,TRUE,
159340,"Chordata","Teleostei","Scombriformes","Scombridae","Scomberomorus","Scomberomorus cavalla","fish",,1,,,TRUE,
127030,"Chordata","Teleostei","Scombriformes","Scombrolabracidae","Scombrolabrax","Scombrolabrax heterolepis","fish",,1,2016,,TRUE,
127026,"Chordata","Teleostei","Scombriformes","Scombridae","Thunnus","Thunnus alalunga","fish","NT",1,,,TRUE,
127027,"Chordata","Teleostei","Scombriformes","Scombridae","Thunnus","Thunnus albacares","fish","NT",57,1980,,TRUE,
159343,"Chordata","Teleostei","Scombriformes","Scombridae","Thunnus","Thunnus atlanticus","fish",,47,1978,,TRUE,
127028,"Chordata","Teleostei","Scombriformes","Scombridae","Thunnus","Thunnus obesus","fish","VU",1,,,TRUE,
127306,"Chordata","Teleostei","Stomiiformes","Sternoptychidae","Argyropelecus","Argyropelecus aculeatus","fish",,1,2016,,TRUE,
127307,"Chordata","Teleostei","Stomiiformes","Sternoptychidae","Argyropelecus","Argyropelecus affinis","fish",,1,2016,,TRUE,
127308,"Chordata","Teleostei","Stomiiformes","Sternoptychidae","Argyropelecus","Argyropelecus gigas","fish",,1,2016,,TRUE,
127309,"Chordata","Teleostei","Stomiiformes","Sternoptychidae","Argyropelecus","Argyropelecus hemigymnus","fish",,1,2016,,TRUE,
158837,"Chordata","Teleostei","Stomiiformes","Sternoptychidae","Argyropelecus","Argyropelecus sladeni","fish",,1,2016,,TRUE,
127317,"Chordata","Teleostei","Stomiiformes","Stomiidae","Aristostomias","Aristostomias grimaldii","fish",,1,2016,,TRUE,
127319,"Chordata","Teleostei","Stomiiformes","Stomiidae","Aristostomias","Aristostomias tittmanni","fish",,1,2016,,TRUE,
127322,"Chordata","Teleostei","Stomiiformes","Stomiidae","Astronesthes","Astronesthes gemmifer","fish",,1,2016,,TRUE,
275019,"Chordata","Teleostei","Stomiiformes","Stomiidae","Astronesthes","Astronesthes gudrunae","fish",,1,2016,,TRUE,
158843,"Chordata","Teleostei","Stomiiformes","Stomiidae","Astronesthes","Astronesthes richardsoni","fish",,1,2016,,TRUE,
275036,"Chordata","Teleostei","Stomiiformes","Stomiidae","Astronesthes","Astronesthes similus","fish",,1,2016,,TRUE,
127331,"Chordata","Teleostei","Stomiiformes","Stomiidae","Bathophilus","Bathophilus nigerrimus","fish",,1,2016,,TRUE,
127332,"Chordata","Teleostei","Stomiiformes","Stomiidae","Bathophilus","Bathophilus pawneei","fish",,1,2016,,TRUE,
127335,"Chordata","Teleostei","Stomiiformes","Stomiidae","Borostomias","Borostomias elucens","fish",,1,2016,,TRUE,
127338,"Chordata","Teleostei","Stomiiformes","Stomiidae","Chauliodus","Chauliodus sloani","fish",,1,2016,,TRUE,
274947,"Chordata","Teleostei","Stomiiformes","Gonostomatidae","Diplophos","Diplophos australis","fish",,1,2016,,TRUE,
127292,"Chordata","Teleostei","Stomiiformes","Gonostomatidae","Diplophos","Diplophos taenia","fish",,1,2016,,TRUE,
158852,"Chordata","Teleostei","Stomiiformes","Stomiidae","Eustomias","Eustomias brevibarbatus","fish",,1,2016,,TRUE,
158854,"Chordata","Teleostei","Stomiiformes","Stomiidae","Eustomias","Eustomias enbarbatus","fish",,1,2016,,TRUE,
275117,"Chordata","Teleostei","Stomiiformes","Stomiidae","Eustomias","Eustomias minimus","fish",,1,2016,,TRUE,
127348,"Chordata","Teleostei","Stomiiformes","Stomiidae","Eustomias","Eustomias schmidti","fish",,1,2016,,TRUE,
127293,"Chordata","Teleostei","Stomiiformes","Gonostomatidae","Gonostoma","Gonostoma atlanticum","fish",,1,2016,,TRUE,
127295,"Chordata","Teleostei","Stomiiformes","Gonostomatidae","Gonostoma","Gonostoma denudatum","fish",,1,2016,,TRUE,
158733,"Chordata","Teleostei","Stomiiformes","Stomiidae","Heterophotus","Heterophotus ophistoma","fish",,1,2016,,TRUE,
274956,"Chordata","Teleostei","Stomiiformes","Phosichthyidae","Ichthyococcus","Ichthyococcus polli","fish",,1,2016,,TRUE,
127355,"Chordata","Teleostei","Stomiiformes","Stomiidae","Leptostomias","Leptostomias gladiator","fish",,1,2016,,TRUE,
127358,"Chordata","Teleostei","Stomiiformes","Stomiidae","Malacosteus","Malacosteus niger","fish",,1,2016,,TRUE,
281518,"Chordata","Teleostei","Stomiiformes","Gonostomatidae","Manducus","Manducus maderensis","fish",,1,2016,,TRUE,
127297,"Chordata","Teleostei","Stomiiformes","Gonostomatidae","Margrethia","Margrethia obtusirostra","fish",,1,2016,,TRUE,
127359,"Chordata","Teleostei","Stomiiformes","Stomiidae","Melanostomias","Melanostomias bartonbeani","fish",,1,2016,,TRUE,
127360,"Chordata","Teleostei","Stomiiformes","Stomiidae","Melanostomias","Melanostomias biseriatus","fish",,1,2016,,TRUE,
127364,"Chordata","Teleostei","Stomiiformes","Stomiidae","Melanostomias","Melanostomias tentaculatus","fish",,1,2016,,TRUE,
127367,"Chordata","Teleostei","Stomiiformes","Stomiidae","Pachystomias","Pachystomias microdon","fish",,1,2016,,TRUE,
389385,"Chordata","Teleostei","Stomiiformes","Stomiidae","Photostomias","Photostomias goodyeari","fish",,1,2016,,TRUE,
398363,"Chordata","Teleostei","Stomiiformes","Gonostomatidae","Sigmops","Sigmops bathyphilus","fish",,1,2016,,TRUE,
221512,"Chordata","Teleostei","Stomiiformes","Gonostomatidae","Sigmops","Sigmops elongatus","fish",,1,2016,,TRUE,
127314,"Chordata","Teleostei","Stomiiformes","Sternoptychidae","Sternoptyx","Sternoptyx diaphana","fish",,1,2016,,TRUE,
127315,"Chordata","Teleostei","Stomiiformes","Sternoptychidae","Sternoptyx","Sternoptyx pseudobscura","fish",,1,2016,,TRUE,
275005,"Chordata","Teleostei","Stomiiformes","Sternoptychidae","Sternoptyx","Sternoptyx pseudodiaphana","fish",,1,2016,,TRUE,
127376,"Chordata","Teleostei","Stomiiformes","Stomiidae","Stomias","Stomias longibarbatus","fish",,1,2016,,TRUE,
282973,"Chordata","Teleostei","Stomiiformes","Stomiidae","Thysanactis","Thysanactis dentex","fish",,1,2016,,TRUE,
283054,"Chordata","Teleostei","Stomiiformes","Gonostomatidae","Triplophos","Triplophos hemingi","fish",,1,2016,,TRUE,
127316,"Chordata","Teleostei","Stomiiformes","Sternoptychidae","Valenciennellus","Valenciennellus tripunctulatus","fish",,1,2016,,TRUE,
127303,"Chordata","Teleostei","Stomiiformes","Phosichthyidae","Vinciguerria","Vinciguerria nimbaria","fish",,1,2016,,TRUE,
322499,"Chordata","Teleostei","Stomiiformes","Gonostomatidae","Zaphotias","Zaphotias pedaliotus","fish",,1,2016,,TRUE,
126526,"Chordata","Teleostei","Stylephoriformes","Stylephoridae","Stylephorus","Stylephorus chordatus","fish",,1,2016,,TRUE,
278080,"Chordata","Teleostei","Syngnathiformes","Aulostomidae","Aulostomus","Aulostomus maculatus","fish",,1,,,TRUE,
278081,"Chordata","Teleostei","Syngnathiformes","Aulostomidae","Aulostomus","Aulostomus strigosus","fish",,26,2019,,TRUE,
159439,"Chordata","Teleostei","Syngnathiformes","Fistulariidae","Fistularia","Fistularia petimba","fish",,1,,,TRUE,
159440,"Chordata","Teleostei","Syngnathiformes","Fistulariidae","Fistularia","Fistularia tabacaria","fish",,1,2014,,TRUE,
278317,"Chordata","Teleostei","Syngnathiformes","Syngnathidae","Micrognathus","Micrognathus crinitus","fish",,4,1982,,TRUE,
1577312,"Chordata","Teleostei","Tetraodontiformes","Ostraciidae","Acanthostracion","Acanthostracion polygonium","fish",,22,2018,,TRUE,
158920,"Chordata","Teleostei","Tetraodontiformes","Ostraciidae","Acanthostracion","Acanthostracion quadricornis","fish",,3,2019,,TRUE,
127407,"Chordata","Teleostei","Tetraodontiformes","Monacanthidae","Aluterus","Aluterus monoceros","fish",,1,2007,,TRUE,
159491,"Chordata","Teleostei","Tetraodontiformes","Monacanthidae","Aluterus","Aluterus scriptus","fish",,32,2019,,TRUE,
127397,"Chordata","Teleostei","Tetraodontiformes","Balistidae","Balistes","Balistes vetula","fish","NT",7,2019,,TRUE,
276250,"Chordata","Teleostei","Tetraodontiformes","Monacanthidae","Cantherhines","Cantherhines macrocerus","fish",,49,2019,,TRUE,
159493,"Chordata","Teleostei","Tetraodontiformes","Monacanthidae","Cantherhines","Cantherhines pullus","fish",,7,2016,,TRUE,
127399,"Chordata","Teleostei","Tetraodontiformes","Balistidae","Canthidermis","Canthidermis sufflamen","fish",,8,2018,,TRUE,
275252,"Chordata","Teleostei","Tetraodontiformes","Tetraodontidae","Canthigaster","Canthigaster figueiredoi","fish",,7,2019,,TRUE,
127411,"Chordata","Teleostei","Tetraodontiformes","Tetraodontidae","Canthigaster","Canthigaster rostrata","fish",,1,1982,,TRUE,
127402,"Chordata","Teleostei","Tetraodontiformes","Diodontidae","Diodon","Diodon holocanthus","fish",,4,1962,,TRUE,
127403,"Chordata","Teleostei","Tetraodontiformes","Diodontidae","Diodon","Diodon hystrix","fish",,9,2019,,TRUE,
275874,"Chordata","Teleostei","Tetraodontiformes","Ostraciidae","Lactophrys","Lactophrys bicaudalis","fish",,3,1962,,TRUE,
158931,"Chordata","Teleostei","Tetraodontiformes","Ostraciidae","Lactophrys","Lactophrys trigonus","fish",,24,2018,,TRUE,
219881,"Chordata","Teleostei","Tetraodontiformes","Balistidae","Melichthys","Melichthys niger","fish",,506,2019,,TRUE,
126393,"Chordata","Teleostei","Trachichthyiformes","Anoplogastridae","Anoplogaster","Anoplogaster cornuta","fish",,1,2016,,TRUE,
313816,"Chordata","Teleostei","Trachichthyiformes","Trachichthyidae","Aulotrachichthys","Aulotrachichthys argyrophanus","fish",,1,2016,,TRUE,
126397,"Chordata","Teleostei","Trachichthyiformes","Diretmidae","Diretmoides","Diretmoides pauciradiatus","fish",,1,2016,,TRUE,
126398,"Chordata","Teleostei","Trachichthyiformes","Diretmidae","Diretmus","Diretmus argenteus","fish",,1,2016,,TRUE,
126401,"Chordata","Teleostei","Trachichthyiformes","Trachichthyidae","Gephyroberyx","Gephyroberyx darwinii","fish",,1,,,TRUE,
231413,"Chordata","Mammalia","Carnivora","Phocidae","Mirounga","Mirounga leonina","mammal",,1,,,TRUE,
137109,"Chordata","Mammalia","Cetartiodactyla","Delphinidae","Stenella","Stenella longirostris","mammal",,2,2009,,TRUE,
137205,"Chordata",,"Testudines","Cheloniidae","Caretta","Caretta caretta","turtle","VU",1,2007,,TRUE,
137206,"Chordata",,"Testudines","Cheloniidae","Chelonia","Chelonia mydas","turtle","EN",1,2012,,TRUE,
137207,"Chordata",,"Testudines","Cheloniidae","Eretmochelys","Eretmochelys imbricata","turtle","CR",3,2005,,TRUE,
220293,"Chordata",,"Testudines","Cheloniidae","Lepidochelys","Lepidochelys olivacea","turtle","VU",3,2006,,TRUE,
