"AphiaID","phylum","class","order","family","genus","species","group","redlist_category","records","max_year","target_gene","source_obis","source_dna"
217352,"Chordata","Elasmobranchii","Carcharhiniformes","Carcharhinidae","Carcharhinus","Carcharhinus albimarginatus","fish","VU",13,1975,,TRUE,
105789,"Chordata","Elasmobranchii","Carcharhiniformes","Carcharhinidae","Carcharhinus","Carcharhinus falciformis","fish","VU",2,,,TRUE,
105790,"Chordata","Elasmobranchii","Carcharhiniformes","Carcharhinidae","Carcharhinus","Carcharhinus galapagensis","fish",,3,,,TRUE,
105793,"Chordata","Elasmobranchii","Carcharhiniformes","Carcharhinidae","Carcharhinus","Carcharhinus limbatus","fish","NT",5,1972,,TRUE,
105794,"Chordata","Elasmobranchii","Carcharhiniformes","Carcharhinidae","Carcharhinus","Carcharhinus longimanus","fish","CR",2,,,TRUE,
105795,"Chordata","Elasmobranchii","Carcharhiniformes","Carcharhinidae","Carcharhinus","Carcharhinus melanopterus","fish","VU",2,,,TRUE,
105799,"Chordata","Elasmobranchii","Carcharhiniformes","Carcharhinidae","Galeocerdo","Galeocerdo cuvier","fish","NT",2,,,TRUE,
271390,"Chordata","Elasmobranchii","Carcharhiniformes","Triakidae","Mustelus","Mustelus mento","fish","CR",1,,,TRUE,
105801,"Chordata","Elasmobranchii","Carcharhiniformes","Carcharhinidae","Prionace","Prionace glauca","fish","NT",2,,,TRUE,
271327,"Chordata","Elasmobranchii","Carcharhiniformes","Carcharhinidae","Rhizoprionodon","Rhizoprionodon longurio","fish","VU",3,1975,,TRUE,
105816,"Chordata","Elasmobranchii","Carcharhiniformes","Sphyrnidae","Sphyrna","Sphyrna lewini","fish","CR",2,,,TRUE,
105817,"Chordata","Elasmobranchii","Carcharhiniformes","Sphyrnidae","Sphyrna","Sphyrna mokarran","fish","CR",2,,,TRUE,
158517,"Chordata","Elasmobranchii","Carcharhiniformes","Sphyrnidae","Sphyrna","Sphyrna tiburo","fish","EN",3,,,TRUE,
214557,"Chordata","Elasmobranchii","Carcharhiniformes","Carcharhinidae","Triaenodon","Triaenodon obesus","fish","VU",11,1994,,TRUE,
271656,"Chordata","Elasmobranchii","Echinorhiniformes","Echinorhinidae","Echinorhinus","Echinorhinus cookei","fish",,2,,,TRUE,
220019,"Chordata","Elasmobranchii","Lamniformes","Alopiidae","Alopias","Alopias pelagicus","fish","EN",1,,,TRUE,
105835,"Chordata","Elasmobranchii","Lamniformes","Alopiidae","Alopias","Alopias superciliosus","fish","VU",1,,,TRUE,
105836,"Chordata","Elasmobranchii","Lamniformes","Alopiidae","Alopias","Alopias vulpinus","fish","VU",2,,,TRUE,
105838,"Chordata","Elasmobranchii","Lamniformes","Lamnidae","Carcharodon","Carcharodon carcharias","fish","VU",1,,,TRUE,
105839,"Chordata","Elasmobranchii","Lamniformes","Lamnidae","Isurus","Isurus oxyrinchus","fish","EN",2,,,TRUE,
105844,"Chordata","Elasmobranchii","Lamniformes","Odontaspididae","Odontaspis","Odontaspis ferox","fish","VU",3,,,TRUE,
217632,"Chordata","Elasmobranchii","Lamniformes","Pseudocarchariidae","Pseudocarcharias","Pseudocarcharias kamoharai","fish",,3,,,TRUE,
217426,"Chordata","Elasmobranchii","Myliobatiformes","Myliobatidae","Aetobatus","Aetobatus narinari","fish","NT",2,,,TRUE,
1026118,"Chordata","Elasmobranchii","Myliobatiformes","Myliobatidae","Mobula","Mobula birostris","fish","EN",2,,,TRUE,
105858,"Chordata","Elasmobranchii","Myliobatiformes","Myliobatidae","Mobula","Mobula mobular","fish","EN",2,,,TRUE,
271482,"Chordata","Elasmobranchii","Myliobatiformes","Myliobatidae","Mobula","Mobula munkiana","fish","VU",2,,,TRUE,
105859,"Chordata","Elasmobranchii","Myliobatiformes","Myliobatidae","Mobula","Mobula tarapacana","fish","EN",2,,,TRUE,
217430,"Chordata","Elasmobranchii","Myliobatiformes","Myliobatidae","Mobula","Mobula thurstoni","fish","EN",1,,,TRUE,
271490,"Chordata","Elasmobranchii","Myliobatiformes","Myliobatidae","Myliobatis","Myliobatis peruvianus","fish","VU",1,,,TRUE,
158540,"Chordata","Elasmobranchii","Myliobatiformes","Dasyatidae","Pteroplatytrygon","Pteroplatytrygon violacea","fish",,2,,,TRUE,
271498,"Chordata","Elasmobranchii","Myliobatiformes","Myliobatidae","Rhinoptera","Rhinoptera steindachneri","fish","NT",3,,,TRUE,
712972,"Chordata","Elasmobranchii","Myliobatiformes","Dasyatidae","Taeniurops","Taeniurops meyeni","fish","VU",5,1988,,TRUE,
105846,"Chordata","Elasmobranchii","Orectolobiformes","Ginglymostomatidae","Ginglymostoma","Ginglymostoma cirratum","fish",,1,,,TRUE,
1006832,"Chordata","Elasmobranchii","Orectolobiformes","Ginglymostomatidae","Ginglymostoma","Ginglymostoma unami","fish",,1,,,TRUE,
105847,"Chordata","Elasmobranchii","Orectolobiformes","Rhincodontidae","Rhincodon","Rhincodon typus","fish","EN",3,2008,,TRUE,
271536,"Chordata","Elasmobranchii","Rajiformes","Arhynchobatidae","Bathyraja","Bathyraja spinosissima","fish",,1,,,TRUE,
271576,"Chordata","Elasmobranchii","Rajiformes","Rajidae","Raja","Raja equatorialis","fish",,2,,,TRUE,
1043480,"Chordata","Elasmobranchii","Rhinopristiformes","Rhinobatidae","Pseudobatos","Pseudobatos planiceps","fish","VU",3,1977,,TRUE,
271623,"Chordata","Elasmobranchii","Squaliformes","Etmopteridae","Centroscyllium","Centroscyllium nigrum","fish",,1,,,TRUE,
845707,"Chordata","Elasmobranchii","Torpediniformes","Torpedinidae","Tetronarce","Tetronarce peruana","fish",,1,,,TRUE,
219638,"Chordata","Teleostei","Acanthuriformes","Acanthuridae","Acanthurus","Acanthurus nigricans","fish",,18,1998,,TRUE,
219630,"Chordata","Teleostei","Acanthuriformes","Acanthuridae","Acanthurus","Acanthurus triostegus","fish",,19,1989,,TRUE,
219634,"Chordata","Teleostei","Acanthuriformes","Acanthuridae","Acanthurus","Acanthurus xanthopterus","fish",,5,1978,,TRUE,
273343,"Chordata","Teleostei","Acanthuriformes","Chaetodontidae","Chaetodon","Chaetodon humeralis","fish",,13,1989,,TRUE,
218733,"Chordata","Teleostei","Acanthuriformes","Chaetodontidae","Chaetodon","Chaetodon lunula","fish",,2,,,TRUE,
219657,"Chordata","Teleostei","Acanthuriformes","Acanthuridae","Ctenochaetus","Ctenochaetus marginatus","fish",,13,1975,,TRUE,
218760,"Chordata","Teleostei","Acanthuriformes","Chaetodontidae","Forcipiger","Forcipiger flavissimus","fish",,2,,,TRUE,
276016,"Chordata","Teleostei","Acanthuriformes","Pomacanthidae","Holacanthus","Holacanthus passer","fish",,17,1978,,TRUE,
281202,"Chordata","Teleostei","Acanthuriformes","Chaetodontidae","Johnrandallia","Johnrandallia nigrirostris","fish",,20,1978,,TRUE,
273633,"Chordata","Teleostei","Acanthuriformes","Lobotidae","Lobotes","Lobotes pacifica","fish",,2,,,TRUE,
126974,"Chordata","Teleostei","Acanthuriformes","Luvaridae","Luvarus","Luvarus imperialis","fish",,2,,,TRUE,
219673,"Chordata","Teleostei","Acanthuriformes","Acanthuridae","Naso","Naso annulatus","fish",,2,,,TRUE,
219667,"Chordata","Teleostei","Acanthuriformes","Acanthuridae","Naso","Naso hexacanthus","fish",,2,,,TRUE,
276028,"Chordata","Teleostei","Acanthuriformes","Pomacanthidae","Pomacanthus","Pomacanthus zonipectus","fish",,2,,,TRUE,
282346,"Chordata","Teleostei","Acanthuriformes","Acanthuridae","Prionurus","Prionurus laticlavius","fish",,8,1975,,TRUE,
273372,"Chordata","Teleostei","Acanthuriformes","Chaetodontidae","Prognathodes","Prognathodes carlhubbsi","fish","NT",2,,,TRUE,
273374,"Chordata","Teleostei","Acanthuriformes","Chaetodontidae","Prognathodes","Prognathodes falcifer","fish",,1,,,TRUE,
220083,"Chordata","Teleostei","Acanthuriformes","Zanclidae","Zanclus","Zanclus cornutus","fish",,10,1972,,TRUE,
272843,"Chordata","Teleostei","Alepocephaliformes","Alepocephalidae","Alepocephalus","Alepocephalus fundulus","fish",,1,,,TRUE,
272864,"Chordata","Teleostei","Alepocephaliformes","Alepocephalidae","Bathytroctes","Bathytroctes inspector","fish",,1,,,TRUE,
126706,"Chordata","Teleostei","Alepocephaliformes","Alepocephalidae","Narcetes","Narcetes stomias","fish",,1,,,TRUE,
271800,"Chordata","Teleostei","Anguilliformes","Muraenidae","Anarchias","Anarchias galapagensis","fish",,10,1975,,TRUE,
271722,"Chordata","Teleostei","Anguilliformes","Congridae","Ariosoma","Ariosoma gilberti","fish",,4,,,TRUE,
271904,"Chordata","Teleostei","Anguilliformes","Nemichthyidae","Avocettina","Avocettina bowersii","fish",,1,,,TRUE,
275450,"Chordata","Teleostei","Anguilliformes","Ophichthidae","Bascanichthys","Bascanichthys bascanoides","fish",,8,,,TRUE,
276877,"Chordata","Teleostei","Anguilliformes","Congridae","Bathycongrus","Bathycongrus varidens","fish",,1,,,TRUE,
275466,"Chordata","Teleostei","Anguilliformes","Ophichthidae","Callechelys","Callechelys eristigma","fish",,3,1972,,TRUE,
280147,"Chordata","Teleostei","Anguilliformes","Congridae","Chiloconger","Chiloconger dentatus","fish",,1,,,TRUE,
271713,"Chordata","Teleostei","Anguilliformes","Chlopsidae","Chlopsis","Chlopsis bicollaris","fish","NT",1,,,TRUE,
217469,"Chordata","Teleostei","Anguilliformes","Muraenidae","Echidna","Echidna nebulosa","fish",,15,1999,,TRUE,
278678,"Chordata","Teleostei","Anguilliformes","Muraenidae","Echidna","Echidna nocturna","fish",,17,1978,,TRUE,
271810,"Chordata","Teleostei","Anguilliformes","Muraenidae","Enchelycore","Enchelycore octaviana","fish",,8,1998,,TRUE,
275477,"Chordata","Teleostei","Anguilliformes","Ophichthidae","Gordiichthys","Gordiichthys combibus","fish",,1,,,TRUE,
217476,"Chordata","Teleostei","Anguilliformes","Muraenidae","Gymnomuraena","Gymnomuraena zebra","fish",,6,1978,,TRUE,
271816,"Chordata","Teleostei","Anguilliformes","Muraenidae","Gymnothorax","Gymnothorax angusticeps","fish",,2,,,TRUE,
217479,"Chordata","Teleostei","Anguilliformes","Muraenidae","Gymnothorax","Gymnothorax buroensis","fish",,6,1972,,TRUE,
271825,"Chordata","Teleostei","Anguilliformes","Muraenidae","Gymnothorax","Gymnothorax castaneus","fish",,2,,,TRUE,
271831,"Chordata","Teleostei","Anguilliformes","Muraenidae","Gymnothorax","Gymnothorax dovii","fish",,18,1978,,TRUE,
217496,"Chordata","Teleostei","Anguilliformes","Muraenidae","Gymnothorax","Gymnothorax eurostus","fish",,1,,,TRUE,
217495,"Chordata","Teleostei","Anguilliformes","Muraenidae","Gymnothorax","Gymnothorax flavimarginatus","fish",,10,1978,,TRUE,
217502,"Chordata","Teleostei","Anguilliformes","Muraenidae","Gymnothorax","Gymnothorax javanicus","fish",,2,,,TRUE,
217503,"Chordata","Teleostei","Anguilliformes","Muraenidae","Gymnothorax","Gymnothorax meleagris","fish",,2,,,TRUE,
271866,"Chordata","Teleostei","Anguilliformes","Muraenidae","Gymnothorax","Gymnothorax panamensis","fish",,18,1978,,TRUE,
217491,"Chordata","Teleostei","Anguilliformes","Muraenidae","Gymnothorax","Gymnothorax pictus","fish",,6,1929,,TRUE,
217508,"Chordata","Teleostei","Anguilliformes","Muraenidae","Gymnothorax","Gymnothorax undulatus","fish",,3,,,TRUE,
281051,"Chordata","Teleostei","Anguilliformes","Ophichthidae","Herpetoichthys","Herpetoichthys fossatus","fish",,6,1972,,TRUE,
271780,"Chordata","Teleostei","Anguilliformes","Congridae","Heteroconger","Heteroconger klausewitzi","fish",,2,,,TRUE,
279113,"Chordata","Teleostei","Anguilliformes","Ophichthidae","Ichthyapus","Ichthyapus selachops","fish",,11,1993,,TRUE,
271896,"Chordata","Teleostei","Anguilliformes","Muraenidae","Muraena","Muraena argus","fish",,2,,,TRUE,
271898,"Chordata","Teleostei","Anguilliformes","Muraenidae","Muraena","Muraena clepsydra","fish",,3,,,TRUE,
271900,"Chordata","Teleostei","Anguilliformes","Muraenidae","Muraena","Muraena lentiginosa","fish",,8,1978,,TRUE,
275483,"Chordata","Teleostei","Anguilliformes","Ophichthidae","Myrichthys","Myrichthys aspetocheiros","fish",,2,,,TRUE,
275489,"Chordata","Teleostei","Anguilliformes","Ophichthidae","Myrichthys","Myrichthys tigrinus","fish",,8,1975,,TRUE,
281608,"Chordata","Teleostei","Anguilliformes","Myrocongridae","Myroconger","Myroconger nigrodentatus","fish",,2,,,TRUE,
126306,"Chordata","Teleostei","Anguilliformes","Nemichthyidae","Nemichthys","Nemichthys scolopaceus","fish",,1,,,TRUE,
271980,"Chordata","Teleostei","Anguilliformes","Ophichthidae","Ophichthus","Ophichthus rugifer","fish",,5,1976,,TRUE,
271987,"Chordata","Teleostei","Anguilliformes","Ophichthidae","Ophichthus","Ophichthus triserialis","fish",,7,1992,,TRUE,
271789,"Chordata","Teleostei","Anguilliformes","Congridae","Paraconger","Paraconger californiensis","fish",,2,,,TRUE,
282061,"Chordata","Teleostei","Anguilliformes","Ophichthidae","Paraletharchus","Paraletharchus opercularis","fish","VU",3,1998,,TRUE,
282062,"Chordata","Teleostei","Anguilliformes","Ophichthidae","Paraletharchus","Paraletharchus pacificus","fish",,8,1998,,TRUE,
282533,"Chordata","Teleostei","Anguilliformes","Ophichthidae","Quassiremus","Quassiremus evionthas","fish","VU",2,,,TRUE,
282534,"Chordata","Teleostei","Anguilliformes","Ophichthidae","Quassiremus","Quassiremus nothochir","fish",,5,1993,,TRUE,
217530,"Chordata","Teleostei","Anguilliformes","Muraenidae","Scuticaria","Scuticaria tigrina","fish",,2,,,TRUE,
282734,"Chordata","Teleostei","Anguilliformes","Ophichthidae","Scytalichthys","Scytalichthys miurus","fish",,1,,,TRUE,
272005,"Chordata","Teleostei","Anguilliformes","Serrivomeridae","Serrivomer","Serrivomer sector","fish",,3,,,TRUE,
212037,"Chordata","Teleostei","Anguilliformes","Muraenidae","Uropterygius","Uropterygius macrocephalus","fish",,11,1991,,TRUE,
277955,"Chordata","Teleostei","Anguilliformes","Muraenidae","Uropterygius","Uropterygius versutus","fish",,18,1991,,TRUE,
271922,"Chordata","Teleostei","Anguilliformes","Nettastomatidae","Venefica","Venefica tentaculata","fish",,2,,,TRUE,
272023,"Chordata","Teleostei","Ateleopodiformes","Ateleopodidae","Guentherus","Guentherus altivela","fish",,1,,,TRUE,
279800,"Chordata","Teleostei","Atheriniformes","Atherinopsidae","Atherinella","Atherinella eriarcha","fish",,8,1998,,TRUE,
281545,"Chordata","Teleostei","Atheriniformes","Atherinopsidae","Melanorhinus","Melanorhinus cyanellus","fish",,4,1972,,TRUE,
272041,"Chordata","Teleostei","Aulopiformes","Aulopidae","Aulopus","Aulopus bajacali","fish",,6,1992,,TRUE,
272058,"Chordata","Teleostei","Aulopiformes","Chlorophthalmidae","Chlorophthalmus","Chlorophthalmus mento","fish",,1,,,TRUE,
275617,"Chordata","Teleostei","Aulopiformes","Scopelarchidae","Scopelarchoides","Scopelarchoides nicholsi","fish",,1,,,TRUE,
272130,"Chordata","Teleostei","Aulopiformes","Synodontidae","Synodus","Synodus lacertinus","fish",,8,1993,,TRUE,
159246,"Chordata","Teleostei","Beloniformes","Belonidae","Ablennes","Ablennes hians","fish",,2,,,TRUE,
217862,"Chordata","Teleostei","Beloniformes","Exocoetidae","Cheilopogon","Cheilopogon cyanopterus","fish",,2,,,TRUE,
159261,"Chordata","Teleostei","Beloniformes","Exocoetidae","Cheilopogon","Cheilopogon furcatus","fish",,1,,,TRUE,
272163,"Chordata","Teleostei","Beloniformes","Exocoetidae","Cheilopogon","Cheilopogon spilonotopterus","fish",,3,1959,,TRUE,
272166,"Chordata","Teleostei","Beloniformes","Exocoetidae","Cheilopogon","Cheilopogon xenopterus","fish",,2,,,TRUE,
278730,"Chordata","Teleostei","Beloniformes","Exocoetidae","Cypselurus","Cypselurus callopterus","fish",,1,,,TRUE,
220012,"Chordata","Teleostei","Beloniformes","Hemiramphidae","Euleptorhamphus","Euleptorhamphus viridis","fish",,9,1967,,TRUE,
217869,"Chordata","Teleostei","Beloniformes","Exocoetidae","Exocoetus","Exocoetus monocirrhus","fish",,8,1955,,TRUE,
126385,"Chordata","Teleostei","Beloniformes","Exocoetidae","Exocoetus","Exocoetus volitans","fish",,5,1972,,TRUE,
272178,"Chordata","Teleostei","Beloniformes","Hemiramphidae","Hemiramphus","Hemiramphus saltator","fish",,3,,,TRUE,
272170,"Chordata","Teleostei","Beloniformes","Exocoetidae","Hirundichthys","Hirundichthys marginatus","fish",,2,,,TRUE,
126386,"Chordata","Teleostei","Beloniformes","Exocoetidae","Hirundichthys","Hirundichthys rondeletii","fish",,3,,,TRUE,
126387,"Chordata","Teleostei","Beloniformes","Exocoetidae","Hirundichthys","Hirundichthys speculiger","fish",,3,1999,,TRUE,
272181,"Chordata","Teleostei","Beloniformes","Hemiramphidae","Hyporhamphus","Hyporhamphus gilli","fish",,2,,,TRUE,
272195,"Chordata","Teleostei","Beloniformes","Hemiramphidae","Hyporhamphus","Hyporhamphus rosae","fish",,2,1972,,TRUE,
217871,"Chordata","Teleostei","Beloniformes","Hemiramphidae","Oxyporhamphus","Oxyporhamphus micropterus","fish",,5,1999,,TRUE,
217872,"Chordata","Teleostei","Beloniformes","Exocoetidae","Parexocoetus","Parexocoetus brachypterus","fish",,1,,,TRUE,
126377,"Chordata","Teleostei","Beloniformes","Belonidae","Platybelone","Platybelone argalus","fish",,4,1975,,TRUE,
1577348,"Chordata","Teleostei","Beloniformes","Belonidae","Platybelone","Platybelone pterura","fish",,3,,,TRUE,
217874,"Chordata","Teleostei","Beloniformes","Exocoetidae","Prognichthys","Prognichthys sealei","fish",,3,1999,,TRUE,
277927,"Chordata","Teleostei","Beloniformes","Exocoetidae","Prognichthys","Prognichthys tringa","fish",,2,,,TRUE,
275978,"Chordata","Teleostei","Beloniformes","Belonidae","Strongylura","Strongylura exilis","fish",,3,,,TRUE,
159259,"Chordata","Teleostei","Beloniformes","Belonidae","Tylosurus","Tylosurus crocodilus","fish",,1,,,TRUE,
300115,"Chordata","Teleostei","Beloniformes","Belonidae","Tylosurus","Tylosurus fodiator","fish",,2,,,TRUE,
213650,"Chordata","Teleostei","Beloniformes","Belonidae","Tylosurus","Tylosurus melanotus","fish",,2,,,TRUE,
272147,"Chordata","Teleostei","Beloniformes","Belonidae","Tylosurus","Tylosurus pacificus","fish",,4,1951,,TRUE,
279444,"Chordata","Teleostei","Blenniiformes","Chaenopsidae","Acanthemblemaria","Acanthemblemaria atrata","fish","VU",27,1998,,TRUE,
279455,"Chordata","Teleostei","Blenniiformes","Chaenopsidae","Acanthemblemaria","Acanthemblemaria macrospilus","fish",,9,1989,,TRUE,
279846,"Chordata","Teleostei","Blenniiformes","Tripterygiidae","Axoclinus","Axoclinus cocoensis","fish","VU",40,1998,,TRUE,
280104,"Chordata","Teleostei","Blenniiformes","Chaenopsidae","Chaenopsis","Chaenopsis deltarrhis","fish",,2,,,TRUE,
280394,"Chordata","Teleostei","Blenniiformes","Chaenopsidae","Coralliozetus","Coralliozetus boehlkei","fish",,5,1978,,TRUE,
280398,"Chordata","Teleostei","Blenniiformes","Chaenopsidae","Coralliozetus","Coralliozetus springeri","fish",,2,,,TRUE,
276393,"Chordata","Teleostei","Blenniiformes","Dactyloscopidae","Dactyloscopus","Dactyloscopus amnis","fish",,2,1978,,TRUE,
712826,"Chordata","Teleostei","Blenniiformes","Dactyloscopidae","Dactyloscopus","Dactyloscopus fallax","fish",,9,1978,,TRUE,
276400,"Chordata","Teleostei","Blenniiformes","Dactyloscopidae","Dactyloscopus","Dactyloscopus lacteus","fish","VU",5,1964,,TRUE,
276404,"Chordata","Teleostei","Blenniiformes","Dactyloscopidae","Dactyloscopus","Dactyloscopus pectoralis","fish",,12,1998,,TRUE,
280517,"Chordata","Teleostei","Blenniiformes","Labrisomidae","Dialommus","Dialommus fuscus","fish","VU",2,,,TRUE,
280594,"Chordata","Teleostei","Blenniiformes","Chaenopsidae","Ekemblemaria","Ekemblemaria myersi","fish",,3,,,TRUE,
280652,"Chordata","Teleostei","Blenniiformes","Chaenopsidae","Emblemaria","Emblemaria nivipes","fish",,16,1998,,TRUE,
280654,"Chordata","Teleostei","Blenniiformes","Chaenopsidae","Emblemaria","Emblemaria piratica","fish",,2,,,TRUE,
277243,"Chordata","Teleostei","Blenniiformes","Blenniidae","Entomacrodus","Entomacrodus chiostictus","fish",,6,1975,,TRUE,
280842,"Chordata","Teleostei","Blenniiformes","Dactyloscopidae","Gillellus","Gillellus chathamensis","fish","VU",21,1998,,TRUE,
276319,"Chordata","Teleostei","Blenniiformes","Blenniidae","Hypsoblennius","Hypsoblennius brevipinnis","fish",,4,1975,,TRUE,
281258,"Chordata","Teleostei","Blenniiformes","Labrisomidae","Labrisomus","Labrisomus multiporosus","fish",,2,,,TRUE,
126769,"Chordata","Teleostei","Blenniiformes","Blenniidae","Ophioblennius","Ophioblennius atlanticus","fish",,2,1929,,TRUE,
273126,"Chordata","Teleostei","Blenniiformes","Blenniidae","Ophioblennius","Ophioblennius steindachneri","fish",,32,1998,,TRUE,
282028,"Chordata","Teleostei","Blenniiformes","Labrisomidae","Paraclinus","Paraclinus mexicanus","fish",,6,1978,,TRUE,
278234,"Chordata","Teleostei","Blenniiformes","Blenniidae","Plagiotremus","Plagiotremus azaleus","fish",,3,,,TRUE,
282869,"Chordata","Teleostei","Blenniiformes","Chaenopsidae","Stathmonotus","Stathmonotus culebrai","fish",,5,1964,,TRUE,
273238,"Chordata","Teleostei","Callionymiformes","Callionymidae","Synchiropus","Synchiropus atrilabiatus","fish",,10,1989,,TRUE,
276587,"Chordata","Teleostei","Carangaria incertae sedis","Polynemidae","Polydactylus","Polydactylus approximans","fish",,5,1975,,TRUE,
273981,"Chordata","Teleostei","Carangaria incertae sedis","Sphyraenidae","Sphyraena","Sphyraena idiastes","fish",,2,,,TRUE,
159629,"Chordata","Teleostei","Carangiformes","Carangidae","Alectis","Alectis ciliaris","fish",,4,,,TRUE,
273271,"Chordata","Teleostei","Carangiformes","Carangidae","Caranx","Caranx caballus","fish",,9,1972,,TRUE,
273272,"Chordata","Teleostei","Carangiformes","Carangidae","Caranx","Caranx caninus","fish",,2,,,TRUE,
126805,"Chordata","Teleostei","Carangiformes","Carangidae","Caranx","Caranx lugubris","fish",,3,,,TRUE,
218419,"Chordata","Teleostei","Carangiformes","Carangidae","Caranx","Caranx melampygus","fish",,11,1963,,TRUE,
218404,"Chordata","Teleostei","Carangiformes","Carangidae","Caranx","Caranx sexfasciatus","fish",,4,,,TRUE,
126845,"Chordata","Teleostei","Carangiformes","Coryphaenidae","Coryphaena","Coryphaena equiselis","fish",,6,1999,,TRUE,
126846,"Chordata","Teleostei","Carangiformes","Coryphaenidae","Coryphaena","Coryphaena hippurus","fish",,5,1972,,TRUE,
126807,"Chordata","Teleostei","Carangiformes","Carangidae","Decapterus","Decapterus macarellus","fish",,2,,,TRUE,
126848,"Chordata","Teleostei","Carangiformes","Echeneidae","Echeneis","Echeneis naucrates","fish",,2,,,TRUE,
126809,"Chordata","Teleostei","Carangiformes","Carangidae","Elagatis","Elagatis bipinnulata","fish",,10,1975,,TRUE,
1605280,"Chordata","Teleostei","Carangiformes","Carangidae","Ferdauia","Ferdauia orthogrammus","fish",,2,,,TRUE,
218429,"Chordata","Teleostei","Carangiformes","Carangidae","Gnathanodon","Gnathanodon speciosus","fish",,2,,,TRUE,
712905,"Chordata","Teleostei","Carangiformes","Istiophoridae","Istiompax","Istiompax indica","fish",,2,,,TRUE,
158812,"Chordata","Teleostei","Carangiformes","Istiophoridae","Istiophorus","Istiophorus platypterus","fish",,5,,,TRUE,
712907,"Chordata","Teleostei","Carangiformes","Istiophoridae","Kajikia","Kajikia audax","fish","NT",3,,,TRUE,
126950,"Chordata","Teleostei","Carangiformes","Istiophoridae","Makaira","Makaira nigricans","fish","VU",2,,,TRUE,
126811,"Chordata","Teleostei","Carangiformes","Carangidae","Naucrates","Naucrates ductor","fish",,2,,,TRUE,
126849,"Chordata","Teleostei","Carangiformes","Echeneidae","Phtheirichthys","Phtheirichthys lineatus","fish",,2,,,TRUE,
302877,"Chordata","Teleostei","Carangiformes","Echeneidae","Remora","Remora albescens","fish",,7,1931,,TRUE,
126850,"Chordata","Teleostei","Carangiformes","Echeneidae","Remora","Remora australis","fish",,5,1931,,TRUE,
126851,"Chordata","Teleostei","Carangiformes","Echeneidae","Remora","Remora brachyptera","fish",,4,1994,,TRUE,
126852,"Chordata","Teleostei","Carangiformes","Echeneidae","Remora","Remora osteochir","fish",,4,1994,,TRUE,
126853,"Chordata","Teleostei","Carangiformes","Echeneidae","Remora","Remora remora","fish",,5,1974,,TRUE,
159646,"Chordata","Teleostei","Carangiformes","Carangidae","Selar","Selar crumenophthalmus","fish",,10,1975,,TRUE,
218436,"Chordata","Teleostei","Carangiformes","Carangidae","Seriola","Seriola lalandi","fish",,1,,,TRUE,
276650,"Chordata","Teleostei","Carangiformes","Carangidae","Seriola","Seriola peruana","fish",,1,,,TRUE,
126818,"Chordata","Teleostei","Carangiformes","Carangidae","Seriola","Seriola rivoliana","fish",,4,,,TRUE,
219734,"Chordata","Teleostei","Carangiformes","Istiophoridae","Tetrapturus","Tetrapturus angustirostris","fish",,2,,,TRUE,
273297,"Chordata","Teleostei","Carangiformes","Carangidae","Trachinotus","Trachinotus rhodopus","fish",,2,,,TRUE,
273298,"Chordata","Teleostei","Carangiformes","Carangidae","Trachinotus","Trachinotus stilbe","fish",,3,1975,,TRUE,
273303,"Chordata","Teleostei","Carangiformes","Carangidae","Trachurus","Trachurus murphyi","fish",,1,,,TRUE,
218449,"Chordata","Teleostei","Carangiformes","Carangidae","Uraspis","Uraspis helvola","fish",,2,,,TRUE,
127094,"Chordata","Teleostei","Carangiformes","Xiphiidae","Xiphias","Xiphias gladius","fish",,2,,,TRUE,
218853,"Chordata","Teleostei","Centrarchiformes","Cirrhitidae","Cirrhitichthys","Cirrhitichthys oxycephalus","fish",,26,1998,,TRUE,
279160,"Chordata","Teleostei","Centrarchiformes","Cirrhitidae","Cirrhitus","Cirrhitus rivulatus","fish",,14,1978,,TRUE,
218355,"Chordata","Teleostei","Centrarchiformes","Kuhliidae","Kuhlia","Kuhlia mugil","fish",,19,1978,,TRUE,
273521,"Chordata","Teleostei","Centrarchiformes","Kyphosidae","Kyphosus","Kyphosus elegans","fish",,12,1975,,TRUE,
1018702,"Chordata","Teleostei","Centrarchiformes","Kyphosidae","Kyphosus","Kyphosus ocyurus","fish",,5,1975,,TRUE,
218706,"Chordata","Teleostei","Centrarchiformes","Kyphosidae","Kyphosus","Kyphosus vaigiensis","fish",,2,,,TRUE,
218865,"Chordata","Teleostei","Centrarchiformes","Cirrhitidae","Oxycirrhites","Oxycirrhites typus","fish",,3,,,TRUE,
275507,"Chordata","Teleostei","Clupeiformes","Engraulidae","Anchoa","Anchoa argentivittata","fish",,2,,,TRUE,
275520,"Chordata","Teleostei","Clupeiformes","Engraulidae","Anchoa","Anchoa ischana","fish",,2,,,TRUE,
275528,"Chordata","Teleostei","Clupeiformes","Engraulidae","Anchoa","Anchoa nasus","fish",,2,,,TRUE,
275403,"Chordata","Teleostei","Elopiformes","Elopidae","Elops","Elops affinis","fish",,2,,,TRUE,
279616,"Chordata","Teleostei","Eupercaria incertae sedis","Haemulidae","Anisotremus","Anisotremus caesius","fish",,7,1972,,TRUE,
279619,"Chordata","Teleostei","Eupercaria incertae sedis","Haemulidae","Anisotremus","Anisotremus interruptus","fish",,11,1975,,TRUE,
279622,"Chordata","Teleostei","Eupercaria incertae sedis","Haemulidae","Anisotremus","Anisotremus scapularis","fish",,3,,,TRUE,
279624,"Chordata","Teleostei","Eupercaria incertae sedis","Haemulidae","Anisotremus","Anisotremus taeniatus","fish",,2,,,TRUE,
218470,"Chordata","Teleostei","Eupercaria incertae sedis","Lutjanidae","Aphareus","Aphareus furca","fish",,9,1975,,TRUE,
273527,"Chordata","Teleostei","Eupercaria incertae sedis","Labridae","Bodianus","Bodianus diplotaenia","fish",,18,1998,,TRUE,
367211,"Chordata","Teleostei","Eupercaria incertae sedis","Malacanthidae","Caulolatilus","Caulolatilus affinis","fish",,4,1989,,TRUE,
276215,"Chordata","Teleostei","Eupercaria incertae sedis","Malacanthidae","Caulolatilus","Caulolatilus hubbsi","fish",,2,1977,,TRUE,
276217,"Chordata","Teleostei","Eupercaria incertae sedis","Malacanthidae","Caulolatilus","Caulolatilus princeps","fish",,10,1991,,TRUE,
127003,"Chordata","Teleostei","Eupercaria incertae sedis","Priacanthidae","Cookeolus","Cookeolus japonicus","fish",,2,,,TRUE,
280403,"Chordata","Teleostei","Eupercaria incertae sedis","Sciaenidae","Corvula","Corvula macrops","fish",,3,,,TRUE,
276745,"Chordata","Teleostei","Eupercaria incertae sedis","Labridae","Decodon","Decodon melasma","fish",,6,1972,,TRUE,
276416,"Chordata","Teleostei","Eupercaria incertae sedis","Gerreidae","Eucinostomus","Eucinostomus currani","fish",,3,1975,,TRUE,
275734,"Chordata","Teleostei","Eupercaria incertae sedis","Haemulidae","Haemulon","Haemulon scudderii","fish",,5,1998,,TRUE,
275736,"Chordata","Teleostei","Eupercaria incertae sedis","Haemulidae","Haemulon","Haemulon sexfasciatum","fish",,2,,,TRUE,
275738,"Chordata","Teleostei","Eupercaria incertae sedis","Haemulidae","Haemulon","Haemulon steindachneri","fish",,2,,,TRUE,
275747,"Chordata","Teleostei","Eupercaria incertae sedis","Labridae","Halichoeres","Halichoeres adustus","fish","VU",16,1998,,TRUE,
275756,"Chordata","Teleostei","Eupercaria incertae sedis","Labridae","Halichoeres","Halichoeres chierchiae","fish",,2,,,TRUE,
275762,"Chordata","Teleostei","Eupercaria incertae sedis","Labridae","Halichoeres","Halichoeres discolor","fish","VU",21,1998,,TRUE,
275763,"Chordata","Teleostei","Eupercaria incertae sedis","Labridae","Halichoeres","Halichoeres dispilus","fish",,3,,,TRUE,
1471766,"Chordata","Teleostei","Eupercaria incertae sedis","Labridae","Halichoeres","Halichoeres inornatus","fish",,1,,,TRUE,
275775,"Chordata","Teleostei","Eupercaria incertae sedis","Labridae","Halichoeres","Halichoeres melanotis","fish",,1,,,TRUE,
275780,"Chordata","Teleostei","Eupercaria incertae sedis","Labridae","Halichoeres","Halichoeres nicholsi","fish",,2,,,TRUE,
275781,"Chordata","Teleostei","Eupercaria incertae sedis","Labridae","Halichoeres","Halichoeres notospilus","fish",,6,1925,,TRUE,
275797,"Chordata","Teleostei","Eupercaria incertae sedis","Labridae","Halichoeres","Halichoeres salmofasciatus","fish","VU",3,,,TRUE,
127004,"Chordata","Teleostei","Eupercaria incertae sedis","Priacanthidae","Heteropriacanthus","Heteropriacanthus cruentatus","fish",,32,1993,,TRUE,
281087,"Chordata","Teleostei","Eupercaria incertae sedis","Lutjanidae","Hoplopagrus","Hoplopagrus guentherii","fish",,2,,,TRUE,
219004,"Chordata","Teleostei","Eupercaria incertae sedis","Labridae","Iniistius","Iniistius pavo","fish",,2,,,TRUE,
276523,"Chordata","Teleostei","Eupercaria incertae sedis","Lutjanidae","Lutjanus","Lutjanus aratus","fish",,5,1998,,TRUE,
276524,"Chordata","Teleostei","Eupercaria incertae sedis","Lutjanidae","Lutjanus","Lutjanus argentiventris","fish",,14,1978,,TRUE,
276529,"Chordata","Teleostei","Eupercaria incertae sedis","Lutjanidae","Lutjanus","Lutjanus colorado","fish",,4,1975,,TRUE,
276539,"Chordata","Teleostei","Eupercaria incertae sedis","Lutjanidae","Lutjanus","Lutjanus guttatus","fish",,3,1958,,TRUE,
276540,"Chordata","Teleostei","Eupercaria incertae sedis","Lutjanidae","Lutjanus","Lutjanus inermis","fish",,2,,,TRUE,
276541,"Chordata","Teleostei","Eupercaria incertae sedis","Lutjanidae","Lutjanus","Lutjanus jordani","fish",,22,1988,,TRUE,
218495,"Chordata","Teleostei","Eupercaria incertae sedis","Lutjanidae","Lutjanus","Lutjanus lutjanus","fish",,5,,,TRUE,
276544,"Chordata","Teleostei","Eupercaria incertae sedis","Lutjanidae","Lutjanus","Lutjanus novemfasciatus","fish",,5,,,TRUE,
276552,"Chordata","Teleostei","Eupercaria incertae sedis","Lutjanidae","Lutjanus","Lutjanus viridis","fish",,23,1978,,TRUE,
218378,"Chordata","Teleostei","Eupercaria incertae sedis","Malacanthidae","Malacanthus","Malacanthus brevirostris","fish",,7,1998,,TRUE,
276148,"Chordata","Teleostei","Eupercaria incertae sedis","Sciaenidae","Menticirrhus","Menticirrhus paitensis","fish",,3,1998,,TRUE,
276038,"Chordata","Teleostei","Eupercaria incertae sedis","Scaridae","Nicholsina","Nicholsina denticulata","fish",,2,,,TRUE,
219035,"Chordata","Teleostei","Eupercaria incertae sedis","Labridae","Novaculichthys","Novaculichthys taeniourus","fish",,4,1978,,TRUE,
281838,"Chordata","Teleostei","Eupercaria incertae sedis","Sciaenidae","Odontoscion","Odontoscion eurymesops","fish","VU",3,,,TRUE,
282314,"Chordata","Teleostei","Eupercaria incertae sedis","Labridae","Polylepion","Polylepion cruentum","fish",,1,,,TRUE,
276037,"Chordata","Teleostei","Eupercaria incertae sedis","Priacanthidae","Pristigenys","Pristigenys serrula","fish",,4,1972,,TRUE,
276043,"Chordata","Teleostei","Eupercaria incertae sedis","Scaridae","Scarus","Scarus compressus","fish",,2,,,TRUE,
219127,"Chordata","Teleostei","Eupercaria incertae sedis","Scaridae","Scarus","Scarus ghobban","fish",,4,,,TRUE,
276057,"Chordata","Teleostei","Eupercaria incertae sedis","Scaridae","Scarus","Scarus perrico","fish",,3,,,TRUE,
219124,"Chordata","Teleostei","Eupercaria incertae sedis","Scaridae","Scarus","Scarus rubroviolaceus","fish",,7,1975,,TRUE,
282752,"Chordata","Teleostei","Eupercaria incertae sedis","Labridae","Semicossyphus","Semicossyphus darwini","fish",,1,,,TRUE,
277106,"Chordata","Teleostei","Eupercaria incertae sedis","Labridae","Stethojulis","Stethojulis bandanensis","fish",,9,1994,,TRUE,
273580,"Chordata","Teleostei","Eupercaria incertae sedis","Labridae","Thalassoma","Thalassoma grammaticum","fish",,12,1978,,TRUE,
273584,"Chordata","Teleostei","Eupercaria incertae sedis","Labridae","Thalassoma","Thalassoma lucasanum","fish",,30,1998,,TRUE,
273585,"Chordata","Teleostei","Eupercaria incertae sedis","Labridae","Thalassoma","Thalassoma lutescens","fish",,3,1964,,TRUE,
212213,"Chordata","Teleostei","Eupercaria incertae sedis","Labridae","Thalassoma","Thalassoma purpureum","fish",,2,,,TRUE,
273798,"Chordata","Teleostei","Eupercaria incertae sedis","Sciaenidae","Umbrina","Umbrina galapagorum","fish","VU",3,,,TRUE,
273805,"Chordata","Teleostei","Eupercaria incertae sedis","Sciaenidae","Umbrina","Umbrina xanti","fish",,11,1975,,TRUE,
273612,"Chordata","Teleostei","Eupercaria incertae sedis","Labridae","Xyrichtys","Xyrichtys victori","fish","VU",3,1993,,TRUE,
272290,"Chordata","Teleostei","Gadiformes","Bregmacerotidae","Bregmaceros","Bregmaceros bathymaster","fish",,1,,,TRUE,
280260,"Chordata","Teleostei","Gadiformes","Macrouridae","Coelorinchus","Coelorinchus canus","fish",,1,,,TRUE,
272316,"Chordata","Teleostei","Gadiformes","Macrouridae","Coryphaenoides","Coryphaenoides anguliceps","fish",,5,1891,,TRUE,
272319,"Chordata","Teleostei","Gadiformes","Macrouridae","Coryphaenoides","Coryphaenoides boops","fish",,1,,,TRUE,
272320,"Chordata","Teleostei","Gadiformes","Macrouridae","Coryphaenoides","Coryphaenoides bucephalus","fish",,2,,,TRUE,
272321,"Chordata","Teleostei","Gadiformes","Macrouridae","Coryphaenoides","Coryphaenoides bulbiceps","fish",,1,,,TRUE,
272327,"Chordata","Teleostei","Gadiformes","Macrouridae","Coryphaenoides","Coryphaenoides delsolari","fish",,1,,,TRUE,
277199,"Chordata","Teleostei","Gadiformes","Macrouridae","Mataeocephalus","Mataeocephalus tenuicauda","fish",,1,,,TRUE,
272451,"Chordata","Teleostei","Gadiformes","Merlucciidae","Merluccius","Merluccius angustimanus","fish",,1,,,TRUE,
293628,"Chordata","Teleostei","Gadiformes","Merlucciidae","Merluccius","Merluccius gayi","fish",,2,1977,,TRUE,
272404,"Chordata","Teleostei","Gadiformes","Macrouridae","Nezumia","Nezumia convergens","fish",,1,,,TRUE,
279681,"Chordata","Teleostei","Gobiesociformes","Gobiesocidae","Arcos","Arcos decoris","fish",,2,,,TRUE,
279684,"Chordata","Teleostei","Gobiesociformes","Gobiesocidae","Arcos","Arcos poecilophthalmos","fish",,4,1929,,TRUE,
279685,"Chordata","Teleostei","Gobiesociformes","Gobiesocidae","Arcos","Arcos rhodospilus","fish",,7,1978,,TRUE,
275663,"Chordata","Teleostei","Gobiesociformes","Gobiesocidae","Gobiesox","Gobiesox adustus","fish",,5,1964,,TRUE,
275682,"Chordata","Teleostei","Gobiesociformes","Gobiesocidae","Gobiesox","Gobiesox woodsi","fish","VU",10,1978,,TRUE,
282989,"Chordata","Teleostei","Gobiesociformes","Gobiesocidae","Tomicodon","Tomicodon chilensis","fish",,1,,,TRUE,
282998,"Chordata","Teleostei","Gobiesociformes","Gobiesocidae","Tomicodon","Tomicodon petersii","fish",,4,,,TRUE,
283003,"Chordata","Teleostei","Gobiesociformes","Gobiesocidae","Tomicodon","Tomicodon vermiculatus","fish","VU",8,1978,,TRUE,
277629,"Chordata","Teleostei","Gobiiformes","Gobiidae","Bathygobius","Bathygobius lineatus","fish","VU",1,,,TRUE,
277636,"Chordata","Teleostei","Gobiiformes","Gobiidae","Bathygobius","Bathygobius ramosus","fish",,26,1998,,TRUE,
277638,"Chordata","Teleostei","Gobiiformes","Gobiidae","Bathygobius","Bathygobius soporator","fish",,2,1925,,TRUE,
280165,"Chordata","Teleostei","Gobiiformes","Gobiidae","Chriolepis","Chriolepis atrimelum","fish",,2,,,TRUE,
280168,"Chordata","Teleostei","Gobiiformes","Gobiidae","Chriolepis","Chriolepis dialepta","fish","VU",20,1998,,TRUE,
280208,"Chordata","Teleostei","Gobiiformes","Microdesmidae","Clarkichthys","Clarkichthys bilineatus","fish",,3,1978,,TRUE,
276435,"Chordata","Teleostei","Gobiiformes","Gobiidae","Coryphopterus","Coryphopterus urospilus","fish",,2,,,TRUE,
277804,"Chordata","Teleostei","Gobiiformes","Eleotridae","Eleotris","Eleotris picta","fish",,11,1992,,TRUE,
280897,"Chordata","Teleostei","Gobiiformes","Eleotridae","Gobiomorus","Gobiomorus maculatus","fish",,2,,,TRUE,
280908,"Chordata","Teleostei","Gobiiformes","Gobiidae","Gobulus","Gobulus crescentalis","fish",,3,,,TRUE,
280909,"Chordata","Teleostei","Gobiiformes","Gobiidae","Gobulus","Gobulus hancocki","fish",,9,1978,,TRUE,
281453,"Chordata","Teleostei","Gobiiformes","Gobiidae","Lythrypnus","Lythrypnus alphigena","fish",,5,1989,,TRUE,
281455,"Chordata","Teleostei","Gobiiformes","Gobiidae","Lythrypnus","Lythrypnus cobalus","fish",,18,1998,,TRUE,
281457,"Chordata","Teleostei","Gobiiformes","Gobiidae","Lythrypnus","Lythrypnus dalli","fish",,2,,,TRUE,
281462,"Chordata","Teleostei","Gobiiformes","Gobiidae","Lythrypnus","Lythrypnus lavenbergi","fish",,2,,,TRUE,
281469,"Chordata","Teleostei","Gobiiformes","Gobiidae","Lythrypnus","Lythrypnus rhizophora","fish",,16,1989,,TRUE,
282679,"Chordata","Teleostei","Gobiiformes","Schindleriidae","Schindleria","Schindleria praematura","fish",,3,1982,,TRUE,
282775,"Chordata","Teleostei","Gobiiformes","Gobiidae","Sicydium","Sicydium cocoense","fish",,31,1998,,TRUE,
282790,"Chordata","Teleostei","Gobiiformes","Gobiidae","Signigobius","Signigobius biocellatus","fish",,1,,,TRUE,
1043431,"Chordata","Teleostei","Gobiiformes","Gobiidae","Tigrigobius","Tigrigobius nesiotes","fish",,18,1998,,TRUE,
217625,"Chordata","Teleostei","Gonorynchiformes","Chanidae","Chanos","Chanos chanos","fish",,2,,,TRUE,
217927,"Chordata","Teleostei","Holocentriformes","Holocentridae","Myripristis","Myripristis berndti","fish",,11,1978,,TRUE,
276199,"Chordata","Teleostei","Holocentriformes","Holocentridae","Myripristis","Myripristis leiognathus","fish",,24,1978,,TRUE,
217925,"Chordata","Teleostei","Holocentriformes","Holocentridae","Myripristis","Myripristis murdjan","fish",,6,1975,,TRUE,
217937,"Chordata","Teleostei","Holocentriformes","Holocentridae","Plectrypops","Plectrypops lima","fish",,7,1975,,TRUE,
1021098,"Chordata","Teleostei","Holocentriformes","Holocentridae","Sargocentron","Sargocentron suborbitale","fish",,24,1978,,TRUE,
272977,"Chordata","Teleostei","Kurtiformes","Apogonidae","Apogon","Apogon atradorsatus","fish",,27,1998,,TRUE,
272978,"Chordata","Teleostei","Kurtiformes","Apogonidae","Apogon","Apogon atricaudus","fish",,1,,,TRUE,
273009,"Chordata","Teleostei","Kurtiformes","Apogonidae","Apogon","Apogon dovii","fish",,6,1964,,TRUE,
273065,"Chordata","Teleostei","Kurtiformes","Apogonidae","Apogon","Apogon pacificus","fish",,2,,,TRUE,
273084,"Chordata","Teleostei","Kurtiformes","Apogonidae","Apogon","Apogon retrosella","fish",,2,,,TRUE,
1605256,"Chordata","Teleostei","Lophiiformes","Antennariidae","Abantennarius","Abantennarius coccineus","fish",,14,1978,,TRUE,
1592389,"Chordata","Teleostei","Lophiiformes","Antennariidae","Abantennarius","Abantennarius sanguineus","fish",,11,1998,,TRUE,
217852,"Chordata","Teleostei","Lophiiformes","Antennariidae","Antennarius","Antennarius commerson","fish",,2,,,TRUE,
279164,"Chordata","Teleostei","Lophiiformes","Antennariidae","Antennatus","Antennatus strigatus","fish",,2,,,TRUE,
280133,"Chordata","Teleostei","Lophiiformes","Chaunacidae","Chaunacops","Chaunacops coloratus","fish",,1,,,TRUE,
272605,"Chordata","Teleostei","Lophiiformes","Ogcocephalidae","Dibranchus","Dibranchus cracens","fish",,1,,,TRUE,
272607,"Chordata","Teleostei","Lophiiformes","Ogcocephalidae","Dibranchus","Dibranchus erinaceus","fish",,1,,,TRUE,
272608,"Chordata","Teleostei","Lophiiformes","Ogcocephalidae","Dibranchus","Dibranchus hystrix","fish",,1,,,TRUE,
126562,"Chordata","Teleostei","Lophiiformes","Oneirodidae","Dolopichthys","Dolopichthys allector","fish",,2,,,TRUE,
712506,"Chordata","Teleostei","Lophiiformes","Antennariidae","Fowlerichthys","Fowlerichthys avalonis","fish",,5,1989,,TRUE,
272589,"Chordata","Teleostei","Lophiiformes","Linophrynidae","Linophryne","Linophryne arcturi","fish",,1,,,TRUE,
278525,"Chordata","Teleostei","Lophiiformes","Lophiidae","Lophiodes","Lophiodes caulinaris","fish",,3,,,TRUE,
278534,"Chordata","Teleostei","Lophiiformes","Lophiidae","Lophiodes","Lophiodes spilurus","fish",,2,,,TRUE,
217838,"Chordata","Teleostei","Lophiiformes","Lophiidae","Lophiomus","Lophiomus setigerus","fish",,2,1972,,TRUE,
275906,"Chordata","Teleostei","Lophiiformes","Ogcocephalidae","Ogcocephalus","Ogcocephalus darwini","fish",,4,1989,,TRUE,
275911,"Chordata","Teleostei","Lophiiformes","Ogcocephalidae","Ogcocephalus","Ogcocephalus porrectus","fish",,22,1998,,TRUE,
283203,"Chordata","Teleostei","Lophiiformes","Ogcocephalidae","Zalieutes","Zalieutes elater","fish",,5,1977,,TRUE,
280101,"Chordata","Teleostei","Mugiliformes","Mugilidae","Chaenomugil","Chaenomugil proboscideus","fish",,3,,,TRUE,
1042835,"Chordata","Teleostei","Mugiliformes","Mugilidae","Dajaus","Dajaus monticola","fish",,8,1972,,TRUE,
126983,"Chordata","Teleostei","Mugiliformes","Mugilidae","Mugil","Mugil cephalus","fish",,2,,,TRUE,
159416,"Chordata","Teleostei","Mugiliformes","Mugilidae","Mugil","Mugil curema","fish",,2,,,TRUE,
293658,"Chordata","Teleostei","Mugiliformes","Mugilidae","Mugil","Mugil thoburni","fish",,5,,,TRUE,
277990,"Chordata","Teleostei","Mulliformes","Mullidae","Mulloidichthys","Mulloidichthys dentatus","fish",,8,1978,,TRUE,
218669,"Chordata","Teleostei","Mulliformes","Mullidae","Parupeneus","Parupeneus forsskali","fish",,1,1932,,TRUE,
272684,"Chordata","Teleostei","Myctophiformes","Myctophidae","Diaphus","Diaphus pacificus","fish",,1,,,TRUE,
272701,"Chordata","Teleostei","Myctophiformes","Myctophidae","Diogenichthys","Diogenichthys laternatus","fish",,2,1964,,TRUE,
272702,"Chordata","Teleostei","Myctophiformes","Myctophidae","Gonichthys","Gonichthys tenuiculus","fish",,1,,,TRUE,
301525,"Chordata","Teleostei","Myctophiformes","Myctophidae","Lampanyctus","Lampanyctus idostigma","fish",,1,,,TRUE,
272714,"Chordata","Teleostei","Myctophiformes","Myctophidae","Lampanyctus","Lampanyctus omostigma","fish",,1,,,TRUE,
217715,"Chordata","Teleostei","Myctophiformes","Myctophidae","Myctophum","Myctophum aurolaternatum","fish",,7,1964,,TRUE,
126626,"Chordata","Teleostei","Myctophiformes","Myctophidae","Myctophum","Myctophum nitidulum","fish",,2,,,TRUE,
126629,"Chordata","Teleostei","Myctophiformes","Myctophidae","Notolychnus","Notolychnus valdiviae","fish",,2,1958,,TRUE,
126636,"Chordata","Teleostei","Myctophiformes","Neoscopelidae","Scopelengys","Scopelengys tristis","fish",,1,,,TRUE,
217718,"Chordata","Teleostei","Myctophiformes","Myctophidae","Symbolophorus","Symbolophorus evermanni","fish",,3,1925,,TRUE,
272735,"Chordata","Teleostei","Myctophiformes","Myctophidae","Symbolophorus","Symbolophorus reversus","fish",,2,,,TRUE,
278566,"Chordata","Teleostei","Myctophiformes","Myctophidae","Triphoturus","Triphoturus mexicanus","fish",,1,,,TRUE,
275890,"Chordata","Teleostei","Ophidiiformes","Ophidiidae","Brotula","Brotula ordwayi","fish",,2,,,TRUE,
272798,"Chordata","Teleostei","Ophidiiformes","Ophidiidae","Brotulotaenia","Brotulotaenia nielseni","fish",,1,,,TRUE,
272778,"Chordata","Teleostei","Ophidiiformes","Carapidae","Carapus","Carapus dubius","fish",,3,1972,,TRUE,
272768,"Chordata","Teleostei","Ophidiiformes","Bythitidae","Cataetyx","Cataetyx simus","fish",,1,,,TRUE,
272782,"Chordata","Teleostei","Ophidiiformes","Carapidae","Echiodon","Echiodon exsilium","fish",,5,1972,,TRUE,
279269,"Chordata","Teleostei","Ophidiiformes","Carapidae","Encheliophis","Encheliophis vermicularis","fish",,2,,,TRUE,
272770,"Chordata","Teleostei","Ophidiiformes","Bythitidae","Grammonus","Grammonus diagrammus","fish",,2,,,TRUE,
275624,"Chordata","Teleostei","Ophidiiformes","Ophidiidae","Lepophidium","Lepophidium pardale","fish",,1,,,TRUE,
281845,"Chordata","Teleostei","Ophidiiformes","Bythitidae","Ogilbia","Ogilbia cocoensis","fish","VU",10,1978,,TRUE,
275633,"Chordata","Teleostei","Ophidiiformes","Ophidiidae","Otophidium","Otophidium indefatigabile","fish",,9,1993,,TRUE,
282224,"Chordata","Teleostei","Ophidiiformes","Ophidiidae","Petrotyx","Petrotyx hopkinsi","fish",,6,1978,,TRUE,
275635,"Chordata","Teleostei","Ophidiiformes","Ophidiidae","Porogadus","Porogadus atripectus","fish",,1,,,TRUE,
275639,"Chordata","Teleostei","Ophidiiformes","Ophidiidae","Porogadus","Porogadus longiceps","fish",,1,,,TRUE,
126653,"Chordata","Teleostei","Ophidiiformes","Aphyonidae","Sciadonus","Sciadonus pedicellaris","fish",,1,,,TRUE,
273696,"Chordata","Teleostei","Ovalentaria incertae sedis","Pomacentridae","Abudefduf","Abudefduf concolor","fish",,4,1978,,TRUE,
273698,"Chordata","Teleostei","Ovalentaria incertae sedis","Pomacentridae","Abudefduf","Abudefduf declivifrons","fish",,2,1974,,TRUE,
273702,"Chordata","Teleostei","Ovalentaria incertae sedis","Pomacentridae","Abudefduf","Abudefduf troschelii","fish",,6,1975,,TRUE,
1580692,"Chordata","Teleostei","Ovalentaria incertae sedis","Pomacentridae","Azurina","Azurina atrilobata","fish",,4,,,TRUE,
279851,"Chordata","Teleostei","Ovalentaria incertae sedis","Pomacentridae","Azurina","Azurina eupalama","fish","CR",3,,,TRUE,
273710,"Chordata","Teleostei","Ovalentaria incertae sedis","Pomacentridae","Chromis","Chromis alta","fish",,2,,,TRUE,
281570,"Chordata","Teleostei","Ovalentaria incertae sedis","Pomacentridae","Microspathodon","Microspathodon bairdii","fish",,15,1978,,TRUE,
281572,"Chordata","Teleostei","Ovalentaria incertae sedis","Pomacentridae","Microspathodon","Microspathodon dorsalis","fish",,7,1978,,TRUE,
276469,"Chordata","Teleostei","Ovalentaria incertae sedis","Opistognathidae","Opistognathus","Opistognathus panamaensis","fish",,5,1994,,TRUE,
276658,"Chordata","Teleostei","Ovalentaria incertae sedis","Pomacentridae","Stegastes","Stegastes acapulcoensis","fish",,4,1978,,TRUE,
276662,"Chordata","Teleostei","Ovalentaria incertae sedis","Pomacentridae","Stegastes","Stegastes arcifrons","fish",,45,1998,,TRUE,
276665,"Chordata","Teleostei","Ovalentaria incertae sedis","Pomacentridae","Stegastes","Stegastes beebei","fish","VU",10,1998,,TRUE,
276668,"Chordata","Teleostei","Ovalentaria incertae sedis","Pomacentridae","Stegastes","Stegastes flavilatus","fish",,7,1975,,TRUE,
276673,"Chordata","Teleostei","Ovalentaria incertae sedis","Pomacentridae","Stegastes","Stegastes leucorus","fish","VU",1,,,TRUE,
279568,"Chordata","Teleostei","Perciformes","Serranidae","Alphestes","Alphestes immaculatus","fish",,3,,,TRUE,
279569,"Chordata","Teleostei","Perciformes","Serranidae","Alphestes","Alphestes multiguttatus","fish",,2,,,TRUE,
276856,"Chordata","Teleostei","Perciformes","Ammodytidae","Ammodytoides","Ammodytoides gilli","fish",,2,,,TRUE,
273828,"Chordata","Teleostei","Perciformes","Serranidae","Anthias","Anthias noeli","fish",,1,,,TRUE,
276273,"Chordata","Teleostei","Perciformes","Triglidae","Bellator","Bellator farrago","fish",,1,,,TRUE,
276275,"Chordata","Teleostei","Perciformes","Triglidae","Bellator","Bellator loxias","fish",,5,,,TRUE,
279152,"Chordata","Teleostei","Perciformes","Serranidae","Cephalopholis","Cephalopholis panamensis","fish",,7,1998,,TRUE,
280421,"Chordata","Teleostei","Perciformes","Serranidae","Cratinus","Cratinus agassizii","fish","NT",1,,,TRUE,
276919,"Chordata","Teleostei","Perciformes","Serranidae","Dermatolepis","Dermatolepis dermatolepis","fish",,21,1978,,TRUE,
273835,"Chordata","Teleostei","Perciformes","Serranidae","Epinephelus","Epinephelus analogus","fish",,3,,,TRUE,
273858,"Chordata","Teleostei","Perciformes","Serranidae","Epinephelus","Epinephelus labriformis","fish",,32,1998,,TRUE,
304761,"Chordata","Teleostei","Perciformes","Serranidae","Epinephelus","Epinephelus quinquefasciatus","fish",,2,,,TRUE,
1605279,"Chordata","Teleostei","Perciformes","Serranidae","Hyporthodus","Hyporthodus cifuentesi","fish",,10,1991,,TRUE,
475099,"Chordata","Teleostei","Perciformes","Serranidae","Hyporthodus","Hyporthodus mystacinus","fish",,1,,,TRUE,
475078,"Chordata","Teleostei","Perciformes","Serranidae","Hyporthodus","Hyporthodus niphobles","fish",,3,1991,,TRUE,
275942,"Chordata","Teleostei","Perciformes","Serranidae","Liopropoma","Liopropoma fasciatum","fish",,2,,,TRUE,
275948,"Chordata","Teleostei","Perciformes","Serranidae","Liopropoma","Liopropoma longilepis","fish",,1,,,TRUE,
273881,"Chordata","Teleostei","Perciformes","Serranidae","Mycteroperca","Mycteroperca olfax","fish","VU",7,1975,,TRUE,
127121,"Chordata","Teleostei","Perciformes","Zoarcidae","Pachycara","Pachycara bulbiceps","fish",,1,,,TRUE,
274554,"Chordata","Teleostei","Perciformes","Liparidae","Paraliparis","Paraliparis attenuatus","fish",,1,,,TRUE,
282083,"Chordata","Teleostei","Perciformes","Serranidae","Paranthias","Paranthias colonus","fish",,21,1989,,TRUE,
282084,"Chordata","Teleostei","Perciformes","Serranidae","Paranthias","Paranthias furcifer","fish",,2,1929,,TRUE,
274638,"Chordata","Teleostei","Perciformes","Peristediidae","Peristedion","Peristedion crustosum","fish",,2,,,TRUE,
712548,"Chordata","Teleostei","Perciformes","Peristediidae","Peristedion","Peristedion nesium","fish",,4,1972,,TRUE,
274683,"Chordata","Teleostei","Perciformes","Scorpaenidae","Pontinus","Pontinus clemensi","fish",,3,,,TRUE,
274685,"Chordata","Teleostei","Perciformes","Scorpaenidae","Pontinus","Pontinus furcirhinus","fish",,8,,,TRUE,
274693,"Chordata","Teleostei","Perciformes","Scorpaenidae","Pontinus","Pontinus sierra","fish",,1,,,TRUE,
274694,"Chordata","Teleostei","Perciformes","Scorpaenidae","Pontinus","Pontinus strigatus","fish",,3,,,TRUE,
282364,"Chordata","Teleostei","Perciformes","Serranidae","Pronotogrammus","Pronotogrammus eos","fish",,2,1977,,TRUE,
282366,"Chordata","Teleostei","Perciformes","Serranidae","Pronotogrammus","Pronotogrammus multifasciatus","fish",,11,1992,,TRUE,
398485,"Chordata","Teleostei","Perciformes","Serranidae","Pseudogramma","Pseudogramma thaumasia","fish",,7,1978,,TRUE,
275957,"Chordata","Teleostei","Perciformes","Serranidae","Rypticus","Rypticus bicolor","fish",,15,1998,,TRUE,
274696,"Chordata","Teleostei","Perciformes","Scorpaenidae","Scorpaena","Scorpaena afuerae","fish",,4,1989,,TRUE,
274703,"Chordata","Teleostei","Perciformes","Scorpaenidae","Scorpaena","Scorpaena cocosensis","fish",,5,1940,,TRUE,
274716,"Chordata","Teleostei","Perciformes","Scorpaenidae","Scorpaena","Scorpaena histrio","fish",,7,1994,,TRUE,
274726,"Chordata","Teleostei","Perciformes","Scorpaenidae","Scorpaena","Scorpaena mystes","fish",,7,1989,,TRUE,
274735,"Chordata","Teleostei","Perciformes","Scorpaenidae","Scorpaena","Scorpaena russula","fish",,3,1994,,TRUE,
474959,"Chordata","Teleostei","Perciformes","Scorpaenidae","Scorpaenodes","Scorpaenodes rubrivinctus","fish",,1,,,TRUE,
274756,"Chordata","Teleostei","Perciformes","Scorpaenidae","Scorpaenodes","Scorpaenodes xyris","fish",,25,1998,,TRUE,
273888,"Chordata","Teleostei","Perciformes","Serranidae","Serranus","Serranus aequidens","fish",,10,1992,,TRUE,
273904,"Chordata","Teleostei","Perciformes","Serranidae","Serranus","Serranus psittacinus","fish",,6,1938,,TRUE,
712607,"Chordata","Teleostei","Perciformes","Serranidae","Serranus","Serranus tico","fish",,17,1994,,TRUE,
279721,"Chordata","Teleostei","Pleuronectiformes","Soleidae","Aseraggodes","Aseraggodes herrei","fish",,9,1978,,TRUE,
274183,"Chordata","Teleostei","Pleuronectiformes","Bothidae","Bothus","Bothus constellatus","fish",,8,1989,,TRUE,
274186,"Chordata","Teleostei","Pleuronectiformes","Bothidae","Bothus","Bothus leopardinus","fish",,3,,,TRUE,
219796,"Chordata","Teleostei","Pleuronectiformes","Bothidae","Bothus","Bothus mancus","fish",,7,1993,,TRUE,
275693,"Chordata","Teleostei","Pleuronectiformes","Paralichthyidae","Citharichthys","Citharichthys platophrys","fish",,3,,,TRUE,
275823,"Chordata","Teleostei","Pleuronectiformes","Paralichthyidae","Hippoglossina","Hippoglossina bollmani","fish",,8,1977,,TRUE,
275840,"Chordata","Teleostei","Pleuronectiformes","Paralichthyidae","Syacium","Syacium latifrons","fish",,4,1977,,TRUE,
275842,"Chordata","Teleostei","Pleuronectiformes","Paralichthyidae","Syacium","Syacium maculiferum","fish",,15,1994,,TRUE,
275843,"Chordata","Teleostei","Pleuronectiformes","Paralichthyidae","Syacium","Syacium ovale","fish",,1,,,TRUE,
274233,"Chordata","Teleostei","Pleuronectiformes","Cynoglossidae","Symphurus","Symphurus atramentatus","fish",,4,,,TRUE,
274240,"Chordata","Teleostei","Pleuronectiformes","Cynoglossidae","Symphurus","Symphurus diabolicus","fish",,1,,,TRUE,
274264,"Chordata","Teleostei","Pleuronectiformes","Cynoglossidae","Symphurus","Symphurus oligomerus","fish",,6,,,TRUE,
274283,"Chordata","Teleostei","Pleuronectiformes","Cynoglossidae","Symphurus","Symphurus varius","fish",,8,1972,,TRUE,
127014,"Chordata","Teleostei","Scombriformes","Scombridae","Acanthocybium","Acanthocybium solandri","fish",,11,1979,,TRUE,
713801,"Chordata","Teleostei","Scombriformes","Scombridae","Auxis","Auxis brachydorax","fish",,2,,,TRUE,
713800,"Chordata","Teleostei","Scombriformes","Scombridae","Auxis","Auxis eudorax","fish",,2,,,TRUE,
127015,"Chordata","Teleostei","Scombriformes","Scombridae","Auxis","Auxis rochei","fish",,1,,,TRUE,
127016,"Chordata","Teleostei","Scombriformes","Scombridae","Auxis","Auxis thazard","fish",,1,,,TRUE,
221416,"Chordata","Teleostei","Scombriformes","Bramidae","Brama","Brama dussumieri","fish",,2,,,TRUE,
159424,"Chordata","Teleostei","Scombriformes","Nomeidae","Cubiceps","Cubiceps pauciradiatus","fish",,2,,,TRUE,
273806,"Chordata","Teleostei","Scombriformes","Scombridae","Euthynnus","Euthynnus lineatus","fish",,10,1972,,TRUE,
126862,"Chordata","Teleostei","Scombriformes","Gempylidae","Gempylus","Gempylus serpens","fish",,4,,,TRUE,
127018,"Chordata","Teleostei","Scombriformes","Scombridae","Katsuwonus","Katsuwonus pelamis","fish",,3,,,TRUE,
126863,"Chordata","Teleostei","Scombriformes","Gempylidae","Lepidocybium","Lepidocybium flavobrunneum","fish",,2,,,TRUE,
126864,"Chordata","Teleostei","Scombriformes","Gempylidae","Nealotus","Nealotus tripes","fish",,2,,,TRUE,
126991,"Chordata","Teleostei","Scombriformes","Nomeidae","Nomeus","Nomeus gronovii","fish",,2,,,TRUE,
273681,"Chordata","Teleostei","Scombriformes","Nomeidae","Psenes","Psenes arafurensis","fish",,1,,,TRUE,
159427,"Chordata","Teleostei","Scombriformes","Nomeidae","Psenes","Psenes cyanophrys","fish",,2,,,TRUE,
273682,"Chordata","Teleostei","Scombriformes","Nomeidae","Psenes","Psenes sio","fish",,1,,,TRUE,
219713,"Chordata","Teleostei","Scombriformes","Scombridae","Sarda","Sarda orientalis","fish",,2,,,TRUE,
127022,"Chordata","Teleostei","Scombriformes","Scombridae","Scomber","Scomber japonicus","fish",,3,,,TRUE,
273821,"Chordata","Teleostei","Scombriformes","Scombridae","Scomberomorus","Scomberomorus sierra","fish",,2,,,TRUE,
282760,"Chordata","Teleostei","Scombriformes","Centrolophidae","Seriolella","Seriolella violacea","fish",,1,,,TRUE,
126787,"Chordata","Teleostei","Scombriformes","Bramidae","Taractes","Taractes rubescens","fish",,2,,,TRUE,
127027,"Chordata","Teleostei","Scombriformes","Scombridae","Thunnus","Thunnus albacares","fish","NT",5,1972,,TRUE,
127028,"Chordata","Teleostei","Scombriformes","Scombridae","Thunnus","Thunnus obesus","fish","VU",3,,,TRUE,
127089,"Chordata","Teleostei","Scombriformes","Trichiuridae","Trichiurus","Trichiurus lepturus","fish",,1,,,TRUE,
158836,"Chordata","Teleostei","Stomiiformes","Sternoptychidae","Argyropelecus","Argyropelecus lychnus","fish",,1,,,TRUE,
127328,"Chordata","Teleostei","Stomiiformes","Stomiidae","Astronesthes","Astronesthes niger","fish",,1,,,TRUE,
275045,"Chordata","Teleostei","Stomiiformes","Stomiidae","Bathophilus","Bathophilus filifer","fish",,1,,,TRUE,
275052,"Chordata","Teleostei","Stomiiformes","Stomiidae","Borostomias","Borostomias panamensis","fish",,1,,,TRUE,
275053,"Chordata","Teleostei","Stomiiformes","Stomiidae","Chauliodus","Chauliodus barbatus","fish",,1,,,TRUE,
127282,"Chordata","Teleostei","Stomiiformes","Gonostomatidae","Cyclothone","Cyclothone acclinidens","fish",,1,,,TRUE,
127292,"Chordata","Teleostei","Stomiiformes","Gonostomatidae","Diplophos","Diplophos taenia","fish",,3,1958,,TRUE,
274954,"Chordata","Teleostei","Stomiiformes","Phosichthyidae","Ichthyococcus","Ichthyococcus irregularis","fish",,1,,,TRUE,
127314,"Chordata","Teleostei","Stomiiformes","Sternoptychidae","Sternoptyx","Sternoptyx diaphana","fish",,1,,,TRUE,
275004,"Chordata","Teleostei","Stomiiformes","Sternoptychidae","Sternoptyx","Sternoptyx obscura","fish",,1,,,TRUE,
275178,"Chordata","Teleostei","Stomiiformes","Stomiidae","Stomias","Stomias atriventer","fish",,1,,,TRUE,
274961,"Chordata","Teleostei","Stomiiformes","Phosichthyidae","Vinciguerria","Vinciguerria lucetia","fish",,3,1958,,TRUE,
217964,"Chordata","Teleostei","Syngnathiformes","Aulostomidae","Aulostomus","Aulostomus chinensis","fish",,20,1998,,TRUE,
276236,"Chordata","Teleostei","Syngnathiformes","Syngnathidae","Bryx","Bryx veleronis","fish",,3,1993,,TRUE,
293571,"Chordata","Teleostei","Syngnathiformes","Syngnathidae","Cosmocampus","Cosmocampus arctus","fish",,2,,,TRUE,
218002,"Chordata","Teleostei","Syngnathiformes","Syngnathidae","Doryrhamphus","Doryrhamphus excisus","fish",,20,1998,,TRUE,
217966,"Chordata","Teleostei","Syngnathiformes","Fistulariidae","Fistularia","Fistularia commersonii","fish",,4,,,TRUE,
276231,"Chordata","Teleostei","Syngnathiformes","Fistulariidae","Fistularia","Fistularia corneta","fish",,2,,,TRUE,
275197,"Chordata","Teleostei","Syngnathiformes","Syngnathidae","Hippocampus","Hippocampus ingens","fish","VU",3,1972,,TRUE,
275217,"Chordata","Teleostei","Syngnathiformes","Syngnathidae","Syngnathus","Syngnathus auliscus","fish",,3,1998,,TRUE,
127407,"Chordata","Teleostei","Tetraodontiformes","Monacanthidae","Aluterus","Aluterus monoceros","fish",,4,1955,,TRUE,
159491,"Chordata","Teleostei","Tetraodontiformes","Monacanthidae","Aluterus","Aluterus scriptus","fish",,5,1975,,TRUE,
219925,"Chordata","Teleostei","Tetraodontiformes","Tetraodontidae","Arothron","Arothron hispidus","fish",,4,1975,,TRUE,
219926,"Chordata","Teleostei","Tetraodontiformes","Tetraodontidae","Arothron","Arothron meleagris","fish",,16,1978,,TRUE,
275234,"Chordata","Teleostei","Tetraodontiformes","Balistidae","Balistes","Balistes polylepis","fish",,6,1992,,TRUE,
276248,"Chordata","Teleostei","Tetraodontiformes","Monacanthidae","Cantherhines","Cantherhines dumerilii","fish",,3,,,TRUE,
127398,"Chordata","Teleostei","Tetraodontiformes","Balistidae","Canthidermis","Canthidermis maculata","fish",,9,1974,,TRUE,
275264,"Chordata","Teleostei","Tetraodontiformes","Tetraodontidae","Canthigaster","Canthigaster punctatissima","fish",,22,1988,,TRUE,
219964,"Chordata","Teleostei","Tetraodontiformes","Diodontidae","Chilomycterus","Chilomycterus reticulatus","fish",,2,,,TRUE,
127401,"Chordata","Teleostei","Tetraodontiformes","Diodontidae","Diodon","Diodon eydouxii","fish",,2,,,TRUE,
127402,"Chordata","Teleostei","Tetraodontiformes","Diodontidae","Diodon","Diodon holocanthus","fish",,6,1994,,TRUE,
127403,"Chordata","Teleostei","Tetraodontiformes","Diodontidae","Diodon","Diodon hystrix","fish",,3,,,TRUE,
127414,"Chordata","Teleostei","Tetraodontiformes","Tetraodontidae","Lagocephalus","Lagocephalus lagocephalus","fish",,2,,,TRUE,
219881,"Chordata","Teleostei","Tetraodontiformes","Balistidae","Melichthys","Melichthys niger","fish",,15,1972,,TRUE,
219879,"Chordata","Teleostei","Tetraodontiformes","Balistidae","Melichthys","Melichthys vidua","fish",,3,1988,,TRUE,
127405,"Chordata","Teleostei","Tetraodontiformes","Molidae","Mola","Mola mola","fish","VU",2,,,TRUE,
219905,"Chordata","Teleostei","Tetraodontiformes","Ostraciidae","Ostracion","Ostracion meleagris","fish",,8,1975,,TRUE,
279224,"Chordata","Teleostei","Tetraodontiformes","Monacanthidae","Pervagor","Pervagor spilosoma","fish",,1,,,TRUE,
279161,"Chordata","Teleostei","Tetraodontiformes","Balistidae","Pseudobalistes","Pseudobalistes naufragium","fish",,2,,,TRUE,
127406,"Chordata","Teleostei","Tetraodontiformes","Molidae","Ranzania","Ranzania laevis","fish",,2,,,TRUE,
275271,"Chordata","Teleostei","Tetraodontiformes","Tetraodontidae","Sphoeroides","Sphoeroides angusticeps","fish",,2,,,TRUE,
275279,"Chordata","Teleostei","Tetraodontiformes","Tetraodontidae","Sphoeroides","Sphoeroides lobatus","fish",,4,1975,,TRUE,
276853,"Chordata","Teleostei","Tetraodontiformes","Balistidae","Sufflamen","Sufflamen verres","fish",,14,1993,,TRUE,
219898,"Chordata","Teleostei","Tetraodontiformes","Balistidae","Xanthichthys","Xanthichthys caeruleolineatus","fish",,2,,,TRUE,
276247,"Chordata","Teleostei","Tetraodontiformes","Balistidae","Xanthichthys","Xanthichthys mento","fish",,3,1988,,TRUE,
137105,"Chordata","Mammalia","Cetartiodactyla","Delphinidae","Stenella","Stenella attenuata","mammal",,1,1987,,TRUE,
137107,"Chordata","Mammalia","Cetartiodactyla","Delphinidae","Stenella","Stenella coeruleoalba","mammal",,4,2006,,TRUE,
368867,"Chordata","Mammalia","Cetartiodactyla","Delphinidae","Stenella","Stenella longirostris","mammal",,1,1987,,TRUE,
137110,"Chordata","Mammalia","Cetartiodactyla","Delphinidae","Steno","Steno bredanensis","mammal",,1,1987,,TRUE,
137111,"Chordata","Mammalia","Cetartiodactyla","Delphinidae","Tursiops","Tursiops truncatus","mammal",,3,1999,,TRUE,
137206,"Chordata",,"Testudines","Cheloniidae","Chelonia","Chelonia mydas","turtle","EN",4,2005,,TRUE,
137207,"Chordata",,"Testudines","Cheloniidae","Eretmochelys","Eretmochelys imbricata","turtle","CR",2,2014,,TRUE,
220293,"Chordata",,"Testudines","Cheloniidae","Lepidochelys","Lepidochelys olivacea","turtle","VU",3,2012,,TRUE,
