"AphiaID","phylum","class","order","family","genus","species","group","redlist_category","records","max_year","target_gene","source_obis","source_dna"
105789,"Chordata","Elasmobranchii","Carcharhiniformes","Carcharhinidae","Carcharhinus","Carcharhinus falciformis","fish","VU",1,,,TRUE,
105792,"Chordata","Elasmobranchii","Carcharhiniformes","Carcharhinidae","Carcharhinus","Carcharhinus leucas","fish","NT",3,1977,,TRUE,
105793,"Chordata","Elasmobranchii","Carcharhiniformes","Carcharhinidae","Carcharhinus","Carcharhinus limbatus","fish","NT",1,,,TRUE,
105797,"Chordata","Elasmobranchii","Carcharhiniformes","Carcharhinidae","Carcharhinus","Carcharhinus plumbeus","fish","VU",1,,,TRUE,
105799,"Chordata","Elasmobranchii","Carcharhiniformes","Carcharhinidae","Galeocerdo","Galeocerdo cuvier","fish","NT",2,,,TRUE,
271355,"Chordata","Elasmobranchii","Carcharhiniformes","Pentanchidae","Galeus","Galeus arae","fish",,3,,,TRUE,
271392,"Chordata","Elasmobranchii","Carcharhiniformes","Triakidae","Mustelus","Mustelus norrisi","fish",,1,,,TRUE,
105800,"Chordata","Elasmobranchii","Carcharhiniformes","Carcharhinidae","Negaprion","Negaprion brevirostris","fish","NT",5,,,TRUE,
158510,"Chordata","Elasmobranchii","Carcharhiniformes","Carcharhinidae","Rhizoprionodon","Rhizoprionodon terraenovae","fish",,3,1996,,TRUE,
105816,"Chordata","Elasmobranchii","Carcharhiniformes","Sphyrnidae","Sphyrna","Sphyrna lewini","fish","CR",1,,,TRUE,
105817,"Chordata","Elasmobranchii","Carcharhiniformes","Sphyrnidae","Sphyrna","Sphyrna mokarran","fish","CR",4,,,TRUE,
158517,"Chordata","Elasmobranchii","Carcharhiniformes","Sphyrnidae","Sphyrna","Sphyrna tiburo","fish","EN",6,1992,,TRUE,
105838,"Chordata","Elasmobranchii","Lamniformes","Lamnidae","Carcharodon","Carcharodon carcharias","fish","VU",1,,,TRUE,
105839,"Chordata","Elasmobranchii","Lamniformes","Lamnidae","Isurus","Isurus oxyrinchus","fish","EN",1,,,TRUE,
217426,"Chordata","Elasmobranchii","Myliobatiformes","Myliobatidae","Aetobatus","Aetobatus narinari","fish","NT",1,,,TRUE,
158529,"Chordata","Elasmobranchii","Myliobatiformes","Gymnuridae","Gymnura","Gymnura micrura","fish",,1,,,TRUE,
1042856,"Chordata","Elasmobranchii","Myliobatiformes","Dasyatidae","Hypanus","Hypanus americanus","fish","NT",4,2008,,TRUE,
1042864,"Chordata","Elasmobranchii","Myliobatiformes","Dasyatidae","Hypanus","Hypanus sabinus","fish",,2,1964,,TRUE,
1026118,"Chordata","Elasmobranchii","Myliobatiformes","Myliobatidae","Mobula","Mobula birostris","fish","EN",1,,,TRUE,
158544,"Chordata","Elasmobranchii","Myliobatiformes","Myliobatidae","Rhinoptera","Rhinoptera bonasus","fish","VU",1,,,TRUE,
283086,"Chordata","Elasmobranchii","Myliobatiformes","Urotrygonidae","Urobatis","Urobatis jamaicensis","fish",,1,,,TRUE,
105846,"Chordata","Elasmobranchii","Orectolobiformes","Ginglymostomatidae","Ginglymostoma","Ginglymostoma cirratum","fish",,1,,,TRUE,
105847,"Chordata","Elasmobranchii","Orectolobiformes","Rhincodontidae","Rhincodon","Rhincodon typus","fish","EN",4,2010,,TRUE,
275410,"Chordata","Elasmobranchii","Rajiformes","Rajidae","Breviraja","Breviraja claramaculata","fish",,1,,,TRUE,
158547,"Chordata","Elasmobranchii","Rajiformes","Rajidae","Breviraja","Breviraja spinosa","fish",,4,,,TRUE,
277288,"Chordata","Elasmobranchii","Rajiformes","Crurirajidae","Cruriraja","Cruriraja atlantis","fish",,2,,,TRUE,
277291,"Chordata","Elasmobranchii","Rajiformes","Crurirajidae","Cruriraja","Cruriraja rugosa","fish",,3,,,TRUE,
158548,"Chordata","Elasmobranchii","Rajiformes","Rajidae","Dipturus","Dipturus laevis","fish",,1,,,TRUE,
271560,"Chordata","Elasmobranchii","Rajiformes","Rajidae","Dipturus","Dipturus teevani","fish",,2,,,TRUE,
275414,"Chordata","Elasmobranchii","Rajiformes","Rajidae","Fenestraja","Fenestraja atripinna","fish",,1,,,TRUE,
275415,"Chordata","Elasmobranchii","Rajiformes","Rajidae","Fenestraja","Fenestraja cubensis","fish",,3,,,TRUE,
275416,"Chordata","Elasmobranchii","Rajiformes","Rajidae","Fenestraja","Fenestraja ishiyamai","fish",,1,,,TRUE,
158550,"Chordata","Elasmobranchii","Rajiformes","Rajidae","Fenestraja","Fenestraja plutonia","fish",,7,,,TRUE,
158552,"Chordata","Elasmobranchii","Rajiformes","Rajidae","Leucoraja","Leucoraja garmani","fish",,1,,,TRUE,
271584,"Chordata","Elasmobranchii","Rajiformes","Rajidae","Raja","Raja texana","fish",,1,,,TRUE,
105848,"Chordata","Elasmobranchii","Rhinopristiformes","Pristidae","Pristis","Pristis pectinata","fish","CR",4,2012,,TRUE,
1043479,"Chordata","Elasmobranchii","Rhinopristiformes","Rhinobatidae","Pseudobatos","Pseudobatos lentiginosus","fish","VU",2,,,TRUE,
158521,"Chordata","Elasmobranchii","Squaliformes","Etmopteridae","Etmopterus","Etmopterus bullisi","fish",,1,,,TRUE,
105924,"Chordata","Elasmobranchii","Squaliformes","Squalidae","Squalus","Squalus blainville","fish",,2,,,TRUE,
279903,"Chordata","Elasmobranchii","Torpediniformes","Narcinidae","Benthobatis","Benthobatis marcida","fish",,3,,,TRUE,
275386,"Chordata","Elasmobranchii","Torpediniformes","Narcinidae","Narcine","Narcine bancroftii","fish",,1,,,TRUE,
157866,"Chordata","Elasmobranchii","Torpediniformes","Narcinidae","Narcine","Narcine brasiliensis","fish","NT",1,,,TRUE,
159580,"Chordata","Teleostei","Acanthuriformes","Acanthuridae","Acanthurus","Acanthurus chirurgus","fish",,3,1995,,TRUE,
159703,"Chordata","Teleostei","Acanthuriformes","Ephippidae","Chaetodipterus","Chaetodipterus faber","fish",,14,2009,,TRUE,
276012,"Chordata","Teleostei","Acanthuriformes","Pomacanthidae","Holacanthus","Holacanthus ciliaris","fish",,2,1978,,TRUE,
126973,"Chordata","Teleostei","Acanthuriformes","Lobotidae","Lobotes","Lobotes surinamensis","fish",,27,1964,,TRUE,
159287,"Chordata","Teleostei","Acanthuriformes","Pomacanthidae","Pomacanthus","Pomacanthus arcuatus","fish",,2,1971,,TRUE,
276025,"Chordata","Teleostei","Acanthuriformes","Pomacanthidae","Pomacanthus","Pomacanthus paru","fish",,1,,,TRUE,
126994,"Chordata","Teleostei","Acropomatiformes","Howellidae","Howella","Howella brodiei","fish",,1,,,TRUE,
1486846,"Chordata","Teleostei","Acropomatiformes","Acropomatidae","Parascombrops","Parascombrops spinosus","fish",,1,,,TRUE,
282884,"Chordata","Teleostei","Acropomatiformes","Polyprionidae","Stereolepis","Stereolepis gigas","fish","CR",3,,,TRUE,
212256,"Chordata","Teleostei","Albuliformes","Albulidae","Albula","Albula vulpes","fish","NT",10,2009,,TRUE,
158595,"Chordata","Teleostei","Anguilliformes","Ophichthidae","Ahlia","Ahlia egmontis","fish",,3,1958,,TRUE,
158581,"Chordata","Teleostei","Anguilliformes","Muraenidae","Anarchias","Anarchias similis","fish",,1,,,TRUE,
158562,"Chordata","Teleostei","Anguilliformes","Anguillidae","Anguilla","Anguilla rostrata","fish","EN",14,2001,,TRUE,
126283,"Chordata","Teleostei","Anguilliformes","Congridae","Ariosoma","Ariosoma balearicum","fish",,1,,,TRUE,
271736,"Chordata","Teleostei","Anguilliformes","Congridae","Ariosoma","Ariosoma selenops","fish",,1,,,TRUE,
158600,"Chordata","Teleostei","Anguilliformes","Ophichthidae","Bascanichthys","Bascanichthys bascanium","fish",,2,,,TRUE,
158601,"Chordata","Teleostei","Anguilliformes","Ophichthidae","Bascanichthys","Bascanichthys scuticaris","fish",,10,1971,,TRUE,
280152,"Chordata","Teleostei","Anguilliformes","Chlopsidae","Chilorhinus","Chilorhinus suensonii","fish",,1,,,TRUE,
271805,"Chordata","Teleostei","Anguilliformes","Muraenidae","Enchelycore","Enchelycore carychroa","fish",,1,,,TRUE,
271840,"Chordata","Teleostei","Anguilliformes","Muraenidae","Gymnothorax","Gymnothorax hubbsi","fish",,1,1960,,TRUE,
158584,"Chordata","Teleostei","Anguilliformes","Muraenidae","Gymnothorax","Gymnothorax moringa","fish",,5,1977,,TRUE,
271860,"Chordata","Teleostei","Anguilliformes","Muraenidae","Gymnothorax","Gymnothorax nigromarginatus","fish",,4,1984,,TRUE,
271865,"Chordata","Teleostei","Anguilliformes","Muraenidae","Gymnothorax","Gymnothorax ocellatus","fish",,1,,,TRUE,
158585,"Chordata","Teleostei","Anguilliformes","Muraenidae","Gymnothorax","Gymnothorax saxicola","fish",,1,,,TRUE,
126302,"Chordata","Teleostei","Anguilliformes","Muraenidae","Gymnothorax","Gymnothorax vicinus","fish",,1,,,TRUE,
158591,"Chordata","Teleostei","Anguilliformes","Nettastomatidae","Hoplunnis","Hoplunnis tenuis","fish",,2,,,TRUE,
158642,"Chordata","Teleostei","Anguilliformes","Ophichthidae","Myrophis","Myrophis platyrhynchus","fish",,1,,,TRUE,
158643,"Chordata","Teleostei","Anguilliformes","Ophichthidae","Myrophis","Myrophis punctatus","fish",,40,2005,,TRUE,
126306,"Chordata","Teleostei","Anguilliformes","Nemichthyidae","Nemichthys","Nemichthys scolopaceus","fish",,1,,,TRUE,
126292,"Chordata","Teleostei","Anguilliformes","Derichthyidae","Nessorhamphus","Nessorhamphus ingolfianus","fish",,1,,,TRUE,
299709,"Chordata","Teleostei","Anguilliformes","Nettastomatidae","Nettastoma","Nettastoma melanura","fish",,1,,,TRUE,
271955,"Chordata","Teleostei","Anguilliformes","Ophichthidae","Ophichthus","Ophichthus gomesii","fish",,5,1971,,TRUE,
126290,"Chordata","Teleostei","Anguilliformes","Congridae","Pseudophichthys","Pseudophichthys splendens","fish",,1,,,TRUE,
158718,"Chordata","Teleostei","Argentiniformes","Argentinidae","Argentina","Argentina striata","fish",,1,2006,,TRUE,
126720,"Chordata","Teleostei","Argentiniformes","Bathylagidae","Dolicholagus","Dolicholagus longirostris","fish",,2,,,TRUE,
126724,"Chordata","Teleostei","Argentiniformes","Microstomatidae","Microstoma","Microstoma microstoma","fish",,1,,,TRUE,
158739,"Chordata","Teleostei","Ateleopodiformes","Ateleopodidae","Ijimaia","Ijimaia antillarum","fish",,2,,,TRUE,
272038,"Chordata","Teleostei","Atheriniformes","Atherinidae","Atherinomorus","Atherinomorus stipes","fish",,40,2009,,TRUE,
277722,"Chordata","Teleostei","Atheriniformes","Atherinidae","Hypoatherina","Hypoatherina harringtonensis","fish",,5,2008,,TRUE,
159220,"Chordata","Teleostei","Atheriniformes","Atherinopsidae","Membras","Membras martinica","fish",,11,2007,,TRUE,
275928,"Chordata","Teleostei","Atheriniformes","Atherinopsidae","Membras","Membras vagrans","fish",,2,1964,,TRUE,
159227,"Chordata","Teleostei","Atheriniformes","Atherinopsidae","Menidia","Menidia beryllina","fish",,31,1984,,TRUE,
159228,"Chordata","Teleostei","Atheriniformes","Atherinopsidae","Menidia","Menidia menidia","fish",,1,1949,,TRUE,
275933,"Chordata","Teleostei","Atheriniformes","Atherinopsidae","Menidia","Menidia peninsulae","fish",,2,1976,,TRUE,
126336,"Chordata","Teleostei","Aulopiformes","Chlorophthalmidae","Chlorophthalmus","Chlorophthalmus agassizi","fish",,1,,,TRUE,
126353,"Chordata","Teleostei","Aulopiformes","Paralepididae","Lestidiops","Lestidiops affinis","fish",,2,,,TRUE,
126354,"Chordata","Teleostei","Aulopiformes","Paralepididae","Lestidiops","Lestidiops jayakari","fish",,1,,,TRUE,
158871,"Chordata","Teleostei","Aulopiformes","Paralepididae","Lestidium","Lestidium atlanticum","fish",,1,,,TRUE,
126340,"Chordata","Teleostei","Aulopiformes","Evermannellidae","Odontostomops","Odontostomops normalops","fish",,1,,,TRUE,
158755,"Chordata","Teleostei","Aulopiformes","Scopelarchidae","Scopelarchoides","Scopelarchoides danae","fish",,1,,,TRUE,
126367,"Chordata","Teleostei","Aulopiformes","Scopelarchidae","Scopelarchus","Scopelarchus analis","fish",,3,,,TRUE,
126368,"Chordata","Teleostei","Aulopiformes","Scopelarchidae","Scopelarchus","Scopelarchus michaelsarsi","fish",,1,,,TRUE,
275614,"Chordata","Teleostei","Aulopiformes","Paralepididae","Stemonosudis","Stemonosudis siliquiventer","fish",,1,,,TRUE,
126362,"Chordata","Teleostei","Aulopiformes","Paralepididae","Sudis","Sudis hyalina","fish",,2,,,TRUE,
158758,"Chordata","Teleostei","Aulopiformes","Synodontidae","Synodus","Synodus foetens","fish",,33,2011,,TRUE,
158759,"Chordata","Teleostei","Aulopiformes","Synodontidae","Synodus","Synodus intermedius","fish",,1,,,TRUE,
158760,"Chordata","Teleostei","Aulopiformes","Synodontidae","Synodus","Synodus poeyi","fish",,2,2008,,TRUE,
158884,"Chordata","Teleostei","Aulopiformes","Synodontidae","Trachinocephalus","Trachinocephalus myops","fish",,1,,,TRUE,
275645,"Chordata","Teleostei","Batrachoidiformes","Batrachoididae","Opsanus","Opsanus beta","fish",,1338,2011,,TRUE,
158782,"Chordata","Teleostei","Batrachoidiformes","Batrachoididae","Opsanus","Opsanus tau","fish",,2,1961,,TRUE,
158784,"Chordata","Teleostei","Batrachoidiformes","Batrachoididae","Porichthys","Porichthys plectrodon","fish",,3,1964,,TRUE,
275662,"Chordata","Teleostei","Batrachoidiformes","Batrachoididae","Porichthys","Porichthys porosissimus","fish",,20,1973,,TRUE,
159246,"Chordata","Teleostei","Beloniformes","Belonidae","Ablennes","Ablennes hians","fish",,1,,,TRUE,
217862,"Chordata","Teleostei","Beloniformes","Exocoetidae","Cheilopogon","Cheilopogon cyanopterus","fish",,1,,,TRUE,
126382,"Chordata","Teleostei","Beloniformes","Exocoetidae","Cheilopogon","Cheilopogon heterurus","fish",,2,,,TRUE,
272157,"Chordata","Teleostei","Beloniformes","Exocoetidae","Cheilopogon","Cheilopogon melanurus","fish",,1,,,TRUE,
280164,"Chordata","Teleostei","Beloniformes","Hemiramphidae","Chriodorus","Chriodorus atherinoides","fish",,6,2007,,TRUE,
126384,"Chordata","Teleostei","Beloniformes","Exocoetidae","Exocoetus","Exocoetus obtusirostris","fish",,2,,,TRUE,
159278,"Chordata","Teleostei","Beloniformes","Hemiramphidae","Hemiramphus","Hemiramphus balao","fish",,2,,,TRUE,
159279,"Chordata","Teleostei","Beloniformes","Hemiramphidae","Hemiramphus","Hemiramphus brasiliensis","fish",,2,,,TRUE,
159280,"Chordata","Teleostei","Beloniformes","Hemiramphidae","Hyporhamphus","Hyporhamphus meeki","fish",,2,2009,,TRUE,
293617,"Chordata","Teleostei","Beloniformes","Hemiramphidae","Hyporhamphus","Hyporhamphus roberti","fish",,1,1957,,TRUE,
159281,"Chordata","Teleostei","Beloniformes","Hemiramphidae","Hyporhamphus","Hyporhamphus unifasciatus","fish",,5,1964,,TRUE,
217871,"Chordata","Teleostei","Beloniformes","Hemiramphidae","Oxyporhamphus","Oxyporhamphus micropterus","fish",,1,,,TRUE,
277924,"Chordata","Teleostei","Beloniformes","Exocoetidae","Prognichthys","Prognichthys gibbifrons","fish",,1,,,TRUE,
277926,"Chordata","Teleostei","Beloniformes","Exocoetidae","Prognichthys","Prognichthys occidentalis","fish",,1,,,TRUE,
159256,"Chordata","Teleostei","Beloniformes","Belonidae","Strongylura","Strongylura marina","fish",,5,1995,,TRUE,
293747,"Chordata","Teleostei","Beloniformes","Belonidae","Strongylura","Strongylura notata","fish",,17,2007,,TRUE,
275987,"Chordata","Teleostei","Beloniformes","Belonidae","Strongylura","Strongylura timucu","fish",,9,2008,,TRUE,
159259,"Chordata","Teleostei","Beloniformes","Belonidae","Tylosurus","Tylosurus crocodilus","fish",,2,2007,,TRUE,
127267,"Chordata","Teleostei","Beryciformes","Melamphaidae","Melamphaes","Melamphaes longivelis","fish",,1,,,TRUE,
127269,"Chordata","Teleostei","Beryciformes","Melamphaidae","Melamphaes","Melamphaes simus","fish",,1,,,TRUE,
127271,"Chordata","Teleostei","Beryciformes","Melamphaidae","Melamphaes","Melamphaes typhlops","fish",,1,,,TRUE,
127279,"Chordata","Teleostei","Beryciformes","Melamphaidae","Scopelogadus","Scopelogadus mizolepis","fish",,1,,,TRUE,
280105,"Chordata","Teleostei","Blenniiformes","Chaenopsidae","Chaenopsis","Chaenopsis limbaughi","fish",,3,2007,,TRUE,
280107,"Chordata","Teleostei","Blenniiformes","Chaenopsidae","Chaenopsis","Chaenopsis ocellata","fish",,1,2005,,TRUE,
276309,"Chordata","Teleostei","Blenniiformes","Blenniidae","Chasmodes","Chasmodes saburrae","fish",,59,2011,,TRUE,
277249,"Chordata","Teleostei","Blenniiformes","Blenniidae","Entomacrodus","Entomacrodus nigricans","fish",,1,2007,,TRUE,
276311,"Chordata","Teleostei","Blenniiformes","Blenniidae","Hypleurochilus","Hypleurochilus aequipinnis","fish",,1,1957,,TRUE,
276312,"Chordata","Teleostei","Blenniiformes","Blenniidae","Hypleurochilus","Hypleurochilus bermudensis","fish",,1,2003,,TRUE,
276325,"Chordata","Teleostei","Blenniiformes","Blenniidae","Hypsoblennius","Hypsoblennius hentz","fish",,2,1959,,TRUE,
281500,"Chordata","Teleostei","Blenniiformes","Labrisomidae","Malacoctenus","Malacoctenus macropus","fish",,1,1987,,TRUE,
159609,"Chordata","Teleostei","Blenniiformes","Blenniidae","Parablennius","Parablennius marmoreus","fish",,3,1978,,TRUE,
282021,"Chordata","Teleostei","Blenniiformes","Labrisomidae","Paraclinus","Paraclinus fasciatus","fish",,70,2011,,TRUE,
282027,"Chordata","Teleostei","Blenniiformes","Labrisomidae","Paraclinus","Paraclinus marmoratus","fish",,20,2011,,TRUE,
126847,"Chordata","Teleostei","Callionymiformes","Draconettidae","Centrodraco","Centrodraco acanthopoma","fish",,1,,,TRUE,
159615,"Chordata","Teleostei","Callionymiformes","Callionymidae","Diplogrammus","Diplogrammus pauciradiatus","fish",,1161,2011,,TRUE,
276339,"Chordata","Teleostei","Callionymiformes","Callionymidae","Foetorepus","Foetorepus agassizii","fish",,1,2007,,TRUE,
280064,"Chordata","Teleostei","Carangaria incertae sedis","Centropomidae","Centropomus","Centropomus parallelus","fish",,1,,,TRUE,
280065,"Chordata","Teleostei","Carangaria incertae sedis","Centropomidae","Centropomus","Centropomus pectinatus","fish",,1,,,TRUE,
280068,"Chordata","Teleostei","Carangaria incertae sedis","Centropomidae","Centropomus","Centropomus undecimalis","fish",,14,1984,,TRUE,
159852,"Chordata","Teleostei","Carangaria incertae sedis","Polynemidae","Polydactylus","Polydactylus octonemus","fish",,4,1965,,TRUE,
345843,"Chordata","Teleostei","Carangaria incertae sedis","Sphyraenidae","Sphyraena","Sphyraena barracuda","fish",,15,2007,,TRUE,
159814,"Chordata","Teleostei","Carangaria incertae sedis","Sphyraenidae","Sphyraena","Sphyraena guachancho","fish",,2,1966,,TRUE,
159629,"Chordata","Teleostei","Carangiformes","Carangidae","Alectis","Alectis ciliaris","fish",,1,,,TRUE,
401562,"Chordata","Teleostei","Carangiformes","Carangidae","Alectis","Alectis indica","fish",,2,1970,,TRUE,
302312,"Chordata","Teleostei","Carangiformes","Carangidae","Caranx","Caranx bartholomaei","fish",,2,,,TRUE,
126802,"Chordata","Teleostei","Carangiformes","Carangidae","Caranx","Caranx crysos","fish",,7,2008,,TRUE,
126803,"Chordata","Teleostei","Carangiformes","Carangidae","Caranx","Caranx hippos","fish",,10,2007,,TRUE,
126804,"Chordata","Teleostei","Carangiformes","Carangidae","Caranx","Caranx latus","fish",,4,2007,,TRUE,
302432,"Chordata","Teleostei","Carangiformes","Carangidae","Caranx","Caranx ruber","fish",,4,2007,,TRUE,
159483,"Chordata","Teleostei","Carangiformes","Carangidae","Chloroscombrus","Chloroscombrus chrysurus","fish",,5,1975,,TRUE,
126846,"Chordata","Teleostei","Carangiformes","Coryphaenidae","Coryphaena","Coryphaena hippurus","fish",,10,2000,,TRUE,
126848,"Chordata","Teleostei","Carangiformes","Echeneidae","Echeneis","Echeneis naucrates","fish",,6,1974,,TRUE,
159678,"Chordata","Teleostei","Carangiformes","Echeneidae","Echeneis","Echeneis neucratoides","fish",,9,2008,,TRUE,
159640,"Chordata","Teleostei","Carangiformes","Carangidae","Hemicaranx","Hemicaranx amblyrhynchus","fish",,4,1964,,TRUE,
126949,"Chordata","Teleostei","Carangiformes","Istiophoridae","Istiophorus","Istiophorus albicans","fish",,8,,,TRUE,
158812,"Chordata","Teleostei","Carangiformes","Istiophoridae","Istiophorus","Istiophorus platypterus","fish",,19,1993,,TRUE,
712906,"Chordata","Teleostei","Carangiformes","Istiophoridae","Kajikia","Kajikia albida","fish","VU",1,,,TRUE,
126950,"Chordata","Teleostei","Carangiformes","Istiophoridae","Makaira","Makaira nigricans","fish","VU",5,1993,,TRUE,
159645,"Chordata","Teleostei","Carangiformes","Carangidae","Oligoplites","Oligoplites saurus","fish",,11,2007,,TRUE,
127006,"Chordata","Teleostei","Carangiformes","Rachycentridae","Rachycentron","Rachycentron canadum","fish",,12,1974,,TRUE,
126852,"Chordata","Teleostei","Carangiformes","Echeneidae","Remora","Remora osteochir","fish",,2,1933,,TRUE,
126853,"Chordata","Teleostei","Carangiformes","Echeneidae","Remora","Remora remora","fish",,1,,,TRUE,
159647,"Chordata","Teleostei","Carangiformes","Carangidae","Selene","Selene setapinnis","fish",,3,1964,,TRUE,
159649,"Chordata","Teleostei","Carangiformes","Carangidae","Selene","Selene vomer","fish",,4,1973,,TRUE,
126816,"Chordata","Teleostei","Carangiformes","Carangidae","Seriola","Seriola dumerili","fish",,1,,,TRUE,
159650,"Chordata","Teleostei","Carangiformes","Carangidae","Seriola","Seriola zonata","fish",,1,,,TRUE,
159652,"Chordata","Teleostei","Carangiformes","Carangidae","Trachinotus","Trachinotus carolinus","fish",,3,1964,,TRUE,
367285,"Chordata","Teleostei","Carangiformes","Carangidae","Trachinotus","Trachinotus falcatus","fish",,1,,,TRUE,
127094,"Chordata","Teleostei","Carangiformes","Xiphiidae","Xiphias","Xiphias gladius","fish",,11,2000,,TRUE,
280183,"Chordata","Teleostei","Cichliformes","Cichlidae","Cichla","Cichla ocellaris","fish",,3,2008,,TRUE,
281020,"Chordata","Teleostei","Cichliformes","Cichlidae","Hemichromis","Hemichromis letourneuxi","fish",,7,2013,,TRUE,
1253896,"Chordata","Teleostei","Cichliformes","Cichlidae","Mayaheros","Mayaheros urophthalmus","fish",,22,2008,,TRUE,
279196,"Chordata","Teleostei","Cichliformes","Cichlidae","Oreochromis","Oreochromis aureus","fish",,9,2009,,TRUE,
218777,"Chordata","Teleostei","Cichliformes","Cichlidae","Oreochromis","Oreochromis mossambicus","fish","VU",1,,,TRUE,
1468480,"Chordata","Teleostei","Cichliformes","Cichlidae","Pelmatolapia","Pelmatolapia mariae","fish",,12,2009,,TRUE,
275513,"Chordata","Teleostei","Clupeiformes","Engraulidae","Anchoa","Anchoa cubana","fish",,1,,,TRUE,
158698,"Chordata","Teleostei","Clupeiformes","Engraulidae","Anchoa","Anchoa hepsetus","fish",,17,2008,,TRUE,
275522,"Chordata","Teleostei","Clupeiformes","Engraulidae","Anchoa","Anchoa lamprotaenia","fish",,289,2008,,TRUE,
158699,"Chordata","Teleostei","Clupeiformes","Engraulidae","Anchoa","Anchoa mitchilli","fish",,47,2010,,TRUE,
158701,"Chordata","Teleostei","Clupeiformes","Engraulidae","Anchoviella","Anchoviella perfasciata","fish",,2,1975,,TRUE,
275499,"Chordata","Teleostei","Clupeiformes","Alosidae","Brevoortia","Brevoortia gunteri","fish",,3,1961,,TRUE,
275500,"Chordata","Teleostei","Clupeiformes","Alosidae","Brevoortia","Brevoortia patronus","fish",,10,1964,,TRUE,
158690,"Chordata","Teleostei","Clupeiformes","Alosidae","Brevoortia","Brevoortia smithi","fish",,22,1980,,TRUE,
159600,"Chordata","Teleostei","Clupeiformes","Dorosomatidae","Dorosoma","Dorosoma cepedianum","fish",,1,,,TRUE,
276310,"Chordata","Teleostei","Clupeiformes","Dorosomatidae","Dorosoma","Dorosoma petenense","fish",,2,1978,,TRUE,
277549,"Chordata","Teleostei","Clupeiformes","Dorosomatidae","Harengula","Harengula clupeola","fish",,2,1976,,TRUE,
367197,"Chordata","Teleostei","Clupeiformes","Dorosomatidae","Harengula","Harengula humeralis","fish",,1,,,TRUE,
277551,"Chordata","Teleostei","Clupeiformes","Dorosomatidae","Harengula","Harengula jaguana","fish",,19,2007,,TRUE,
281198,"Chordata","Teleostei","Clupeiformes","Spratelloididae","Jenkinsia","Jenkinsia lamprotaenia","fish",,4,2008,,TRUE,
281201,"Chordata","Teleostei","Clupeiformes","Spratelloididae","Jenkinsia","Jenkinsia stolifera","fish",,1,2008,,TRUE,
158695,"Chordata","Teleostei","Clupeiformes","Dorosomatidae","Opisthonema","Opisthonema oglinum","fish",,14,2007,,TRUE,
126422,"Chordata","Teleostei","Clupeiformes","Dorosomatidae","Sardinella","Sardinella aurita","fish",,3,1975,,TRUE,
300551,"Chordata","Teleostei","Clupeiformes","Dorosomatidae","Sardinella","Sardinella brasiliensis","fish",,1,,,TRUE,
159989,"Chordata","Teleostei","Cypriniformes","Cyprinidae","Notemigonus","Notemigonus crysoleucas","fish",,18,2000,,TRUE,
279891,"Chordata","Teleostei","Cyprinodontiformes","Poeciliidae","Belonesox","Belonesox belizanus","fish",,10,2000,,TRUE,
159285,"Chordata","Teleostei","Cyprinodontiformes","Cyprinodontidae","Cyprinodon","Cyprinodon variegatus","fish",,189,2008,,TRUE,
280790,"Chordata","Teleostei","Cyprinodontiformes","Cyprinodontidae","Floridichthys","Floridichthys carpio","fish",,742,2011,,TRUE,
159294,"Chordata","Teleostei","Cyprinodontiformes","Fundulidae","Fundulus","Fundulus confluentus","fish",,51,2008,,TRUE,
276030,"Chordata","Teleostei","Cyprinodontiformes","Fundulidae","Fundulus","Fundulus grandis","fish",,22,1995,,TRUE,
276034,"Chordata","Teleostei","Cyprinodontiformes","Fundulidae","Fundulus","Fundulus similis","fish",,11,1981,,TRUE,
308885,"Chordata","Teleostei","Cyprinodontiformes","Fundulidae","Fundulus","Fundulus xenicus","fish",,12,1995,,TRUE,
159325,"Chordata","Teleostei","Cyprinodontiformes","Poeciliidae","Gambusia","Gambusia affinis","fish",,15,1988,,TRUE,
276134,"Chordata","Teleostei","Cyprinodontiformes","Poeciliidae","Gambusia","Gambusia holbrooki","fish",,96,2009,,TRUE,
276141,"Chordata","Teleostei","Cyprinodontiformes","Poeciliidae","Gambusia","Gambusia rhizophorae","fish",,3,1974,,TRUE,
281052,"Chordata","Teleostei","Cyprinodontiformes","Poeciliidae","Heterandria","Heterandria formosa","fish",,49,2000,,TRUE,
281204,"Chordata","Teleostei","Cyprinodontiformes","Cyprinodontidae","Jordanella","Jordanella floridae","fish",,75,2001,,TRUE,
314719,"Chordata","Teleostei","Cyprinodontiformes","Rivulidae","Kryptolebias","Kryptolebias marmoratus","fish",,7,1995,,TRUE,
159310,"Chordata","Teleostei","Cyprinodontiformes","Fundulidae","Lucania","Lucania parva","fish",,8947,2011,,TRUE,
275348,"Chordata","Teleostei","Cyprinodontiformes","Poeciliidae","Poecilia","Poecilia latipinna","fish",,94,2007,,TRUE,
157875,"Chordata","Teleostei","Elopiformes","Elopidae","Elops","Elops saurus","fish",,37,1977,,TRUE,
126430,"Chordata","Teleostei","Elopiformes","Megalopidae","Megalops","Megalops atlanticus","fish","VU",25,1995,,TRUE,
1021987,"Chordata","Teleostei","Esociformes","Esocidae","Esox","Esox americanus","fish",,7,2007,,TRUE,
279625,"Chordata","Teleostei","Eupercaria incertae sedis","Haemulidae","Anisotremus","Anisotremus virginicus","fish",,2,1958,,TRUE,
159238,"Chordata","Teleostei","Eupercaria incertae sedis","Sparidae","Archosargus","Archosargus probatocephalus","fish",,13,1984,,TRUE,
159239,"Chordata","Teleostei","Eupercaria incertae sedis","Sparidae","Archosargus","Archosargus rhomboidalis","fish",,3,2007,,TRUE,
159303,"Chordata","Teleostei","Eupercaria incertae sedis","Sciaenidae","Bairdiella","Bairdiella chrysoura","fish",,40,2008,,TRUE,
276072,"Chordata","Teleostei","Eupercaria incertae sedis","Sciaenidae","Bairdiella","Bairdiella ronchus","fish",,2,2007,,TRUE,
273541,"Chordata","Teleostei","Eupercaria incertae sedis","Labridae","Bodianus","Bodianus rufus","fish",,2,1978,,TRUE,
1577330,"Chordata","Teleostei","Eupercaria incertae sedis","Haemulidae","Brachygenys","Brachygenys chrysargyreum","fish",,2,1983,,TRUE,
275966,"Chordata","Teleostei","Eupercaria incertae sedis","Sparidae","Calamus","Calamus arctifrons","fish",,14,1995,,TRUE,
275968,"Chordata","Teleostei","Eupercaria incertae sedis","Sparidae","Calamus","Calamus campechanus","fish",,1,2007,,TRUE,
275970,"Chordata","Teleostei","Eupercaria incertae sedis","Sparidae","Calamus","Calamus leucosteus","fish",,1,,,TRUE,
159245,"Chordata","Teleostei","Eupercaria incertae sedis","Sparidae","Calamus","Calamus penna","fish",,5,1975,,TRUE,
280386,"Chordata","Teleostei","Eupercaria incertae sedis","Haemulidae","Conodon","Conodon nobilis","fish",,1,1995,,TRUE,
314211,"Chordata","Teleostei","Eupercaria incertae sedis","Sciaenidae","Corvula","Corvula batabana","fish",,28,1993,,TRUE,
277118,"Chordata","Teleostei","Eupercaria incertae sedis","Scaridae","Cryptotomus","Cryptotomus roseus","fish",,1,,,TRUE,
276077,"Chordata","Teleostei","Eupercaria incertae sedis","Sciaenidae","Cynoscion","Cynoscion arenarius","fish",,7,2011,,TRUE,
159312,"Chordata","Teleostei","Eupercaria incertae sedis","Sciaenidae","Cynoscion","Cynoscion nebulosus","fish",,25,2007,,TRUE,
159726,"Chordata","Teleostei","Eupercaria incertae sedis","Gerreidae","Diapterus","Diapterus auratus","fish",,3,1995,,TRUE,
273972,"Chordata","Teleostei","Eupercaria incertae sedis","Sparidae","Diplodus","Diplodus holbrookii","fish",,1,2007,,TRUE,
1389965,"Chordata","Teleostei","Eupercaria incertae sedis","Sciaenidae","Eques","Eques lanceolatus","fish",,2,1964,,TRUE,
159732,"Chordata","Teleostei","Eupercaria incertae sedis","Gerreidae","Eucinostomus","Eucinostomus argenteus","fish",,17,2008,,TRUE,
159733,"Chordata","Teleostei","Eupercaria incertae sedis","Gerreidae","Eucinostomus","Eucinostomus gula","fish",,79,2008,,TRUE,
276420,"Chordata","Teleostei","Eupercaria incertae sedis","Gerreidae","Eucinostomus","Eucinostomus harengulus","fish",,9,2006,,TRUE,
276421,"Chordata","Teleostei","Eupercaria incertae sedis","Gerreidae","Eucinostomus","Eucinostomus havana","fish",,61,2009,,TRUE,
276422,"Chordata","Teleostei","Eupercaria incertae sedis","Gerreidae","Eucinostomus","Eucinostomus jonesii","fish",,4,2008,,TRUE,
280743,"Chordata","Teleostei","Eupercaria incertae sedis","Gerreidae","Eugerres","Eugerres plumieri","fish",,10,2008,,TRUE,
276954,"Chordata","Teleostei","Eupercaria incertae sedis","Gerreidae","Gerres","Gerres cinereus","fish",,9,2008,,TRUE,
158807,"Chordata","Teleostei","Eupercaria incertae sedis","Haemulidae","Haemulon","Haemulon aurolineatum","fish",,5,2009,,TRUE,
275727,"Chordata","Teleostei","Eupercaria incertae sedis","Haemulidae","Haemulon","Haemulon flavolineatum","fish",,4,2007,,TRUE,
275728,"Chordata","Teleostei","Eupercaria incertae sedis","Haemulidae","Haemulon","Haemulon macrostomum","fish",,3,1995,,TRUE,
275731,"Chordata","Teleostei","Eupercaria incertae sedis","Haemulidae","Haemulon","Haemulon parra","fish",,3,2007,,TRUE,
158808,"Chordata","Teleostei","Eupercaria incertae sedis","Haemulidae","Haemulon","Haemulon plumierii","fish",,17,2008,,TRUE,
275733,"Chordata","Teleostei","Eupercaria incertae sedis","Haemulidae","Haemulon","Haemulon sciurus","fish",,18,2007,,TRUE,
158815,"Chordata","Teleostei","Eupercaria incertae sedis","Labridae","Halichoeres","Halichoeres bivittatus","fish",,2,1978,,TRUE,
158822,"Chordata","Teleostei","Eupercaria incertae sedis","Labridae","Lachnolaimus","Lachnolaimus maximus","fish","VU",7,1975,,TRUE,
159249,"Chordata","Teleostei","Eupercaria incertae sedis","Sparidae","Lagodon","Lagodon rhomboides","fish",,484,2011,,TRUE,
159320,"Chordata","Teleostei","Eupercaria incertae sedis","Sciaenidae","Larimus","Larimus fasciatus","fish",,1,,,TRUE,
159322,"Chordata","Teleostei","Eupercaria incertae sedis","Sciaenidae","Leiostomus","Leiostomus xanthurus","fish",,12,1980,,TRUE,
159792,"Chordata","Teleostei","Eupercaria incertae sedis","Lutjanidae","Lutjanus","Lutjanus analis","fish","NT",3,2009,,TRUE,
159793,"Chordata","Teleostei","Eupercaria incertae sedis","Lutjanidae","Lutjanus","Lutjanus apodus","fish",,6,2009,,TRUE,
159797,"Chordata","Teleostei","Eupercaria incertae sedis","Lutjanidae","Lutjanus","Lutjanus griseus","fish",,15,2008,,TRUE,
159798,"Chordata","Teleostei","Eupercaria incertae sedis","Lutjanidae","Lutjanus","Lutjanus jocu","fish",,3,2009,,TRUE,
159799,"Chordata","Teleostei","Eupercaria incertae sedis","Lutjanidae","Lutjanus","Lutjanus mahogoni","fish",,5,2007,,TRUE,
159800,"Chordata","Teleostei","Eupercaria incertae sedis","Lutjanidae","Lutjanus","Lutjanus synagris","fish","NT",65,2011,,TRUE,
277261,"Chordata","Teleostei","Eupercaria incertae sedis","Malacanthidae","Malacanthus","Malacanthus plumieri","fish",,1,,,TRUE,
159326,"Chordata","Teleostei","Eupercaria incertae sedis","Sciaenidae","Menticirrhus","Menticirrhus americanus","fish",,3,1985,,TRUE,
159327,"Chordata","Teleostei","Eupercaria incertae sedis","Sciaenidae","Menticirrhus","Menticirrhus littoralis","fish",,3,2010,,TRUE,
159329,"Chordata","Teleostei","Eupercaria incertae sedis","Sciaenidae","Menticirrhus","Menticirrhus saxatilis","fish",,2,2010,,TRUE,
151158,"Chordata","Teleostei","Eupercaria incertae sedis","Sciaenidae","Micropogonias","Micropogonias undulatus","fish",,2,1973,,TRUE,
159298,"Chordata","Teleostei","Eupercaria incertae sedis","Scaridae","Nicholsina","Nicholsina usta","fish",,9,1973,,TRUE,
159803,"Chordata","Teleostei","Eupercaria incertae sedis","Lutjanidae","Ocyurus","Ocyurus chrysurus","fish",,2,1977,,TRUE,
158810,"Chordata","Teleostei","Eupercaria incertae sedis","Haemulidae","Orthopristis","Orthopristis chrysoptera","fish",,35,2011,,TRUE,
282139,"Chordata","Teleostei","Eupercaria incertae sedis","Sciaenidae","Pareques","Pareques acuminatus","fish",,1,,,TRUE,
282143,"Chordata","Teleostei","Eupercaria incertae sedis","Sciaenidae","Pareques","Pareques umbrosus","fish",,1,,,TRUE,
159333,"Chordata","Teleostei","Eupercaria incertae sedis","Sciaenidae","Pogonias","Pogonias cromis","fish",,15,1962,,TRUE,
127005,"Chordata","Teleostei","Eupercaria incertae sedis","Priacanthidae","Priacanthus","Priacanthus arenatus","fish",,2,1975,,TRUE,
276042,"Chordata","Teleostei","Eupercaria incertae sedis","Scaridae","Scarus","Scarus coelestinus","fish",,1,1952,,TRUE,
276049,"Chordata","Teleostei","Eupercaria incertae sedis","Scaridae","Scarus","Scarus guacamaia","fish","NT",1,,,TRUE,
276052,"Chordata","Teleostei","Eupercaria incertae sedis","Scaridae","Scarus","Scarus iseri","fish",,1,1995,,TRUE,
276062,"Chordata","Teleostei","Eupercaria incertae sedis","Scaridae","Scarus","Scarus taeniopterus","fish",,1,,,TRUE,
159335,"Chordata","Teleostei","Eupercaria incertae sedis","Sciaenidae","Sciaenops","Sciaenops ocellatus","fish",,33,1997,,TRUE,
273772,"Chordata","Teleostei","Eupercaria incertae sedis","Scaridae","Sparisoma","Sparisoma aurofrenatum","fish",,1,,,TRUE,
273774,"Chordata","Teleostei","Eupercaria incertae sedis","Scaridae","Sparisoma","Sparisoma chrysopterum","fish",,2,1974,,TRUE,
273777,"Chordata","Teleostei","Eupercaria incertae sedis","Scaridae","Sparisoma","Sparisoma radians","fish",,2,1995,,TRUE,
159301,"Chordata","Teleostei","Eupercaria incertae sedis","Scaridae","Sparisoma","Sparisoma rubripinne","fish",,2,1959,,TRUE,
273780,"Chordata","Teleostei","Eupercaria incertae sedis","Scaridae","Sparisoma","Sparisoma viride","fish",,3,1978,,TRUE,
159337,"Chordata","Teleostei","Eupercaria incertae sedis","Sciaenidae","Stellifer","Stellifer lanceolatus","fish",,1,,,TRUE,
159786,"Chordata","Teleostei","Eupercaria incertae sedis","Labridae","Thalassoma","Thalassoma bifasciatum","fish",,2,1978,,TRUE,
322267,"Chordata","Teleostei","Eupercaria incertae sedis","Gerreidae","Ulaema","Ulaema lefroyi","fish",,4,2007,,TRUE,
126431,"Chordata","Teleostei","Gadiformes","Bregmacerotidae","Bregmaceros","Bregmaceros atlanticus","fish",,3,1954,,TRUE,
217740,"Chordata","Teleostei","Gadiformes","Bregmacerotidae","Bregmaceros","Bregmaceros mcclellandi","fish",,1,,,TRUE,
217741,"Chordata","Teleostei","Gadiformes","Bregmacerotidae","Bregmaceros","Bregmaceros nectabanus","fish",,1,,,TRUE,
318576,"Chordata","Teleostei","Gadiformes","Macrouridae","Hymenogadus","Hymenogadus gracilis","fish",,1,,,TRUE,
158979,"Chordata","Teleostei","Gadiformes","Moridae","Laemonema","Laemonema barbatulum","fish",,1,,,TRUE,
158741,"Chordata","Teleostei","Gadiformes","Macrouridae","Malacocephalus","Malacocephalus occidentalis","fish",,1,,,TRUE,
126473,"Chordata","Teleostei","Gadiformes","Macrouridae","Nezumia","Nezumia aequalis","fish",,1,,,TRUE,
126475,"Chordata","Teleostei","Gadiformes","Macrouridae","Nezumia","Nezumia sclerorhynchus","fish",,1,,,TRUE,
158744,"Chordata","Teleostei","Gadiformes","Macrouridae","Nezumia","Nezumia suilla","fish",,1,,,TRUE,
158787,"Chordata","Teleostei","Gobiesociformes","Gobiesocidae","Gobiesox","Gobiesox strumosus","fish",,4,1960,,TRUE,
279862,"Chordata","Teleostei","Gobiiformes","Gobiidae","Barbulifer","Barbulifer ceuthoecus","fish",,2,1960,,TRUE,
277638,"Chordata","Teleostei","Gobiiformes","Gobiidae","Bathygobius","Bathygobius soporator","fish",,9,1985,,TRUE,
159736,"Chordata","Teleostei","Gobiiformes","Gobiidae","Coryphopterus","Coryphopterus glaucofraenum","fish",,2,1985,,TRUE,
159750,"Chordata","Teleostei","Gobiiformes","Gobiidae","Ctenogobius","Ctenogobius boleosoma","fish",,17,2006,,TRUE,
276488,"Chordata","Teleostei","Gobiiformes","Gobiidae","Ctenogobius","Ctenogobius saepepallens","fish",,1,,,TRUE,
276490,"Chordata","Teleostei","Gobiiformes","Gobiidae","Ctenogobius","Ctenogobius shufeldti","fish",,2,2006,,TRUE,
276491,"Chordata","Teleostei","Gobiiformes","Gobiidae","Ctenogobius","Ctenogobius smaragdus","fish",,19,1973,,TRUE,
159700,"Chordata","Teleostei","Gobiiformes","Eleotridae","Dormitator","Dormitator maculatus","fish",,2,1959,,TRUE,
280616,"Chordata","Teleostei","Gobiiformes","Gobiidae","Elacatinus","Elacatinus oceanops","fish",,1,1979,,TRUE,
277805,"Chordata","Teleostei","Gobiiformes","Eleotridae","Eleotris","Eleotris pisonis","fish",,1,,,TRUE,
277493,"Chordata","Teleostei","Gobiiformes","Gobiidae","Gnatholepis","Gnatholepis thompsoni","fish",,1,2010,,TRUE,
280896,"Chordata","Teleostei","Gobiiformes","Eleotridae","Gobiomorus","Gobiomorus dormitor","fish",,1,,,TRUE,
159753,"Chordata","Teleostei","Gobiiformes","Gobiidae","Gobionellus","Gobionellus oceanicus","fish",,16,1965,,TRUE,
159767,"Chordata","Teleostei","Gobiiformes","Gobiidae","Gobiosoma","Gobiosoma bosc","fish",,9,2008,,TRUE,
276514,"Chordata","Teleostei","Gobiiformes","Gobiidae","Gobiosoma","Gobiosoma robustum","fish",,2643,2011,,TRUE,
281396,"Chordata","Teleostei","Gobiiformes","Gobiidae","Lophogobius","Lophogobius cyprinoides","fish",,21,2009,,TRUE,
159408,"Chordata","Teleostei","Gobiiformes","Microdesmidae","Microdesmus","Microdesmus longipinnis","fish",,1,,,TRUE,
158804,"Chordata","Teleostei","Gobiiformes","Gobiidae","Microgobius","Microgobius gulosus","fish",,1624,2011,,TRUE,
275717,"Chordata","Teleostei","Gobiiformes","Gobiidae","Microgobius","Microgobius microlepis","fish",,318,2011,,TRUE,
158805,"Chordata","Teleostei","Gobiiformes","Gobiidae","Microgobius","Microgobius thalassinus","fish",,12,2011,,TRUE,
281732,"Chordata","Teleostei","Gobiiformes","Gobiidae","Nes","Nes longus","fish",,1,2007,,TRUE,
273465,"Chordata","Teleostei","Gobiiformes","Gobiidae","Oxyurichthys","Oxyurichthys stigmalophius","fish",,1,2008,,TRUE,
1016103,"Chordata","Teleostei","Gobiiformes","Gobiidae","Tigrigobius","Tigrigobius macrodon","fish",,1,1960,,TRUE,
159589,"Chordata","Teleostei","Kurtiformes","Apogonidae","Apogon","Apogon maculatus","fish",,1,1960,,TRUE,
279772,"Chordata","Teleostei","Kurtiformes","Apogonidae","Astrapogon","Astrapogon alutus","fish",,1,,,TRUE,
126522,"Chordata","Teleostei","Lampriformes","Lampridae","Lampris","Lampris guttatus","fish",,1,,,TRUE,
158796,"Chordata","Teleostei","Lophiiformes","Ceratiidae","Ceratias","Ceratias uranoscopus","fish",,1,,,TRUE,
712507,"Chordata","Teleostei","Lophiiformes","Antennariidae","Fowlerichthys","Fowlerichthys ocellatus","fish",,1,1966,,TRUE,
712508,"Chordata","Teleostei","Lophiiformes","Antennariidae","Fowlerichthys","Fowlerichthys radiosus","fish",,1,,,TRUE,
126533,"Chordata","Teleostei","Lophiiformes","Antennariidae","Histrio","Histrio histrio","fish",,1,,,TRUE,
275905,"Chordata","Teleostei","Lophiiformes","Ogcocephalidae","Ogcocephalus","Ogcocephalus cubifrons","fish",,9,2009,,TRUE,
275908,"Chordata","Teleostei","Lophiiformes","Ogcocephalidae","Ogcocephalus","Ogcocephalus nasutus","fish",,2,1973,,TRUE,
159193,"Chordata","Teleostei","Lophiiformes","Ogcocephalidae","Ogcocephalus","Ogcocephalus parvus","fish",,1,2005,,TRUE,
275913,"Chordata","Teleostei","Lophiiformes","Ogcocephalidae","Ogcocephalus","Ogcocephalus radiatus","fish",,1,,,TRUE,
1042835,"Chordata","Teleostei","Mugiliformes","Mugilidae","Dajaus","Dajaus monticola","fish",,1,,,TRUE,
126983,"Chordata","Teleostei","Mugiliformes","Mugilidae","Mugil","Mugil cephalus","fish",,13,2007,,TRUE,
159416,"Chordata","Teleostei","Mugiliformes","Mugilidae","Mugil","Mugil curema","fish",,13,2007,,TRUE,
273658,"Chordata","Teleostei","Mugiliformes","Mugilidae","Mugil","Mugil rubrioculus","fish",,1,1979,,TRUE,
273660,"Chordata","Teleostei","Mugiliformes","Mugilidae","Mugil","Mugil trichodon","fish",,7,2007,,TRUE,
126581,"Chordata","Teleostei","Myctophiformes","Myctophidae","Benthosema","Benthosema suborbitale","fish",,2,,,TRUE,
126583,"Chordata","Teleostei","Myctophiformes","Myctophidae","Bolinichthys","Bolinichthys supralateralis","fish",,1,,,TRUE,
126584,"Chordata","Teleostei","Myctophiformes","Myctophidae","Centrobranchus","Centrobranchus nigroocellatus","fish",,3,,,TRUE,
126586,"Chordata","Teleostei","Myctophiformes","Myctophidae","Ceratoscopelus","Ceratoscopelus warmingii","fish",,2,,,TRUE,
317659,"Chordata","Teleostei","Myctophiformes","Myctophidae","Dasyscopelus","Dasyscopelus asper","fish",,2,,,TRUE,
1525495,"Chordata","Teleostei","Myctophiformes","Myctophidae","Dasyscopelus","Dasyscopelus obtusirostris","fish",,1,,,TRUE,
126589,"Chordata","Teleostei","Myctophiformes","Myctophidae","Diaphus","Diaphus brachycephalus","fish",,1,,,TRUE,
126590,"Chordata","Teleostei","Myctophiformes","Myctophidae","Diaphus","Diaphus dumerilii","fish",,2,,,TRUE,
158887,"Chordata","Teleostei","Myctophiformes","Myctophidae","Diaphus","Diaphus fragilis","fish",,1,,,TRUE,
126593,"Chordata","Teleostei","Myctophiformes","Myctophidae","Diaphus","Diaphus lucidus","fish",,1,,,TRUE,
158889,"Chordata","Teleostei","Myctophiformes","Myctophidae","Diaphus","Diaphus luetkeni","fish",,2,,,TRUE,
126595,"Chordata","Teleostei","Myctophiformes","Myctophidae","Diaphus","Diaphus mollis","fish",,2,,,TRUE,
158890,"Chordata","Teleostei","Myctophiformes","Myctophidae","Diaphus","Diaphus perspicillatus","fish",,2,,,TRUE,
158891,"Chordata","Teleostei","Myctophiformes","Myctophidae","Diaphus","Diaphus problematicus","fish",,1,,,TRUE,
126596,"Chordata","Teleostei","Myctophiformes","Myctophidae","Diaphus","Diaphus rafinesquii","fish",,1,,,TRUE,
158893,"Chordata","Teleostei","Myctophiformes","Myctophidae","Diaphus","Diaphus splendidus","fish",,1,,,TRUE,
126598,"Chordata","Teleostei","Myctophiformes","Myctophidae","Diaphus","Diaphus termophilus","fish",,1,,,TRUE,
126599,"Chordata","Teleostei","Myctophiformes","Myctophidae","Diogenichthys","Diogenichthys atlanticus","fish",,1,,,TRUE,
126601,"Chordata","Teleostei","Myctophiformes","Myctophidae","Gonichthys","Gonichthys cocco","fish",,2,,,TRUE,
126602,"Chordata","Teleostei","Myctophiformes","Myctophidae","Hygophum","Hygophum benoiti","fish",,1,,,TRUE,
158895,"Chordata","Teleostei","Myctophiformes","Myctophidae","Hygophum","Hygophum macrochir","fish",,1,,,TRUE,
126604,"Chordata","Teleostei","Myctophiformes","Myctophidae","Hygophum","Hygophum reinhardtii","fish",,1,,,TRUE,
126605,"Chordata","Teleostei","Myctophiformes","Myctophidae","Hygophum","Hygophum taaningi","fish",,1,,,TRUE,
158896,"Chordata","Teleostei","Myctophiformes","Myctophidae","Lampadena","Lampadena luminosa","fish",,1,,,TRUE,
126610,"Chordata","Teleostei","Myctophiformes","Myctophidae","Lampanyctus","Lampanyctus alatus","fish",,2,,,TRUE,
126613,"Chordata","Teleostei","Myctophiformes","Myctophidae","Lampanyctus","Lampanyctus cuprarius","fish",,1,,,TRUE,
126616,"Chordata","Teleostei","Myctophiformes","Myctophidae","Lampanyctus","Lampanyctus lineatus","fish",,1,,,TRUE,
126620,"Chordata","Teleostei","Myctophiformes","Myctophidae","Lepidophanes","Lepidophanes gaussi","fish",,1,,,TRUE,
126621,"Chordata","Teleostei","Myctophiformes","Myctophidae","Lepidophanes","Lepidophanes guentheri","fish",,2,,,TRUE,
158901,"Chordata","Teleostei","Myctophiformes","Myctophidae","Lobianchia","Lobianchia gemellarii","fish",,2,,,TRUE,
126624,"Chordata","Teleostei","Myctophiformes","Myctophidae","Loweina","Loweina interrupta","fish",,1,1925,,TRUE,
158902,"Chordata","Teleostei","Myctophiformes","Myctophidae","Myctophum","Myctophum affine","fish",,2,,,TRUE,
126626,"Chordata","Teleostei","Myctophiformes","Myctophidae","Myctophum","Myctophum nitidulum","fish",,3,,,TRUE,
126629,"Chordata","Teleostei","Myctophiformes","Myctophidae","Notolychnus","Notolychnus valdiviae","fish",,1,,,TRUE,
158914,"Chordata","Teleostei","Myctophiformes","Myctophidae","Notoscopelus","Notoscopelus caudispinosus","fish",,1,,,TRUE,
158916,"Chordata","Teleostei","Myctophiformes","Myctophidae","Notoscopelus","Notoscopelus resplendens","fish",,2,,,TRUE,
158557,"Chordata","Teleostei","Notacanthiformes","Halosauridae","Halosaurus","Halosaurus guentheri","fish",,1,,,TRUE,
159067,"Chordata","Teleostei","Ophidiiformes","Ophidiidae","Brotula","Brotula barbata","fish",,1,,,TRUE,
272778,"Chordata","Teleostei","Ophidiiformes","Carapidae","Carapus","Carapus dubius","fish",,1,,,TRUE,
280948,"Chordata","Teleostei","Ophidiiformes","Bythitidae","Gunterichthys","Gunterichthys longipenis","fish",,5,2011,,TRUE,
281844,"Chordata","Teleostei","Ophidiiformes","Bythitidae","Ogilbia","Ogilbia cayorum","fish",,8,2009,,TRUE,
272823,"Chordata","Teleostei","Ophidiiformes","Ophidiidae","Ophidion","Ophidion grayi","fish",,1,,,TRUE,
272824,"Chordata","Teleostei","Ophidiiformes","Ophidiidae","Ophidion","Ophidion holbrookii","fish",,2,,,TRUE,
272827,"Chordata","Teleostei","Ophidiiformes","Ophidiidae","Ophidion","Ophidion josephi","fish",,1,,,TRUE,
272836,"Chordata","Teleostei","Ophidiiformes","Ophidiidae","Parophidion","Parophidion schmidti","fish",,1,,,TRUE,
159288,"Chordata","Teleostei","Ovalentaria incertae sedis","Pomacentridae","Abudefduf","Abudefduf saxatilis","fish",,1,,,TRUE,
273701,"Chordata","Teleostei","Ovalentaria incertae sedis","Pomacentridae","Abudefduf","Abudefduf taurus","fish",,1,2008,,TRUE,
281571,"Chordata","Teleostei","Ovalentaria incertae sedis","Pomacentridae","Microspathodon","Microspathodon chrysurus","fish",,1,1978,,TRUE,
159291,"Chordata","Teleostei","Ovalentaria incertae sedis","Pomacentridae","Stegastes","Stegastes leucostictus","fish",,1,,,TRUE,
276688,"Chordata","Teleostei","Ovalentaria incertae sedis","Pomacentridae","Stegastes","Stegastes variabilis","fish",,1,1978,,TRUE,
159344,"Chordata","Teleostei","Perciformes","Serranidae","Anthias","Anthias nicholsi","fish",,1,,,TRUE,
1019849,"Chordata","Teleostei","Perciformes","Serranidae","Baldwinella","Baldwinella vivanus","fish",,2,,,TRUE,
276272,"Chordata","Teleostei","Perciformes","Triglidae","Bellator","Bellator egretta","fish",,1,,,TRUE,
159348,"Chordata","Teleostei","Perciformes","Serranidae","Centropristis","Centropristis striata","fish",,5,1977,,TRUE,
279146,"Chordata","Teleostei","Perciformes","Serranidae","Cephalopholis","Cephalopholis cruentata","fish",,1,1977,,TRUE,
276176,"Chordata","Teleostei","Perciformes","Serranidae","Diplectrum","Diplectrum bivittatum","fish",,4,2007,,TRUE,
159350,"Chordata","Teleostei","Perciformes","Serranidae","Diplectrum","Diplectrum formosum","fish",,7,2008,,TRUE,
159353,"Chordata","Teleostei","Perciformes","Serranidae","Epinephelus","Epinephelus itajara","fish","VU",14,1966,,TRUE,
159354,"Chordata","Teleostei","Perciformes","Serranidae","Epinephelus","Epinephelus morio","fish","VU",2,,,TRUE,
159222,"Chordata","Teleostei","Perciformes","Serranidae","Epinephelus","Epinephelus striatus","fish","CR",2,2008,,TRUE,
280768,"Chordata","Teleostei","Perciformes","Zoarcidae","Exechodontes","Exechodontes daidaleus","fish",,1,2007,,TRUE,
281120,"Chordata","Teleostei","Perciformes","Serranidae","Hypoplectrus","Hypoplectrus puella","fish",,3,1979,,TRUE,
281121,"Chordata","Teleostei","Perciformes","Serranidae","Hypoplectrus","Hypoplectrus unicolor","fish",,6,1962,,TRUE,
159255,"Chordata","Teleostei","Perciformes","Uranoscopidae","Kathetostoma","Kathetostoma albigutta","fish",,1,1954,,TRUE,
159231,"Chordata","Teleostei","Perciformes","Serranidae","Mycteroperca","Mycteroperca bonaci","fish","NT",1,,,TRUE,
273880,"Chordata","Teleostei","Perciformes","Serranidae","Mycteroperca","Mycteroperca microlepis","fish","VU",3,1964,,TRUE,
159233,"Chordata","Teleostei","Perciformes","Serranidae","Mycteroperca","Mycteroperca phenax","fish",,1,,,TRUE,
159549,"Chordata","Teleostei","Perciformes","Peristediidae","Peristedion","Peristedion greyae","fish",,1,,,TRUE,
159571,"Chordata","Teleostei","Perciformes","Triglidae","Prionotus","Prionotus carolinus","fish",,1,2007,,TRUE,
159572,"Chordata","Teleostei","Perciformes","Triglidae","Prionotus","Prionotus evolans","fish",,1,,,TRUE,
159573,"Chordata","Teleostei","Perciformes","Triglidae","Prionotus","Prionotus ophryas","fish",,2,2007,,TRUE,
276287,"Chordata","Teleostei","Perciformes","Triglidae","Prionotus","Prionotus paralatus","fish",,1,2008,,TRUE,
159574,"Chordata","Teleostei","Perciformes","Triglidae","Prionotus","Prionotus roseus","fish",,1,2007,,TRUE,
276289,"Chordata","Teleostei","Perciformes","Triglidae","Prionotus","Prionotus rubio","fish",,2,2007,,TRUE,
159575,"Chordata","Teleostei","Perciformes","Triglidae","Prionotus","Prionotus scitulus","fish",,60,2011,,TRUE,
159577,"Chordata","Teleostei","Perciformes","Triglidae","Prionotus","Prionotus tribulus","fish",,14,2006,,TRUE,
159235,"Chordata","Teleostei","Perciformes","Serranidae","Rypticus","Rypticus maculatus","fish",,2,1965,,TRUE,
275963,"Chordata","Teleostei","Perciformes","Serranidae","Rypticus","Rypticus saponaceus","fish",,1,,,TRUE,
274697,"Chordata","Teleostei","Perciformes","Scorpaenidae","Scorpaena","Scorpaena albifimbria","fish",,1,,,TRUE,
159562,"Chordata","Teleostei","Perciformes","Scorpaenidae","Scorpaena","Scorpaena brasiliensis","fish",,5,2006,,TRUE,
279493,"Chordata","Teleostei","Pleuronectiformes","Achiridae","Achirus","Achirus lineatus","fish",,163,2010,,TRUE,
308768,"Chordata","Teleostei","Pleuronectiformes","Paralichthyidae","Ancylopsetta","Ancylopsetta quadrocellata","fish",,3,1966,,TRUE,
159275,"Chordata","Teleostei","Pleuronectiformes","Bothidae","Bothus","Bothus ocellatus","fish",,2,1973,,TRUE,
158792,"Chordata","Teleostei","Pleuronectiformes","Paralichthyidae","Citharichthys","Citharichthys cornutus","fish",,1,,,TRUE,
159165,"Chordata","Teleostei","Pleuronectiformes","Paralichthyidae","Citharichthys","Citharichthys macrops","fish",,4,2008,,TRUE,
159166,"Chordata","Teleostei","Pleuronectiformes","Paralichthyidae","Citharichthys","Citharichthys spilopterus","fish",,5,2006,,TRUE,
158799,"Chordata","Teleostei","Pleuronectiformes","Paralichthyidae","Etropus","Etropus crossotus","fish",,5,2011,,TRUE,
158825,"Chordata","Teleostei","Pleuronectiformes","Paralichthyidae","Paralichthys","Paralichthys albigutta","fish",,23,1980,,TRUE,
158829,"Chordata","Teleostei","Pleuronectiformes","Paralichthyidae","Paralichthys","Paralichthys lethostigma","fish","NT",2,,,TRUE,
158827,"Chordata","Teleostei","Pleuronectiformes","Paralichthyidae","Paralichthys","Paralichthys squamilentus","fish",,1,,,TRUE,
275839,"Chordata","Teleostei","Pleuronectiformes","Paralichthyidae","Syacium","Syacium gunteri","fish",,2,1995,,TRUE,
158878,"Chordata","Teleostei","Pleuronectiformes","Paralichthyidae","Syacium","Syacium papillosum","fish",,1,,,TRUE,
305637,"Chordata","Teleostei","Pleuronectiformes","Cynoglossidae","Symphurus","Symphurus civitatum","fish",,3,2007,,TRUE,
159358,"Chordata","Teleostei","Pleuronectiformes","Cynoglossidae","Symphurus","Symphurus diomedeanus","fish",,11,2010,,TRUE,
159361,"Chordata","Teleostei","Pleuronectiformes","Cynoglossidae","Symphurus","Symphurus nebulosus","fish",,10,2007,,TRUE,
159362,"Chordata","Teleostei","Pleuronectiformes","Cynoglossidae","Symphurus","Symphurus parvus","fish",,82,2007,,TRUE,
274267,"Chordata","Teleostei","Pleuronectiformes","Cynoglossidae","Symphurus","Symphurus pelicanus","fish",,2,2007,,TRUE,
274268,"Chordata","Teleostei","Pleuronectiformes","Cynoglossidae","Symphurus","Symphurus piger","fish",,1,2007,,TRUE,
159363,"Chordata","Teleostei","Pleuronectiformes","Cynoglossidae","Symphurus","Symphurus plagiusa","fish",,393,2011,,TRUE,
276000,"Chordata","Teleostei","Pleuronectiformes","Achiridae","Trinectes","Trinectes inscriptus","fish",,2,2006,,TRUE,
159271,"Chordata","Teleostei","Pleuronectiformes","Achiridae","Trinectes","Trinectes maculatus","fish",,37,2009,,TRUE,
127014,"Chordata","Teleostei","Scombriformes","Scombridae","Acanthocybium","Acanthocybium solandri","fish",,3,2000,,TRUE,
127087,"Chordata","Teleostei","Scombriformes","Trichiuridae","Benthodesmus","Benthodesmus simonyi","fish",,2,,,TRUE,
126840,"Chordata","Teleostei","Scombriformes","Chiasmodontidae","Chiasmodon","Chiasmodon niger","fish",,1,,,TRUE,
127018,"Chordata","Teleostei","Scombriformes","Scombridae","Katsuwonus","Katsuwonus pelamis","fish",,5,1993,,TRUE,
126863,"Chordata","Teleostei","Scombriformes","Gempylidae","Lepidocybium","Lepidocybium flavobrunneum","fish",,1,2000,,TRUE,
126865,"Chordata","Teleostei","Scombriformes","Gempylidae","Nesiarchus","Nesiarchus nasutus","fish",,1,,,TRUE,
126991,"Chordata","Teleostei","Scombriformes","Nomeidae","Nomeus","Nomeus gronovii","fish",,2,1933,,TRUE,
159827,"Chordata","Teleostei","Scombriformes","Stromateidae","Peprilus","Peprilus paru","fish",,3,1964,,TRUE,
159828,"Chordata","Teleostei","Scombriformes","Stromateidae","Peprilus","Peprilus triacanthus","fish",,1,,,TRUE,
151482,"Chordata","Teleostei","Scombriformes","Pomatomidae","Pomatomus","Pomatomus saltatrix","fish","VU",3,1973,,TRUE,
159427,"Chordata","Teleostei","Scombriformes","Nomeidae","Psenes","Psenes cyanophrys","fish",,2,,,TRUE,
126785,"Chordata","Teleostei","Scombriformes","Bramidae","Pterycombus","Pterycombus brama","fish",,1,,,TRUE,
159340,"Chordata","Teleostei","Scombriformes","Scombridae","Scomberomorus","Scomberomorus cavalla","fish",,1,,,TRUE,
159342,"Chordata","Teleostei","Scombriformes","Scombridae","Scomberomorus","Scomberomorus maculatus","fish",,3,1973,,TRUE,
273819,"Chordata","Teleostei","Scombriformes","Scombridae","Scomberomorus","Scomberomorus regalis","fish",,1,,,TRUE,
127030,"Chordata","Teleostei","Scombriformes","Scombrolabracidae","Scombrolabrax","Scombrolabrax heterolepis","fish",,1,,,TRUE,
126788,"Chordata","Teleostei","Scombriformes","Bramidae","Taractichthys","Taractichthys longipinnis","fish",,1,,,TRUE,
127026,"Chordata","Teleostei","Scombriformes","Scombridae","Thunnus","Thunnus alalunga","fish","NT",1,1992,,TRUE,
127027,"Chordata","Teleostei","Scombriformes","Scombridae","Thunnus","Thunnus albacares","fish","NT",2,1992,,TRUE,
159343,"Chordata","Teleostei","Scombriformes","Scombridae","Thunnus","Thunnus atlanticus","fish",,2,,,TRUE,
127028,"Chordata","Teleostei","Scombriformes","Scombridae","Thunnus","Thunnus obesus","fish","VU",1,1992,,TRUE,
127089,"Chordata","Teleostei","Scombriformes","Trichiuridae","Trichiurus","Trichiurus lepturus","fish",,1,,,TRUE,
158709,"Chordata","Teleostei","Siluriformes","Ariidae","Ariopsis","Ariopsis felis","fish",,40,2011,,TRUE,
158713,"Chordata","Teleostei","Siluriformes","Ariidae","Bagre","Bagre marinus","fish",,7,2000,,TRUE,
280201,"Chordata","Teleostei","Siluriformes","Clariidae","Clarias","Clarias batrachus","fish",,13,2002,,TRUE,
127306,"Chordata","Teleostei","Stomiiformes","Sternoptychidae","Argyropelecus","Argyropelecus aculeatus","fish",,3,,,TRUE,
127325,"Chordata","Teleostei","Stomiiformes","Stomiidae","Astronesthes","Astronesthes macropogon","fish",,1,,,TRUE,
127326,"Chordata","Teleostei","Stomiiformes","Stomiidae","Astronesthes","Astronesthes micropogon","fish",,1,,,TRUE,
127328,"Chordata","Teleostei","Stomiiformes","Stomiidae","Astronesthes","Astronesthes niger","fish",,1,,,TRUE,
275036,"Chordata","Teleostei","Stomiiformes","Stomiidae","Astronesthes","Astronesthes similus","fish",,1,,,TRUE,
127292,"Chordata","Teleostei","Stomiiformes","Gonostomatidae","Diplophos","Diplophos taenia","fish",,2,,,TRUE,
127340,"Chordata","Teleostei","Stomiiformes","Stomiidae","Echiostoma","Echiostoma barbatum","fish",,1,,,TRUE,
158852,"Chordata","Teleostei","Stomiiformes","Stomiidae","Eustomias","Eustomias brevibarbatus","fish",,1,,,TRUE,
275095,"Chordata","Teleostei","Stomiiformes","Stomiidae","Eustomias","Eustomias hypopsilus","fish",,1,,,TRUE,
127344,"Chordata","Teleostei","Stomiiformes","Stomiidae","Eustomias","Eustomias longibarba","fish",,1,,,TRUE,
127293,"Chordata","Teleostei","Stomiiformes","Gonostomatidae","Gonostoma","Gonostoma atlanticum","fish",,1,,,TRUE,
127354,"Chordata","Teleostei","Stomiiformes","Stomiidae","Idiacanthus","Idiacanthus fasciola","fish",,1,,,TRUE,
275153,"Chordata","Teleostei","Stomiiformes","Stomiidae","Leptostomias","Leptostomias bermudensis","fish",,1,,,TRUE,
275154,"Chordata","Teleostei","Stomiiformes","Stomiidae","Leptostomias","Leptostomias bilobatus","fish",,1,,,TRUE,
275156,"Chordata","Teleostei","Stomiiformes","Stomiidae","Leptostomias","Leptostomias leptobolus","fish",,1,,,TRUE,
127358,"Chordata","Teleostei","Stomiiformes","Stomiidae","Malacosteus","Malacosteus niger","fish",,1,,,TRUE,
127297,"Chordata","Teleostei","Stomiiformes","Gonostomatidae","Margrethia","Margrethia obtusirostra","fish",,1,,,TRUE,
275170,"Chordata","Teleostei","Stomiiformes","Stomiidae","Photonectes","Photonectes achirus","fish",,1,,,TRUE,
127299,"Chordata","Teleostei","Stomiiformes","Phosichthyidae","Pollichthys","Pollichthys mauli","fish",,2,,,TRUE,
221512,"Chordata","Teleostei","Stomiiformes","Gonostomatidae","Sigmops","Sigmops elongatus","fish",,3,,,TRUE,
158736,"Chordata","Teleostei","Stomiiformes","Stomiidae","Stomias","Stomias affinis","fish",,1,,,TRUE,
127316,"Chordata","Teleostei","Stomiiformes","Sternoptychidae","Valenciennellus","Valenciennellus tripunctulatus","fish",,1,,,TRUE,
127303,"Chordata","Teleostei","Stomiiformes","Phosichthyidae","Vinciguerria","Vinciguerria nimbaria","fish",,3,,,TRUE,
127304,"Chordata","Teleostei","Stomiiformes","Phosichthyidae","Vinciguerria","Vinciguerria poweriae","fish",,3,,,TRUE,
322499,"Chordata","Teleostei","Stomiiformes","Gonostomatidae","Zaphotias","Zaphotias pedaliotus","fish",,2,,,TRUE,
281590,"Chordata","Teleostei","Synbranchiformes","Synbranchidae","Monopterus","Monopterus albus","fish",,2,2014,,TRUE,
279603,"Chordata","Teleostei","Syngnathiformes","Syngnathidae","Anarchopterus","Anarchopterus criniger","fish",,444,2011,,TRUE,
279604,"Chordata","Teleostei","Syngnathiformes","Syngnathidae","Anarchopterus","Anarchopterus tectus","fish",,2,2006,,TRUE,
159444,"Chordata","Teleostei","Syngnathiformes","Syngnathidae","Bryx","Bryx dunckeri","fish",,2,2006,,TRUE,
278055,"Chordata","Teleostei","Syngnathiformes","Syngnathidae","Cosmocampus","Cosmocampus albirostris","fish",,6,2011,,TRUE,
278059,"Chordata","Teleostei","Syngnathiformes","Syngnathidae","Cosmocampus","Cosmocampus elucens","fish",,6,2007,,TRUE,
278060,"Chordata","Teleostei","Syngnathiformes","Syngnathidae","Cosmocampus","Cosmocampus hildebrandi","fish",,1,2007,,TRUE,
159445,"Chordata","Teleostei","Syngnathiformes","Syngnathidae","Hippocampus","Hippocampus erectus","fish","VU",30,2011,,TRUE,
159446,"Chordata","Teleostei","Syngnathiformes","Syngnathidae","Hippocampus","Hippocampus reidi","fish","NT",4,2005,,TRUE,
275213,"Chordata","Teleostei","Syngnathiformes","Syngnathidae","Hippocampus","Hippocampus zosterae","fish",,795,2011,,TRUE,
278317,"Chordata","Teleostei","Syngnathiformes","Syngnathidae","Micrognathus","Micrognathus crinitus","fish",,2,2006,,TRUE,
275216,"Chordata","Teleostei","Syngnathiformes","Syngnathidae","Syngnathus","Syngnathus affinis","fish",,1,2006,,TRUE,
159450,"Chordata","Teleostei","Syngnathiformes","Syngnathidae","Syngnathus","Syngnathus floridae","fish",,141,2011,,TRUE,
159451,"Chordata","Teleostei","Syngnathiformes","Syngnathidae","Syngnathus","Syngnathus fuscus","fish",,2,2007,,TRUE,
159453,"Chordata","Teleostei","Syngnathiformes","Syngnathidae","Syngnathus","Syngnathus louisianae","fish",,28,2010,,TRUE,
367332,"Chordata","Teleostei","Syngnathiformes","Syngnathidae","Syngnathus","Syngnathus pelagicus","fish",,72,2009,,TRUE,
275232,"Chordata","Teleostei","Syngnathiformes","Syngnathidae","Syngnathus","Syngnathus scovelli","fish",,281,2011,,TRUE,
159454,"Chordata","Teleostei","Syngnathiformes","Syngnathidae","Syngnathus","Syngnathus springeri","fish",,2,2007,,TRUE,
1577312,"Chordata","Teleostei","Tetraodontiformes","Ostraciidae","Acanthostracion","Acanthostracion polygonium","fish",,2,2008,,TRUE,
158920,"Chordata","Teleostei","Tetraodontiformes","Ostraciidae","Acanthostracion","Acanthostracion quadricornis","fish",,10,2009,,TRUE,
159490,"Chordata","Teleostei","Tetraodontiformes","Monacanthidae","Aluterus","Aluterus schoepfii","fish",,9,2009,,TRUE,
159491,"Chordata","Teleostei","Tetraodontiformes","Monacanthidae","Aluterus","Aluterus scriptus","fish",,3,2009,,TRUE,
154721,"Chordata","Teleostei","Tetraodontiformes","Balistidae","Balistes","Balistes capriscus","fish","VU",3,1964,,TRUE,
127397,"Chordata","Teleostei","Tetraodontiformes","Balistidae","Balistes","Balistes vetula","fish","NT",1,,,TRUE,
159493,"Chordata","Teleostei","Tetraodontiformes","Monacanthidae","Cantherhines","Cantherhines pullus","fish",,1,,,TRUE,
127398,"Chordata","Teleostei","Tetraodontiformes","Balistidae","Canthidermis","Canthidermis maculata","fish",,3,,,TRUE,
127399,"Chordata","Teleostei","Tetraodontiformes","Balistidae","Canthidermis","Canthidermis sufflamen","fish",,1,,,TRUE,
127411,"Chordata","Teleostei","Tetraodontiformes","Tetraodontidae","Canthigaster","Canthigaster rostrata","fish",,1,,,TRUE,
275240,"Chordata","Teleostei","Tetraodontiformes","Diodontidae","Chilomycterus","Chilomycterus antillarum","fish",,3,2007,,TRUE,
159488,"Chordata","Teleostei","Tetraodontiformes","Diodontidae","Chilomycterus","Chilomycterus schoepfii","fish",,20,2008,,TRUE,
127403,"Chordata","Teleostei","Tetraodontiformes","Diodontidae","Diodon","Diodon hystrix","fish",,2,,,TRUE,
158931,"Chordata","Teleostei","Tetraodontiformes","Ostraciidae","Lactophrys","Lactophrys trigonus","fish",,6,2009,,TRUE,
158932,"Chordata","Teleostei","Tetraodontiformes","Ostraciidae","Lactophrys","Lactophrys triqueter","fish",,2,2005,,TRUE,
158933,"Chordata","Teleostei","Tetraodontiformes","Tetraodontidae","Lagocephalus","Lagocephalus laevigatus","fish",,1,,,TRUE,
127405,"Chordata","Teleostei","Tetraodontiformes","Molidae","Mola","Mola mola","fish","VU",1,,,TRUE,
159497,"Chordata","Teleostei","Tetraodontiformes","Monacanthidae","Monacanthus","Monacanthus ciliatus","fish",,17,2010,,TRUE,
159499,"Chordata","Teleostei","Tetraodontiformes","Monacanthidae","Monacanthus","Monacanthus tuckeri","fish",,1,,,TRUE,
158934,"Chordata","Teleostei","Tetraodontiformes","Tetraodontidae","Sphoeroides","Sphoeroides maculatus","fish",,1,2005,,TRUE,
275280,"Chordata","Teleostei","Tetraodontiformes","Tetraodontidae","Sphoeroides","Sphoeroides nephelus","fish",,25,2011,,TRUE,
158935,"Chordata","Teleostei","Tetraodontiformes","Tetraodontidae","Sphoeroides","Sphoeroides spengleri","fish",,14,2009,,TRUE,
158936,"Chordata","Teleostei","Tetraodontiformes","Tetraodontidae","Sphoeroides","Sphoeroides testudineus","fish",,3,2009,,TRUE,
307126,"Chordata","Teleostei","Tetraodontiformes","Monacanthidae","Stephanolepis","Stephanolepis hispida","fish",,32,2009,,TRUE,
137092,"Chordata","Mammalia","Cetartiodactyla","Balaenopteridae","Megaptera","Megaptera novaeangliae","mammal",,1,1849,,TRUE,
137119,"Chordata","Mammalia","Cetartiodactyla","Physeteridae","Physeter","Physeter macrocephalus","mammal","VU",1,1849,,TRUE,
137111,"Chordata","Mammalia","Cetartiodactyla","Delphinidae","Tursiops","Tursiops truncatus","mammal",,1,2017,,TRUE,
159509,"Chordata","Mammalia","Sirenia","Trichechidae","Trichechus","Trichechus manatus","mammal","VU",2,2017,,TRUE,
159510,"Chordata","Mammalia","Sirenia","Trichechidae","Trichechus","Trichechus manatus","mammal",,1719,2020,,TRUE,
137205,"Chordata",,"Testudines","Cheloniidae","Caretta","Caretta caretta","turtle","VU",67,2013,,TRUE,
137206,"Chordata",,"Testudines","Cheloniidae","Chelonia","Chelonia mydas","turtle","EN",10,2015,,TRUE,
137209,"Chordata",,"Testudines","Dermochelyidae","Dermochelys","Dermochelys coriacea","turtle","VU",1,,,TRUE,
