"AphiaID","phylum","class","order","family","genus","species","records","reads","asvs","max_year","target_gene","source_obis","source_gbif","source_dna","category","redlist_category","vernacular","group"
149004,"Bacillariophyta","Bacillariophyceae","Bacillariales","Bacillariaceae","Cylindrotheca","Cylindrotheca closterium",,859,21,,"COI",FALSE,FALSE,TRUE,,,,"algae"
149153,"Bacillariophyta","Bacillariophyceae","Bacillariales","Bacillariaceae","Pseudo-nitzschia","Pseudo-nitzschia delicatissima",,8,1,,"16S",FALSE,FALSE,TRUE,,,,"algae"
149123,"Bacillariophyta","Bacillariophyceae","Chaetocerotanae incertae sedis","Chaetocerotaceae","Chaetoceros","Chaetoceros socialis",,151,1,,"COI",FALSE,FALSE,TRUE,,,,"algae"
464448,"Bacillariophyta","Bacillariophyceae","Hemiaulales","Bellerocheaceae","Bellerochea","Bellerochea polymorpha",,458,3,,"16S;COI",FALSE,FALSE,TRUE,,,,"algae"
172829,"Bacillariophyta","Bacillariophyceae","Naviculales","Naviculaceae","Navicula","Navicula minima",,29739,99,,"12S",FALSE,FALSE,TRUE,,,,"algae"
577742,"Bacillariophyta","Bacillariophyceae","Thalassiosirales","Thalassiosiraceae","Thalassiosira","Thalassiosira profunda",,2266,6,,"12S;16S;COI",FALSE,FALSE,TRUE,,,,"algae"
345463,"Chlorophyta","Mamiellophyceae","Dolichomastigales","Dolichomastigaceae","Dolichomastix","Dolichomastix tenuilepis",,1094,4,,"COI",FALSE,FALSE,TRUE,,,,"algae"
345459,"Chlorophyta","Mamiellophyceae","Mamiellales","Bathycoccaceae","Bathycoccus","Bathycoccus prasinos",,899649,34,,"12S;16S;COI",FALSE,FALSE,TRUE,,,,"algae"
134563,"Chlorophyta","Mamiellophyceae","Mamiellales","Mamiellaceae","Mantoniella","Mantoniella squamata",,10,1,,"COI",FALSE,FALSE,TRUE,,,,"algae"
1361174,"Chlorophyta","Mamiellophyceae","Mamiellales","Mamiellaceae","Micromonas","Micromonas commoda",,39803,22,,"12S;16S",FALSE,FALSE,TRUE,,,,"algae"
134564,"Chlorophyta","Mamiellophyceae","Mamiellales","Mamiellaceae","Micromonas","Micromonas pusilla",,3866310,94,,"12S;16S;COI",FALSE,FALSE,TRUE,,,,"algae"
236056,"Haptophyta","Coccolithophyceae","Isochrysidales","Noelaerhabdaceae","Gephyrocapsa","Gephyrocapsa huxleyi",,32682,9,,"12S;16S;COI",FALSE,FALSE,TRUE,,,,"algae"
160538,"Haptophyta","Coccolithophyceae","Phaeocystales","Phaeocystaceae","Phaeocystis","Phaeocystis globosa",,11313,7,,"16S;COI",FALSE,FALSE,TRUE,,,,"algae"
375970,"Ochrophyta","Dictyochophyceae","Dictyochales","Dictyochaceae","Octactis","Octactis octonaria",,217,3,,"COI",FALSE,FALSE,TRUE,,,,"algae"
1310442,"Ochrophyta","Dictyochophyceae","Dictyochales","Dictyochaceae","Octactis","Octactis speculum",,63930,15,,"12S;COI",FALSE,FALSE,TRUE,,,,"algae"
707927,"Ochrophyta","Dictyochophyceae","Dictyochales","Dictyochaceae","Vicicitus","Vicicitus globosus",,2160,6,,"COI",FALSE,FALSE,TRUE,,,,"algae"
531467,"Ochrophyta","Dictyochophyceae","Florenciellales","Florenciellales incertae sedis","Pseudochattonella","Pseudochattonella farcimen",,16833,7,,"COI",FALSE,FALSE,TRUE,,,,"algae"
145367,"Ochrophyta","Phaeophyceae","Dictyotales","Dictyotaceae","Dictyota","Dictyota dichotoma",,40,1,,"COI",FALSE,TRUE,TRUE,,,,"algae"
145369,"Ochrophyta","Phaeophyceae","Dictyotales","Dictyotaceae","Dictyota","Dictyota fasciola",,2241,3,,"COI",FALSE,TRUE,TRUE,,,,"algae"
145371,"Ochrophyta","Phaeophyceae","Dictyotales","Dictyotaceae","Dictyota","Dictyota implexa",,11,1,,"COI",FALSE,TRUE,TRUE,,,,"algae"
145374,"Ochrophyta","Phaeophyceae","Dictyotales","Dictyotaceae","Dictyota","Dictyota mediterranea",,108,2,,"COI",FALSE,TRUE,TRUE,,,,"algae"
145379,"Ochrophyta","Phaeophyceae","Dictyotales","Dictyotaceae","Dictyota","Dictyota spiralis",,150,1,,"COI",FALSE,FALSE,TRUE,,,,"algae"
145886,"Ochrophyta","Phaeophyceae","Discosporangiales","Discosporangiaceae","Discosporangium","Discosporangium mesarthrocarpum",,31,1,,"COI",FALSE,TRUE,TRUE,,,,"algae"
145009,"Ochrophyta","Phaeophyceae","Ectocarpales","Chordariaceae","Stilophora","Stilophora tenella",,33,2,,"COI",FALSE,FALSE,TRUE,,,,"algae"
145511,"Ochrophyta","Phaeophyceae","Fucales","Sargassaceae","Cystoseira","Cystoseira compressa",,508,1,,"COI",FALSE,FALSE,TRUE,,,,"algae"
1568383,"Ochrophyta","Phaeophyceae","Fucales","Sargassaceae","Ericaria","Ericaria amentacea",,15,1,,"COI",FALSE,TRUE,TRUE,,,,"algae"
1568396,"Ochrophyta","Phaeophyceae","Fucales","Sargassaceae","Ericaria","Ericaria zosteroides",,15,1,,"COI",FALSE,TRUE,TRUE,,,,"algae"
145892,"Ochrophyta","Phaeophyceae","Sphacelariales","Sphacelariaceae","Sphacelaria","Sphacelaria cirrosa",,182,2,,"COI",FALSE,FALSE,TRUE,,,,"algae"
144501,"Rhodophyta","Florideophyceae","Ceramiales","Callithamniaceae","Aglaothamnion","Aglaothamnion tenuissimum",,23,1,,"COI",FALSE,FALSE,TRUE,,,,"algae"
144526,"Rhodophyta","Florideophyceae","Ceramiales","Callithamniaceae","Callithamnion","Callithamnion corymbosum",,56,1,,"COI",FALSE,FALSE,TRUE,,,,"algae"
144795,"Rhodophyta","Florideophyceae","Ceramiales","Rhodomelaceae","Chondria","Chondria capillaris",,22,1,,"COI",FALSE,FALSE,TRUE,,,,"algae"
239192,"Rhodophyta","Florideophyceae","Ceramiales","Delesseriaceae","Dasya","Dasya pedicellata",,7,1,,"COI",FALSE,FALSE,TRUE,,,,"algae"
144756,"Rhodophyta","Florideophyceae","Ceramiales","Delesseriaceae","Hypoglossum","Hypoglossum hypoglossoides",,27,1,,"COI",FALSE,FALSE,TRUE,,,,"algae"
144827,"Rhodophyta","Florideophyceae","Ceramiales","Rhodomelaceae","Laurencia","Laurencia obtusa",,728,6,,"COI",FALSE,FALSE,TRUE,,,,"algae"
1339221,"Rhodophyta","Florideophyceae","Ceramiales","Rhodomelaceae","Leptosiphonia","Leptosiphonia fibrillosa",,22,1,,"COI",FALSE,FALSE,TRUE,,,,"algae"
377233,"Rhodophyta","Florideophyceae","Ceramiales","Rhodomelaceae","Osmundea","Osmundea oederi",,280,2,,"COI",FALSE,FALSE,TRUE,,,,"algae"
144666,"Rhodophyta","Florideophyceae","Ceramiales","Rhodomelaceae","Polysiphonia","Polysiphonia sertularioides",,458,3,,"COI",FALSE,FALSE,TRUE,,,,"algae"
145123,"Rhodophyta","Florideophyceae","Corallinales","Corallinaceae","Jania","Jania adhaerens",,6,1,,"COI",FALSE,FALSE,TRUE,,,,"algae"
145288,"Rhodophyta","Florideophyceae","Peyssonneliales","Peyssonneliaceae","Peyssonnelia","Peyssonnelia squamaria",,29,1,,"COI",FALSE,TRUE,TRUE,,,,"algae"
1034710,"Chordata","Aves","Anseriformes","Anatidae","Anas","Anas poecilorhyncha",,197,2,,"12S",FALSE,FALSE,TRUE,"LC","LC",,"birds"
422571,"Chordata","Aves","Anseriformes","Anatidae","Cairina","Cairina moschata",,1609,2,,"12S",FALSE,FALSE,TRUE,"LC","LC",,"birds"
1264073,"Cnidaria","Hexacorallia","Actiniaria","Aiptasiidae","Exaiptasia","Exaiptasia diaphana",,11,1,,"COI",FALSE,FALSE,TRUE,,,,"cnidarians"
101053,"Cnidaria","Hexacorallia","Zoantharia","Parazoanthidae","Isozoanthus","Isozoanthus sulcatus",,563,1,,"COI",FALSE,FALSE,TRUE,,,,"cnidarians"
151860,"Cnidaria","Hydrozoa","Anthoathecata","Corynidae","Coryne","Coryne eximia",,12,1,,"COI",FALSE,FALSE,TRUE,,,,"cnidarians"
117469,"Cnidaria","Hydrozoa","Anthoathecata","Corynidae","Coryne","Coryne muscoides",,160,1,,"COI",FALSE,FALSE,TRUE,,,"grande coryne","cnidarians"
117553,"Cnidaria","Hydrozoa","Anthoathecata","Eudendriidae","Eudendrium","Eudendrium racemosum",,5,1,,"COI",FALSE,FALSE,TRUE,,,"botryoid stickhydroid","cnidarians"
117283,"Cnidaria","Hydrozoa","Leptothecata","Aglaopheniidae","Aglaophenia","Aglaophenia pluma",,2169,12,,"12S;COI",FALSE,FALSE,TRUE,,,"podded hydroid","cnidarians"
117364,"Cnidaria","Hydrozoa","Leptothecata","Campanulariidae","Campanularia","Campanularia hincksii",,123,1,,"COI",FALSE,FALSE,TRUE,,,,"cnidarians"
117368,"Cnidaria","Hydrozoa","Leptothecata","Campanulariidae","Clytia","Clytia hemisphaerica",,53547,8,,"12S;16S;COI",FALSE,FALSE,TRUE,,,,"cnidarians"
117370,"Cnidaria","Hydrozoa","Leptothecata","Campanulariidae","Clytia","Clytia linearis",,101,2,,"COI",FALSE,FALSE,TRUE,,,,"cnidarians"
117372,"Cnidaria","Hydrozoa","Leptothecata","Campanulariidae","Clytia","Clytia noliformis",,12,1,,"COI",FALSE,FALSE,TRUE,,,,"cnidarians"
117380,"Cnidaria","Hydrozoa","Leptothecata","Campanulariidae","Laomedea","Laomedea calceolifera",,32,1,,"COI",FALSE,FALSE,TRUE,,,,"cnidarians"
117388,"Cnidaria","Hydrozoa","Leptothecata","Campanulariidae","Obelia","Obelia geniculata",,3,1,,"COI",FALSE,TRUE,TRUE,,,"knotted thread hydroid, obélie","cnidarians"
117393,"Cnidaria","Hydrozoa","Leptothecata","Campanulariidae","Orthopyxis","Orthopyxis integra",,6,1,,"COI",FALSE,FALSE,TRUE,,,,"cnidarians"
117824,"Cnidaria","Hydrozoa","Leptothecata","Plumulariidae","Plumularia","Plumularia setacea",,57,2,,"COI",FALSE,FALSE,TRUE,,,"little seabristle","cnidarians"
135495,"Cnidaria","Hydrozoa","Siphonophorae","Agalmatidae","Nanomia","Nanomia bijuga",,1531,1,,"COI",FALSE,FALSE,TRUE,,,,"cnidarians"
135305,"Cnidaria","Scyphozoa","Semaeostomeae","Pelagiidae","Pelagia","Pelagia noctiluca",2,33,1,2020,"COI",TRUE,TRUE,TRUE,,,"purplestripped jelly, méduse pélagique","cnidarians"
149755,"Arthropoda","Copepoda","Calanoida","Acartiidae","Acartia","Acartia (Acartiura) clausi",,11663,4,,"COI",FALSE,FALSE,TRUE,,,,"copepods"
104503,"Arthropoda","Copepoda","Calanoida","Clausocalanidae","Clausocalanus","Clausocalanus furcatus",,87,1,,"COI",FALSE,FALSE,TRUE,,,,"copepods"
104505,"Arthropoda","Copepoda","Calanoida","Clausocalanidae","Clausocalanus","Clausocalanus lividus",,53580,13,,"12S;COI",FALSE,FALSE,TRUE,,,,"copepods"
104506,"Arthropoda","Copepoda","Calanoida","Clausocalanidae","Clausocalanus","Clausocalanus mastigophorus",,4201,5,,"12S;16S;COI",FALSE,FALSE,TRUE,,,,"copepods"
104508,"Arthropoda","Copepoda","Calanoida","Clausocalanidae","Clausocalanus","Clausocalanus paululus",,783,2,,"COI",FALSE,FALSE,TRUE,,,,"copepods"
104509,"Arthropoda","Copepoda","Calanoida","Clausocalanidae","Clausocalanus","Clausocalanus pergens",,2508,5,,"COI",FALSE,FALSE,TRUE,,,,"copepods"
104501,"Arthropoda","Copepoda","Calanoida","Centropagidae","Isias","Isias clavipes",,6775,4,,"COI",FALSE,FALSE,TRUE,,,,"copepods"
104684,"Arthropoda","Copepoda","Calanoida","Paracalanidae","Paracalanus","Paracalanus nanus",,3342,3,,"COI",FALSE,FALSE,TRUE,,,,"copepods"
354162,"Arthropoda","Copepoda","Calanoida","Paracalanidae","Paracalanus","Paracalanus quasimodo",,6824,3,,"COI",FALSE,FALSE,TRUE,,,,"copepods"
104266,"Arthropoda","Copepoda","Calanoida","Acartiidae","Pteriacartia","Pteriacartia josephinae",,15827,7,,"12S;16S;COI",FALSE,FALSE,TRUE,,,,"copepods"
104879,"Arthropoda","Copepoda","Calanoida","Temoridae","Temora","Temora stylifera",,67,1,,"COI",FALSE,FALSE,TRUE,,,,"copepods"
106656,"Arthropoda","Copepoda","Cyclopoida","Oithonidae","Oithona","Oithona similis",,391,4,,"12S",FALSE,FALSE,TRUE,,,,"copepods"
116162,"Arthropoda","Copepoda","Harpacticoida","Tachidiidae","Euterpina","Euterpina acutifrons",,268,1,,"COI",FALSE,FALSE,TRUE,,,,"copepods"
107258,"Arthropoda","Malacostraca","Decapoda","Dromiidae","Dromia","Dromia personata",,6,1,,"COI",FALSE,TRUE,TRUE,,,"sponge crab, crabe dormeur","crustaceans"
107296,"Arthropoda","Malacostraca","Decapoda","Leucosiidae","Ebalia","Ebalia edwardsii",,4,1,,"COI",FALSE,FALSE,TRUE,,,,"crustaceans"
107150,"Arthropoda","Malacostraca","Decapoda","Galatheidae","Galathea","Galathea intermedia",,41,1,,"COI",FALSE,TRUE,TRUE,,,,"crustaceans"
107386,"Arthropoda","Malacostraca","Decapoda","Polybiidae","Liocarcinus","Liocarcinus corrugatus",,3,1,,"COI",FALSE,TRUE,TRUE,,,"wrinkled swimming crab","crustaceans"
107390,"Arthropoda","Malacostraca","Decapoda","Polybiidae","Liocarcinus","Liocarcinus marmoreus",,3,1,,"COI",FALSE,FALSE,TRUE,,,"marbled swimming crab","crustaceans"
107237,"Arthropoda","Malacostraca","Decapoda","Paguridae","Pagurus","Pagurus forbesii",,3,1,,"COI",FALSE,TRUE,TRUE,,,"rough-clawed hermit crab","crustaceans"
107353,"Arthropoda","Malacostraca","Decapoda","Epialtidae","Pisa","Pisa armata",,12,1,,"COI",FALSE,FALSE,TRUE,,,"Gibb's sea spider, araignée à rostre pointu","crustaceans"
119039,"Arthropoda","Malacostraca","Isopoda","Idoteidae","Idotea","Idotea balthica",,16,1,,"COI",FALSE,FALSE,TRUE,,,"Baltic isopod","crustaceans"
106231,"Arthropoda","Thecostraca","Balanomorpha","Chthamalidae","Chthamalus","Chthamalus stellatus",,3,1,,"COI",FALSE,FALSE,TRUE,,,"Poli's stellate barnacle","crustaceans"
123856,"Echinodermata","Asteroidea","Paxillosida","Astropectinidae","Astropecten","Astropecten aranciacus",,89,1,,"16S",FALSE,FALSE,TRUE,,,,"echinoderms"
123878,"Echinodermata","Asteroidea","Paxillosida","Astropectinidae","Astropecten","Astropecten spinulosus",,146,1,,"16S",FALSE,FALSE,TRUE,,,,"echinoderms"
123990,"Echinodermata","Asteroidea","Valvatida","Asterinidae","Asterina","Asterina phylactica",,66,2,,"COI",FALSE,FALSE,TRUE,,,,"echinoderms"
124249,"Echinodermata","Echinoidea","Arbacioida","Arbaciidae","Arbacia","Arbacia lixula",,341,2,,"16S",FALSE,TRUE,TRUE,,,"Black Sea urchin, oursin mâle","echinoderms"
124316,"Echinodermata","Echinoidea","Camarodonta","Parechinidae","Paracentrotus","Paracentrotus lividus",,167,2,,"16S;COI",FALSE,TRUE,TRUE,,,"stony sea urchin, oursin-pierre","echinoderms"
124427,"Echinodermata","Echinoidea","Camarodonta","Toxopneustidae","Sphaerechinus","Sphaerechinus granularis",,23,1,,"16S",FALSE,TRUE,TRUE,,,"violet sea urchin, oursin violet","echinoderms"
124418,"Echinodermata","Echinoidea","Spatangoida","Spatangidae","Spatangus","Spatangus purpureus",,74,1,,"COI",FALSE,TRUE,TRUE,,,"violet heart-urchin, spatangue pourpre","echinoderms"
124512,"Echinodermata","Holothuroidea","Holothuriida","Holothuriidae","Holothuria","Holothuria (Holothuria) mammata",,76,2,,"COI",FALSE,FALSE,TRUE,,,,"echinoderms"
1420120,"Echinodermata","Ophiuroidea","Ophiacanthida","Ophiodermatidae","Ophioderma","Ophioderma longicaudum",,140,2,,"COI",FALSE,TRUE,TRUE,,,,"echinoderms"
105851,"Chordata","Elasmobranchii","Myliobatiformes","Dasyatidae","Dasyatis","Dasyatis pastinaca",2,53,1,,"COI",TRUE,TRUE,TRUE,"VU","VU","stingray, pastenague commune","fish"
1016062,"Chordata","Elasmobranchii","Rhinopristiformes","Glaucostegidae","Glaucostegus","Glaucostegus cemiculus",,2,1,,"16S",FALSE,FALSE,TRUE,"CR","CR",,"fish"
126285,"Chordata","Teleostei","Anguilliformes","Congridae","Conger","Conger conger",2,13,1,,"COI",TRUE,TRUE,TRUE,"LC","LC","conger, congre","fish"
126303,"Chordata","Teleostei","Anguilliformes","Muraenidae","Muraena","Muraena helena",4,36284,14,2012,"12S;16S;COI",TRUE,TRUE,TRUE,"LC","LC","Mediterranean moray, murène commune","fish"
272027,"Chordata","Teleostei","Atheriniformes","Atherinidae","Atherina","Atherina boyeri",2,30242,5,,"16S;COI",TRUE,TRUE,TRUE,"LC","LC","big-scale sand-smelt, joel","fish"
272028,"Chordata","Teleostei","Atheriniformes","Atherinidae","Atherina","Atherina hepsetus",2,163344,23,,"12S;16S;COI",TRUE,FALSE,TRUE,,,"Mediterranean sand smelt, siouclet","fish"
126331,"Chordata","Teleostei","Atheriniformes","Atherinidae","Atherinomorus","Atherinomorus lacunosus",,4,1,,"16S",FALSE,FALSE,TRUE,"LC","LC","robust silverside","fish"
126375,"Chordata","Teleostei","Beloniformes","Belonidae","Belone","Belone belone",2,2616,6,,"12S;16S;COI",TRUE,FALSE,TRUE,"LC","LC","sea needle, aiquille","fish"
126760,"Chordata","Teleostei","Blenniiformes","Blenniidae","Aidablennius","Aidablennius sphynx",2,1532,1,,"16S",TRUE,TRUE,TRUE,"LC","LC","sphynx blenny, blennie sphinx","fish"
126844,"Chordata","Teleostei","Blenniiformes","Clinidae","Clinitrachus","Clinitrachus argentatus",1,11,1,,"12S",TRUE,FALSE,TRUE,"LC","LC",,"fish"
302165,"Chordata","Teleostei","Blenniiformes","Blenniidae","Lipophrys","Lipophrys trigloides",2,2451,4,,"16S;COI",TRUE,FALSE,TRUE,"LC","LC",,"fish"
126770,"Chordata","Teleostei","Blenniiformes","Blenniidae","Parablennius","Parablennius gattorugine",3,16217,3,,"16S",TRUE,TRUE,TRUE,"LC","LC","tompot blenny, blennie gattorugine","fish"
126771,"Chordata","Teleostei","Blenniiformes","Blenniidae","Parablennius","Parablennius incognitus",2,15747,4,,"16S;COI",TRUE,FALSE,TRUE,"LC","LC",,"fish"
126778,"Chordata","Teleostei","Blenniiformes","Blenniidae","Parablennius","Parablennius zvonimiri",2,17568,6,,"16S",TRUE,TRUE,TRUE,"LC","LC",,"fish"
127090,"Chordata","Teleostei","Blenniiformes","Tripterygiidae","Tripterygion","Tripterygion delaisi",2,1030,3,,"12S;16S",TRUE,TRUE,TRUE,"LC","LC","black-faced blenny, tripterygion","fish"
712817,"Chordata","Teleostei","Blenniiformes","Tripterygiidae","Tripterygion","Tripterygion tripteronotum",3,27016,6,,"12S;16S",TRUE,TRUE,TRUE,"LC","LC",,"fish"
127069,"Chordata","Teleostei","Carangaria incertae sedis","Sphyraenidae","Sphyraena","Sphyraena viridensis",1,23,1,,"COI",TRUE,TRUE,TRUE,"LC","LC","yellowmouth barracuda, bécune européenne","fish"
126417,"Chordata","Teleostei","Clupeiformes","Clupeidae","Clupea","Clupea harengus",,19,3,,"12S;16S",FALSE,FALSE,TRUE,"LC","LC","herring, hareng de l'Atlantique","fish"
126425,"Chordata","Teleostei","Clupeiformes","Clupeidae","Sprattus","Sprattus sprattus",2,24,1,,"12S",TRUE,FALSE,TRUE,"LC","LC","European sprat, sprat","fish"
127047,"Chordata","Teleostei","Eupercaria incertae sedis","Sparidae","Boops","Boops boops",4,121776,27,1999,"12S;16S;COI",TRUE,TRUE,TRUE,"LC","LC","bogue, bogue","fish"
126963,"Chordata","Teleostei","Eupercaria incertae sedis","Labridae","Coris","Coris julis",4,61372,13,1999,"12S;16S;COI",TRUE,TRUE,TRUE,"LC","LC","rainbow wrasse, girelle","fish"
273962,"Chordata","Teleostei","Eupercaria incertae sedis","Sparidae","Dentex","Dentex dentex",3,30678,12,,"12S;16S;COI",TRUE,TRUE,TRUE,"VU","VU","dentex, denté commun","fish"
126975,"Chordata","Teleostei","Eupercaria incertae sedis","Moronidae","Dicentrarchus","Dicentrarchus labrax",2,70,1,,"16S",TRUE,TRUE,TRUE,"LC","LC","seabass, bar","fish"
126976,"Chordata","Teleostei","Eupercaria incertae sedis","Moronidae","Dicentrarchus","Dicentrarchus punctatus",1,4,1,,"12S",TRUE,FALSE,TRUE,"LC","LC","spotted sea-bass, bar moucheté","fish"
127049,"Chordata","Teleostei","Eupercaria incertae sedis","Sparidae","Diplodus","Diplodus annularis",3,9852,3,,"16S",TRUE,TRUE,TRUE,"LC","LC","annular sea bream, sparaillon","fish"
127053,"Chordata","Teleostei","Eupercaria incertae sedis","Sparidae","Diplodus","Diplodus sargus",5,207,2,1999,"12S;COI",TRUE,TRUE,TRUE,"LC","LC","white seabream, sar commun du Maroc","fish"
127054,"Chordata","Teleostei","Eupercaria incertae sedis","Sparidae","Diplodus","Diplodus vulgaris",4,9318,8,1999,"12S;16S",TRUE,TRUE,TRUE,"LC","LC","two banded sea bream, sar à tête noire","fish"
126965,"Chordata","Teleostei","Eupercaria incertae sedis","Labridae","Labrus","Labrus bergylta",,5079,3,,"16S",FALSE,FALSE,TRUE,"LC","LC","wrasse, labre","fish"
126967,"Chordata","Teleostei","Eupercaria incertae sedis","Labridae","Labrus","Labrus merula",3,10,1,,"COI",TRUE,TRUE,TRUE,"LC","LC","brown wrasse, merle","fish"
151501,"Chordata","Teleostei","Eupercaria incertae sedis","Labridae","Labrus","Labrus mixtus",1,98,1,,"12S",TRUE,TRUE,TRUE,"LC","LC","cuckoo wrasse, vieille coquette","fish"
1577363,"Chordata","Teleostei","Eupercaria incertae sedis","Sparidae","Oblada","Oblada melanurus",3,122994,25,,"16S;COI",TRUE,TRUE,TRUE,,,,"fish"
127059,"Chordata","Teleostei","Eupercaria incertae sedis","Sparidae","Pagellus","Pagellus bogaraveo",2,6192,4,,"12S",TRUE,FALSE,TRUE,"NT","NT","blackspot seabream, daurade rose","fish"
127063,"Chordata","Teleostei","Eupercaria incertae sedis","Sparidae","Pagrus","Pagrus pagrus",2,1943,3,,"16S;COI",TRUE,TRUE,TRUE,"LC","LC","red porgy, pagre commun","fish"
127064,"Chordata","Teleostei","Eupercaria incertae sedis","Sparidae","Sarpa","Sarpa salpa",3,57505,11,,"12S;16S",TRUE,TRUE,TRUE,"LC","LC","Saunders's tern  , saupe","fish"
127010,"Chordata","Teleostei","Eupercaria incertae sedis","Sciaenidae","Sciaena","Sciaena umbra",3,430,1,,"16S",TRUE,TRUE,TRUE,"NT","NT","brown meagre, maigre","fish"
126828,"Chordata","Teleostei","Eupercaria incertae sedis","Sparidae","Spicara","Spicara maena",3,158839,36,,"12S;16S",TRUE,TRUE,TRUE,"LC","LC","picarel, mendole commune","fish"
126830,"Chordata","Teleostei","Eupercaria incertae sedis","Sparidae","Spicara","Spicara smaris",2,124806,32,,"16S;COI",TRUE,TRUE,TRUE,"LC","LC","picarel, picarel","fish"
273572,"Chordata","Teleostei","Eupercaria incertae sedis","Labridae","Symphodus","Symphodus ocellatus",4,39576,14,1999,"12S",TRUE,TRUE,TRUE,"LC","LC",,"fish"
273573,"Chordata","Teleostei","Eupercaria incertae sedis","Labridae","Symphodus","Symphodus roissali",3,21095,9,,"12S;16S",TRUE,TRUE,TRUE,"LC","LC",,"fish"
273574,"Chordata","Teleostei","Eupercaria incertae sedis","Labridae","Symphodus","Symphodus rostratus",3,1597,2,,"16S",TRUE,TRUE,TRUE,"LC","LC",,"fish"
273575,"Chordata","Teleostei","Eupercaria incertae sedis","Labridae","Symphodus","Symphodus tinca",3,46494,11,,"12S;16S;COI",TRUE,TRUE,TRUE,"LC","LC","East Atlantic peacock wrasse","fish"
126970,"Chordata","Teleostei","Eupercaria incertae sedis","Labridae","Thalassoma","Thalassoma pavo",3,16513,4,,"16S",TRUE,TRUE,TRUE,"LC","LC",,"fish"
126457,"Chordata","Teleostei","Gadiformes","Lotidae","Gaidropsarus","Gaidropsarus mediterraneus",2,8,1,,"COI",TRUE,FALSE,TRUE,,,"shore rockling, motelle","fish"
272526,"Chordata","Teleostei","Gobiesociformes","Gobiesocidae","Lepadogaster","Lepadogaster candolii",1,2283,1,,"16S",TRUE,FALSE,TRUE,,,,"fish"
126519,"Chordata","Teleostei","Gobiesociformes","Gobiesocidae","Lepadogaster","Lepadogaster purpurea",,1138,1,,"16S",FALSE,FALSE,TRUE,"LC","LC",,"fish"
126521,"Chordata","Teleostei","Gobiesociformes","Gobiesocidae","Opeatogenys","Opeatogenys gracilis",1,5501,3,,"16S",TRUE,FALSE,TRUE,"LC","LC",,"fish"
126888,"Chordata","Teleostei","Gobiiformes","Gobiidae","Gobius","Gobius cruentatus",1,3698,2,,"16S",TRUE,TRUE,TRUE,"LC","LC","red-mouthed goby","fish"
126893,"Chordata","Teleostei","Gobiiformes","Gobiidae","Gobius","Gobius paganellus",2,31955,23,,"12S;16S",TRUE,FALSE,TRUE,"LC","LC","rock goby, gobie paganel","fish"
126934,"Chordata","Teleostei","Gobiiformes","Gobiidae","Pseudaphya","Pseudaphya ferreri",1,23600,10,,"12S;16S",TRUE,FALSE,TRUE,"LC","LC","Ferrer's goby","fish"
126941,"Chordata","Teleostei","Gobiiformes","Gobiidae","Zebrus","Zebrus zebrus",1,4643,3,,"16S",TRUE,FALSE,TRUE,"LC","LC",,"fish"
273021,"Chordata","Teleostei","Kurtiformes","Apogonidae","Apogon","Apogon imberbis",4,58,2,1999,"16S;COI",TRUE,TRUE,TRUE,"LC","LC",,"fish"
126977,"Chordata","Teleostei","Mugiliformes","Mugilidae","Chelon","Chelon labrosus",1,13405,2,,"12S",TRUE,TRUE,TRUE,"LC","LC","thick-lipped grey mullet, muge lippu","fish"
126982,"Chordata","Teleostei","Mugiliformes","Mugilidae","Mugil","Mugil capurrii",,6,1,,"12S",FALSE,FALSE,TRUE,"LC","LC",,"fish"
126984,"Chordata","Teleostei","Mugiliformes","Mugilidae","Oedalechilus","Oedalechilus labeo",3,118953,20,1999,"12S;16S",TRUE,FALSE,TRUE,,,"boxlip mullet, ange-sabon","fish"
126986,"Chordata","Teleostei","Mulliformes","Mullidae","Mullus","Mullus surmuletus",3,1717,4,,"12S;16S",TRUE,TRUE,TRUE,"LC","LC","striped red mullet, rouget-barbet de roche","fish"
126602,"Chordata","Teleostei","Myctophiformes","Myctophidae","Hygophum","Hygophum benoiti",,428,1,,"16S",FALSE,FALSE,TRUE,"LC","LC","Benoit's lanternfish","fish"
126627,"Chordata","Teleostei","Myctophiformes","Myctophidae","Myctophum","Myctophum punctatum",6,14375,7,,"12S;16S",TRUE,FALSE,TRUE,"LC","LC","spotted lanternfish, lanterne ponctuée","fish"
127000,"Chordata","Teleostei","Ovalentaria incertae sedis","Pomacentridae","Chromis","Chromis chromis",4,192102,29,1999,"16S;COI",TRUE,TRUE,TRUE,"LC","LC","damselfish","fish"
127247,"Chordata","Teleostei","Perciformes","Scorpaenidae","Scorpaena","Scorpaena porcus",4,1115,4,1999,"12S;16S",TRUE,TRUE,TRUE,"LC","LC","black scorpion-fish, rascasse brune","fish"
127041,"Chordata","Teleostei","Perciformes","Serranidae","Serranus","Serranus cabrilla",3,34,2,,"16S",TRUE,TRUE,TRUE,"LC","LC","comber, serran chevrette","fish"
127043,"Chordata","Teleostei","Perciformes","Serranidae","Serranus","Serranus scriba",4,1549,5,1999,"12S;16S;COI",TRUE,TRUE,TRUE,"LC","LC","painted comber, serran écriture","fish"
127186,"Chordata","Teleostei","Salmoniformes","Salmonidae","Salmo","Salmo salar",,238,1,,"12S",FALSE,FALSE,TRUE,"LR/lc","LR/lc","Atlantic salmon, saumon d'Atlantique","fish"
127022,"Chordata","Teleostei","Scombriformes","Scombridae","Scomber","Scomber japonicus",1,107,2,,"12S",TRUE,FALSE,TRUE,"LC","LC","Atlantic chub mackerel, maquereaux blanc","fish"
127334,"Chordata","Teleostei","Stomiiformes","Stomiidae","Borostomias","Borostomias antarcticus",,1601,5,,"12S;COI",FALSE,FALSE,TRUE,"LC","LC","straightline dragonfish","fish"
127427,"Chordata","Teleostei","Zeiformes","Zeidae","Zeus","Zeus faber",2,9,1,,"COI",TRUE,FALSE,TRUE,"DD","DD","dory, jean-doré","fish"
100511,"Ascomycota","Dothideomycetes","Capnodiales","Cladosporiaceae","Cladosporium","Cladosporium herbarum",,11558,2,,"COI",FALSE,FALSE,TRUE,,,,"fungi"
100537,"Ascomycota","Eurotiomycetes","Eurotiales","Trichocomaceae","Penicillium","Penicillium chrysogenum",,228,1,,"COI",FALSE,FALSE,TRUE,,,,"fungi"
172155,"Oomycota","Peronosporea","Saprolegniales","Ectrogellaceae","Eurychasma","Eurychasma dicksonii",,15,1,,"COI",FALSE,FALSE,TRUE,,,,"fungi"
137111,"Chordata","Mammalia","Cetartiodactyla","Delphinidae","Tursiops","Tursiops truncatus",11,6618,4,2016,"16S",TRUE,TRUE,TRUE,"LC","LC","bottlenose dolphin, grand dauphin","mammals"
140074,"Mollusca","Gastropoda","Cephalaspidea","Haminoeidae","Haminoea","Haminoea hydatis",,3,1,,"COI",FALSE,FALSE,TRUE,,,,"molluscs"
139644,"Mollusca","Gastropoda","Nudibranchia","Dotidae","Doto","Doto koenneckeri",,10,2,,"COI",FALSE,FALSE,TRUE,,,,"molluscs"
139914,"Mollusca","Gastropoda","Nudibranchia","Facelinidae","Facelina","Facelina rubrovittata",,12,1,,"COI",FALSE,FALSE,TRUE,,,,"molluscs"
139940,"Mollusca","Gastropoda","Nudibranchia","Facelinidae","Favorinus","Favorinus branchialis",,74,3,,"COI",FALSE,FALSE,TRUE,,,,"molluscs"
140830,"Mollusca","Gastropoda","Nudibranchia","Polyceridae","Limacia","Limacia clavigera",,10,1,,"COI",FALSE,FALSE,TRUE,,,"orange-clubbed nudibranch","molluscs"
140838,"Mollusca","Gastropoda","Nudibranchia","Polyceridae","Polycera","Polycera quadrilineata",,28,1,,"COI",FALSE,FALSE,TRUE,,,"four-striped polycera, limace à quatre lignes","molluscs"
605965,"Mollusca","Gastropoda","Pteropoda","Heliconoididae","Heliconoides","Heliconoides inflatus",,49,2,,"COI",FALSE,FALSE,TRUE,,,,"molluscs"
141766,"Mollusca","Gastropoda","Trochida","Calliostomatidae","Calliostoma","Calliostoma virescens",,43,2,,"COI",FALSE,FALSE,TRUE,,,,"molluscs"
141808,"Mollusca","Gastropoda","Trochida","Trochidae","Jujubinus","Jujubinus gravinae",,46,1,,"COI",FALSE,FALSE,TRUE,,,,"molluscs"
141700,"Mollusca","Gastropoda","Trochida","Phasianellidae","Tricolia","Tricolia pullus",1,689,6,,"COI",TRUE,FALSE,TRUE,,,"pheasant shell","molluscs"
139052,"Mollusca","Gastropoda","[unassigned] Caenogastropoda","Cerithiidae","Bittium","Bittium latreillii",,52,1,,"16S",FALSE,TRUE,TRUE,,,,"molluscs"
139054,"Mollusca","Gastropoda","[unassigned] Caenogastropoda","Cerithiidae","Bittium","Bittium reticulatum",,171,2,,"COI",FALSE,TRUE,TRUE,,,"needle whelk","molluscs"
140677,"Mollusca","Gastropoda",,"Patellidae","Patella","Patella caerulea",,3,1,,"COI",FALSE,TRUE,TRUE,,,"rayed Mediterranean limpet","molluscs"
139687,"Mollusca","Gastropoda",,"Plakobranchidae","Thuridilla","Thuridilla hopei",,4,1,,"COI",FALSE,TRUE,TRUE,,,"splendid elysia","molluscs"
138675,"Mollusca","Polyplacophora","Chitonida","Acanthochitonidae","Acanthochitona","Acanthochitona crinita",,5,1,,"COI",FALSE,FALSE,TRUE,,,"bristly mail chiton, petit chiton épineux","molluscs"
140194,"Mollusca","Polyplacophora","Lepidopleurida","Leptochitonidae","Lepidopleurus","Lepidopleurus cajetanus",2,3,1,1974,"COI",TRUE,FALSE,TRUE,,,"ribbed chiton, chiton écailleux","molluscs"
140201,"Mollusca","Polyplacophora","Lepidopleurida","Leptochitonidae","Leptochiton","Leptochiton cancellatus",4,3,1,1979,"COI",TRUE,TRUE,TRUE,,,"Arctic cancellate chiton","molluscs"
111659,"Bryozoa","Gymnolaemata","Ctenostomatida","Vesiculariidae","Amathia","Amathia lendigera",,8,1,,"COI",FALSE,FALSE,TRUE,,,,"moss animals"
103862,"Chordata","Ascidiacea","Stolidobranchia","Styelidae","Botryllus","Botryllus schlosseri",,3,1,,"COI",FALSE,FALSE,TRUE,,,"golden star tunicate, botrylle étoilé","sea squirts"
134235,"Porifera","Demospongiae","Clionaida","Spirastrellidae","Spirastrella","Spirastrella cunctatrix",,27,1,,"COI",FALSE,TRUE,TRUE,,,"encrusting orange sponge, éponge encroûtante orange","sponges"
132775,"Porifera","Demospongiae","Haplosclerida","Chalinidae","Haliclona","Haliclona (Reniera) aquaeductus",,64,1,,"COI",FALSE,FALSE,TRUE,,,,"sponges"
132955,"Porifera","Demospongiae","Poecilosclerida","Acarnidae","Acarnus","Acarnus levii",,7,1,,"COI",FALSE,FALSE,TRUE,,,,"sponges"
133543,"Porifera","Demospongiae","Poecilosclerida","Hymedesmiidae","Hemimycale","Hemimycale columella",,37,1,,"COI",FALSE,TRUE,TRUE,,,"crater sponge, éponge à cratères","sponges"
367374,"Porifera","Demospongiae","Poecilosclerida","Hymedesmiidae","Phorbas","Phorbas topsenti",,8,1,,"COI",FALSE,FALSE,TRUE,,,,"sponges"
132663,"Porifera","Demospongiae","Suberitida","Halichondriidae","Hymeniacidon","Hymeniacidon perlevis",,21,1,,"COI",FALSE,FALSE,TRUE,,,"crumb-of-bread sponge","sponges"
1041930,"Porifera","Demospongiae","Suberitida","Suberitidae","Terpios","Terpios gelatinosus",,100,1,,"COI",FALSE,TRUE,TRUE,,,,"sponges"
120665,"Amoebozoa","Discosea","Dactylopodida","Vexilliferidae","Neoparamoeba","Neoparamoeba pemaquidensis",,7,1,,"COI",FALSE,FALSE,TRUE,,,,"unicellular"
109723,"Myzozoa","Dinophyceae","Amphidiniales","Amphidiniaceae","Amphidinium","Amphidinium carterae",,9,1,,"COI",FALSE,FALSE,TRUE,,,,"unicellular"
110321,"Myzozoa","Dinophyceae","Gonyaulacales","Protoceratiaceae","Protoceratium","Protoceratium reticulatum",,27,1,,"COI",FALSE,FALSE,TRUE,,,,"unicellular"
110152,"Myzozoa","Dinophyceae","Peridiniales","Heterocapsaceae","Heterocapsa","Heterocapsa rotundata",,54,1,,"COI",FALSE,FALSE,TRUE,,,,"unicellular"
1346683,"Myzozoa","Dinophyceae","Peridiniales","Peridiniaceae","Kryptoperidinium","Kryptoperidinium triquetrum",,35,3,,"COI",FALSE,FALSE,TRUE,,,,"unicellular"
130067,"Annelida","Polychaeta","Eunicida","Eunicidae","Eunice","Eunice vittata",,22397,16,,"COI",FALSE,FALSE,TRUE,,,,"worms"
742170,"Annelida","Polychaeta","Eunicida","Eunicidae","Leodice","Leodice harassii",,636,8,,"COI",FALSE,FALSE,TRUE,,,,"worms"
742232,"Annelida","Polychaeta","Eunicida","Eunicidae","Lysidice","Lysidice unicornis",,26,1,,"COI",FALSE,FALSE,TRUE,,,,"worms"
129927,"Annelida","Polychaeta","Phyllodocida","Chrysopetalidae","Chrysopetalum","Chrysopetalum debile",,10,1,,"COI",FALSE,FALSE,TRUE,,,,"worms"
130156,"Annelida","Polychaeta","Phyllodocida","Hesionidae","Gyptis","Gyptis propinqua",,90,2,,"COI",FALSE,FALSE,TRUE,,,,"worms"
131321,"Annelida","Polychaeta","Phyllodocida","Syllidae","Haplosyllis","Haplosyllis spongicola",,32431,2,,"COI",FALSE,FALSE,TRUE,,,,"worms"
333615,"Annelida","Polychaeta","Phyllodocida","Hesionidae","Hesiospina","Hesiospina aurantiaca",,120,1,,"COI",FALSE,FALSE,TRUE,,,,"worms"
238194,"Annelida","Polychaeta","Phyllodocida","Syllidae","Myrianida","Myrianida edwarsi",,78,1,,"COI",FALSE,FALSE,TRUE,,,,"worms"
131328,"Annelida","Polychaeta","Phyllodocida","Syllidae","Odontosyllis","Odontosyllis gibba",,4,1,,"COI",FALSE,FALSE,TRUE,,,,"worms"
1610809,"Annelida","Polychaeta","Phyllodocida","Nereididae","Platynereis","Platynereis agilis",,21,1,,"COI",FALSE,FALSE,TRUE,,,,"worms"
130417,"Annelida","Polychaeta","Phyllodocida","Nereididae","Platynereis","Platynereis dumerilii",,55,2,,"COI",FALSE,FALSE,TRUE,,,"comb-toothed nereid","worms"
1610819,"Annelida","Polychaeta","Phyllodocida","Nereididae","Platynereis","Platynereis jourdei",,38,1,,"COI",FALSE,FALSE,TRUE,,,,"worms"
131361,"Annelida","Polychaeta","Phyllodocida","Syllidae","Proceraea","Proceraea aurantiaca",,83,2,,"16S;COI",FALSE,FALSE,TRUE,,,,"worms"
131423,"Annelida","Polychaeta","Phyllodocida","Syllidae","Syllis","Syllis compacta",,20,1,,"COI",FALSE,FALSE,TRUE,,,,"worms"
131432,"Annelida","Polychaeta","Phyllodocida","Syllidae","Syllis","Syllis gerlachi",,251,5,,"COI",FALSE,FALSE,TRUE,,,,"worms"
131467,"Annelida","Polychaeta","Phyllodocida","Syllidae","Trypanosyllis","Trypanosyllis zebra",,5,1,,"COI",FALSE,FALSE,TRUE,,,,"worms"
131525,"Annelida","Polychaeta","Terebellida","Terebellidae","Polycirrus","Polycirrus aurantiacus",,10,1,,"COI",FALSE,FALSE,TRUE,,,,"worms"
130528,"Annelida","Polychaeta",,"Orbiniidae","Phylo","Phylo foetida",,249,1,,"COI",FALSE,FALSE,TRUE,,,,"worms"
990721,"Arthropoda","Hexapoda","Hemiptera","Aphididae","Aulacorthum","Aulacorthum solani",,115,1,,"COI",FALSE,FALSE,TRUE,,,,
483660,"Platyhelminthes",,"Polycladida","Planoceridae","Planocera","Planocera ceratommata",,8,1,,"COI",FALSE,FALSE,TRUE,,,,
