"AphiaID","phylum","class","order","family","genus","species","records","max_year","target_gene","source_obis","source_gbif","source_dna","category","redlist_category","vernacular","group"
149004,"Bacillariophyta","Bacillariophyceae","Bacillariales","Bacillariaceae","Cylindrotheca","Cylindrotheca closterium",,,"COI",FALSE,FALSE,TRUE,,,,"algae"
149601,"Bacillariophyta","Bacillariophyceae","Bacillariales","Bacillariaceae","Nitzschia","Nitzschia palea",,,"COI",FALSE,FALSE,TRUE,,,,"algae"
832130,"Bacillariophyta","Bacillariophyceae","Bacillariales","Bacillariaceae","Pseudo-nitzschia","Pseudo-nitzschia abrensis",,,"COI",FALSE,FALSE,TRUE,,,,"algae"
1016708,"Bacillariophyta","Bacillariophyceae","Bacillariales","Bacillariaceae","Pseudo-nitzschia","Pseudo-nitzschia bipertita",,,"COI",FALSE,FALSE,TRUE,,,,"algae"
531450,"Bacillariophyta","Bacillariophyceae","Bacillariales","Bacillariaceae","Pseudo-nitzschia","Pseudo-nitzschia caciantha",,,"COI",FALSE,FALSE,TRUE,,,,"algae"
370512,"Bacillariophyta","Bacillariophyceae","Bacillariales","Bacillariaceae","Pseudo-nitzschia","Pseudo-nitzschia cuspidata",,,"COI",FALSE,FALSE,TRUE,,,,"algae"
531451,"Bacillariophyta","Bacillariophyceae","Bacillariales","Bacillariaceae","Pseudo-nitzschia","Pseudo-nitzschia decipiens",,,"COI",FALSE,FALSE,TRUE,,,,"algae"
839797,"Bacillariophyta","Bacillariophyceae","Bacillariales","Bacillariaceae","Pseudo-nitzschia","Pseudo-nitzschia lundholmiae",,,"COI",FALSE,FALSE,TRUE,,,,"algae"
156548,"Bacillariophyta","Bacillariophyceae","Bacillariales","Bacillariaceae","Pseudo-nitzschia","Pseudo-nitzschia pseudodelicatissima",,,"COI",FALSE,FALSE,TRUE,,,,"algae"
1307191,"Bacillariophyta","Bacillariophyceae","Bacillariales","Bacillariaceae","Pseudo-nitzschia","Pseudo-nitzschia sabit",,,"COI",FALSE,FALSE,TRUE,,,,"algae"
418222,"Bacillariophyta","Bacillariophyceae","Bacillariales","Bacillariaceae","Pseudo-nitzschia","Pseudo-nitzschia subpacifica",,,"COI",FALSE,FALSE,TRUE,,,,"algae"
149557,"Bacillariophyta","Bacillariophyceae","Cymbellales","Gomphonemataceae","Gomphonema","Gomphonema parvulum",,,"COI",FALSE,FALSE,TRUE,,,,"algae"
1669590,"Bacillariophyta","Bacillariophyceae","Fragilariales","Fragilariaceae","Asterionellopsis","Asterionellopsis thurstonii",,,"COI",FALSE,FALSE,TRUE,,,,"algae"
149023,"Bacillariophyta","Bacillariophyceae","Lithodesmiales","Lithodesmiaceae","Ditylum","Ditylum brightwellii",,,"COI",FALSE,FALSE,TRUE,,,,"algae"
172829,"Bacillariophyta","Bacillariophyceae","Naviculales","Naviculaceae","Navicula","Navicula minima",,,"12S",FALSE,FALSE,TRUE,,,,"algae"
175584,"Bacillariophyta","Bacillariophyceae","Naviculales","Phaeodactylaceae","Phaeodactylum","Phaeodactylum tricornutum",,,"COI",FALSE,FALSE,TRUE,,,,"algae"
163392,"Bacillariophyta","Bacillariophyceae","Thalassiosirales","Thalassiosiraceae","Microsiphona","Microsiphona potamos",,,"COI",FALSE,FALSE,TRUE,,,,"algae"
623005,"Bacillariophyta","Bacillariophyceae","Thalassiosirales","Skeletonemaceae","Skeletonema","Skeletonema ardens",,,"COI",FALSE,FALSE,TRUE,,,,"algae"
619264,"Bacillariophyta","Bacillariophyceae","Thalassiosirales","Skeletonemaceae","Skeletonema","Skeletonema grevillei",,,"COI",FALSE,FALSE,TRUE,,,,"algae"
376361,"Bacillariophyta","Bacillariophyceae","Thalassiosirales","Skeletonemaceae","Skeletonema","Skeletonema menzelii",,,"COI",FALSE,FALSE,TRUE,,,,"algae"
345463,"Chlorophyta","Mamiellophyceae","Dolichomastigales","Dolichomastigaceae","Dolichomastix","Dolichomastix tenuilepis",,,"COI",FALSE,FALSE,TRUE,,,,"algae"
134564,"Chlorophyta","Mamiellophyceae","Mamiellales","Mamiellaceae","Micromonas","Micromonas pusilla",,,"COI",FALSE,FALSE,TRUE,,,,"algae"
375881,"Chlorophyta","Pyramimonadophyceae","Prasinococcales","Prasinococcaceae","Prasinoderma","Prasinoderma coloniale",,,"COI",FALSE,FALSE,TRUE,,,,"algae"
160538,"Haptophyta","Coccolithophyceae","Phaeocystales","Phaeocystaceae","Phaeocystis","Phaeocystis globosa",,,"COI",FALSE,FALSE,TRUE,,,,"algae"
115106,"Haptophyta","Coccolithophyceae","Phaeocystales","Phaeocystaceae","Phaeocystis","Phaeocystis pouchetii",,,"COI",FALSE,FALSE,TRUE,,,,"algae"
1358375,"Haptophyta","Coccolithophyceae","Prymnesiales","Chrysochromulinaceae","Chrysochromulina","Chrysochromulina tobinii",,,"COI",FALSE,FALSE,TRUE,,,,"algae"
1304857,"Ochrophyta","Chrysophyceae","Chromulinales","Dinobryaceae","Poterioochromonas","Poterioochromonas malhamensis",,,"COI",FALSE,FALSE,TRUE,,,,"algae"
624265,"Ochrophyta","Chrysophyceae","Chromulinales","Dinobryaceae","Poteriospumella","Poteriospumella lacustris",,,"COI",FALSE,FALSE,TRUE,,,,"algae"
375970,"Ochrophyta","Dictyochophyceae","Dictyochales","Dictyochaceae","Octactis","Octactis octonaria",,,"COI",FALSE,FALSE,TRUE,,,,"algae"
707927,"Ochrophyta","Dictyochophyceae","Dictyochales","Dictyochaceae","Vicicitus","Vicicitus globosus",,,"COI",FALSE,FALSE,TRUE,,,,"algae"
531467,"Ochrophyta","Dictyochophyceae","Florenciellales","Florenciellales incertae sedis","Pseudochattonella","Pseudochattonella farcimen",,,"COI",FALSE,FALSE,TRUE,,,,"algae"
377141,"Ochrophyta","Phaeophyceae","Dictyotales","Dictyotaceae","Canistrocarpus","Canistrocarpus cervicornis",5,2000,"COI",TRUE,TRUE,TRUE,,,,"algae"
374386,"Ochrophyta","Phaeophyceae","Dictyotales","Dictyotaceae","Dictyota","Dictyota acutiloba",,,"COI",FALSE,TRUE,TRUE,,,,"algae"
145365,"Ochrophyta","Phaeophyceae","Dictyotales","Dictyotaceae","Dictyota","Dictyota ciliolata",3,2000,"COI",TRUE,FALSE,TRUE,,,,"algae"
220788,"Ochrophyta","Phaeophyceae","Dictyotales","Dictyotaceae","Dictyota","Dictyota rigida",4,2000,"COI",TRUE,TRUE,TRUE,,,,"algae"
145382,"Ochrophyta","Phaeophyceae","Dictyotales","Dictyotaceae","Padina","Padina boergesenii",3,1999,"COI",TRUE,TRUE,TRUE,,,,"algae"
145384,"Ochrophyta","Phaeophyceae","Dictyotales","Dictyotaceae","Padina","Padina gymnospora",6,2000,"COI",TRUE,TRUE,TRUE,,,,"algae"
145857,"Ochrophyta","Phaeophyceae","Ectocarpales","Scytosiphonaceae","Colpomenia","Colpomenia sinuosa",3,1999,"COI",TRUE,TRUE,TRUE,,,,"algae"
372672,"Ochrophyta","Phaeophyceae","Ectocarpales","Acinetosporaceae","Feldmannia","Feldmannia chitonicola",,,"COI",FALSE,FALSE,TRUE,,,,"algae"
699648,"Ochrophyta","Phaeophyceae","Ectocarpales","Acinetosporaceae","Feldmannia","Feldmannia mitchelliae",,,"COI",FALSE,FALSE,TRUE,,,,"algae"
145341,"Ochrophyta","Phaeophyceae","Ectocarpales","Chordariaceae","Hecatonema","Hecatonema terminale",,,"COI",FALSE,FALSE,TRUE,,,,"algae"
145861,"Ochrophyta","Phaeophyceae","Ectocarpales","Scytosiphonaceae","Hydroclathrus","Hydroclathrus clathratus",1,1965,"COI",TRUE,TRUE,TRUE,,,,"algae"
214334,"Ochrophyta","Phaeophyceae","Ectocarpales","Scytosiphonaceae","Hydroclathrus","Hydroclathrus tenuis",,,"COI",FALSE,FALSE,TRUE,,,,"algae"
1327736,"Ochrophyta","Phaeophyceae","Ectocarpales","Scytosiphonaceae","Hydroclathrus","Hydroclathrus tilesii",,,"COI",FALSE,FALSE,TRUE,,,,"algae"
145866,"Ochrophyta","Phaeophyceae","Ectocarpales","Scytosiphonaceae","Rosenvingea","Rosenvingea intricata",1,1999,"COI",TRUE,FALSE,TRUE,,,,"algae"
375329,"Ochrophyta","Phaeophyceae","Fucales","Sargassaceae","Sargassum","Sargassum megalocystum",,,"COI",FALSE,FALSE,TRUE,,,,"algae"
494981,"Ochrophyta","Phaeophyceae","Fucales","Sargassaceae","Sargassum","Sargassum oligocystum",,,"COI",FALSE,FALSE,TRUE,,,,"algae"
494865,"Ochrophyta","Phaeophyceae","Fucales","Sargassaceae","Sargassum","Sargassum polycystum",,,"COI",FALSE,TRUE,TRUE,,,,"algae"
214344,"Ochrophyta","Phaeophyceae","Laminariales","Lessoniaceae","Ecklonia","Ecklonia radiata",,,"COI",FALSE,FALSE,TRUE,,,,"algae"
495552,"Ochrophyta","Phaeophyceae","Ralfsiales","Neoralfsiaceae","Neoralfsia","Neoralfsia expansa",,,"COI",FALSE,FALSE,TRUE,,,,"algae"
145481,"Ochrophyta","Phaeophyceae","Scytothamnales","Bachelotiaceae","Bachelotia","Bachelotia antillarum",,,"COI",FALSE,FALSE,TRUE,,,,"algae"
233780,"Ochrophyta","Raphidophyceae","Chattonellales","Vacuolariaceae","Chattonella","Chattonella marina",,,"COI",FALSE,FALSE,TRUE,,,,"algae"
233761,"Ochrophyta","Raphidophyceae","Chattonellales","Vacuolariaceae","Fibrocapsa","Fibrocapsa japonica",,,"COI",FALSE,FALSE,TRUE,,,,"algae"
371039,"Rhodophyta","Compsopogonophyceae","Compsopogonales","Compsopogonaceae","Compsopogon","Compsopogon caeruleus",,,"COI",FALSE,FALSE,TRUE,,,,"algae"
144356,"Rhodophyta","Florideophyceae","Acrochaetiales","Acrochaetiaceae","Acrochaetium","Acrochaetium humile",,,"COI",FALSE,FALSE,TRUE,,,,"algae"
623711,"Rhodophyta","Florideophyceae","Batrachospermales","Batrachospermaceae","Kumanoa","Kumanoa spermatiophora",,,"COI",FALSE,FALSE,TRUE,,,,"algae"
144439,"Rhodophyta","Florideophyceae","Bonnemaisoniales","Bonnemaisoniaceae","Asparagopsis","Asparagopsis taxiformis",1,1999,"COI",TRUE,TRUE,TRUE,,,,"algae"
494947,"Rhodophyta","Florideophyceae","Ceramiales","Ceramiaceae","Antithamnion","Antithamnion antillanum",,,"COI",FALSE,FALSE,TRUE,,,,"algae"
503086,"Rhodophyta","Florideophyceae","Ceramiales","Ceramiaceae","Centroceras","Centroceras gasparrinii",,,"COI",FALSE,FALSE,TRUE,,,,"algae"
214197,"Rhodophyta","Florideophyceae","Ceramiales","Rhodomelaceae","Chondria","Chondria armata",,,"COI",FALSE,TRUE,TRUE,,,,"algae"
157315,"Rhodophyta","Florideophyceae","Ceramiales","Rhodomelaceae","Chondria","Chondria baileyana",,,"COI",FALSE,FALSE,TRUE,,,,"algae"
144799,"Rhodophyta","Florideophyceae","Ceramiales","Rhodomelaceae","Chondria","Chondria dasyphylla",,,"COI",FALSE,FALSE,TRUE,,,,"algae"
375747,"Rhodophyta","Florideophyceae","Ceramiales","Rhodomelaceae","Chondrophycus","Chondrophycus dotyi",,,"COI",FALSE,FALSE,TRUE,,,,"algae"
144575,"Rhodophyta","Florideophyceae","Ceramiales","Callithamniaceae","Crouania","Crouania attenuata",,,"COI",FALSE,FALSE,TRUE,,,,"algae"
146356,"Rhodophyta","Florideophyceae","Ceramiales","Delesseriaceae","Dasya","Dasya caraibica",,,"COI",FALSE,FALSE,TRUE,,,,"algae"
144716,"Rhodophyta","Florideophyceae","Ceramiales","Delesseriaceae","Dasya","Dasya corymbifera",,,"COI",FALSE,FALSE,TRUE,,,,"algae"
214217,"Rhodophyta","Florideophyceae","Ceramiales","Rhodomelaceae","Herposiphonia","Herposiphonia akidoglossa",,,"COI",FALSE,FALSE,TRUE,,,,"algae"
214220,"Rhodophyta","Florideophyceae","Ceramiales","Rhodomelaceae","Herposiphonia","Herposiphonia prorepens",,,"COI",FALSE,FALSE,TRUE,,,,"algae"
214222,"Rhodophyta","Florideophyceae","Ceramiales","Rhodomelaceae","Herposiphonia","Herposiphonia secunda",,,"COI",FALSE,TRUE,TRUE,,,,"algae"
212008,"Rhodophyta","Florideophyceae","Ceramiales","Rhodomelaceae","Laurencia","Laurencia natalensis",4,1999,"COI",TRUE,TRUE,TRUE,,,,"algae"
144827,"Rhodophyta","Florideophyceae","Ceramiales","Rhodomelaceae","Laurencia","Laurencia obtusa",,,"COI",FALSE,FALSE,TRUE,,,,"algae"
146367,"Rhodophyta","Florideophyceae","Ceramiales","Rhodomelaceae","Lophosiphonia","Lophosiphonia obscura",,,"COI",FALSE,FALSE,TRUE,,,,"algae"
1306112,"Rhodophyta","Florideophyceae","Ceramiales","Rhodomelaceae","Ohelopapa","Ohelopapa flexilis",,,"COI",FALSE,FALSE,TRUE,,,,"algae"
144840,"Rhodophyta","Florideophyceae","Ceramiales","Rhodomelaceae","Ophidocladus","Ophidocladus simpliciusculus",,,"COI",FALSE,FALSE,TRUE,,,,"algae"
838671,"Rhodophyta","Florideophyceae","Ceramiales","Rhodomelaceae","Polysiphonia","Polysiphonia dachenensis",,,"COI",FALSE,FALSE,TRUE,,,,"algae"
144664,"Rhodophyta","Florideophyceae","Ceramiales","Rhodomelaceae","Polysiphonia","Polysiphonia scopulorum",,,"COI",FALSE,TRUE,TRUE,,,,"algae"
214264,"Rhodophyta","Florideophyceae","Ceramiales","Rhodomelaceae","Polyzonia","Polyzonia elegans",,,"COI",FALSE,TRUE,TRUE,,,,"algae"
1360725,"Rhodophyta","Florideophyceae","Ceramiales","Rhodomelaceae","Wilsonosiphonia","Wilsonosiphonia fujiae",,,"COI",FALSE,FALSE,TRUE,,,,"algae"
374654,"Rhodophyta","Florideophyceae","Ceramiales","Wrangeliaceae","Wrangelia","Wrangelia elegantissima",,,"COI",FALSE,FALSE,TRUE,,,,"algae"
211629,"Rhodophyta","Florideophyceae","Corallinales","Lithophyllaceae","Amphiroa","Amphiroa anceps",2,,"COI",TRUE,TRUE,TRUE,,,,"algae"
145097,"Rhodophyta","Florideophyceae","Corallinales","Lithophyllaceae","Amphiroa","Amphiroa beauvoisii",,,"COI",FALSE,TRUE,TRUE,,,,"algae"
211628,"Rhodophyta","Florideophyceae","Corallinales","Lithophyllaceae","Amphiroa","Amphiroa bowerbankii",2,1999,"COI",TRUE,TRUE,TRUE,,,,"algae"
212196,"Rhodophyta","Florideophyceae","Corallinales","Corallinaceae","Corallina","Corallina berteroi",,,"COI",FALSE,FALSE,TRUE,,,,"algae"
145123,"Rhodophyta","Florideophyceae","Corallinales","Corallinaceae","Jania","Jania adhaerens",,,"COI",FALSE,TRUE,TRUE,,,,"algae"
468868,"Rhodophyta","Florideophyceae","Corallinales","Corallinaceae","Jania","Jania cultrata",1,1939,"COI",TRUE,TRUE,TRUE,,,,"algae"
468869,"Rhodophyta","Florideophyceae","Corallinales","Corallinaceae","Jania","Jania prolifera",5,,"COI",TRUE,TRUE,TRUE,,,,"algae"
375194,"Rhodophyta","Florideophyceae","Corallinales","Corallinaceae","Jania","Jania rosea",,,"COI",FALSE,TRUE,TRUE,,,,"algae"
211624,"Rhodophyta","Florideophyceae","Corallinales","Corallinaceae","Jania","Jania verrucosa",3,1999,"COI",TRUE,TRUE,TRUE,,,,"algae"
375591,"Rhodophyta","Florideophyceae","Corallinales","Lithophyllaceae","Lithophyllum","Lithophyllum margaritae",,,"COI",FALSE,FALSE,TRUE,,,,"algae"
212185,"Rhodophyta","Florideophyceae","Gelidiales","Gelidiaceae","Gelidium","Gelidium abbottiorum",,,"COI",FALSE,FALSE,TRUE,,,,"algae"
376241,"Rhodophyta","Florideophyceae","Gelidiales","Pterocladiaceae","Pterocladiella","Pterocladiella bartlettii",,,"COI",FALSE,FALSE,TRUE,,,,"algae"
623132,"Rhodophyta","Florideophyceae","Gelidiales","Pterocladiaceae","Pterocladiella","Pterocladiella psammophila",,,"COI",FALSE,FALSE,TRUE,,,,"algae"
145623,"Rhodophyta","Florideophyceae","Gigartinales","Gigartinaceae","Chondracanthus","Chondracanthus acicularis",,,"COI",FALSE,FALSE,TRUE,,,,"algae"
362142,"Rhodophyta","Florideophyceae","Gigartinales","Gigartinaceae","Chondracanthus","Chondracanthus saundersii",,,"COI",FALSE,FALSE,TRUE,,,,"algae"
220814,"Rhodophyta","Florideophyceae","Gigartinales","Cystocloniaceae","Hypnea","Hypnea nigrescens",,,"COI",FALSE,FALSE,TRUE,,,,"algae"
220801,"Rhodophyta","Florideophyceae","Gigartinales","Cystocloniaceae","Hypnea","Hypnea rosea",5,,"COI",TRUE,FALSE,TRUE,,,,"algae"
145635,"Rhodophyta","Florideophyceae","Gigartinales","Cystocloniaceae","Hypnea","Hypnea spinella",,,"COI",FALSE,FALSE,TRUE,,,,"algae"
220804,"Rhodophyta","Florideophyceae","Gigartinales","Cystocloniaceae","Hypnea","Hypnea tenuis",,,"COI",FALSE,FALSE,TRUE,,,,"algae"
214010,"Rhodophyta","Florideophyceae","Gigartinales","Solieriaceae","Sarconema","Sarconema filiforme",,,"COI",FALSE,TRUE,TRUE,,,,"algae"
145691,"Rhodophyta","Florideophyceae","Gracilariales","Gracilariaceae","Gracilaria","Gracilaria arcuata",,,"COI",FALSE,FALSE,TRUE,,,,"algae"
145712,"Rhodophyta","Florideophyceae","Hildenbrandiales","Hildenbrandiaceae","Hildenbrandia","Hildenbrandia rubra",,,"COI",FALSE,FALSE,TRUE,,,,"algae"
376811,"Rhodophyta","Florideophyceae","Nemaliales","Galaxauraceae","Dichotomaria","Dichotomaria tenera",,,"COI",FALSE,TRUE,TRUE,,,,"algae"
1369135,"Rhodophyta","Florideophyceae","Nemaliales","Liagoraceae","Hommersandiophycus","Hommersandiophycus pectinatus",,,"COI",FALSE,FALSE,TRUE,,,,"algae"
145756,"Rhodophyta","Florideophyceae","Nemaliales","Liagoraceae","Liagora","Liagora ceranoides",,,"COI",FALSE,TRUE,TRUE,,,,"algae"
145744,"Rhodophyta","Florideophyceae","Nemaliales","Galaxauraceae","Tricleocarpa","Tricleocarpa cylindrica",1,1999,"COI",TRUE,TRUE,TRUE,,,,"algae"
839142,"Rhodophyta","Florideophyceae","Nemaliales","Galaxauraceae","Tricleocarpa","Tricleocarpa natalensis",,,"COI",FALSE,FALSE,TRUE,,,,"algae"
623634,"Rhodophyta","Florideophyceae","Peyssonneliales","Peyssonneliaceae","Ramicrusta","Ramicrusta textilis",,,"COI",FALSE,FALSE,TRUE,,,,"algae"
145782,"Rhodophyta","Florideophyceae","Plocamiales","Plocamiaceae","Plocamium","Plocamium cartilagineum",,,"COI",FALSE,FALSE,TRUE,,,,"algae"
214047,"Rhodophyta","Florideophyceae","Rhodymeniales","Faucheaceae","Gloiocladia","Gloiocladia iyoensis",,,"COI",FALSE,TRUE,TRUE,,,,"algae"
1718419,"Chordata","Aves","Apodiformes","Apodidae","Apus","Apus affinis",,,"12S",FALSE,FALSE,TRUE,"LC","LC",,"birds"
346030,"Arthropoda","Copepoda","Calanoida","Acartiidae","Acartia","Acartia (Acartia) negligens",,,"COI",FALSE,FALSE,TRUE,,,,"copepods"
220838,"Arthropoda","Copepoda","Calanoida","Paracalanidae","Acrocalanus","Acrocalanus gracilis",,,"COI",FALSE,FALSE,TRUE,,,,"copepods"
346152,"Arthropoda","Copepoda","Calanoida","Paracalanidae","Bestiolina","Bestiolina similis",,,"COI",FALSE,FALSE,TRUE,,,,"copepods"
104724,"Arthropoda","Copepoda","Calanoida","Pontellidae","Calanopia","Calanopia elliptica",,,"COI",FALSE,FALSE,TRUE,,,,"copepods"
220919,"Arthropoda","Copepoda","Calanoida","Pontellidae","Calanopia","Calanopia minor",,,"COI",FALSE,FALSE,TRUE,,,,"copepods"
104669,"Arthropoda","Copepoda","Calanoida","Paracalanidae","Calocalanus","Calocalanus pavo",,,"COI",FALSE,FALSE,TRUE,,,,"copepods"
211848,"Arthropoda","Copepoda","Calanoida","Paracalanidae","Calocalanus","Calocalanus plumulosus",,,"COI",FALSE,FALSE,TRUE,,,,"copepods"
220913,"Arthropoda","Copepoda","Calanoida","Candaciidae","Candacia","Candacia catula",,,"COI",FALSE,FALSE,TRUE,,,,"copepods"
220834,"Arthropoda","Copepoda","Calanoida","Calanidae","Canthocalanus","Canthocalanus pauper",,,"COI",FALSE,FALSE,TRUE,,,,"copepods"
104495,"Arthropoda","Copepoda","Calanoida","Centropagidae","Centropages","Centropages furcatus",,,"COI",FALSE,FALSE,TRUE,,,,"copepods"
104503,"Arthropoda","Copepoda","Calanoida","Clausocalanidae","Clausocalanus","Clausocalanus furcatus",,,"COI",FALSE,FALSE,TRUE,,,,"copepods"
104504,"Arthropoda","Copepoda","Calanoida","Clausocalanidae","Clausocalanus","Clausocalanus jobei",,,"COI",FALSE,FALSE,TRUE,,,,"copepods"
104508,"Arthropoda","Copepoda","Calanoida","Clausocalanidae","Clausocalanus","Clausocalanus paululus",,,"COI",FALSE,FALSE,TRUE,,,,"copepods"
104509,"Arthropoda","Copepoda","Calanoida","Clausocalanidae","Clausocalanus","Clausocalanus pergens",,,"COI",FALSE,FALSE,TRUE,,,,"copepods"
220921,"Arthropoda","Copepoda","Calanoida","Pontellidae","Labidocera","Labidocera minuta",,,"COI",FALSE,FALSE,TRUE,,,,"copepods"
104597,"Arthropoda","Copepoda","Calanoida","Lucicutiidae","Lucicutia","Lucicutia flavicornis",,,"COI",FALSE,FALSE,TRUE,,,,"copepods"
104682,"Arthropoda","Copepoda","Calanoida","Paracalanidae","Paracalanus","Paracalanus denudatus",,,"COI",FALSE,FALSE,TRUE,,,,"copepods"
354158,"Arthropoda","Copepoda","Calanoida","Paracalanidae","Paracalanus","Paracalanus gracilis",,,"COI",FALSE,FALSE,TRUE,,,,"copepods"
104683,"Arthropoda","Copepoda","Calanoida","Paracalanidae","Paracalanus","Paracalanus indicus",,,"COI",FALSE,FALSE,TRUE,,,,"copepods"
104684,"Arthropoda","Copepoda","Calanoida","Paracalanidae","Paracalanus","Paracalanus nanus",,,"COI",FALSE,FALSE,TRUE,,,,"copepods"
355187,"Arthropoda","Copepoda","Calanoida","Pseudodiaptomidae","Pseudodiaptomus","Pseudodiaptomus serricaudatus",,,"COI",FALSE,FALSE,TRUE,,,,"copepods"
355510,"Arthropoda","Copepoda","Calanoida","Scolecitrichidae","Scolecithricella","Scolecithricella longispinosa",,,"COI",FALSE,FALSE,TRUE,,,,"copepods"
104821,"Arthropoda","Copepoda","Calanoida","Scolecitrichidae","Scolecithrix","Scolecithrix danae",,,"COI",FALSE,FALSE,TRUE,,,,"copepods"
104547,"Arthropoda","Copepoda","Calanoida","Eucalanidae","Subeucalanus","Subeucalanus pileatus",,,"COI",FALSE,FALSE,TRUE,,,,"copepods"
104548,"Arthropoda","Copepoda","Calanoida","Eucalanidae","Subeucalanus","Subeucalanus subcrassus",,,"COI",FALSE,FALSE,TRUE,,,,"copepods"
220898,"Arthropoda","Copepoda","Calanoida","Temoridae","Temora","Temora discaudata",,,"COI",FALSE,FALSE,TRUE,,,,"copepods"
104880,"Arthropoda","Copepoda","Calanoida","Temoridae","Temora","Temora turbinata",,,"COI",FALSE,FALSE,TRUE,,,,"copepods"
104473,"Arthropoda","Copepoda","Calanoida","Calanidae","Undinula","Undinula vulgaris",,,"COI",FALSE,FALSE,TRUE,,,,"copepods"
346293,"Arthropoda","Copepoda","Cyclopoida","Sapphirinidae","Copilia","Copilia hendorffi",,,"COI",FALSE,FALSE,TRUE,,,,"copepods"
128805,"Arthropoda","Copepoda","Cyclopoida","Corycaeidae","Ditrichocorycaeus","Ditrichocorycaeus anglicus",,,"COI",FALSE,FALSE,TRUE,,,,"copepods"
346477,"Arthropoda","Copepoda","Cyclopoida","Corycaeidae","Farranula","Farranula gibbula",,,"COI",FALSE,FALSE,TRUE,,,,"copepods"
220944,"Arthropoda","Copepoda","Cyclopoida","Oithonidae","Oithona","Oithona attenuata",,,"COI",FALSE,FALSE,TRUE,,,,"copepods"
128938,"Arthropoda","Copepoda","Cyclopoida","Oncaeidae","Oncaea","Oncaea media",,,"COI",FALSE,FALSE,TRUE,,,,"copepods"
129060,"Arthropoda","Copepoda","Cyclopoida","Sapphirinidae","Sapphirina","Sapphirina stellata",,,"COI",FALSE,FALSE,TRUE,,,,"copepods"
116382,"Arthropoda","Copepoda","Harpacticoida","Miraciidae","Macrosetella","Macrosetella gracilis",,,"COI",FALSE,FALSE,TRUE,,,,"copepods"
1262303,"Arthropoda","Malacostraca","Amphipoda","Ampithoidae","Pleonexes","Pleonexes kava",,,"COI",FALSE,FALSE,TRUE,,,,"crustaceans"
208826,"Arthropoda","Malacostraca","Decapoda","Portunidae","Charybdis","Charybdis (Charybdis) annulata",,,"COI",FALSE,FALSE,TRUE,,,,"crustaceans"
208830,"Arthropoda","Malacostraca","Decapoda","Portunidae","Charybdis","Charybdis (Charybdis) orientalis",3,1990,"COI",TRUE,FALSE,TRUE,,,,"crustaceans"
881747,"Arthropoda","Malacostraca","Decapoda","Xanthidae","Cyclodius","Cyclodius paumotensis",,,"COI",FALSE,FALSE,TRUE,,,,"crustaceans"
208703,"Arthropoda","Malacostraca","Decapoda","Diogenidae","Dardanus","Dardanus crassimanus",,,"COI",FALSE,TRUE,TRUE,,,,"crustaceans"
932586,"Arthropoda","Malacostraca","Decapoda","Atyidae","Elephantis","Elephantis jaggeri",,,"COI",FALSE,FALSE,TRUE,,,,"crustaceans"
209157,"Arthropoda","Malacostraca","Decapoda","Oziidae","Epixanthus","Epixanthus frontalis",1,1949,"COI",TRUE,FALSE,TRUE,,,,"crustaceans"
207529,"Arthropoda","Malacostraca","Decapoda","Grapsidae","Grapsus","Grapsus tenuicrustatus",,,"COI",FALSE,TRUE,TRUE,,,"Natal lightfoot crab","crustaceans"
209079,"Arthropoda","Malacostraca","Decapoda","Xanthidae","Lophozozymus","Lophozozymus pulchellus",,,"COI",FALSE,FALSE,TRUE,,,,"crustaceans"
107122,"Arthropoda","Malacostraca","Decapoda","Luciferidae","Lucifer","Lucifer typus",,,"COI",FALSE,FALSE,TRUE,,,"standard lucifer prawn, gamba des monts sous-marins","crustaceans"
515369,"Arthropoda","Malacostraca","Decapoda","Lysmatidae","Lysmata","Lysmata hochi",,,"COI",FALSE,FALSE,TRUE,,,,"crustaceans"
209084,"Arthropoda","Malacostraca","Decapoda","Xanthidae","Macromedaeus","Macromedaeus quinquedentatus",,,"COI",FALSE,FALSE,TRUE,,,,"crustaceans"
207578,"Arthropoda","Malacostraca","Decapoda","Ocypodidae","Ocypode","Ocypode ceratophthalmus",,,"COI",FALSE,TRUE,TRUE,,,"horned ghost crab","crustaceans"
207576,"Arthropoda","Malacostraca","Decapoda","Ocypodidae","Ocypode","Ocypode ryderi",,,"COI",FALSE,TRUE,TRUE,,,,"crustaceans"
210355,"Arthropoda","Malacostraca","Decapoda","Palinuridae","Panulirus","Panulirus homarus",1,,"COI",TRUE,TRUE,TRUE,"LC","LC","scalloped spiny crawfish, langouste festonnee","crustaceans"
395028,"Arthropoda","Malacostraca","Decapoda","Plagusiidae","Plagusia","Plagusia squamosa",,,"COI",FALSE,FALSE,TRUE,,,"scaly rock crab","crustaceans"
1061755,"Arthropoda","Malacostraca","Decapoda","Portunidae","Portunus","Portunus pubescens",,,"COI",FALSE,FALSE,TRUE,,,,"crustaceans"
1061758,"Arthropoda","Malacostraca","Decapoda","Portunidae","Portunus","Portunus sanguinolentus",,,"COI",FALSE,TRUE,TRUE,,,"blood-spotted swimming crab","crustaceans"
107406,"Arthropoda","Malacostraca","Decapoda","Portunidae","Thalamita","Thalamita gloriensis",,,"COI",FALSE,FALSE,TRUE,,,,"crustaceans"
955326,"Arthropoda","Malacostraca","Decapoda","Ocypodidae","Tubuca","Tubuca urvillei",1,1948,"COI",TRUE,FALSE,TRUE,,,,"crustaceans"
207551,"Arthropoda","Malacostraca","Decapoda","Varunidae","Varuna","Varuna litterata",8,2012,"COI",TRUE,TRUE,TRUE,,,,"crustaceans"
221052,"Arthropoda","Malacostraca","Euphausiacea","Euphausiidae","Euphausia","Euphausia tenera",,,"COI",FALSE,FALSE,TRUE,,,,"crustaceans"
111147,"Bryozoa","Gymnolaemata","Cheilostomatida","Bugulidae","Bicellariella","Bicellariella ciliata",,,"COI",FALSE,FALSE,TRUE,,,"furry bryozoan","filter-feeders"
105802,"Chordata","Elasmobranchii","Carcharhiniformes","Carcharhinidae","Rhizoprionodon","Rhizoprionodon acutus",3,,"12S;COI",TRUE,TRUE,TRUE,"VU","VU","milk shark","fish"
105816,"Chordata","Elasmobranchii","Carcharhiniformes","Sphyrnidae","Sphyrna","Sphyrna lewini",1,,"12S;16S;COI",TRUE,TRUE,TRUE,"CR","CR","scalloped hammerhead","fish"
105817,"Chordata","Elasmobranchii","Carcharhiniformes","Sphyrnidae","Sphyrna","Sphyrna mokarran",1,,"12S",TRUE,FALSE,TRUE,"CR","CR","great hammerhead shark","fish"
278241,"Chordata","Elasmobranchii","Myliobatiformes","Aetobatidae","Aetobatus","Aetobatus flagellum",,,"12S",FALSE,FALSE,TRUE,"EN","EN",,"fish"
398328,"Chordata","Elasmobranchii","Myliobatiformes","Dasyatidae","Himantura","Himantura leoparda",,,"COI",FALSE,TRUE,TRUE,"VU","VU",,"fish"
105854,"Chordata","Elasmobranchii","Myliobatiformes","Dasyatidae","Himantura","Himantura uarnak",3,2015,"12S",TRUE,TRUE,TRUE,"EN","EN","honeycomb stingray","fish"
1042867,"Chordata","Elasmobranchii","Myliobatiformes","Dasyatidae","Maculabatis","Maculabatis gerrardi",2,2005,"12S;16S;COI",TRUE,TRUE,TRUE,"EN","EN",,"fish"
1043418,"Chordata","Elasmobranchii","Myliobatiformes","Dasyatidae","Pateobatis","Pateobatis jenkinsii",3,2015,"12S",TRUE,TRUE,TRUE,"VU","VU",,"fish"
871953,"Chordata","Elasmobranchii","Rhinopristiformes","Rhinobatidae","Acroteriobatus","Acroteriobatus annulatus",3,2006,"COI",TRUE,TRUE,TRUE,"VU","VU",,"fish"
278217,"Chordata","Elasmobranchii","Rhinopristiformes","Rhinidae","Rhynchobatus","Rhynchobatus australiae",,,"12S",FALSE,FALSE,TRUE,"CR","CR",,"fish"
217378,"Chordata","Elasmobranchii","Rhinopristiformes","Rhinidae","Rhynchobatus","Rhynchobatus djiddensis",,,"16S",FALSE,FALSE,TRUE,"CR","CR","whitespotted wedgefish","fish"
271684,"Chordata","Elasmobranchii","Torpediniformes","Torpedinidae","Torpedo","Torpedo marmorata",,,"16S",FALSE,FALSE,TRUE,"VU","VU","marbled electric ray, torpille","fish"
217380,"Chordata","Elasmobranchii","Torpediniformes","Torpedinidae","Torpedo","Torpedo sinuspersici",7,1976,"12S",TRUE,TRUE,TRUE,"DD","DD","marbled electric eel","fish"
219641,"Chordata","Teleostei","Acanthuriformes","Acanthuridae","Acanthurus","Acanthurus dussumieri",23,2009,"COI",TRUE,TRUE,TRUE,"LC","LC","eyestripe surgeonfish","fish"
219640,"Chordata","Teleostei","Acanthuriformes","Acanthuridae","Acanthurus","Acanthurus nigrofuscus",108,2009,"16S",TRUE,TRUE,TRUE,"LC","LC","brown surgeonfish","fish"
219630,"Chordata","Teleostei","Acanthuriformes","Acanthuridae","Acanthurus","Acanthurus triostegus",25,2005,"16S;COI",TRUE,TRUE,TRUE,"LC","LC","convict surgeonfish","fish"
218738,"Chordata","Teleostei","Acanthuriformes","Chaetodontidae","Chaetodon","Chaetodon kleinii",81,2009,"16S",TRUE,TRUE,TRUE,"LC","LC","sunburst butterflyfish","fish"
218733,"Chordata","Teleostei","Acanthuriformes","Chaetodontidae","Chaetodon","Chaetodon lunula",23,2005,"16S",TRUE,TRUE,TRUE,"LC","LC","raccoon butterflyfish","fish"
1524392,"Chordata","Teleostei","Acanthuriformes","Leiognathidae","Deveximentum","Deveximentum indicium",,,"16S",FALSE,FALSE,TRUE,,,,"fish"
1526390,"Chordata","Teleostei","Acanthuriformes","Leiognathidae","Deveximentum","Deveximentum insidiator",2,1964,"COI",TRUE,FALSE,TRUE,,,,"fish"
220047,"Chordata","Teleostei","Acanthuriformes","Drepaneidae","Drepane","Drepane longimana",1,,"COI",TRUE,TRUE,TRUE,,,"Concertina fish","fish"
280693,"Chordata","Teleostei","Acanthuriformes","Ephippidae","Ephippus","Ephippus orbis",,,"12S",FALSE,FALSE,TRUE,,,,"fish"
218451,"Chordata","Teleostei","Acanthuriformes","Leiognathidae","Gazza","Gazza minuta",1,,"16S",TRUE,FALSE,TRUE,"LC","LC","toothpony","fish"
278006,"Chordata","Teleostei","Acanthuriformes","Acanthuridae","Naso","Naso lopezi",,,"12S",FALSE,FALSE,TRUE,"LC","LC",,"fish"
220000,"Chordata","Teleostei","Acanthuriformes","Pomacanthidae","Pomacanthus","Pomacanthus rhomboides",26,2005,"16S",TRUE,TRUE,TRUE,"LC","LC",,"fish"
219687,"Chordata","Teleostei","Acanthuriformes","Siganidae","Siganus","Siganus canaliculatus",,,"16S",FALSE,FALSE,TRUE,"LC","LC","white-spotted spinefoot","fish"
273912,"Chordata","Teleostei","Acanthuriformes","Siganidae","Siganus","Siganus fuscescens",1,,"12S",TRUE,FALSE,TRUE,"LC","LC",,"fish"
219688,"Chordata","Teleostei","Acanthuriformes","Siganidae","Siganus","Siganus sutor",18,2005,"COI",TRUE,TRUE,TRUE,"LC","LC","shoemaker spinefoot","fish"
219164,"Chordata","Teleostei","Acropomatiformes","Creediidae","Limnichthys","Limnichthys nitidus",49,2001,"COI",TRUE,TRUE,TRUE,"LC","LC",,"fish"
218703,"Chordata","Teleostei","Acropomatiformes","Pempheridae","Pempheris","Pempheris mangula",6,1979,"16S",TRUE,TRUE,TRUE,,,,"fish"
212255,"Chordata","Teleostei","Albuliformes","Albulidae","Albula","Albula glossodonta",,,"12S;16S",FALSE,FALSE,TRUE,"VU","VU","roundjaw bonefish","fish"
126304,"Chordata","Teleostei","Anguilliformes","Nemichthyidae","Avocettina","Avocettina infans",,,"16S",FALSE,FALSE,TRUE,"LC","LC","avocet snipe-eel, avocette immature","fish"
217563,"Chordata","Teleostei","Anguilliformes","Ophichthidae","Callechelys","Callechelys catostoma",,,"16S",FALSE,FALSE,TRUE,"LC","LC",,"fish"
217496,"Chordata","Teleostei","Anguilliformes","Muraenidae","Gymnothorax","Gymnothorax eurostus",44,2013,"16S",TRUE,TRUE,TRUE,"LC","LC",,"fish"
217509,"Chordata","Teleostei","Anguilliformes","Muraenidae","Gymnothorax","Gymnothorax favagineus",10,2012,"COI",TRUE,TRUE,TRUE,"LC","LC","laced moray","fish"
217495,"Chordata","Teleostei","Anguilliformes","Muraenidae","Gymnothorax","Gymnothorax flavimarginatus",26,2012,"12S",TRUE,TRUE,TRUE,"LC","LC","yellowmargin moray","fish"
217491,"Chordata","Teleostei","Anguilliformes","Muraenidae","Gymnothorax","Gymnothorax pictus",1,1991,"16S",TRUE,FALSE,TRUE,"LC","LC",,"fish"
271878,"Chordata","Teleostei","Anguilliformes","Muraenidae","Gymnothorax","Gymnothorax pseudothyrsoideus",,,"16S",FALSE,FALSE,TRUE,"LC","LC",,"fish"
271889,"Chordata","Teleostei","Anguilliformes","Muraenidae","Gymnothorax","Gymnothorax thyrsoideus",,,"16S",FALSE,FALSE,TRUE,"LC","LC",,"fish"
212037,"Chordata","Teleostei","Anguilliformes","Muraenidae","Uropterygius","Uropterygius macrocephalus",,,"16S",FALSE,FALSE,TRUE,"LC","LC","largehead moray","fish"
126331,"Chordata","Teleostei","Atheriniformes","Atherinidae","Atherinomorus","Atherinomorus lacunosus",17,2003,"12S;16S",TRUE,TRUE,TRUE,"LC","LC","robust silverside","fish"
221390,"Chordata","Teleostei","Atheriniformes","Isonidae","Iso","Iso natalensis",10,1993,"16S;COI",TRUE,TRUE,TRUE,,,,"fish"
276754,"Chordata","Teleostei","Atheriniformes","Isonidae","Iso","Iso rhothophilus",,,"16S",FALSE,FALSE,TRUE,,,,"fish"
158884,"Chordata","Teleostei","Aulopiformes","Synodontidae","Trachinocephalus","Trachinocephalus myops",9,1988,"16S",TRUE,TRUE,TRUE,"LC","LC","snakefish","fish"
159246,"Chordata","Teleostei","Beloniformes","Belonidae","Ablennes","Ablennes hians",2,,"16S;COI",TRUE,FALSE,TRUE,"LC","LC","flat needlefish","fish"
213170,"Chordata","Teleostei","Beloniformes","Hemiramphidae","Hyporhamphus","Hyporhamphus affinis",12,1981,"COI",TRUE,TRUE,TRUE,,,"tropical halfbeak","fish"
126377,"Chordata","Teleostei","Beloniformes","Belonidae","Platybelone","Platybelone argalus",,,"16S;COI",FALSE,TRUE,TRUE,"LC","LC","keeltail needlefish","fish"
126378,"Chordata","Teleostei","Beloniformes","Belonidae","Tylosurus","Tylosurus acus",,,"16S",FALSE,FALSE,TRUE,"LC","LC","agujon needlefish","fish"
159259,"Chordata","Teleostei","Beloniformes","Belonidae","Tylosurus","Tylosurus crocodilus",11,1979,"12S;16S;COI",TRUE,TRUE,TRUE,"LC","LC","houndfish","fish"
219239,"Chordata","Teleostei","Blenniiformes","Blenniidae","Antennablennius","Antennablennius bifilum",36,2001,"COI",TRUE,TRUE,TRUE,"LC","LC","horned rockskipper","fish"
219283,"Chordata","Teleostei","Blenniiformes","Blenniidae","Entomacrodus","Entomacrodus epalzeocheilos",3,1989,"16S;COI",TRUE,TRUE,TRUE,"LC","LC",,"fish"
219282,"Chordata","Teleostei","Blenniiformes","Blenniidae","Entomacrodus","Entomacrodus striatus",5,1993,"16S;COI",TRUE,TRUE,TRUE,"LC","LC","reef margin blenny","fish"
219285,"Chordata","Teleostei","Blenniiformes","Blenniidae","Entomacrodus","Entomacrodus thalassinus",,,"16S",FALSE,FALSE,TRUE,"LC","LC",,"fish"
343722,"Chordata","Teleostei","Blenniiformes","Tripterygiidae","Helcogramma","Helcogramma rharhabe",28,1999,"COI",TRUE,TRUE,TRUE,"LC","LC",,"fish"
219297,"Chordata","Teleostei","Blenniiformes","Blenniidae","Istiblennius","Istiblennius bellus",1,,"COI",TRUE,TRUE,TRUE,"LC","LC","imspringer","fish"
219294,"Chordata","Teleostei","Blenniiformes","Blenniidae","Istiblennius","Istiblennius edentulus",20,1999,"12S;16S",TRUE,TRUE,TRUE,"LC","LC","rockskipper","fish"
219316,"Chordata","Teleostei","Blenniiformes","Blenniidae","Omobranchus","Omobranchus banditus",8,1976,"COI",TRUE,TRUE,TRUE,"LC","LC","bandit blenny","fish"
219317,"Chordata","Teleostei","Blenniiformes","Blenniidae","Omobranchus","Omobranchus elongatus",,,"16S",FALSE,FALSE,TRUE,"LC","LC","cloister blenny","fish"
219325,"Chordata","Teleostei","Blenniiformes","Blenniidae","Parablennius","Parablennius cornutus",3,1977,"COI",TRUE,TRUE,TRUE,"LC","LC",,"fish"
126773,"Chordata","Teleostei","Blenniiformes","Blenniidae","Parablennius","Parablennius pilicornis",27,2011,"16S;COI",TRUE,TRUE,TRUE,"LC","LC",,"fish"
273139,"Chordata","Teleostei","Blenniiformes","Blenniidae","Parablennius","Parablennius thysanius",,,"16S",FALSE,FALSE,TRUE,"LC","LC",,"fish"
273141,"Chordata","Teleostei","Blenniiformes","Blenniidae","Parablennius","Parablennius yatabei",,,"12S",FALSE,FALSE,TRUE,"LC","LC",,"fish"
219342,"Chordata","Teleostei","Blenniiformes","Blenniidae","Scartella","Scartella emarginata",8,1993,"12S;16S;COI",TRUE,TRUE,TRUE,"LC","LC",,"fish"
219778,"Chordata","Teleostei","Callionymiformes","Callionymidae","Draculo","Draculo celetus",2,,"COI",TRUE,TRUE,TRUE,,,"dainty dragonet","fish"
218911,"Chordata","Teleostei","Carangaria incertae sedis","Polynemidae","Polydactylus","Polydactylus plebeius",5,1979,"12S;16S",TRUE,TRUE,TRUE,,,"striped threadfin, barbure rayé","fish"
218912,"Chordata","Teleostei","Carangaria incertae sedis","Polynemidae","Polydactylus","Polydactylus sextarius",,,"12S;16S",FALSE,FALSE,TRUE,,,"blackspot threadfin, barbure à tâche noire","fish"
127067,"Chordata","Teleostei","Carangaria incertae sedis","Sphyraenidae","Sphyraena","Sphyraena chrysotaenia",1,2001,"16S;COI",TRUE,FALSE,TRUE,,,,"fish"
212046,"Chordata","Teleostei","Carangaria incertae sedis","Sphyraenidae","Sphyraena","Sphyraena japonica",,,"16S",FALSE,FALSE,TRUE,,,,"fish"
273985,"Chordata","Teleostei","Carangaria incertae sedis","Sphyraenidae","Sphyraena","Sphyraena pinguis",,,"12S",FALSE,FALSE,TRUE,,,,"fish"
218403,"Chordata","Teleostei","Carangiformes","Carangidae","Caranx","Caranx heberi",6,2004,"COI",TRUE,TRUE,TRUE,"LC","LC","blacktip trevally","fish"
218414,"Chordata","Teleostei","Carangiformes","Carangidae","Caranx","Caranx ignobilis",10,2016,"12S;16S;COI",TRUE,TRUE,TRUE,"LC","LC","giant trevally","fish"
218419,"Chordata","Teleostei","Carangiformes","Carangidae","Caranx","Caranx melampygus",25,2016,"16S;COI",TRUE,TRUE,TRUE,"LC","LC","bluefin trevally","fish"
218411,"Chordata","Teleostei","Carangiformes","Carangidae","Caranx","Caranx papuensis",12,2015,"16S",TRUE,TRUE,TRUE,"LC","LC","brassy trevally","fish"
218404,"Chordata","Teleostei","Carangiformes","Carangidae","Caranx","Caranx sexfasciatus",34,2015,"12S",TRUE,TRUE,TRUE,"LC","LC","bigeye trevally","fish"
126807,"Chordata","Teleostei","Carangiformes","Carangidae","Decapterus","Decapterus macarellus",,,"16S",FALSE,FALSE,TRUE,"LC","LC","mackerel scad","fish"
218426,"Chordata","Teleostei","Carangiformes","Carangidae","Decapterus","Decapterus macrosoma",2,1987,"12S;COI",TRUE,TRUE,TRUE,"LC","LC","shortfin scad","fish"
273278,"Chordata","Teleostei","Carangiformes","Carangidae","Decapterus","Decapterus maruadsi",,,"12S",FALSE,FALSE,TRUE,"LC","LC","Japanese scad","fish"
218427,"Chordata","Teleostei","Carangiformes","Carangidae","Decapterus","Decapterus russelli",1,,"16S;COI",TRUE,FALSE,TRUE,"LC","LC","Indian scad","fish"
218434,"Chordata","Teleostei","Carangiformes","Carangidae","Scomberoides","Scomberoides lysan",5,1980,"12S;16S",TRUE,FALSE,TRUE,"LC","LC","doublespotted queenfish","fish"
159646,"Chordata","Teleostei","Carangiformes","Carangidae","Selar","Selar crumenophthalmus",1,,"12S;16S;COI",TRUE,TRUE,TRUE,"LC","LC","bigeye scad","fish"
126818,"Chordata","Teleostei","Carangiformes","Carangidae","Seriola","Seriola rivoliana",2,1979,"16S",TRUE,TRUE,TRUE,"LC","LC","Almaco jack, sériole limon","fish"
151169,"Chordata","Teleostei","Carangiformes","Carangidae","Trachinotus","Trachinotus blochii",7,1951,"16S",TRUE,TRUE,TRUE,"LC","LC","snubnose pompano","fish"
218442,"Chordata","Teleostei","Carangiformes","Carangidae","Trachinotus","Trachinotus botla",13,2003,"COI",TRUE,TRUE,TRUE,"LC","LC","largespotted dart","fish"
159652,"Chordata","Teleostei","Carangiformes","Carangidae","Trachinotus","Trachinotus carolinus",,,"12S",FALSE,FALSE,TRUE,"LC","LC","pompano","fish"
218855,"Chordata","Teleostei","Centrarchiformes","Cirrhitidae","Cirrhitichthys","Cirrhitichthys aprinus",7,2012,"12S",TRUE,TRUE,TRUE,"LC","LC","spotted hawkfish","fish"
218862,"Chordata","Teleostei","Centrarchiformes","Cirrhitidae","Cirrhitus","Cirrhitus pinnulatus",8,1993,"16S;COI",TRUE,TRUE,TRUE,"LC","LC","stocky hawkfish","fish"
218864,"Chordata","Teleostei","Centrarchiformes","Cirrhitidae","Cyprinocirrhites","Cyprinocirrhites polyactis",11,2009,"COI",TRUE,TRUE,TRUE,"LC","LC","swallowtail hawfish","fish"
221426,"Chordata","Teleostei","Centrarchiformes","Dichistiidae","Dichistius","Dichistius capensis",2,,"16S",TRUE,TRUE,TRUE,,,,"fish"
221425,"Chordata","Teleostei","Centrarchiformes","Dichistiidae","Dichistius","Dichistius multifasciatus",9,2006,"COI",TRUE,TRUE,TRUE,,,,"fish"
218355,"Chordata","Teleostei","Centrarchiformes","Kuhliidae","Kuhlia","Kuhlia mugil",10,1999,"12S;16S;COI",TRUE,TRUE,TRUE,"LC","LC","barred flagtail","fish"
218708,"Chordata","Teleostei","Centrarchiformes","Kyphosidae","Kyphosus","Kyphosus cinerascens",5,2005,"12S;COI",TRUE,TRUE,TRUE,"LC","LC","snubnose chub","fish"
218706,"Chordata","Teleostei","Centrarchiformes","Kyphosidae","Kyphosus","Kyphosus vaigiensis",3,1979,"12S;16S",TRUE,TRUE,TRUE,"LC","LC","brassy chub","fish"
218709,"Chordata","Teleostei","Centrarchiformes","Kyphosidae","Neoscorpis","Neoscorpis lithophilus",47,2014,"16S;COI",TRUE,TRUE,TRUE,,,"stone-bream","fish"
218350,"Chordata","Teleostei","Centrarchiformes","Terapontidae","Terapon","Terapon jarbua",45,2001,"12S;16S;COI",TRUE,TRUE,TRUE,"LC","LC","Jarbua terapon","fish"
1013588,"Chordata","Teleostei","Cichliformes","Cichlidae","Coptodon","Coptodon rendalli",9,2009,"16S;COI",TRUE,TRUE,TRUE,"LC","LC",,"fish"
317356,"Chordata","Teleostei","Cichliformes","Cichlidae","Coptodon","Coptodon zillii",,,"12S",FALSE,FALSE,TRUE,"LC","LC",,"fish"
218777,"Chordata","Teleostei","Cichliformes","Cichlidae","Oreochromis","Oreochromis mossambicus",81,2009,"16S",TRUE,TRUE,TRUE,"VU","VU","Mozambique tilapia, tilapia du Mozambique","fish"
1015580,"Chordata","Teleostei","Cichliformes","Cichlidae","Pseudocrenilabrus","Pseudocrenilabrus philander",,,"16S;COI",FALSE,FALSE,TRUE,"LC","LC",,"fish"
1015839,"Chordata","Teleostei","Cichliformes","Cichlidae","Tilapia","Tilapia sparrmanii",,,"16S;COI",FALSE,FALSE,TRUE,"LC","LC",,"fish"
219982,"Chordata","Teleostei","Clupeiformes","Engraulidae","Encrasicholina","Encrasicholina punctifer",2,,"12S;16S",TRUE,FALSE,TRUE,"LC","LC","buccaneer anchovy","fish"
217441,"Chordata","Teleostei","Clupeiformes","Dussumieriidae","Etrumeus","Etrumeus whiteheadi",,,"12S;16S",FALSE,FALSE,TRUE,"LC","LC","whitehead's round herring","fish"
277204,"Chordata","Teleostei","Clupeiformes","Ehiravidae","Gilchristella","Gilchristella aestuaria",26,2007,"12S",TRUE,TRUE,TRUE,"LC","LC",,"fish"
212264,"Chordata","Teleostei","Clupeiformes","Dorosomatidae","Herklotsichthys","Herklotsichthys quadrimaculatus",9,1979,"16S;COI",TRUE,TRUE,TRUE,"LC","LC","fourspot sardine","fish"
212277,"Chordata","Teleostei","Clupeiformes","Dorosomatidae","Sardinella","Sardinella gibbosa",1,,"16S;COI",TRUE,FALSE,TRUE,"LC","LC","goldstripe sardinella","fish"
217452,"Chordata","Teleostei","Clupeiformes","Alosidae","Sardinops","Sardinops sagax",,,"12S;16S",FALSE,TRUE,TRUE,"LC","LC","California pilchard, pilchard sudaméricain","fish"
272279,"Chordata","Teleostei","Clupeiformes","Spratelloididae","Spratelloides","Spratelloides robustus",,,"16S",FALSE,FALSE,TRUE,"LC","LC",,"fish"
212280,"Chordata","Teleostei","Clupeiformes","Engraulidae","Stolephorus","Stolephorus indicus",,,"12S",FALSE,FALSE,TRUE,"LC","LC","Indian anchovy","fish"
212289,"Chordata","Teleostei","Clupeiformes","Engraulidae","Thryssa","Thryssa setirostris",4,1949,"16S",TRUE,FALSE,TRUE,"LC","LC","longjaw thryssa","fish"
1416216,"Chordata","Teleostei","Cypriniformes","Cyprinidae","Enteromius","Enteromius trimaculatus",,,"12S;16S",FALSE,FALSE,TRUE,"LC","LC",,"fish"
1015578,"Chordata","Teleostei","Cyprinodontiformes","Poeciliidae","Lacustricola","Lacustricola katangae",,,"COI",FALSE,FALSE,TRUE,,,,"fish"
157875,"Chordata","Teleostei","Elopiformes","Elopidae","Elops","Elops saurus",1,,"12S",TRUE,FALSE,TRUE,"LC","LC","ladyfish","fish"
212253,"Chordata","Teleostei","Elopiformes","Megalopidae","Megalops","Megalops cyprinoides",11,1988,"16S",TRUE,TRUE,TRUE,"DD","DD","Indo-Pacific tarpon","fish"
313009,"Chordata","Teleostei","Eupercaria incertae sedis","Sparidae","Acanthopagrus","Acanthopagrus vagus",3,1994,"COI",TRUE,TRUE,TRUE,"VU","VU",,"fish"
218633,"Chordata","Teleostei","Eupercaria incertae sedis","Sciaenidae","Argyrosomus","Argyrosomus japonicus",2,2003,"12S;16S;COI",TRUE,TRUE,TRUE,"EN","EN","Japanese meagre","fish"
398560,"Chordata","Teleostei","Eupercaria incertae sedis","Labridae","Bodianus","Bodianus dictynna",,,"12S",FALSE,FALSE,TRUE,"LC","LC",,"fish"
278536,"Chordata","Teleostei","Eupercaria incertae sedis","Caesionidae","Caesio","Caesio cuning",,,"12S",FALSE,FALSE,TRUE,"LC","LC",,"fish"
219988,"Chordata","Teleostei","Eupercaria incertae sedis","Caesionidae","Caesio","Caesio varilineata",7,2006,"12S",TRUE,TRUE,TRUE,"LC","LC","variable-lined fusilier","fish"
219994,"Chordata","Teleostei","Eupercaria incertae sedis","Caesionidae","Caesio","Caesio xanthonota",14,2011,"COI",TRUE,TRUE,TRUE,"LC","LC","yellowback fusilier","fish"
219076,"Chordata","Teleostei","Eupercaria incertae sedis","Scaridae","Calotomus","Calotomus carolinus",7,2012,"16S;COI",TRUE,TRUE,TRUE,"LC","LC","Carolines parrotfish","fish"
220085,"Chordata","Teleostei","Eupercaria incertae sedis","Dinopercidae","Dinoperca","Dinoperca petersi",9,2003,"16S",TRUE,TRUE,TRUE,,,"lampfish","fish"
127051,"Chordata","Teleostei","Eupercaria incertae sedis","Sparidae","Diplodus","Diplodus cervinus",5,2003,"16S",TRUE,TRUE,TRUE,"LC","LC","zebra seabream, sar tambour","fish"
998229,"Chordata","Teleostei","Eupercaria incertae sedis","Sparidae","Diplodus","Diplodus kotschyi",,,"12S",FALSE,TRUE,TRUE,,,,"fish"
278719,"Chordata","Teleostei","Eupercaria incertae sedis","Emmelichthyidae","Emmelichthys","Emmelichthys struhsakeri",,,"12S",FALSE,FALSE,TRUE,,,"Bonnetmouth","fish"
276954,"Chordata","Teleostei","Eupercaria incertae sedis","Gerreidae","Gerres","Gerres cinereus",,,"12S",FALSE,FALSE,TRUE,"LC","LC","yellowfin mojarra","fish"
218524,"Chordata","Teleostei","Eupercaria incertae sedis","Gerreidae","Gerres","Gerres filamentosus",4,,"COI",TRUE,FALSE,TRUE,"LC","LC","whipfin silver-biddy","fish"
218523,"Chordata","Teleostei","Eupercaria incertae sedis","Gerreidae","Gerres","Gerres macracanthus",8,1987,"16S",TRUE,FALSE,TRUE,,,,"fish"
218992,"Chordata","Teleostei","Eupercaria incertae sedis","Labridae","Halichoeres","Halichoeres lapillus",30,1997,"16S",TRUE,TRUE,TRUE,"LC","LC","jewelled wrasse","fish"
278799,"Chordata","Teleostei","Eupercaria incertae sedis","Labridae","Iniistius","Iniistius umbrilatus",,,"12S",FALSE,FALSE,TRUE,"LC","LC",,"fish"
218638,"Chordata","Teleostei","Eupercaria incertae sedis","Sciaenidae","Johnius","Johnius amblycephalus",1,1830,"16S",TRUE,TRUE,TRUE,"LC","LC","bearded croaker","fish"
276105,"Chordata","Teleostei","Eupercaria incertae sedis","Sciaenidae","Johnius","Johnius distinctus",,,"16S",FALSE,FALSE,TRUE,"LC","LC",,"fish"
218640,"Chordata","Teleostei","Eupercaria incertae sedis","Sciaenidae","Johnius","Johnius fuscolineatus",,,"COI",FALSE,FALSE,TRUE,"LC","LC",,"fish"
212063,"Chordata","Teleostei","Eupercaria incertae sedis","Lethrinidae","Lethrinus","Lethrinus harak",,,"COI",FALSE,FALSE,TRUE,"LC","LC","blackspot emperor","fish"
127055,"Chordata","Teleostei","Eupercaria incertae sedis","Sparidae","Lithognathus","Lithognathus mormyrus",8,1979,"16S",TRUE,TRUE,TRUE,"LC","LC","striped seabream, marbre","fish"
218498,"Chordata","Teleostei","Eupercaria incertae sedis","Lutjanidae","Lutjanus","Lutjanus argentimaculatus",11,2007,"16S",TRUE,TRUE,TRUE,"LC","LC","river snapper","fish"
218494,"Chordata","Teleostei","Eupercaria incertae sedis","Lutjanidae","Lutjanus","Lutjanus rivulatus",8,2003,"COI",TRUE,TRUE,TRUE,"LC","LC","blubberlip snapper","fish"
218695,"Chordata","Teleostei","Eupercaria incertae sedis","Monodactylidae","Monodactylus","Monodactylus argenteus",19,1986,"12S;16S;COI",TRUE,TRUE,TRUE,"LC","LC","mono","fish"
593553,"Chordata","Teleostei","Eupercaria incertae sedis","Labridae","Novaculoides","Novaculoides macrolepidotus",7,1977,"16S",TRUE,TRUE,TRUE,,,"seagrass wrasse","fish"
218641,"Chordata","Teleostei","Eupercaria incertae sedis","Sciaenidae","Otolithes","Otolithes ruber",3,,"COI",TRUE,TRUE,TRUE,"LC","LC","tiger-toothed croaker","fish"
219039,"Chordata","Teleostei","Eupercaria incertae sedis","Labridae","Oxycheilinus","Oxycheilinus bimaculatus",36,2009,"12S;16S",TRUE,TRUE,TRUE,"LC","LC","twospot wrasse","fish"
127060,"Chordata","Teleostei","Eupercaria incertae sedis","Sparidae","Pagellus","Pagellus erythrinus",,,"12S",FALSE,FALSE,TRUE,"LC","LC","pandora, pageot commum","fish"
218539,"Chordata","Teleostei","Eupercaria incertae sedis","Haemulidae","Plectorhinchus","Plectorhinchus gibbosus",2,1976,"16S",TRUE,TRUE,TRUE,"LC","LC","Harry Hotlips","fish"
218554,"Chordata","Teleostei","Eupercaria incertae sedis","Haemulidae","Plectorhinchus","Plectorhinchus playfairi",6,2005,"16S",TRUE,TRUE,TRUE,"LC","LC","whitebarred rubberlips","fish"
218551,"Chordata","Teleostei","Eupercaria incertae sedis","Haemulidae","Plectorhinchus","Plectorhinchus schotaf",11,2006,"COI",TRUE,TRUE,TRUE,"LC","LC","minstrel sweetlips","fish"
218558,"Chordata","Teleostei","Eupercaria incertae sedis","Haemulidae","Pomadasys","Pomadasys furcatus",21,2003,"16S",TRUE,TRUE,TRUE,"LC","LC","banded grunt","fish"
218566,"Chordata","Teleostei","Eupercaria incertae sedis","Haemulidae","Pomadasys","Pomadasys kaakan",9,2005,"12S",TRUE,TRUE,TRUE,"LC","LC","javelin grunter","fish"
218568,"Chordata","Teleostei","Eupercaria incertae sedis","Haemulidae","Pomadasys","Pomadasys maculatus",3,1964,"16S",TRUE,FALSE,TRUE,"LC","LC","saddle grunt","fish"
218565,"Chordata","Teleostei","Eupercaria incertae sedis","Haemulidae","Pomadasys","Pomadasys olivaceus",16,1979,"16S",TRUE,TRUE,TRUE,"LC","LC","olive grunt","fish"
273510,"Chordata","Teleostei","Eupercaria incertae sedis","Haemulidae","Pomadasys","Pomadasys perotaei",,,"16S",FALSE,FALSE,TRUE,"LC","LC",,"fish"
218509,"Chordata","Teleostei","Eupercaria incertae sedis","Lutjanidae","Pristipomoides","Pristipomoides sieboldii",,,"16S",FALSE,FALSE,TRUE,"LC","LC","lavender jobfish","fish"
219052,"Chordata","Teleostei","Eupercaria incertae sedis","Labridae","Pteragogus","Pteragogus flagellifer",,,"COI",FALSE,FALSE,TRUE,"LC","LC","cocktail wrasse","fish"
213661,"Chordata","Teleostei","Eupercaria incertae sedis","Caesionidae","Pterocaesio","Pterocaesio marri",6,2011,"16S",TRUE,TRUE,TRUE,"LC","LC","Marr's fusilier","fish"
218621,"Chordata","Teleostei","Eupercaria incertae sedis","Sparidae","Rhabdosargus","Rhabdosargus sarba",32,2006,"16S;COI",TRUE,TRUE,TRUE,"LC","LC","yellowfin bream","fish"
127064,"Chordata","Teleostei","Eupercaria incertae sedis","Sparidae","Sarpa","Sarpa salpa",5,1974,"16S",TRUE,TRUE,TRUE,"LC","LC","Saunders's tern  , saupe","fish"
219127,"Chordata","Teleostei","Eupercaria incertae sedis","Scaridae","Scarus","Scarus ghobban",1,2012,"12S",TRUE,TRUE,TRUE,"LC","LC","bluechin parrotfish","fish"
219124,"Chordata","Teleostei","Eupercaria incertae sedis","Scaridae","Scarus","Scarus rubroviolaceus",36,2012,"16S",TRUE,TRUE,TRUE,"LC","LC","ember parrotfish","fish"
321525,"Chordata","Teleostei","Eupercaria incertae sedis","Sillaginidae","Sillaginopodys","Sillaginopodys chondropus",2,1976,"16S;COI",TRUE,TRUE,TRUE,,,,"fish"
273935,"Chordata","Teleostei","Eupercaria incertae sedis","Sillaginidae","Sillago","Sillago attenuata",,,"12S",FALSE,FALSE,TRUE,"LC","LC",,"fish"
127046,"Chordata","Teleostei","Eupercaria incertae sedis","Sillaginidae","Sillago","Sillago sihama",14,1998,"12S;16S",TRUE,TRUE,TRUE,"LC","LC","silver sillago","fish"
219061,"Chordata","Teleostei","Eupercaria incertae sedis","Labridae","Stethojulis","Stethojulis strigiventer",17,1979,"16S",TRUE,TRUE,TRUE,"LC","LC","three-ribbon rainbowfish","fish"
277110,"Chordata","Teleostei","Eupercaria incertae sedis","Labridae","Stethojulis","Stethojulis terina",,,"12S",FALSE,FALSE,TRUE,"LC","LC",,"fish"
282942,"Chordata","Teleostei","Eupercaria incertae sedis","Labridae","Terelabrus","Terelabrus rubrovittatus",,,"12S",FALSE,FALSE,TRUE,"LC","LC",,"fish"
212216,"Chordata","Teleostei","Eupercaria incertae sedis","Labridae","Thalassoma","Thalassoma amblycephalum",28,2009,"COI",TRUE,TRUE,TRUE,"LC","LC","bluntheaded wrasse","fish"
212207,"Chordata","Teleostei","Eupercaria incertae sedis","Labridae","Thalassoma","Thalassoma hebraicum",57,2005,"16S",TRUE,TRUE,TRUE,"LC","LC","goldbar wrasse","fish"
212213,"Chordata","Teleostei","Eupercaria incertae sedis","Labridae","Thalassoma","Thalassoma purpureum",31,2013,"16S;COI",TRUE,TRUE,TRUE,"LC","LC","surge wrasse","fish"
212211,"Chordata","Teleostei","Eupercaria incertae sedis","Labridae","Thalassoma","Thalassoma quinquevittatum",1,2013,"12S",TRUE,TRUE,TRUE,"LC","LC",,"fish"
212212,"Chordata","Teleostei","Eupercaria incertae sedis","Labridae","Thalassoma","Thalassoma trilobatum",2,1989,"COI",TRUE,TRUE,TRUE,"LC","LC","Christmas wrasse","fish"
217740,"Chordata","Teleostei","Gadiformes","Bregmacerotidae","Bregmaceros","Bregmaceros mcclellandi",,,"16S",FALSE,FALSE,TRUE,,,"Unicorn cod","fish"
209216,"Chordata","Teleostei","Gobiiformes","Gobiidae","Bathygobius","Bathygobius cocosensis",39,2001,"16S;COI",TRUE,TRUE,TRUE,"LC","LC",,"fish"
209211,"Chordata","Teleostei","Gobiiformes","Gobiidae","Bathygobius","Bathygobius cotticeps",15,1988,"16S",TRUE,TRUE,TRUE,"LC","LC",,"fish"
209210,"Chordata","Teleostei","Gobiiformes","Gobiidae","Bathygobius","Bathygobius cyclopterus",9,1999,"12S",TRUE,TRUE,TRUE,"LC","LC","roundfin goby","fish"
209215,"Chordata","Teleostei","Gobiiformes","Gobiidae","Bathygobius","Bathygobius fuscus",16,1999,"12S",TRUE,TRUE,TRUE,"LC","LC","dusky frill-goby","fish"
311038,"Chordata","Teleostei","Gobiiformes","Eleotridae","Eleotris","Eleotris acanthopomus",,,"12S;16S",FALSE,FALSE,TRUE,"LC","LC",,"fish"
219356,"Chordata","Teleostei","Gobiiformes","Eleotridae","Eleotris","Eleotris fusca",17,2002,"12S;16S;COI",TRUE,TRUE,TRUE,"LC","LC","dusky sleeper","fish"
219353,"Chordata","Teleostei","Gobiiformes","Eleotridae","Eleotris","Eleotris melanosoma",14,2002,"COI",TRUE,TRUE,TRUE,"LC","LC",,"fish"
276802,"Chordata","Teleostei","Gobiiformes","Gobiidae","Glossogobius","Glossogobius aureus",,,"16S",FALSE,FALSE,TRUE,"LC","LC",,"fish"
219471,"Chordata","Teleostei","Gobiiformes","Gobiidae","Glossogobius","Glossogobius giuris",29,2005,"12S;16S;COI",TRUE,TRUE,TRUE,"LC","LC","tank goby","fish"
278158,"Chordata","Teleostei","Gobiiformes","Eleotridae","Hypseleotris","Hypseleotris cyprinoides",9,2002,"16S",TRUE,TRUE,TRUE,"DD","DD",,"fish"
404083,"Chordata","Teleostei","Gobiiformes","Eleotridae","Hypseleotris","Hypseleotris tohizonae",,,"COI",FALSE,FALSE,TRUE,,,,"fish"
219521,"Chordata","Teleostei","Gobiiformes","Gobiidae","Oligolepis","Oligolepis acutipennis",24,2001,"16S;COI",TRUE,TRUE,TRUE,"LC","LC","sharptail goby","fish"
1525278,"Chordata","Teleostei","Gobiiformes","Gobiidae","Oxyurichthys","Oxyurichthys keiensis",16,2003,"COI",TRUE,TRUE,TRUE,"LC","LC",,"fish"
126927,"Chordata","Teleostei","Gobiiformes","Gobiidae","Pomatoschistus","Pomatoschistus microps",,,"16S",FALSE,FALSE,TRUE,"LC","LC","common goby, gobie buhotte","fish"
277928,"Chordata","Teleostei","Gonorynchiformes","Gonorynchidae","Gonorynchus","Gonorynchus abbreviatus",,,"12S;16S",FALSE,FALSE,TRUE,,,,"fish"
1605256,"Chordata","Teleostei","Lophiiformes","Antennariidae","Abantennarius","Abantennarius coccineus",35,2013,"COI",TRUE,TRUE,TRUE,"LC","LC",,"fish"
217851,"Chordata","Teleostei","Lophiiformes","Antennariidae","Antennarius","Antennarius pictus",1,,"16S",TRUE,TRUE,TRUE,"LC","LC","painted angler","fish"
126983,"Chordata","Teleostei","Mugiliformes","Mugilidae","Mugil","Mugil cephalus",16,1994,"12S;16S",TRUE,TRUE,TRUE,"LC","LC","grey mullet, muge","fish"
1042879,"Chordata","Teleostei","Mugiliformes","Mugilidae","Osteomugil","Osteomugil cunnesius",11,1998,"12S;16S",TRUE,TRUE,TRUE,,,,"fish"
1043423,"Chordata","Teleostei","Mugiliformes","Mugilidae","Planiliza","Planiliza alata",5,1979,"12S;16S;COI",TRUE,TRUE,TRUE,"LC","LC",,"fish"
218648,"Chordata","Teleostei","Mulliformes","Mullidae","Mulloidichthys","Mulloidichthys vanicolensis",12,2011,"12S",TRUE,TRUE,TRUE,"LC","LC","yellowfin goatfish","fish"
218661,"Chordata","Teleostei","Mulliformes","Mullidae","Parupeneus","Parupeneus ciliatus",1,,"12S",TRUE,FALSE,TRUE,"LC","LC","whitesaddle goatfish","fish"
218658,"Chordata","Teleostei","Mulliformes","Mullidae","Parupeneus","Parupeneus indicus",17,2004,"16S;COI",TRUE,TRUE,TRUE,"LC","LC","Indian goatfish, rouget-barbet indien","fish"
277820,"Chordata","Teleostei","Mulliformes","Mullidae","Parupeneus","Parupeneus multifasciatus",,,"12S",FALSE,FALSE,TRUE,"LC","LC",,"fish"
218662,"Chordata","Teleostei","Mulliformes","Mullidae","Parupeneus","Parupeneus porphyreus",,,"16S",FALSE,FALSE,TRUE,"NT","NT",,"fish"
273671,"Chordata","Teleostei","Mulliformes","Mullidae","Upeneus","Upeneus pori",,,"COI",FALSE,FALSE,TRUE,"LC","LC",,"fish"
474985,"Chordata","Teleostei","Mulliformes","Mullidae","Upeneus","Upeneus suahelicus",,,"COI",FALSE,FALSE,TRUE,"LC","LC",,"fish"
218689,"Chordata","Teleostei","Mulliformes","Mullidae","Upeneus","Upeneus tragula",,,"12S;16S",FALSE,FALSE,TRUE,"LC","LC","freckled goatfish","fish"
217680,"Chordata","Teleostei","Myctophiformes","Myctophidae","Benthosema","Benthosema pterotum",,,"COI",FALSE,FALSE,TRUE,"LC","LC","skinnycheek lanternfish","fish"
126581,"Chordata","Teleostei","Myctophiformes","Myctophidae","Benthosema","Benthosema suborbitale",,,"16S",FALSE,FALSE,TRUE,"LC","LC","Smallfin lanternfish","fish"
272650,"Chordata","Teleostei","Myctophiformes","Myctophidae","Bolinichthys","Bolinichthys longipes",,,"16S",FALSE,FALSE,TRUE,"LC","LC",,"fish"
126583,"Chordata","Teleostei","Myctophiformes","Myctophidae","Bolinichthys","Bolinichthys supralateralis",,,"16S",FALSE,FALSE,TRUE,"LC","LC",,"fish"
126586,"Chordata","Teleostei","Myctophiformes","Myctophidae","Ceratoscopelus","Ceratoscopelus warmingii",,,"16S",FALSE,FALSE,TRUE,"LC","LC","Warming's lantern fish","fish"
126595,"Chordata","Teleostei","Myctophiformes","Myctophidae","Diaphus","Diaphus mollis",,,"16S;COI",FALSE,FALSE,TRUE,"LC","LC","Soft lanternfish","fish"
217686,"Chordata","Teleostei","Myctophiformes","Myctophidae","Diaphus","Diaphus richardsoni",,,"COI",FALSE,FALSE,TRUE,"LC","LC","Richardson's headlightfish","fish"
126615,"Chordata","Teleostei","Myctophiformes","Myctophidae","Lampanyctus","Lampanyctus intricarius",,,"COI",FALSE,FALSE,TRUE,"LC","LC",,"fish"
126626,"Chordata","Teleostei","Myctophiformes","Myctophidae","Myctophum","Myctophum nitidulum",,,"COI",FALSE,FALSE,TRUE,"LC","LC","lanternfish","fish"
159289,"Chordata","Teleostei","Ovalentaria incertae sedis","Pomacentridae","Abudefduf","Abudefduf sexfasciatus",16,2014,"COI",TRUE,TRUE,TRUE,"LC","LC","scissortail sergeant","fish"
212888,"Chordata","Teleostei","Ovalentaria incertae sedis","Pomacentridae","Abudefduf","Abudefduf sordidus",5,1999,"12S;16S;COI",TRUE,TRUE,TRUE,"LC","LC","blackspot sergeant","fish"
277730,"Chordata","Teleostei","Ovalentaria incertae sedis","Ambassidae","Ambassis","Ambassis ambassis",17,2003,"16S",TRUE,TRUE,TRUE,"LC","LC",,"fish"
220043,"Chordata","Teleostei","Ovalentaria incertae sedis","Ambassidae","Ambassis","Ambassis dussumieri",5,1993,"COI",TRUE,TRUE,TRUE,"LC","LC",,"fish"
220039,"Chordata","Teleostei","Ovalentaria incertae sedis","Ambassidae","Ambassis","Ambassis natalensis",29,1998,"COI",TRUE,TRUE,TRUE,"LC","LC","slender glassy","fish"
273761,"Chordata","Teleostei","Ovalentaria incertae sedis","Pomacentridae","Chromis","Chromis xanthochira",,,"16S",FALSE,FALSE,TRUE,"LC","LC",,"fish"
212854,"Chordata","Teleostei","Ovalentaria incertae sedis","Pomacentridae","Plectroglyphidodon","Plectroglyphidodon leucozonus",48,1999,"12S;16S;COI",TRUE,TRUE,TRUE,"LC","LC",,"fish"
1605310,"Chordata","Teleostei","Ovalentaria incertae sedis","Pomacentridae","Pycnochromis","Pycnochromis margaritifer",,,"12S",FALSE,FALSE,TRUE,"LC","LC",,"fish"
1592292,"Chordata","Teleostei","Ovalentaria incertae sedis","Pomacentridae","Pycnochromis","Pycnochromis nigrurus",52,2001,"16S",TRUE,TRUE,TRUE,"LC","LC",,"fish"
221440,"Chordata","Teleostei","Perciformes","Apistidae","Apistus","Apistus carinatus",1,,"16S",TRUE,FALSE,TRUE,"LC","LC","ocellated waspfish","fish"
218134,"Chordata","Teleostei","Perciformes","Platycephalidae","Cociella","Cociella heemstrai",1,,"16S;COI",TRUE,FALSE,TRUE,"LC","LC",,"fish"
218254,"Chordata","Teleostei","Perciformes","Serranidae","Epinephelus","Epinephelus andersoni",74,2009,"16S",TRUE,TRUE,TRUE,,,"catface grouper","fish"
127036,"Chordata","Teleostei","Perciformes","Serranidae","Epinephelus","Epinephelus marginatus",75,2013,"16S",TRUE,TRUE,TRUE,,,"dusky grouper, mérou noir","fish"
218246,"Chordata","Teleostei","Perciformes","Serranidae","Epinephelus","Epinephelus tukula",12,2013,"12S;16S",TRUE,TRUE,TRUE,"LC","LC","potato grouper","fish"
209205,"Chordata","Teleostei","Perciformes","Serranidae","Nemanthias","Nemanthias carberryi",17,2001,"COI",TRUE,TRUE,TRUE,"LC","LC","threadfin anthias","fish"
234801,"Chordata","Teleostei","Perciformes","Nototheniidae","Pagothenia","Pagothenia borchgrevinki",,,"12S",FALSE,FALSE,TRUE,,,"bald notothen","fish"
218278,"Chordata","Teleostei","Perciformes","Serranidae","Pseudanthias","Pseudanthias squamipinnis",120,2009,"12S;16S;COI",TRUE,TRUE,TRUE,"LC","LC","sea goldie","fish"
712555,"Chordata","Teleostei","Perciformes","Platycephalidae","Sorsogona","Sorsogona portuguesa",2,1992,"16S;COI",TRUE,FALSE,TRUE,"DD","DD",,"fish"
219798,"Chordata","Teleostei","Pleuronectiformes","Bothidae","Crossorhombus","Crossorhombus valderostratus",9,2009,"12S",TRUE,FALSE,TRUE,"LC","LC","broadbrow flounder","fish"
274204,"Chordata","Teleostei","Pleuronectiformes","Cynoglossidae","Cynoglossus","Cynoglossus itinus",,,"12S",FALSE,FALSE,TRUE,"LC","LC",,"fish"
219857,"Chordata","Teleostei","Pleuronectiformes","Cynoglossidae","Cynoglossus","Cynoglossus lida",1,,"COI",TRUE,FALSE,TRUE,"LC","LC","roughscale tonguesole","fish"
403346,"Chordata","Teleostei","Pleuronectiformes","Soleidae","Dagetichthys","Dagetichthys marginatus",,,"COI",FALSE,FALSE,TRUE,"DD","DD",,"fish"
278660,"Chordata","Teleostei","Pleuronectiformes","Cynoglossidae","Paraplagusia","Paraplagusia japonica",,,"12S;16S",FALSE,FALSE,TRUE,"LC","LC",,"fish"
220051,"Chordata","Teleostei","Pleuronectiformes","Paralichthyidae","Pseudorhombus","Pseudorhombus arsius",6,1987,"COI",TRUE,FALSE,TRUE,"LC","LC","largetooth flounder","fish"
219708,"Chordata","Teleostei","Scombriformes","Scombridae","Euthynnus","Euthynnus affinis",24,1997,"12S;16S;COI",TRUE,TRUE,TRUE,"LC","LC","kawakawa, thonine orientale","fish"
151482,"Chordata","Teleostei","Scombriformes","Pomatomidae","Pomatomus","Pomatomus saltatrix",5,1995,"12S;16S;COI",TRUE,TRUE,TRUE,"VU","VU","blue fish, tassergal","fish"
127020,"Chordata","Teleostei","Scombriformes","Scombridae","Rastrelliger","Rastrelliger kanagurta",,,"12S",FALSE,FALSE,TRUE,"DD","DD","Indian mackerel","fish"
219713,"Chordata","Teleostei","Scombriformes","Scombridae","Sarda","Sarda orientalis",2,1987,"16S",TRUE,TRUE,TRUE,"LC","LC","striped bonito, bonite oriental","fish"
127024,"Chordata","Teleostei","Scombriformes","Scombridae","Scomberomorus","Scomberomorus commerson",559,2005,"12S",TRUE,TRUE,TRUE,"NT","NT","narrow-barred Spanish mackerel","fish"
219719,"Chordata","Teleostei","Scombriformes","Scombridae","Scomberomorus","Scomberomorus plurilineatus",195,2002,"COI",TRUE,TRUE,TRUE,"DD","DD","Kanadi kingfish","fish"
127089,"Chordata","Teleostei","Scombriformes","Trichiuridae","Trichiurus","Trichiurus lepturus",1,,"12S",TRUE,TRUE,TRUE,"LC","LC","largehead hairtail, poisson-sabre commun","fish"
888192,"Chordata","Teleostei","Siluriformes","Clariidae","Clarias","Clarias gariepinus",,,"16S",FALSE,FALSE,TRUE,"LC","LC",,"fish"
217656,"Chordata","Teleostei","Siluriformes","Plotosidae","Plotosus","Plotosus nkunga",10,2007,"COI",TRUE,TRUE,TRUE,,,"stinging eel catfish","fish"
127283,"Chordata","Teleostei","Stomiiformes","Gonostomatidae","Cyclothone","Cyclothone alba",,,"COI",FALSE,FALSE,TRUE,"LC","LC","albino anglemouth","fish"
127288,"Chordata","Teleostei","Stomiiformes","Gonostomatidae","Cyclothone","Cyclothone pallida",,,"COI",FALSE,FALSE,TRUE,"LC","LC","bicolored bristlemouth, cyclothone pâle","fish"
127290,"Chordata","Teleostei","Stomiiformes","Gonostomatidae","Cyclothone","Cyclothone pygmaea",,,"16S",FALSE,FALSE,TRUE,"LC","LC",,"fish"
154831,"Chordata","Teleostei","Stomiiformes","Gonostomatidae","Cyclothone","Cyclothone signata",,,"16S",FALSE,FALSE,TRUE,"LC","LC","showy bristlemouth, cyclothone prétentieuse","fish"
127374,"Chordata","Teleostei","Stomiiformes","Stomiidae","Stomias","Stomias boa",,,"COI",FALSE,FALSE,TRUE,"LC","LC","boa dragonfish, dragon-boa","fish"
219919,"Chordata","Teleostei","Tetraodontiformes","Tetraodontidae","Amblyrhynchotes","Amblyrhynchotes honckenii",5,1977,"COI",TRUE,TRUE,TRUE,,,"evileye blaasop","fish"
219883,"Chordata","Teleostei","Tetraodontiformes","Balistidae","Odonus","Odonus niger",19,2005,"COI",TRUE,TRUE,TRUE,"LC","LC","red-toothed triggerfish","fish"
220072,"Chordata","Teleostei","Tetraodontiformes","Monacanthidae","Pervagor","Pervagor janthinosoma",58,2002,"12S;16S",TRUE,TRUE,TRUE,"LC","LC","blackbar filefish","fish"
219916,"Chordata","Teleostei","Tetraodontiformes","Ostraciidae","Tetrosomus","Tetrosomus concatenatus",,,"COI",FALSE,FALSE,TRUE,,,"triangular boxfish","fish"
219963,"Chordata","Teleostei","Tetraodontiformes","Tetraodontidae","Tylerius","Tylerius spinosissimus",2,1988,"16S",TRUE,TRUE,TRUE,"LC","LC","spiny blaasop","fish"
100495,"Ascomycota","Eurotiomycetes","Eurotiales","Trichocomaceae","Aspergillus","Aspergillus niger",,,"COI",FALSE,FALSE,TRUE,,,,"fungi"
446803,"Cnidaria","Anthozoa","Actiniaria","Andvakiidae","Andvakia","Andvakia discipulorum",,,"COI",FALSE,FALSE,TRUE,,,,"jellyfish"
283347,"Cnidaria","Anthozoa","Actiniaria","Actiniidae","Anthopleura","Anthopleura elegantissima",,,"COI",FALSE,FALSE,TRUE,,,"clonal anemone","jellyfish"
158230,"Cnidaria","Anthozoa","Actiniaria","Diadumenidae","Diadumene","Diadumene leucolena",,,"COI",FALSE,FALSE,TRUE,,,"white anemone","jellyfish"
100889,"Cnidaria","Anthozoa","Actiniaria","Edwardsiidae","Edwardsia","Edwardsia longicornis",,,"COI",FALSE,FALSE,TRUE,,,,"jellyfish"
854806,"Cnidaria","Anthozoa","Actiniaria","Sagartiidae","Sagartia","Sagartia lacerata",,,"COI",FALSE,FALSE,TRUE,,,,"jellyfish"
209965,"Cnidaria","Anthozoa","Malacalcyonacea","Sarcophytidae","Lobophytum","Lobophytum crassum",1,,"COI",TRUE,TRUE,TRUE,,,,"jellyfish"
290548,"Cnidaria","Anthozoa","Scleractinia","Oulastreidae","Oulastrea","Oulastrea crispata",,,"COI",FALSE,FALSE,TRUE,"LC","LC","zebra coral","jellyfish"
207231,"Cnidaria","Anthozoa","Scleractinia","Poritidae","Porites","Porites rus",,,"COI",FALSE,FALSE,TRUE,"LC","LC","hump coral","jellyfish"
128536,"Cnidaria","Anthozoa","Scleralcyonacea","Veretillidae","Veretillum","Veretillum cynomorium",,,"COI",FALSE,FALSE,TRUE,,,"finger-shaped sea-pen","jellyfish"
289484,"Cnidaria","Hydrozoa","Anthoathecata","Asyncorynidae","Asyncoryne","Asyncoryne ryniensis",,,"COI",FALSE,FALSE,TRUE,,,,"jellyfish"
117328,"Cnidaria","Hydrozoa","Anthoathecata","Bougainvilliidae","Bougainvillia","Bougainvillia muscus",,,"COI",FALSE,FALSE,TRUE,,,,"jellyfish"
151860,"Cnidaria","Hydrozoa","Anthoathecata","Corynidae","Coryne","Coryne eximia",,,"COI",FALSE,FALSE,TRUE,,,,"jellyfish"
221089,"Cnidaria","Hydrozoa","Anthoathecata","Sphaerocorynidae","Euphysilla","Euphysilla pyramidata",,,"COI",FALSE,FALSE,TRUE,,,,"jellyfish"
290157,"Cnidaria","Hydrozoa","Anthoathecata","Hydridae","Hydra","Hydra vulgaris",,,"COI",FALSE,FALSE,TRUE,,,,"jellyfish"
290274,"Cnidaria","Hydrozoa","Anthoathecata","Pandeidae","Larsonia","Larsonia pterophylla",,,"COI",FALSE,FALSE,TRUE,,,,"jellyfish"
117761,"Cnidaria","Hydrozoa","Anthoathecata","Moerisiidae","Moerisia","Moerisia inkermanica",,,"COI",FALSE,FALSE,TRUE,,,,"jellyfish"
117952,"Cnidaria","Hydrozoa","Anthoathecata","Sphaerocorynidae","Sphaerocoryne","Sphaerocoryne bedoti",,,"COI",FALSE,FALSE,TRUE,,,,"jellyfish"
565163,"Cnidaria","Hydrozoa","Anthoathecata","Corynidae","Stauridiosarsia","Stauridiosarsia nipponica",,,"COI",FALSE,FALSE,TRUE,,,,"jellyfish"
288110,"Cnidaria","Hydrozoa","Anthoathecata","Zancleopsidae","Zancleopsis","Zancleopsis dichotoma",,,"COI",FALSE,FALSE,TRUE,,,,"jellyfish"
117364,"Cnidaria","Hydrozoa","Leptothecata","Campanulariidae","Campanularia","Campanularia hincksii",,,"COI",FALSE,TRUE,TRUE,,,,"jellyfish"
117367,"Cnidaria","Hydrozoa","Leptothecata","Campanulariidae","Clytia","Clytia gracilis",,,"COI",FALSE,FALSE,TRUE,,,,"jellyfish"
117372,"Cnidaria","Hydrozoa","Leptothecata","Campanulariidae","Clytia","Clytia noliformis",,,"COI",FALSE,FALSE,TRUE,,,,"jellyfish"
221223,"Cnidaria","Hydrozoa","Leptothecata","Eirenidae","Eirene","Eirene hexanemalis",,,"COI",FALSE,FALSE,TRUE,,,,"jellyfish"
221225,"Cnidaria","Hydrozoa","Leptothecata","Eirenidae","Helgicirrha","Helgicirrha malayensis",,,"COI",FALSE,FALSE,TRUE,,,,"jellyfish"
117725,"Cnidaria","Hydrozoa","Leptothecata","Laodiceidae","Laodicea","Laodicea undulata",,,"COI",FALSE,FALSE,TRUE,,,,"jellyfish"
117386,"Cnidaria","Hydrozoa","Leptothecata","Campanulariidae","Obelia","Obelia dichotoma",1,1969,"COI",TRUE,FALSE,TRUE,,,"sea thread hydroid","jellyfish"
220580,"Cnidaria","Hydrozoa","Leptothecata","Campanulariidae","Orthopyxis","Orthopyxis caliculata",,,"COI",FALSE,FALSE,TRUE,,,,"jellyfish"
117391,"Cnidaria","Hydrozoa","Leptothecata","Campanulariidae","Orthopyxis","Orthopyxis crenata",,,"COI",FALSE,FALSE,TRUE,,,,"jellyfish"
212494,"Cnidaria","Hydrozoa","Leptothecata","Plumulariidae","Plumularia","Plumularia filicaulis",,,"COI",FALSE,TRUE,TRUE,,,,"jellyfish"
285299,"Cnidaria","Hydrozoa","Leptothecata","Plumulariidae","Plumularia","Plumularia strictocarpa",,,"COI",FALSE,FALSE,TRUE,,,,"jellyfish"
117568,"Cnidaria","Hydrozoa","Limnomedusae","Geryoniidae","Liriope","Liriope tetraphylla",,,"COI",FALSE,FALSE,TRUE,,,,"jellyfish"
117267,"Cnidaria","Hydrozoa","Narcomedusae","Solmundaeginidae","Solmundella","Solmundella bitentaculata",,,"COI",FALSE,FALSE,TRUE,,,,"jellyfish"
135419,"Cnidaria","Hydrozoa","Siphonophorae","Diphyidae","Diphyes","Diphyes bojani",,,"COI",FALSE,FALSE,TRUE,,,,"jellyfish"
135420,"Cnidaria","Hydrozoa","Siphonophorae","Diphyidae","Diphyes","Diphyes dispar",,,"COI",FALSE,FALSE,TRUE,,,,"jellyfish"
135501,"Cnidaria","Hydrozoa","Siphonophorae","Forskaliidae","Forskalia","Forskalia edwardsii",,,"COI",FALSE,FALSE,TRUE,,,,"jellyfish"
196539,"Cnidaria","Hydrozoa","Siphonophorae","Forskaliidae","Forskalia","Forskalia tholoides",,,"COI",FALSE,FALSE,TRUE,,,,"jellyfish"
196555,"Cnidaria","Hydrozoa","Siphonophorae","Diphyidae","Lensia","Lensia campanella",,,"COI",FALSE,FALSE,TRUE,,,,"jellyfish"
135495,"Cnidaria","Hydrozoa","Siphonophorae","Agalmatidae","Nanomia","Nanomia bijuga",,,"COI",FALSE,FALSE,TRUE,,,,"jellyfish"
152189,"Cnidaria","Hydrozoa","Siphonophorae","Sphaeronectidae","Sphaeronectes","Sphaeronectes koellikeri",,,"COI",FALSE,FALSE,TRUE,,,,"jellyfish"
117865,"Cnidaria","Hydrozoa","Trachymedusae","Rhopalonematidae","Rhopalonema","Rhopalonema velatum",,,"COI",FALSE,FALSE,TRUE,,,"veiled medusa","jellyfish"
289197,"Cnidaria","Scyphozoa","Rhizostomeae","Catostylidae","Crambionella","Crambionella stuhlmanni",,,"COI",FALSE,FALSE,TRUE,,,,"jellyfish"
106370,"Ctenophora","Tentaculata","Cydippida","Haeckeliidae","Haeckelia","Haeckelia rubra",,,"COI",FALSE,FALSE,TRUE,,,,"jellyfish"
1666343,"Chordata","Mammalia","Artiodactyla","Hippopotamidae","Hippopotamus","Hippopotamus amphibius",,,"12S;16S",FALSE,FALSE,TRUE,"VU","VU",,"mammals"
254985,"Chordata","Mammalia","Cetartiodactyla","Phocoenidae","Neophocaena","Neophocaena phocaenoides",,,"COI",FALSE,FALSE,TRUE,"VU","VU","Indian dolphin, marsouin aptere","mammals"
876348,"Mollusca","Bivalvia","Galeommatida","Lasaeidae","Lasaea","Lasaea hawaiensis",,,"COI",FALSE,FALSE,TRUE,,,,"molluscs"
216616,"Mollusca","Bivalvia","Mytilida","Mytilidae","Brachidontes","Brachidontes variabilis",,,"COI",FALSE,FALSE,TRUE,,,"variable mussel","molluscs"
140483,"Mollusca","Bivalvia","Mytilida","Mytilidae","Perna","Perna perna",13,1990,"COI",TRUE,TRUE,TRUE,,,"brown mussel, moule de roche sudaméricaine","molluscs"
489077,"Mollusca","Bivalvia","Ostreida","Ostreidae","Ostrea","Ostrea stentina",,,"COI",FALSE,FALSE,TRUE,,,,"molluscs"
207895,"Mollusca","Bivalvia","Ostreida","Pinnidae","Pinna","Pinna muricata",4,1995,"COI",TRUE,FALSE,TRUE,,,"prickly pen shell","molluscs"
181316,"Mollusca","Bivalvia","Ostreida","Ostreidae","Saccostrea","Saccostrea cuccullata",5,1990,"COI",TRUE,TRUE,TRUE,,,,"molluscs"
819190,"Mollusca","Bivalvia","Ostreida","Ostreidae","Saccostrea","Saccostrea mordax",,,"COI",FALSE,FALSE,TRUE,,,,"molluscs"
224641,"Mollusca","Bivalvia","Ostreida","Ostreidae","Striostrea","Striostrea margaritacea",2,1987,"COI",TRUE,FALSE,TRUE,"LC","LC","Cape rock oyster","molluscs"
208626,"Mollusca","Gastropoda","Aplysiida","Aplysiidae","Aplysia","Aplysia oculifera",,,"COI",FALSE,FALSE,TRUE,,,"spotted sea hare","molluscs"
138757,"Mollusca","Gastropoda","Aplysiida","Aplysiidae","Aplysia","Aplysia parvula",,,"COI",FALSE,TRUE,TRUE,,,"dwarf sea hare, petit lièvre de mer","molluscs"
224662,"Mollusca","Gastropoda","Aplysiida","Aplysiidae","Stylocheilus","Stylocheilus striatus",,,"COI",FALSE,FALSE,TRUE,,,,"molluscs"
1374236,"Mollusca","Gastropoda","Cephalaspidea","Haminoeidae","Haloa","Haloa pemphis",,,"COI",FALSE,FALSE,TRUE,,,,"molluscs"
1313730,"Mollusca","Gastropoda","Cephalaspidea","Haminoeidae","Phanerophthalmus","Phanerophthalmus lentigines",,,"COI",FALSE,FALSE,TRUE,,,,"molluscs"
446836,"Mollusca","Gastropoda","Littorinimorpha","Littorinidae","Afrolittorina","Afrolittorina africana",1,1973,"COI",TRUE,TRUE,TRUE,,,,"molluscs"
437374,"Mollusca","Gastropoda","Littorinimorpha","Littorinidae","Echinolittorina","Echinolittorina natalensis",1,,"COI",TRUE,TRUE,TRUE,,,,"molluscs"
216866,"Mollusca","Gastropoda","Littorinimorpha","Cypraeidae","Lyncina","Lyncina carneola",3,1990,"COI",TRUE,TRUE,TRUE,,,,"molluscs"
1075035,"Mollusca","Gastropoda","Littorinimorpha","Cypraeidae","Naria","Naria helvola",3,1987,"COI",TRUE,TRUE,TRUE,,,,"molluscs"
743870,"Mollusca","Gastropoda","Littorinimorpha","Xenophoridae","Xenophora","Xenophora solarioides",30,1990,"COI",TRUE,FALSE,TRUE,,,,"molluscs"
208016,"Mollusca","Gastropoda","Neogastropoda","Nassariidae","Bullia","Bullia natalensis",1,,"COI",TRUE,TRUE,TRUE,,,"pleated plough shell","molluscs"
208642,"Mollusca","Gastropoda","Neogastropoda","Muricidae","Purpura","Purpura bufo",,,"COI",FALSE,TRUE,TRUE,,,"toad purple","molluscs"
714217,"Mollusca","Gastropoda","Neogastropoda","Muricidae","Semiricinula","Semiricinula tissoti",,,"COI",FALSE,TRUE,TRUE,,,,"molluscs"
217219,"Mollusca","Gastropoda","Neogastropoda","Mitridae","Strigatella","Strigatella litterata",2,,"COI",TRUE,TRUE,TRUE,,,,"molluscs"
1543276,"Mollusca","Gastropoda","Nudibranchia","Goniodorididae","Okenia","Okenia aurorapapillata",,,"COI",FALSE,FALSE,TRUE,,,,"molluscs"
140840,"Mollusca","Gastropoda","Nudibranchia","Polyceridae","Thecacera","Thecacera pennigera",,,"COI",FALSE,FALSE,TRUE,,,"thecacera, thécacère","molluscs"
866663,"Mollusca","Gastropoda","Nudibranchia","Chromodorididae","Verconia","Verconia simplex",,,"COI",FALSE,TRUE,TRUE,,,,"molluscs"
849352,"Mollusca","Gastropoda","Pleurobranchida","Pleurobranchidae","Pleurobranchus","Pleurobranchus varians",,,"COI",FALSE,FALSE,TRUE,,,,"molluscs"
1419961,"Mollusca","Gastropoda","Pteropoda","Creseidae","Boasia","Boasia chierchiae",,,"COI",FALSE,FALSE,TRUE,,,,"molluscs"
139492,"Mollusca","Gastropoda","Pteropoda","Cymbuliidae","Corolla","Corolla spectabilis",,,"COI",FALSE,FALSE,TRUE,,,,"molluscs"
1460918,"Mollusca","Gastropoda","Systellommatophora","Onchidiidae","Peronia","Peronia madagascariensis",,,"COI",FALSE,FALSE,TRUE,,,,"molluscs"
216321,"Mollusca","Gastropoda","Trochida","Trochidae","Oxystele","Oxystele tabularis",2,1973,"COI",TRUE,TRUE,TRUE,,,,"molluscs"
593894,"Mollusca","Gastropoda","Trochida","Phasianellidae","Tricolia","Tricolia kochii",16,1990,"COI",TRUE,FALSE,TRUE,,,,"molluscs"
216372,"Mollusca","Gastropoda","Trochida","Turbinidae","Turbo","Turbo radiatus",2,1990,"COI",TRUE,FALSE,TRUE,,,,"molluscs"
139061,"Mollusca","Gastropoda","[unassigned] Caenogastropoda","Cerithiidae","Cerithium","Cerithium nesioticum",,,"COI",FALSE,FALSE,TRUE,,,,"molluscs"
225694,"Mollusca","Gastropoda","[unassigned] Caenogastropoda","Thiaridae","Melanoides","Melanoides tuberculata",,,"COI",FALSE,FALSE,TRUE,"LC","LC",,"molluscs"
397189,"Mollusca","Gastropoda","[unassigned] Caenogastropoda","Thiaridae","Tarebia","Tarebia granifera",,,"COI",FALSE,FALSE,TRUE,"LC","LC",,"molluscs"
527570,"Mollusca","Gastropoda","[unassigned] Caenogastropoda","Potamididae","Tympanotonos","Tympanotonos fuscatus",,,"COI",FALSE,FALSE,TRUE,"LC","LC",,"molluscs"
1339504,"Mollusca","Gastropoda",,"Bulinidae","Bulinus","Bulinus umbilicatus",,,"COI",FALSE,FALSE,TRUE,"LC","LC",,"molluscs"
215423,"Mollusca","Gastropoda",,"Aplustridae","Hydatina","Hydatina physis",,,"COI",FALSE,TRUE,TRUE,,,"striped bubble shell","molluscs"
1296050,"Mollusca","Gastropoda",,"Hermaeidae","Polybranchia","Polybranchia jensenae",,,"COI",FALSE,FALSE,TRUE,,,,"molluscs"
120664,"Amoebozoa","Discosea","Dactylopodida","Vexilliferidae","Neoparamoeba","Neoparamoeba aestuarina",,,"COI",FALSE,FALSE,TRUE,,,,"single-cell"
396116,"Amoebozoa","Discosea","Himatismenida","Himatismenida incertae sedis","Cochliopodium","Cochliopodium spiniferum",,,"COI",FALSE,FALSE,TRUE,,,,"single-cell"
1501278,"Amoebozoa","Myxogastrea","Stemonitida","Didymiidae","Didymium","Didymium nigripes",,,"COI",FALSE,FALSE,TRUE,,,,"single-cell"
376147,"Cercozoa","Chlorarachnea","Chlorachniida","Chlorarachniaceae","Chlorarachnion","Chlorarachnion reptans",,,"COI",FALSE,FALSE,TRUE,,,,"single-cell"
109743,"Myzozoa","Dinophyceae","Amphidiniales","Amphidiniaceae","Amphidinium","Amphidinium massartii",,,"COI",FALSE,FALSE,TRUE,,,,"single-cell"
1306108,"Myzozoa","Dinophyceae","Suessiales","Suessiaceae","Yihiella","Yihiella yeosuensis",,,"COI",FALSE,FALSE,TRUE,,,,"single-cell"
165973,"Porifera","Demospongiae","Axinellida","Raspailiidae","Didiscus","Didiscus aceratus",,,"COI",FALSE,FALSE,TRUE,,,,"sponges"
165558,"Porifera","Demospongiae","Axinellida","Axinellidae","Dragmacidon","Dragmacidon reticulatum",,,"COI",FALSE,FALSE,TRUE,,,,"sponges"
577142,"Porifera","Demospongiae","Biemnida","Biemnidae","Sigmaxinella","Sigmaxinella hipposiderus",,,"COI",FALSE,FALSE,TRUE,,,,"sponges"
387355,"Porifera","Demospongiae","Bubarida","Desmanthidae","Petromica","Petromica (Chaladesma) pacifica",,,"COI",FALSE,FALSE,TRUE,,,,"sponges"
170489,"Porifera","Demospongiae","Clionaida","Clionaidae","Clionaopsis","Clionaopsis platei",,,"COI",FALSE,FALSE,TRUE,,,,"sponges"
157411,"Porifera","Demospongiae","Clionaida","Clionaidae","Pione","Pione vastifica",,,"COI",FALSE,FALSE,TRUE,,,"boring sponge, clione rouge","sponges"
170520,"Porifera","Demospongiae","Clionaida","Clionaidae","Pione","Pione velans",,,"COI",FALSE,FALSE,TRUE,,,,"sponges"
170709,"Porifera","Demospongiae","Clionaida","Spirastrellidae","Spirastrella","Spirastrella hartmani",,,"COI",FALSE,FALSE,TRUE,,,,"sponges"
164900,"Porifera","Demospongiae","Dendroceratida","Dictyodendrillidae","Igernella","Igernella notabilis",,,"COI",FALSE,FALSE,TRUE,,,,"sponges"
166185,"Porifera","Demospongiae","Haplosclerida","Callyspongiidae","Callyspongia","Callyspongia (Callyspongia) fallax",,,"COI",FALSE,FALSE,TRUE,,,,"sponges"
166210,"Porifera","Demospongiae","Haplosclerida","Callyspongiidae","Callyspongia","Callyspongia (Cladochalina) diffusa",,,"COI",FALSE,TRUE,TRUE,,,,"sponges"
178479,"Porifera","Demospongiae","Haplosclerida","Niphatidae","Pachychalina","Pachychalina tenera",,,"COI",FALSE,FALSE,TRUE,,,,"sponges"
167585,"Porifera","Demospongiae","Poecilosclerida","Microcionidae","Clathria","Clathria (Clathria) unica",,,"COI",FALSE,FALSE,TRUE,,,,"sponges"
167804,"Porifera","Demospongiae","Poecilosclerida","Microcionidae","Clathria","Clathria (Wilsonella) rugosa",,,"COI",FALSE,FALSE,TRUE,,,,"sponges"
168571,"Porifera","Demospongiae","Poecilosclerida","Mycalidae","Mycale","Mycale (Carmia) cecilia",,,"COI",FALSE,FALSE,TRUE,,,,"sponges"
169314,"Porifera","Demospongiae","Poecilosclerida","Hymedesmiidae","Phorbas","Phorbas bihamiger",,,"COI",FALSE,FALSE,TRUE,,,,"sponges"
169317,"Porifera","Demospongiae","Poecilosclerida","Hymedesmiidae","Phorbas","Phorbas clathratus",,,"COI",FALSE,FALSE,TRUE,,,,"sponges"
367374,"Porifera","Demospongiae","Poecilosclerida","Hymedesmiidae","Phorbas","Phorbas topsenti",,,"COI",FALSE,FALSE,TRUE,,,,"sponges"
165801,"Porifera","Demospongiae","Suberitida","Halichondriidae","Halichondria","Halichondria (Halichondria) bowerbanki",,,"COI",FALSE,FALSE,TRUE,,,"Bowerbank's halichondria","sponges"
165807,"Porifera","Demospongiae","Suberitida","Halichondriidae","Halichondria","Halichondria (Halichondria) coerulea",,,"COI",FALSE,FALSE,TRUE,,,,"sponges"
345601,"Porifera","Demospongiae","Suberitida","Halichondriidae","Hymeniacidon","Hymeniacidon flavia",,,"COI",FALSE,FALSE,TRUE,,,,"sponges"
170771,"Porifera","Demospongiae","Suberitida","Suberitidae","Plicatellopsis","Plicatellopsis fragilis",,,"COI",FALSE,FALSE,TRUE,,,,"sponges"
1041930,"Porifera","Demospongiae","Suberitida","Suberitidae","Terpios","Terpios gelatinosus",,,"COI",FALSE,FALSE,TRUE,,,,"sponges"
597605,"Porifera","Demospongiae","Tetractinellida","Geodiidae","Geodia","Geodia vosmaeri",,,"COI",FALSE,FALSE,TRUE,,,,"sponges"
170263,"Porifera","Demospongiae","Tetractinellida","Vulcanellidae","Poecillastra","Poecillastra laminaris",,,"16S",FALSE,FALSE,TRUE,,,,"sponges"
133978,"Porifera","Demospongiae","Tetractinellida","Ancorinidae","Stelletta","Stelletta mediterranea",,,"COI",FALSE,FALSE,TRUE,,,,"sponges"
171264,"Porifera","Demospongiae","Tetractinellida","Theonellidae","Theonella","Theonella swinhoei",,,"COI",FALSE,FALSE,TRUE,,,,"sponges"
888604,"Porifera","Homoscleromorpha","Homosclerophorida","Plakinidae","Plakortis","Plakortis deweerdtaephila",,,"COI",FALSE,FALSE,TRUE,,,,"sponges"
169763,"Porifera","Homoscleromorpha","Homosclerophorida","Plakinidae","Plakortis","Plakortis halichondrioides",,,"COI",FALSE,FALSE,TRUE,,,,"sponges"
368952,"Echinodermata","Asteroidea","Valvatida","Goniasteridae","Fromia","Fromia indica",4,2016,"COI",TRUE,TRUE,TRUE,,,,"starfish"
370899,"Echinodermata","Asteroidea","Valvatida","Oreasteridae","Pentaceraster","Pentaceraster cumingi",,,"16S",FALSE,FALSE,TRUE,,,,"starfish"
414179,"Echinodermata","Crinoidea","Comatulida","Tropiometridae","Tropiometra","Tropiometra afra",,,"16S",FALSE,FALSE,TRUE,,,,"starfish"
213331,"Echinodermata","Crinoidea","Comatulida","Tropiometridae","Tropiometra","Tropiometra carinata",9,2016,"COI",TRUE,TRUE,TRUE,,,,"starfish"
213383,"Echinodermata","Echinoidea","Camarodonta","Echinometridae","Echinometra","Echinometra mathaei",2,2016,"COI",TRUE,TRUE,TRUE,,,"rock-boring urchin","starfish"
513530,"Echinodermata","Echinoidea","Camarodonta","Temnopleuridae","Salmaciella","Salmaciella oligopora",,,"16S",FALSE,FALSE,TRUE,,,,"starfish"
214667,"Echinodermata","Echinoidea","Camarodonta","Temnopleuridae","Temnopleurus","Temnopleurus toreumaticus",,,"COI",FALSE,TRUE,TRUE,,,,"starfish"
212453,"Echinodermata","Echinoidea","Camarodonta","Toxopneustidae","Tripneustes","Tripneustes gratilla",6,2016,"16S",TRUE,TRUE,TRUE,,,"collector urchin","starfish"
213369,"Echinodermata","Echinoidea","Cidaroida","Cidaridae","Eucidaris","Eucidaris metularia",2,2016,"COI",TRUE,TRUE,TRUE,,,,"starfish"
212440,"Echinodermata","Echinoidea","Stomopneustoida","Stomopneustidae","Stomopneustes","Stomopneustes variolaris",,,"16S;COI",FALSE,TRUE,TRUE,,,,"starfish"
212472,"Echinodermata","Holothuroidea","Dendrochirotida","Cucumariidae","Pseudocnella","Pseudocnella sykion",1,2016,"COI",TRUE,TRUE,TRUE,,,,"starfish"
213193,"Echinodermata","Ophiuroidea","Amphilepidida","Ophiotrichidae","Macrophiothrix","Macrophiothrix demessa",4,1999,"COI",TRUE,FALSE,TRUE,,,,"starfish"
213195,"Echinodermata","Ophiuroidea","Amphilepidida","Ophiotrichidae","Macrophiothrix","Macrophiothrix longipeda",8,2016,"16S",TRUE,TRUE,TRUE,,,,"starfish"
212328,"Echinodermata","Ophiuroidea","Amphilepidida","Ophiactidae","Ophiactis","Ophiactis picteti",13,2010,"COI",TRUE,FALSE,TRUE,,,,"starfish"
125122,"Echinodermata","Ophiuroidea","Amphilepidida","Ophiactidae","Ophiactis","Ophiactis savignyi",20,2016,"16S;COI",TRUE,TRUE,TRUE,,,,"starfish"
243468,"Echinodermata","Ophiuroidea","Amphilepidida","Ophiactidae","Ophiactis","Ophiactis simplex",,,"COI",FALSE,FALSE,TRUE,,,,"starfish"
212431,"Echinodermata","Ophiuroidea","Amphilepidida","Ophiotrichidae","Ophiocnemis","Ophiocnemis marmorata",1,1987,"COI",TRUE,TRUE,TRUE,,,,"starfish"
244171,"Echinodermata","Ophiuroidea","Amphilepidida","Ophiotrichidae","Ophiothrix","Ophiothrix (Ophiothrix) echinotecta",12,2016,"COI",TRUE,TRUE,TRUE,,,,"starfish"
244195,"Echinodermata","Ophiuroidea","Amphilepidida","Ophiotrichidae","Ophiothrix","Ophiothrix (Ophiothrix) trilineata",2,2016,"16S",TRUE,TRUE,TRUE,,,,"starfish"
1214744,"Echinodermata","Ophiuroidea","Ophiacanthida","Ophiocomidae","Breviturma","Breviturma brevipes",2,2016,"16S;COI",TRUE,FALSE,TRUE,,,,"starfish"
212371,"Echinodermata","Ophiuroidea","Ophiacanthida","Ophiocomidae","Ophiocoma","Ophiocoma erinaceus",19,2016,"16S",TRUE,TRUE,TRUE,,,,"starfish"
1306699,"Echinodermata","Ophiuroidea","Ophiacanthida","Ophiocomidae","Ophiocomella","Ophiocomella valenciae",8,2016,"COI",TRUE,TRUE,TRUE,,,,"starfish"
157589,"Annelida","Clitellata","Tubificida","Naididae","Chaetogaster","Chaetogaster diastrophus",,,"COI",FALSE,FALSE,TRUE,,,,"worms"
137556,"Annelida","Clitellata","Tubificida","Naididae","Limnodrilus","Limnodrilus hoffmeisteri",,,"COI",FALSE,FALSE,TRUE,,,,"worms"
209699,"Annelida","Polychaeta","Amphinomida","Amphinomidae","Pherecardia","Pherecardia striata",,,"COI",FALSE,FALSE,TRUE,,,,"worms"
333937,"Annelida","Polychaeta","Eunicida","Eunicidae","Lysidice","Lysidice natalensis",,,"COI",FALSE,FALSE,TRUE,,,,"worms"
720145,"Annelida","Polychaeta","Eunicida","Eunicidae","Marphysa","Marphysa corallina",,,"COI",FALSE,FALSE,TRUE,,,,"worms"
195955,"Annelida","Polychaeta","Phyllodocida","Syllidae","Eusyllis","Eusyllis kupfferi",,,"COI",FALSE,FALSE,TRUE,,,,"worms"
130158,"Annelida","Polychaeta","Phyllodocida","Hesionidae","Hesione","Hesione splendida",,,"COI",FALSE,FALSE,TRUE,,,,"worms"
327163,"Annelida","Polychaeta","Phyllodocida","Iphionidae","Iphione","Iphione henshawi",,,"COI",FALSE,FALSE,TRUE,,,,"worms"
587816,"Annelida","Polychaeta","Phyllodocida","Chrysopetalidae","Treptopale","Treptopale homalos",,,"COI",FALSE,FALSE,TRUE,,,,"worms"
131111,"Annelida","Polychaeta","Spionida","Spionidae","Boccardia","Boccardia polybranchia",,,"COI",FALSE,FALSE,TRUE,,,,"worms"
761959,"Annelida","Polychaeta","Terebellida","Cirratulidae","Timarete","Timarete punctata",,,"COI",FALSE,FALSE,TRUE,,,,"worms"
330566,"Annelida","Polychaeta",,"Chaetopteridae","Phyllochaetopterus","Phyllochaetopterus verrilli",,,"COI",FALSE,FALSE,TRUE,,,,"worms"
136081,"Annelida",,"Sipuncula","Phascolosomatidae","Phascolosoma","Phascolosoma (Phascolosoma) stephensoni",,,"COI",FALSE,FALSE,TRUE,,,,"worms"
266869,"Annelida",,"Sipuncula","Golfingiidae","Themiste","Themiste (Lagenopsis) minor",,,"COI",FALSE,FALSE,TRUE,,,,"worms"
345486,"Arthropoda","Branchiopoda","Anomopoda","Moinidae","Moina","Moina micrura",,,"COI",FALSE,FALSE,TRUE,,,,
106278,"Arthropoda","Branchiopoda","Onychopoda","Podonidae","Pseudevadne","Pseudevadne tergestina",,,"COI",FALSE,FALSE,TRUE,,,,
1489180,"Arthropoda","Hexapoda","Hemiptera","Cicadellidae","Macrosteles","Macrosteles quadrilineatus",,,"COI",FALSE,FALSE,TRUE,,,,
1490237,"Arthropoda","Hexapoda","Hymenoptera","Apidae","Apis","Apis mellifera",,,"COI",FALSE,FALSE,TRUE,,,,
1649258,"Arthropoda","Hexapoda","Odonata","Libellulidae","Tholymis","Tholymis tillarga",,,"COI",FALSE,FALSE,TRUE,"LC","LC",,
1565044,"Arthropoda","Thecostraca","Balanomorpha","Chthamalidae","Chthamalus","Chthamalus barilani",,,"COI",FALSE,FALSE,TRUE,,,,
220218,"Arthropoda","Thecostraca","Balanomorpha","Chthamalidae","Chthamalus","Chthamalus dentatus",1,,"COI",TRUE,TRUE,TRUE,,,,
535226,"Arthropoda","Thecostraca","Balanomorpha","Balanidae","Megabalanus","Megabalanus occator",,,"COI",FALSE,FALSE,TRUE,,,,
395011,"Arthropoda","Thecostraca","Balanomorpha","Chthamalidae","Octomeris","Octomeris angulosa",,,"COI",FALSE,TRUE,TRUE,,,,
208887,"Arthropoda","Thecostraca","Balanomorpha","Tetraclitidae","Tetraclita","Tetraclita reni",,,"COI",FALSE,FALSE,TRUE,,,,
266708,"Chaetognatha","Sagittoidea","Aphragmophora","Sagittidae","Aidanosagitta","Aidanosagitta neglecta",,,"COI",FALSE,FALSE,TRUE,,,,
266249,"Chaetognatha","Sagittoidea","Aphragmophora","Sagittidae","Ferosagitta","Ferosagitta robusta",,,"COI",FALSE,FALSE,TRUE,,,,
105434,"Chaetognatha","Sagittoidea","Aphragmophora","Sagittidae","Flaccisagitta","Flaccisagitta enflata",,,"COI",FALSE,FALSE,TRUE,,,,
249965,"Chordata","Ascidiacea","Phlebobranchia","Ascidiidae","Ascidia","Ascidia ahodori",,,"COI",FALSE,FALSE,TRUE,,,,
250618,"Chordata","Ascidiacea","Phlebobranchia","Perophoridae","Perophora","Perophora sagamiensis",,,"COI",FALSE,FALSE,TRUE,,,,
103830,"Chordata","Ascidiacea","Stolidobranchia","Pyuridae","Herdmania","Herdmania momus",,,"COI",FALSE,FALSE,TRUE,,,,
137241,"Chordata","Thaliacea","Doliolida","Doliolidae","Dolioletta","Dolioletta gegenbauri",,,"COI",FALSE,FALSE,TRUE,,,,
1485229,"Chordata",,"Squamata","Gekkonidae","Hemidactylus","Hemidactylus mabouia",,,"16S",FALSE,FALSE,TRUE,"LC","LC",,
483652,"Platyhelminthes",,"Polycladida","Planoceridae","Paraplanocera","Paraplanocera marginata",,,"COI",FALSE,FALSE,TRUE,,,,
