"AphiaID","phylum","class","order","family","genus","species","records","reads","asvs","max_year","target_gene","source_obis","source_gbif","source_dna","category","redlist_category","vernacular","group"
149004,"Bacillariophyta","Bacillariophyceae","Bacillariales","Bacillariaceae","Cylindrotheca","Cylindrotheca closterium",,63617,289,,"12S;16S;COI",FALSE,TRUE,TRUE,,,,"algae"
370512,"Bacillariophyta","Bacillariophyceae","Bacillariales","Bacillariaceae","Pseudo-nitzschia","Pseudo-nitzschia cuspidata",,886,3,,"16S;COI",FALSE,FALSE,TRUE,,,,"algae"
1307191,"Bacillariophyta","Bacillariophyceae","Bacillariales","Bacillariaceae","Pseudo-nitzschia","Pseudo-nitzschia sabit",,17,1,,"COI",FALSE,FALSE,TRUE,,,,"algae"
464448,"Bacillariophyta","Bacillariophyceae","Hemiaulales","Bellerocheaceae","Bellerochea","Bellerochea polymorpha",,636,2,,"16S;COI",FALSE,FALSE,TRUE,,,,"algae"
149060,"Bacillariophyta","Bacillariophyceae","Melosirales","Hyalodiscaceae","Podosira","Podosira stelligera",2,24,1,1960,"COI",TRUE,TRUE,TRUE,,,,"algae"
495535,"Bacillariophyta","Bacillariophyceae","Naviculales","Naviculaceae","Haslea","Haslea pseudostrearia",,78,3,,"COI",FALSE,FALSE,TRUE,,,,"algae"
175584,"Bacillariophyta","Bacillariophyceae","Naviculales","Phaeodactylaceae","Phaeodactylum","Phaeodactylum tricornutum",,46,1,,"COI",FALSE,FALSE,TRUE,,,,"algae"
1361158,"Chlorophyta","Chloropicophyceae","Chloropicales","Chloropicaceae","Chloroparvula","Chloroparvula pacifica",,33203,15,,"12S;16S;COI",FALSE,FALSE,TRUE,,,,"algae"
345463,"Chlorophyta","Mamiellophyceae","Dolichomastigales","Dolichomastigaceae","Dolichomastix","Dolichomastix tenuilepis",,200,3,,"COI",FALSE,FALSE,TRUE,,,,"algae"
345459,"Chlorophyta","Mamiellophyceae","Mamiellales","Bathycoccaceae","Bathycoccus","Bathycoccus prasinos",,690902,39,,"16S;COI",FALSE,FALSE,TRUE,,,,"algae"
1361174,"Chlorophyta","Mamiellophyceae","Mamiellales","Mamiellaceae","Micromonas","Micromonas commoda",,1876,5,,"12S;16S",FALSE,FALSE,TRUE,,,,"algae"
134564,"Chlorophyta","Mamiellophyceae","Mamiellales","Mamiellaceae","Micromonas","Micromonas pusilla",,582720,57,,"16S;COI",FALSE,FALSE,TRUE,,,,"algae"
615536,"Chlorophyta","Trebouxiophyceae","Trebouxiales","Trebouxiaceae","Trebouxia","Trebouxia aggregata",,4,1,,"COI",FALSE,FALSE,TRUE,,,,"algae"
1361155,"Chlorophyta",,,,"Chloropicon","Chloropicon laureae",,1381,4,,"COI",FALSE,FALSE,TRUE,,,,"algae"
1361151,"Chlorophyta",,,,"Chloropicon","Chloropicon primus",,45,1,,"COI",FALSE,FALSE,TRUE,,,,"algae"
1361153,"Chlorophyta",,,,"Chloropicon","Chloropicon roscoffensis",,20102,12,,"16S;COI",FALSE,FALSE,TRUE,,,,"algae"
1541871,"Chlorophyta",,,,"Chloropicon","Chloropicon sieburthii",,30798,22,,"COI",FALSE,FALSE,TRUE,,,,"algae"
236056,"Haptophyta","Coccolithophyceae","Isochrysidales","Noelaerhabdaceae","Gephyrocapsa","Gephyrocapsa huxleyi",,25226,19,,"12S;16S;COI",FALSE,FALSE,TRUE,,,,"algae"
573884,"Haptophyta","Coccolithophyceae","Isochrysidales","Isochrysidaceae","Isochrysis","Isochrysis galbana",,13,1,,"COI",FALSE,FALSE,TRUE,,,,"algae"
160538,"Haptophyta","Coccolithophyceae","Phaeocystales","Phaeocystaceae","Phaeocystis","Phaeocystis globosa",,8782,8,,"COI",FALSE,FALSE,TRUE,,,,"algae"
115106,"Haptophyta","Coccolithophyceae","Phaeocystales","Phaeocystaceae","Phaeocystis","Phaeocystis pouchetii",,135681,21,,"16S;COI",FALSE,FALSE,TRUE,,,,"algae"
341388,"Ochrophyta","Bolidophyceae","Parmales","Triparmaceae","Triparma","Triparma laevis",,52,2,,"16S;COI",FALSE,FALSE,TRUE,,,,"algae"
375970,"Ochrophyta","Dictyochophyceae","Dictyochales","Dictyochaceae","Octactis","Octactis octonaria",,53,1,,"COI",FALSE,FALSE,TRUE,,,,"algae"
707927,"Ochrophyta","Dictyochophyceae","Dictyochales","Dictyochaceae","Vicicitus","Vicicitus globosus",,1744,4,,"COI",FALSE,FALSE,TRUE,,,,"algae"
531467,"Ochrophyta","Dictyochophyceae","Florenciellales","Florenciellales incertae sedis","Pseudochattonella","Pseudochattonella farcimen",,24,1,,"COI",FALSE,FALSE,TRUE,,,,"algae"
375699,"Ochrophyta","Pelagophyceae","Pelagomonadales","Pelagomonadaceae","Aureococcus","Aureococcus anophagefferens",,16647,5,,"12S;16S;COI",FALSE,FALSE,TRUE,,,,"algae"
345504,"Ochrophyta","Pelagophyceae","Pelagomonadales","Pelagomonadaceae","Pelagomonas","Pelagomonas calceolata",,84175,19,,"12S;16S;COI",FALSE,FALSE,TRUE,,,,"algae"
377141,"Ochrophyta","Phaeophyceae","Dictyotales","Dictyotaceae","Canistrocarpus","Canistrocarpus cervicornis",,2449,2,,"COI",FALSE,FALSE,TRUE,,,,"algae"
374386,"Ochrophyta","Phaeophyceae","Dictyotales","Dictyotaceae","Dictyota","Dictyota acutiloba",,7407,3,,"COI",FALSE,TRUE,TRUE,,,,"algae"
145365,"Ochrophyta","Phaeophyceae","Dictyotales","Dictyotaceae","Dictyota","Dictyota ciliolata",,1312,3,,"COI",FALSE,TRUE,TRUE,,,,"algae"
373457,"Ochrophyta","Phaeophyceae","Dictyotales","Dictyotaceae","Dictyota","Dictyota intermedia",,196906,11,,"16S;COI",FALSE,TRUE,TRUE,,,,"algae"
1369837,"Ochrophyta","Phaeophyceae","Dictyotales","Dictyotaceae","Dictyota","Dictyota mayae",,1351,2,,"COI",FALSE,FALSE,TRUE,,,,"algae"
495788,"Ochrophyta","Phaeophyceae","Dictyotales","Dictyotaceae","Lobophora","Lobophora rickeri",,3,1,,"COI",FALSE,FALSE,TRUE,,,,"algae"
837116,"Ochrophyta","Phaeophyceae","Dictyotales","Dictyotaceae","Lobophora","Lobophora rosacea",,1416,3,,"COI",FALSE,FALSE,TRUE,,,,"algae"
1372764,"Ochrophyta","Phaeophyceae","Dictyotales","Dictyotaceae","Lobophora","Lobophora sonderi",,9505,8,,"16S;COI",FALSE,FALSE,TRUE,,,,"algae"
145384,"Ochrophyta","Phaeophyceae","Dictyotales","Dictyotaceae","Padina","Padina gymnospora",,34,1,,"COI",FALSE,TRUE,TRUE,,,,"algae"
377144,"Ochrophyta","Phaeophyceae","Dictyotales","Dictyotaceae","Rugulopteryx","Rugulopteryx marginata",,54,1,,"COI",FALSE,FALSE,TRUE,,,,"algae"
1369205,"Ochrophyta","Phaeophyceae","Ectocarpales","Acinetosporaceae","Acinetospora","Acinetospora filamentosa",,4145,5,,"COI",FALSE,FALSE,TRUE,,,,"algae"
371901,"Ochrophyta","Phaeophyceae","Ectocarpales","Chordariaceae","Cladosiphon","Cladosiphon okamuranus",,171,1,,"COI",FALSE,FALSE,TRUE,,,,"algae"
624476,"Ochrophyta","Phaeophyceae","Ectocarpales","Scytosiphonaceae","Colpomenia","Colpomenia claytoniae",,62175,28,,"16S;COI",FALSE,FALSE,TRUE,,,,"algae"
145857,"Ochrophyta","Phaeophyceae","Ectocarpales","Scytosiphonaceae","Colpomenia","Colpomenia sinuosa",,2242,6,,"COI",FALSE,FALSE,TRUE,,,,"algae"
1474998,"Ochrophyta","Phaeophyceae","Ectocarpales","Scytosiphonaceae","Dactylosiphon","Dactylosiphon bullosus",,17,1,,"COI",FALSE,FALSE,TRUE,,,,"algae"
699648,"Ochrophyta","Phaeophyceae","Ectocarpales","Acinetosporaceae","Feldmannia","Feldmannia mitchelliae",,55,1,,"COI",FALSE,FALSE,TRUE,,,,"algae"
145861,"Ochrophyta","Phaeophyceae","Ectocarpales","Scytosiphonaceae","Hydroclathrus","Hydroclathrus clathratus",,4237,11,,"COI",FALSE,TRUE,TRUE,,,,"algae"
1327736,"Ochrophyta","Phaeophyceae","Ectocarpales","Scytosiphonaceae","Hydroclathrus","Hydroclathrus tilesii",,3086,5,,"COI",FALSE,FALSE,TRUE,,,,"algae"
707754,"Ochrophyta","Phaeophyceae","Ectocarpales","Chordariaceae","Microspongium","Microspongium stilophorae",,23,1,,"COI",FALSE,FALSE,TRUE,,,,"algae"
214329,"Ochrophyta","Phaeophyceae","Ectocarpales","Chordariaceae","Nemacystus","Nemacystus decipiens",,324,1,,"COI",FALSE,FALSE,TRUE,,,,"algae"
1391335,"Ochrophyta","Phaeophyceae","Ectocarpales","Scytosiphonaceae","Pseudochnoospora","Pseudochnoospora implexa",,6,1,,"COI",FALSE,TRUE,TRUE,,,,"algae"
145346,"Ochrophyta","Phaeophyceae","Ectocarpales","Chordariaceae","Punctaria","Punctaria latifolia",,273,1,,"COI",FALSE,FALSE,TRUE,,,,"algae"
145866,"Ochrophyta","Phaeophyceae","Ectocarpales","Scytosiphonaceae","Rosenvingea","Rosenvingea intricata",,40,1,,"COI",FALSE,TRUE,TRUE,,,,"algae"
211988,"Ochrophyta","Phaeophyceae","Fucales","Sargassaceae","Sargassum","Sargassum aquifolium",,49,1,,"COI",FALSE,FALSE,TRUE,,,,"algae"
494865,"Ochrophyta","Phaeophyceae","Fucales","Sargassaceae","Sargassum","Sargassum polycystum",,14,1,,"COI",FALSE,FALSE,TRUE,,,,"algae"
624312,"Ochrophyta","Phaeophyceae","Fucales","Sargassaceae","Sirophysalis","Sirophysalis trinodis",,6,1,,"COI",FALSE,TRUE,TRUE,,,,"algae"
495552,"Ochrophyta","Phaeophyceae","Ralfsiales","Neoralfsiaceae","Neoralfsia","Neoralfsia expansa",,22,1,,"COI",FALSE,FALSE,TRUE,,,,"algae"
144991,"Ochrophyta","Phaeophyceae","Sphacelariales","Lithodermataceae","Pseudolithoderma","Pseudolithoderma roscoffense",,51,1,,"COI",FALSE,FALSE,TRUE,,,,"algae"
376356,"Ochrophyta","Pinguiophyceae","Pinguiochrysidales","Pinguiochrysidaceae","Pinguiococcus","Pinguiococcus pyrenoidosus",,116,3,,"COI",FALSE,FALSE,TRUE,,,,"algae"
1537062,"Rhodophyta","Bangiophyceae","Bangiales","Bangiaceae","Neoporphyra","Neoporphyra haitanensis",,14,1,,"COI",FALSE,FALSE,TRUE,,,,"algae"
144356,"Rhodophyta","Florideophyceae","Acrochaetiales","Acrochaetiaceae","Acrochaetium","Acrochaetium humile",,499,2,,"COI",FALSE,FALSE,TRUE,,,,"algae"
372088,"Rhodophyta","Florideophyceae","Acrochaetiales","Acrochaetiaceae","Acrochaetium","Acrochaetium plumosum",,70,1,,"COI",FALSE,FALSE,TRUE,,,,"algae"
144439,"Rhodophyta","Florideophyceae","Bonnemaisoniales","Bonnemaisoniaceae","Asparagopsis","Asparagopsis taxiformis",,682,3,,"12S;COI",FALSE,TRUE,TRUE,,,,"algae"
211770,"Rhodophyta","Florideophyceae","Ceramiales","Rhodomelaceae","Acanthophora","Acanthophora dendroides",,4479,2,,"COI",FALSE,FALSE,TRUE,,,,"algae"
211768,"Rhodophyta","Florideophyceae","Ceramiales","Rhodomelaceae","Acanthophora","Acanthophora spicifera",,37,1,,"COI",FALSE,TRUE,TRUE,,,,"algae"
375105,"Rhodophyta","Florideophyceae","Ceramiales","Callithamniaceae","Aglaothamnion","Aglaothamnion callophyllidicola",,46,1,,"COI",FALSE,FALSE,TRUE,,,,"algae"
837442,"Rhodophyta","Florideophyceae","Ceramiales","Rhodomelaceae","Amansia","Amansia fimbrifolia",,865,2,,"COI",FALSE,FALSE,TRUE,,,,"algae"
494947,"Rhodophyta","Florideophyceae","Ceramiales","Ceramiaceae","Antithamnion","Antithamnion antillanum",,828,4,,"12S;COI",FALSE,FALSE,TRUE,,,,"algae"
144531,"Rhodophyta","Florideophyceae","Ceramiales","Ceramiaceae","Centroceras","Centroceras clavulatum",,105,2,,"12S;COI",FALSE,FALSE,TRUE,,,,"algae"
214197,"Rhodophyta","Florideophyceae","Ceramiales","Rhodomelaceae","Chondria","Chondria armata",,2869,4,,"12S;COI",FALSE,TRUE,TRUE,,,,"algae"
144575,"Rhodophyta","Florideophyceae","Ceramiales","Callithamniaceae","Crouania","Crouania attenuata",,3225,2,,"COI",FALSE,FALSE,TRUE,,,,"algae"
144743,"Rhodophyta","Florideophyceae","Ceramiales","Delesseriaceae","Cryptopleura","Cryptopleura ramosa",,121,1,,"COI",FALSE,FALSE,TRUE,,,,"algae"
214429,"Rhodophyta","Florideophyceae","Ceramiales","Wrangeliaceae","Haloplegma","Haloplegma duperreyi",,25,1,,"COI",FALSE,TRUE,TRUE,,,,"algae"
371565,"Rhodophyta","Florideophyceae","Ceramiales","Delesseriaceae","Heterosiphonia","Heterosiphonia crassipes",,45,1,,"COI",FALSE,TRUE,TRUE,,,,"algae"
499472,"Rhodophyta","Florideophyceae","Ceramiales","Rhodomelaceae","Laurencia","Laurencia dendroidea",,7460,5,,"12S;COI",FALSE,TRUE,TRUE,,,,"algae"
372840,"Rhodophyta","Florideophyceae","Ceramiales","Rhodomelaceae","Laurencia","Laurencia pacifica",,4,1,,"16S",FALSE,FALSE,TRUE,,,,"algae"
495579,"Rhodophyta","Florideophyceae","Ceramiales","Rhodomelaceae","Palisada","Palisada parvipapillata",,5542,4,,"COI",FALSE,FALSE,TRUE,,,,"algae"
144672,"Rhodophyta","Florideophyceae","Ceramiales","Rhodomelaceae","Polysiphonia","Polysiphonia stricta",,16,1,,"12S",FALSE,FALSE,TRUE,,,,"algae"
144706,"Rhodophyta","Florideophyceae","Ceramiales","Callithamniaceae","Spyridia","Spyridia filamentosa",,1402,3,,"COI",FALSE,FALSE,TRUE,,,,"algae"
376886,"Rhodophyta","Florideophyceae","Corallinales","Corallinaceae","Corallina","Corallina ferreyrae",,349,2,,"COI",FALSE,FALSE,TRUE,,,,"algae"
145191,"Rhodophyta","Florideophyceae","Corallinales","Spongitidaceae","Neogoniolithon","Neogoniolithon brassica-florida",,6144,2,,"COI",FALSE,FALSE,TRUE,,,,"algae"
145567,"Rhodophyta","Florideophyceae","Gelidiales","Gelidiellaceae","Gelidiella","Gelidiella acerosa",,55,2,,"COI",FALSE,TRUE,TRUE,,,,"algae"
372122,"Rhodophyta","Florideophyceae","Gelidiales","Gelidiaceae","Gelidium","Gelidium johnstonii",,7,1,,"COI",FALSE,FALSE,TRUE,,,,"algae"
371171,"Rhodophyta","Florideophyceae","Gelidiales","Pterocladiaceae","Pterocladia","Pterocladia lucida",,4,1,,"COI",FALSE,TRUE,TRUE,,,,"algae"
667186,"Rhodophyta","Florideophyceae","Gelidiales","Pterocladiaceae","Pterocladiella","Pterocladiella beachiae",,24,1,,"COI",FALSE,FALSE,TRUE,,,,"algae"
145599,"Rhodophyta","Florideophyceae","Gelidiales","Pterocladiaceae","Pterocladiella","Pterocladiella capillacea",,1019,2,,"COI",FALSE,TRUE,TRUE,,,,"algae"
1360851,"Rhodophyta","Florideophyceae","Gigartinales","Kallymeniaceae","Austrokallymenia","Austrokallymenia rebeccae",,16,1,,"COI",FALSE,TRUE,TRUE,,,,"algae"
1339784,"Rhodophyta","Florideophyceae","Gigartinales","Kallymeniaceae","Austrokallymenia","Austrokallymenia rosea",,88,1,,"COI",FALSE,TRUE,TRUE,,,,"algae"
375733,"Rhodophyta","Florideophyceae","Gigartinales","Kallymeniaceae","Callophyllis","Callophyllis nana",,8,1,,"COI",FALSE,TRUE,TRUE,,,,"algae"
213804,"Rhodophyta","Florideophyceae","Gigartinales","Dumontiaceae","Dudresnaya","Dudresnaya hawaiiensis",,74,1,,"COI",FALSE,TRUE,TRUE,,,,"algae"
213999,"Rhodophyta","Florideophyceae","Gigartinales","Solieriaceae","Eucheuma","Eucheuma serra",,519,1,,"COI",FALSE,TRUE,TRUE,,,,"algae"
372320,"Rhodophyta","Florideophyceae","Gigartinales","Dumontiaceae","Gibsmithia","Gibsmithia dotyi",,8,1,,"COI",FALSE,TRUE,TRUE,,,,"algae"
220819,"Rhodophyta","Florideophyceae","Gigartinales","Cystocloniaceae","Hypnea","Hypnea cervicornis",,539,1,,"COI",FALSE,TRUE,TRUE,,,,"algae"
145636,"Rhodophyta","Florideophyceae","Gigartinales","Cystocloniaceae","Hypnea","Hypnea valentiae",,2332,4,,"COI",FALSE,FALSE,TRUE,,,,"algae"
840021,"Rhodophyta","Florideophyceae","Gigartinales","Kallymeniaceae","Meredithia","Meredithia guiryorum",,10,1,,"COI",FALSE,TRUE,TRUE,,,,"algae"
372324,"Rhodophyta","Florideophyceae","Gigartinales","Solieriaceae","Meristotheca","Meristotheca procumbens",,29,1,,"COI",FALSE,TRUE,TRUE,,,,"algae"
841672,"Rhodophyta","Florideophyceae","Gracilariales","Gracilariaceae","Hydropuntia","Hydropuntia perplexa",,1347,5,,"COI",FALSE,TRUE,TRUE,,,,"algae"
841069,"Rhodophyta","Florideophyceae","Hapalidiales","Mesophyllumaceae","Melyvonnea","Melyvonnea erubescens",,16,2,,"COI",FALSE,FALSE,TRUE,,,,"algae"
145739,"Rhodophyta","Florideophyceae","Nemaliales","Galaxauraceae","Galaxaura","Galaxaura rugosa",,213,1,,"COI",FALSE,TRUE,TRUE,,,,"algae"
145749,"Rhodophyta","Florideophyceae","Nemaliales","Liagoraceae","Ganonema","Ganonema farinosum",,901,1,,"COI",FALSE,TRUE,TRUE,,,,"algae"
213783,"Rhodophyta","Florideophyceae","Nemaliales","Liagoraceae","Helminthocladia","Helminthocladia australis",,12,1,,"COI",FALSE,TRUE,TRUE,,,,"algae"
145756,"Rhodophyta","Florideophyceae","Nemaliales","Liagoraceae","Liagora","Liagora ceranoides",,803,2,,"COI",FALSE,TRUE,TRUE,,,,"algae"
371161,"Rhodophyta","Florideophyceae","Nemaliales","Liagoraceae","Liagora","Liagora mannarensis",,6,1,,"COI",FALSE,FALSE,TRUE,,,,"algae"
371052,"Rhodophyta","Florideophyceae","Nemastomatales","Schizymeniaceae","Platoma","Platoma cyclocolpum",,5,1,,"COI",FALSE,TRUE,TRUE,,,,"algae"
145782,"Rhodophyta","Florideophyceae","Plocamiales","Plocamiaceae","Plocamium","Plocamium cartilagineum",,58,1,,"COI",FALSE,TRUE,TRUE,,,,"algae"
373535,"Rhodophyta","Florideophyceae","Plocamiales","Plocamiaceae","Plocamium","Plocamium hamatum",4,800,3,2004,"12S;COI",TRUE,TRUE,TRUE,,,,"algae"
376780,"Rhodophyta","Florideophyceae","Plocamiales","Sarcodiaceae","Sarcodia","Sarcodia ciliata",,261,2,,"COI",FALSE,TRUE,TRUE,,,,"algae"
708100,"Rhodophyta","Florideophyceae","Rhodachlyales","Rhodachlyaceae","Rhodachlya","Rhodachlya hawaiiana",,319,5,,"COI",FALSE,FALSE,TRUE,,,,"algae"
503069,"Rhodophyta","Florideophyceae","Rhodymeniales","Hymenocladiaceae","Asteromenia","Asteromenia anastomosans",3,63,1,,"COI",TRUE,TRUE,TRUE,,,,"algae"
623136,"Rhodophyta","Florideophyceae","Rhodymeniales","Hymenocladiaceae","Asteromenia","Asteromenia pseudocoalescens",1,46,1,,"COI",TRUE,TRUE,TRUE,,,,"algae"
220965,"Rhodophyta","Florideophyceae","Rhodymeniales","Rhodymeniaceae","Botryocladia","Botryocladia leptopoda",,1961,2,,"COI",FALSE,TRUE,TRUE,,,,"algae"
498199,"Rhodophyta","Florideophyceae","Rhodymeniales","Lomentariaceae","Ceratodictyon","Ceratodictyon scoparium",,67,1,,"COI",FALSE,FALSE,TRUE,,,,"algae"
371436,"Rhodophyta","Florideophyceae","Rhodymeniales","Rhodymeniaceae","Halichrysis","Halichrysis micans",2,487,3,2001,"16S;COI",TRUE,TRUE,TRUE,,,,"algae"
1359773,"Rhodophyta","Florideophyceae","Rhodymeniales","Rhodymeniaceae","Rhodymenia","Rhodymenia insularis",,29,1,,"COI",FALSE,TRUE,TRUE,,,,"algae"
373541,"Rhodophyta","Florideophyceae","Rhodymeniales","Rhodymeniaceae","Rhodymenia","Rhodymenia novazelandica",,5,1,,"COI",FALSE,TRUE,TRUE,,,,"algae"
626087,"Rhodophyta","Florideophyceae","Sebdeniales","Sebdeniaceae","Crassitegula","Crassitegula imitans",5,3,1,,"COI",TRUE,TRUE,TRUE,,,,"algae"
148791,"Chordata","Aves","Anseriformes","Anatidae","Anas","Anas platyrhynchos",,103,1,,"16S",FALSE,TRUE,TRUE,"LC","LC","mallard, canard colvert","birds"
1034710,"Chordata","Aves","Anseriformes","Anatidae","Anas","Anas poecilorhyncha",,1675,2,,"12S",FALSE,FALSE,TRUE,"LC","LC",,"birds"
344045,"Chordata","Aves","Charadriiformes","Laridae","Gygis","Gygis alba",553,72,3,2019,"12S;16S;COI",TRUE,TRUE,TRUE,"LC","LC","common white-tern, gygis blanche","birds"
567827,"Chordata","Aves","Charadriiformes","Laridae","Onychoprion","Onychoprion fuscatus",6294,5473,12,2019,"12S;16S;COI",TRUE,TRUE,TRUE,"LC","LC","sooty tern","birds"
567470,"Chordata","Aves","Charadriiformes","Scolopacidae","Tringa","Tringa incana",36,33,1,2019,"16S",TRUE,TRUE,TRUE,"LC","LC","wandering tattler, chevalier errant","birds"
212595,"Chordata","Aves","Pelecaniformes","Phaethontidae","Phaethon","Phaethon rubricauda",329,1766,5,2009,"12S;16S",TRUE,TRUE,TRUE,"LC","LC","red-tailed tropicbird, phaéton à brins rouges","birds"
288925,"Cnidaria","Hexacorallia","Actiniaria","Boloceroididae","Boloceroides","Boloceroides mcmurrichi",,56,3,,"COI",FALSE,FALSE,TRUE,,,,"cnidarians"
1264073,"Cnidaria","Hexacorallia","Actiniaria","Aiptasiidae","Exaiptasia","Exaiptasia diaphana",,287,2,,"COI",FALSE,TRUE,TRUE,,,,"cnidarians"
291134,"Cnidaria","Hexacorallia","Actiniaria","Stichodactylidae","Stichodactyla","Stichodactyla haddoni",,32,1,,"COI",FALSE,FALSE,TRUE,,,"Haddon's sea anemone","cnidarians"
220506,"Cnidaria","Hexacorallia","Actiniaria","Aliciidae","Triactis","Triactis producta",,135,2,,"COI",FALSE,FALSE,TRUE,,,"crab anemone","cnidarians"
290981,"Cnidaria","Hexacorallia","Corallimorpharia","Discosomidae","Rhodactis","Rhodactis indosinensis",,20,1,,"COI",FALSE,FALSE,TRUE,,,"hairy mushroom anemone","cnidarians"
207449,"Cnidaria","Hexacorallia","Scleractinia","Merulinidae","Favites","Favites abdita",,25,1,,"COI",FALSE,FALSE,TRUE,"NT","NT","larger star coral","cnidarians"
759099,"Cnidaria","Hexacorallia","Scleractinia","Pocilloporidae","Pocillopora","Pocillopora acuta",,31,1,,"COI",FALSE,FALSE,TRUE,,,,"cnidarians"
206953,"Cnidaria","Hexacorallia","Scleractinia","Pocilloporidae","Pocillopora","Pocillopora damicornis",,61,3,,"12S;16S",FALSE,FALSE,TRUE,"LC","LC","cauliflower coral","cnidarians"
207261,"Cnidaria","Hexacorallia","Scleractinia","Psammocoridae","Psammocora","Psammocora nierstraszi",,65,1,,"16S",FALSE,FALSE,TRUE,"LC","LC",,"cnidarians"
206973,"Cnidaria","Hexacorallia","Scleractinia","Pocilloporidae","Seriatopora","Seriatopora hystrix",,2,1,,"COI",FALSE,FALSE,TRUE,"LC","LC","needle coral","cnidarians"
206982,"Cnidaria","Hexacorallia","Scleractinia","Pocilloporidae","Stylophora","Stylophora pistillata",,8832,3,,"16S;COI",FALSE,FALSE,TRUE,"NT","NT","hood coral","cnidarians"
117544,"Cnidaria","Hydrozoa","Anthoathecata","Eudendriidae","Eudendrium","Eudendrium capillare",,727,3,,"COI",FALSE,FALSE,TRUE,,,,"cnidarians"
288110,"Cnidaria","Hydrozoa","Anthoathecata","Zancleopsidae","Zancleopsis","Zancleopsis dichotoma",,61,2,,"COI",FALSE,FALSE,TRUE,,,,"cnidarians"
117628,"Cnidaria","Hydrozoa","Leptothecata","Halopterididae","Antennella","Antennella secundaria",,39,2,,"COI",FALSE,FALSE,TRUE,,,,"cnidarians"
117367,"Cnidaria","Hydrozoa","Leptothecata","Campanulariidae","Clytia","Clytia gracilis",,8,1,,"COI",FALSE,FALSE,TRUE,,,,"cnidarians"
117673,"Cnidaria","Hydrozoa","Leptothecata","Kirchenpaueriidae","Kirchenpaueria","Kirchenpaueria halecioides",,5022,2,,"12S;COI",FALSE,FALSE,TRUE,,,,"cnidarians"
135419,"Cnidaria","Hydrozoa","Siphonophorae","Diphyidae","Diphyes","Diphyes bojani",,7,1,,"COI",FALSE,FALSE,TRUE,,,,"cnidarians"
196539,"Cnidaria","Hydrozoa","Siphonophorae","Forskaliidae","Forskalia","Forskalia tholoides",,6,1,,"COI",FALSE,FALSE,TRUE,,,,"cnidarians"
135495,"Cnidaria","Hydrozoa","Siphonophorae","Agalmatidae","Nanomia","Nanomia bijuga",,54,1,,"COI",FALSE,FALSE,TRUE,,,,"cnidarians"
125338,"Cnidaria","Octocorallia","Malacalcyonacea","Clavulariidae","Clavularia","Clavularia crassa",,18,1,,"COI",FALSE,FALSE,TRUE,"LC","LC",,"cnidarians"
209965,"Cnidaria","Octocorallia","Malacalcyonacea","Sarcophytidae","Lobophytum","Lobophytum crassum",,13,1,,"COI",FALSE,FALSE,TRUE,,,,"cnidarians"
880519,"Cnidaria","Staurozoa","Stauromedusae","Haliclystidae","Haliclystus","Haliclystus inabai",,80,3,,"COI",FALSE,FALSE,TRUE,,,,"cnidarians"
106364,"Ctenophora","Tentaculata","Cestida","Cestidae","Velamen","Velamen parallelum",,3,1,,"12S",FALSE,FALSE,TRUE,,,,"cnidarians"
106403,"Ctenophora","Tentaculata","Platyctenida","Coeloplanidae","Vallicula","Vallicula multiformis",,18,1,,"COI",FALSE,FALSE,TRUE,,,,"cnidarians"
345943,"Arthropoda","Copepoda","Calanoida","Acartiidae","Acartia","Acartia (Acanthacartia) tonsa",,3,1,,"COI",FALSE,FALSE,TRUE,,,,"copepods"
104503,"Arthropoda","Copepoda","Calanoida","Clausocalanidae","Clausocalanus","Clausocalanus furcatus",,12,1,,"COI",FALSE,FALSE,TRUE,,,,"copepods"
104616,"Arthropoda","Copepoda","Calanoida","Paracalanidae","Mecynocera","Mecynocera clausi",,19,1,,"COI",FALSE,FALSE,TRUE,,,,"copepods"
104684,"Arthropoda","Copepoda","Calanoida","Paracalanidae","Paracalanus","Paracalanus nanus",,3,1,,"COI",FALSE,FALSE,TRUE,,,,"copepods"
488440,"Arthropoda","Malacostraca","Amphipoda","Ampithoidae","Ampithoe","Ampithoe caddi",,32,2,,"COI",FALSE,FALSE,TRUE,,,,"crustaceans"
1262303,"Arthropoda","Malacostraca","Amphipoda","Ampithoidae","Pleonexes","Pleonexes kava",,43,1,,"COI",FALSE,FALSE,TRUE,,,,"crustaceans"
209053,"Arthropoda","Malacostraca","Decapoda","Xanthidae","Actaeodes","Actaeodes tomentosus",23,7,1,2003,"COI",TRUE,TRUE,TRUE,,,,"crustaceans"
210544,"Arthropoda","Malacostraca","Decapoda","Alpheidae","Alpheus","Alpheus lottini",5,134,3,1979,"COI",TRUE,TRUE,TRUE,,,"coral snapping shrimp","crustaceans"
107611,"Arthropoda","Malacostraca","Decapoda","Palaemonidae","Brachycarpus","Brachycarpus biunguiculatus",,87,1,,"COI",FALSE,FALSE,TRUE,,,"twoclaw shrimp","crustaceans"
209501,"Arthropoda","Malacostraca","Decapoda","Calappidae","Calappa","Calappa hepatica",15,186,4,2004,"COI",TRUE,TRUE,TRUE,,,"smooth box crab","crustaceans"
208779,"Arthropoda","Malacostraca","Decapoda","Portunidae","Caphyra","Caphyra rotundifrons",5,2,1,2003,"COI",TRUE,TRUE,TRUE,,,,"crustaceans"
209139,"Arthropoda","Malacostraca","Decapoda","Xanthidae","Chlorodiella","Chlorodiella barbata",,1749,4,,"COI",FALSE,FALSE,TRUE,,,,"crustaceans"
209138,"Arthropoda","Malacostraca","Decapoda","Xanthidae","Chlorodiella","Chlorodiella cytherea",1,179,1,2003,"COI",TRUE,TRUE,TRUE,,,,"crustaceans"
514371,"Arthropoda","Malacostraca","Decapoda","Rhynchocinetidae","Cinetorhynchus","Cinetorhynchus erythrostictus",,20,1,,"COI",FALSE,FALSE,TRUE,,,,"crustaceans"
514518,"Arthropoda","Malacostraca","Decapoda","Palaemonidae","Cuapetes","Cuapetes grandis",,63,3,,"COI",FALSE,FALSE,TRUE,,,,"crustaceans"
444087,"Arthropoda","Malacostraca","Decapoda","Xanthidae","Cyclodius","Cyclodius obscurus",,680,2,,"COI",FALSE,FALSE,TRUE,,,,"crustaceans"
107426,"Arthropoda","Malacostraca","Decapoda","Dairidae","Daira","Daira perlata",4,229,2,2003,"COI",TRUE,TRUE,TRUE,,,,"crustaceans"
444128,"Arthropoda","Malacostraca","Decapoda","Xanthidae","Danielea","Danielea noelensis",,4,1,,"COI",FALSE,FALSE,TRUE,,,,"crustaceans"
209116,"Arthropoda","Malacostraca","Decapoda","Xanthidae","Etisus","Etisus bifrontalis",,4,1,,"COI",FALSE,FALSE,TRUE,,,,"crustaceans"
209118,"Arthropoda","Malacostraca","Decapoda","Xanthidae","Etisus","Etisus electra",12,22915,65,1987,"16S;COI",TRUE,TRUE,TRUE,,,,"crustaceans"
440134,"Arthropoda","Malacostraca","Decapoda","Dynomenidae","Hirsutodynomene","Hirsutodynomene spinosa",,30,2,,"COI",FALSE,FALSE,TRUE,,,,"crustaceans"
209142,"Arthropoda","Malacostraca","Decapoda","Xanthidae","Liocarpilodes","Liocarpilodes integerrimus",,1246,7,,"COI",FALSE,FALSE,TRUE,,,,"crustaceans"
208908,"Arthropoda","Malacostraca","Decapoda","Epialtidae","Menaethius","Menaethius monoceros",23,3556,8,2003,"COI",TRUE,TRUE,TRUE,,,,"crustaceans"
207539,"Arthropoda","Malacostraca","Decapoda","Grapsidae","Pachygrapsus","Pachygrapsus minutus",,12,1,,"COI",FALSE,FALSE,TRUE,,,,"crustaceans"
209008,"Arthropoda","Malacostraca","Decapoda","Xanthidae","Paramedaeus","Paramedaeus simplex",,416,2,,"COI",FALSE,FALSE,TRUE,,,,"crustaceans"
444100,"Arthropoda","Malacostraca","Decapoda","Xanthidae","Pilodius","Pilodius moranti",9,88,1,2003,"COI",TRUE,TRUE,TRUE,,,,"crustaceans"
107462,"Arthropoda","Malacostraca","Decapoda","Grapsidae","Planes","Planes minutus",5,275,1,1987,"COI",TRUE,TRUE,TRUE,,,"Gulfweed crab, crabe menu","crustaceans"
209075,"Arthropoda","Malacostraca","Decapoda","Xanthidae","Platypodia","Platypodia pseudogranulosa",,299,2,,"COI",FALSE,FALSE,TRUE,,,,"crustaceans"
1061755,"Arthropoda","Malacostraca","Decapoda","Portunidae","Portunus","Portunus pubescens",,405,1,,"COI",FALSE,FALSE,TRUE,,,,"crustaceans"
208849,"Arthropoda","Malacostraca","Decapoda","Portunidae","Thalamita","Thalamita admete",11,37,1,2003,"COI",TRUE,TRUE,TRUE,,,,"crustaceans"
390572,"Arthropoda","Malacostraca","Decapoda","Portunidae","Thalamita","Thalamita cerasma",,7,1,,"COI",FALSE,FALSE,TRUE,,,,"crustaceans"
442909,"Arthropoda","Malacostraca","Decapoda","Portunidae","Thalamita","Thalamita pelsarti",,117,1,,"COI",FALSE,FALSE,TRUE,,,,"crustaceans"
208846,"Arthropoda","Malacostraca","Decapoda","Portunidae","Thalamita","Thalamita prymna",20,2918,3,1979,"COI",TRUE,TRUE,TRUE,,,,"crustaceans"
210176,"Arthropoda","Malacostraca","Decapoda","Trapeziidae","Trapezia","Trapezia cymodoce",6,9,1,1932,"COI",TRUE,TRUE,TRUE,,,,"crustaceans"
443886,"Arthropoda","Malacostraca","Decapoda","Trapeziidae","Trapezia","Trapezia serenei",,17,2,,"COI",FALSE,FALSE,TRUE,,,,"crustaceans"
456151,"Arthropoda","Malacostraca","Decapoda","Portunidae","Xiphonectes","Xiphonectes longispinosus",1,4,1,,"COI",TRUE,FALSE,TRUE,,,,"crustaceans"
209076,"Arthropoda","Malacostraca","Decapoda","Xanthidae","Zosimus","Zosimus aeneus",1,23,1,,"COI",TRUE,TRUE,TRUE,,,,"crustaceans"
110707,"Arthropoda","Malacostraca","Euphausiacea","Euphausiidae","Thysanoessa","Thysanoessa gregaria",,59,3,,"COI",FALSE,FALSE,TRUE,,,,"crustaceans"
409099,"Arthropoda","Malacostraca","Stomatopoda","Nannosquillidae","Pullosquilla","Pullosquilla litoralis",,27,1,,"COI",FALSE,FALSE,TRUE,,,,"crustaceans"
421132,"Arthropoda","Thecostraca","Balanomorpha","Tetraclitidae","Tetraclitella","Tetraclitella divisa",,30,1,,"COI",FALSE,FALSE,TRUE,,,,"crustaceans"
291596,"Echinodermata","Asteroidea","Forcipulatida","Asteriidae","Coscinasterias","Coscinasterias muricata",18,2998,4,1987,"16S;COI",TRUE,TRUE,TRUE,,,,"echinoderms"
213112,"Echinodermata","Asteroidea","Paxillosida","Luidiidae","Luidia","Luidia maculata",1,95,1,1976,"16S",TRUE,TRUE,TRUE,,,,"echinoderms"
459522,"Echinodermata","Asteroidea","Valvatida","Asterinidae","Aquilonastra","Aquilonastra anomala",23,25,2,2003,"COI",TRUE,TRUE,TRUE,,,,"echinoderms"
178188,"Echinodermata","Asteroidea","Valvatida","Ophidiasteridae","Linckia","Linckia guildingi",12,30,1,1985,"COI",TRUE,TRUE,TRUE,,,,"echinoderms"
371005,"Echinodermata","Asteroidea","Valvatida","Asterinidae","Nepanthia","Nepanthia belcheri",19,1542,3,1987,"16S",TRUE,TRUE,TRUE,,,,"echinoderms"
459556,"Echinodermata","Asteroidea","Valvatida","Asterinidae","Parvulastra","Parvulastra exigua",17,133,2,2004,"COI",TRUE,TRUE,TRUE,,,,"echinoderms"
213383,"Echinodermata","Echinoidea","Camarodonta","Echinometridae","Echinometra","Echinometra mathaei",75,394,4,1985,"16S;COI",TRUE,TRUE,TRUE,,,"rock-boring urchin","echinoderms"
513245,"Echinodermata","Echinoidea","Camarodonta","Echinometridae","Echinostrephus","Echinostrephus aciculatus",14,33,1,1985,"COI",TRUE,TRUE,TRUE,,,,"echinoderms"
414224,"Echinodermata","Echinoidea","Camarodonta","Echinometridae","Heliocidaris","Heliocidaris tuberculata",55,6402,8,1985,"16S;COI",TRUE,TRUE,TRUE,,,,"echinoderms"
367963,"Echinodermata","Echinoidea","Clypeasteroida","Clypeasteridae","Clypeaster","Clypeaster japonicus",,21,2,,"COI",FALSE,FALSE,TRUE,,,,"echinoderms"
414212,"Echinodermata","Echinoidea","Diadematoida","Diadematidae","Centrostephanus","Centrostephanus rodgersii",27,517,1,1985,"COI",TRUE,TRUE,TRUE,,,,"echinoderms"
213375,"Echinodermata","Echinoidea","Diadematoida","Diadematidae","Diadema","Diadema savignyi",5,80,2,1985,"COI",TRUE,TRUE,TRUE,,,,"echinoderms"
513155,"Echinodermata","Echinoidea","Spatangoida","Brissidae","Brissus","Brissus agassizii",1,31,2,,"COI",TRUE,TRUE,TRUE,,,,"echinoderms"
211010,"Echinodermata","Holothuroidea","Apodida","Chiridotidae","Chiridota","Chiridota rigida",,12,1,,"COI",FALSE,TRUE,TRUE,,,,"echinoderms"
210814,"Echinodermata","Holothuroidea","Holothuriida","Holothuriidae","Holothuria","Holothuria (Thymiosycia) arenicola",,30,2,,"COI",FALSE,TRUE,TRUE,,,,"echinoderms"
1672768,"Echinodermata","Holothuroidea","Holothuriida","Holothuriidae","Holothuria","Holothuria atra",,7,1,,"COI",FALSE,TRUE,TRUE,"LC","LC",,"echinoderms"
1672774,"Echinodermata","Holothuroidea","Holothuriida","Holothuriidae","Holothuria","Holothuria leucospilota",,37,1,,"COI",FALSE,TRUE,TRUE,"LC","LC",,"echinoderms"
125064,"Echinodermata","Ophiuroidea","Amphilepidida","Amphiuridae","Amphipholis","Amphipholis squamata",34,6414,13,1985,"12S;16S;COI",TRUE,TRUE,TRUE,,,"dwarf brittle star","echinoderms"
125122,"Echinodermata","Ophiuroidea","Amphilepidida","Ophiactidae","Ophiactis","Ophiactis savignyi",32,300,3,2002,"16S;COI",TRUE,TRUE,TRUE,,,,"echinoderms"
213419,"Echinodermata","Ophiuroidea","Amphilepidida","Ophionereididae","Ophionereis","Ophionereis porrecta",10,23,1,1985,"COI",TRUE,TRUE,TRUE,,,,"echinoderms"
1214744,"Echinodermata","Ophiuroidea","Ophiacanthida","Ophiocomidae","Breviturma","Breviturma brevipes",,152,6,,"16S;COI",FALSE,TRUE,TRUE,,,,"echinoderms"
1214745,"Echinodermata","Ophiuroidea","Ophiacanthida","Ophiocomidae","Breviturma","Breviturma dentata",95,1723,12,2004,"12S;16S",TRUE,TRUE,TRUE,,,,"echinoderms"
1306674,"Echinodermata","Ophiuroidea","Ophiacanthida","Ophiocomidae","Breviturma","Breviturma pica",6,55,1,1985,"COI",TRUE,TRUE,TRUE,,,,"echinoderms"
212371,"Echinodermata","Ophiuroidea","Ophiacanthida","Ophiocomidae","Ophiocoma","Ophiocoma erinaceus",,122,3,,"16S;COI",FALSE,FALSE,TRUE,,,,"echinoderms"
243584,"Echinodermata","Ophiuroidea","Ophiacanthida","Ophiocomidae","Ophiocomella","Ophiocomella ophiactoides",,1658,3,,"16S",FALSE,FALSE,TRUE,,,,"echinoderms"
213452,"Echinodermata","Ophiuroidea","Ophiacanthida","Ophiocomidae","Ophiocomella","Ophiocomella sexradia",19,51,1,1985,"COI",TRUE,TRUE,TRUE,,,,"echinoderms"
1307745,"Echinodermata","Ophiuroidea","Ophiacanthida","Ophiocomidae","Ophiomastix","Ophiomastix endeani",34,8330,17,1985,"12S;16S;COI",TRUE,TRUE,TRUE,,,,"echinoderms"
212437,"Echinodermata","Ophiuroidea","Ophiacanthida","Ophiomyxidae","Ophiomyxa","Ophiomyxa australis",12,130,2,1985,"COI",TRUE,TRUE,TRUE,,,,"echinoderms"
105796,"Chordata","Elasmobranchii","Carcharhiniformes","Carcharhinidae","Carcharhinus","Carcharhinus obscurus",,1904,1,,"12S",FALSE,FALSE,TRUE,"EN","EN","dusky shark","fish"
105797,"Chordata","Elasmobranchii","Carcharhiniformes","Carcharhinidae","Carcharhinus","Carcharhinus plumbeus",,3545,1,,"12S",FALSE,FALSE,TRUE,"EN","EN","sandbar shark, requin gris","fish"
1018707,"Chordata","Elasmobranchii","Myliobatiformes","Dasyatidae","Bathytoshia","Bathytoshia lata",3,280,4,2004,"12S",TRUE,TRUE,TRUE,"VU","VU",,"fish"
712972,"Chordata","Elasmobranchii","Myliobatiformes","Dasyatidae","Taeniurops","Taeniurops meyeni",9,28041,12,2004,"12S;16S;COI",TRUE,TRUE,TRUE,"VU","VU",,"fish"
219640,"Chordata","Teleostei","Acanthuriformes","Acanthuridae","Acanthurus","Acanthurus nigrofuscus",1,5774,10,,"12S;16S",TRUE,TRUE,TRUE,"LC","LC","brown surgeonfish","fish"
219630,"Chordata","Teleostei","Acanthuriformes","Acanthuridae","Acanthurus","Acanthurus triostegus",5,2007,3,1898,"16S",TRUE,TRUE,TRUE,"LC","LC","convict surgeonfish","fish"
278851,"Chordata","Teleostei","Acanthuriformes","Pomacanthidae","Centropyge","Centropyge tibicen",23,42,1,,"12S",TRUE,TRUE,TRUE,"LC","LC",,"fish"
218730,"Chordata","Teleostei","Acanthuriformes","Chaetodontidae","Chaetodon","Chaetodon auriga",6,2105,3,,"12S;COI",TRUE,TRUE,TRUE,"LC","LC","threadfin butterflyfish","fish"
218735,"Chordata","Teleostei","Acanthuriformes","Chaetodontidae","Chaetodon","Chaetodon bennetti",3,21,1,,"16S",TRUE,TRUE,TRUE,"DD","DD","bluelashed butterflyfish","fish"
218744,"Chordata","Teleostei","Acanthuriformes","Chaetodontidae","Chaetodon","Chaetodon citrinellus",7,1811,2,1973,"16S;COI",TRUE,TRUE,TRUE,"LC","LC",,"fish"
273330,"Chordata","Teleostei","Acanthuriformes","Chaetodontidae","Chaetodon","Chaetodon collare",,21,1,,"16S",FALSE,FALSE,TRUE,"LC","LC",,"fish"
273337,"Chordata","Teleostei","Acanthuriformes","Chaetodontidae","Chaetodon","Chaetodon flavirostris",24,51,1,1973,"COI",TRUE,TRUE,TRUE,"LC","LC",,"fish"
218733,"Chordata","Teleostei","Acanthuriformes","Chaetodontidae","Chaetodon","Chaetodon lunula",6,1811,5,,"12S;16S",TRUE,TRUE,TRUE,"LC","LC","raccoon butterflyfish","fish"
218743,"Chordata","Teleostei","Acanthuriformes","Chaetodontidae","Chaetodon","Chaetodon melannotus",7,29251,8,1973,"12S;16S;COI",TRUE,TRUE,TRUE,"LC","LC","blackback butterflyfish","fish"
273347,"Chordata","Teleostei","Acanthuriformes","Chaetodontidae","Chaetodon","Chaetodon mertensii",2,1870,1,1973,"16S",TRUE,TRUE,TRUE,"LC","LC",,"fish"
273354,"Chordata","Teleostei","Acanthuriformes","Chaetodontidae","Chaetodon","Chaetodon plebeius",9,1743,5,1973,"12S;16S",TRUE,TRUE,TRUE,"LC","LC",,"fish"
278006,"Chordata","Teleostei","Acanthuriformes","Acanthuridae","Naso","Naso lopezi",,2625,6,,"12S",FALSE,FALSE,TRUE,"LC","LC",,"fish"
219668,"Chordata","Teleostei","Acanthuriformes","Acanthuridae","Naso","Naso unicornis",6,4093,7,1973,"12S;16S;COI",TRUE,TRUE,TRUE,"LC","LC","bluespine unicornfish","fish"
282347,"Chordata","Teleostei","Acanthuriformes","Acanthuridae","Prionurus","Prionurus maculatus",26,32532,10,2004,"12S;16S;COI",TRUE,TRUE,TRUE,"LC","LC",,"fish"
277886,"Chordata","Teleostei","Acropomatiformes","Creediidae","Limnichthys","Limnichthys fasciatus",24,27029,10,1977,"16S",TRUE,TRUE,TRUE,"LC","LC",,"fish"
281528,"Chordata","Teleostei","Acropomatiformes","Hemerocoetidae","Matsubaraea","Matsubaraea fusiformis",,1387,6,,"12S;16S",FALSE,FALSE,TRUE,,,,"fish"
277067,"Chordata","Teleostei","Acropomatiformes","Pempheridae","Pempheris","Pempheris rapa",,48,1,,"COI",FALSE,FALSE,TRUE,,,,"fish"
217545,"Chordata","Teleostei","Anguilliformes","Congridae","Conger","Conger cinereus",3,3449,11,,"12S;16S;COI",TRUE,TRUE,TRUE,"LC","LC","mustache conger","fish"
217469,"Chordata","Teleostei","Anguilliformes","Muraenidae","Echidna","Echidna nebulosa",11,5255,7,,"12S;16S;COI",TRUE,TRUE,TRUE,"LC","LC","snowflake moray","fish"
217490,"Chordata","Teleostei","Anguilliformes","Muraenidae","Gymnothorax","Gymnothorax chilospilus",5,1150,5,,"12S;16S;COI",TRUE,TRUE,TRUE,"LC","LC","lipspot moray","fish"
217496,"Chordata","Teleostei","Anguilliformes","Muraenidae","Gymnothorax","Gymnothorax eurostus",23,2597,8,1973,"12S;16S",TRUE,TRUE,TRUE,"LC","LC",,"fish"
271843,"Chordata","Teleostei","Anguilliformes","Muraenidae","Gymnothorax","Gymnothorax kidako",,281,2,,"12S",FALSE,FALSE,TRUE,"LC","LC",,"fish"
217503,"Chordata","Teleostei","Anguilliformes","Muraenidae","Gymnothorax","Gymnothorax meleagris",9,6,1,,"16S",TRUE,TRUE,TRUE,"LC","LC","turkey moray","fish"
126331,"Chordata","Teleostei","Atheriniformes","Atherinidae","Atherinomorus","Atherinomorus lacunosus",8,6,1,1973,"16S",TRUE,TRUE,TRUE,"LC","LC","robust silverside","fish"
217883,"Chordata","Teleostei","Atheriniformes","Atherinidae","Hypoatherina","Hypoatherina temminckii",4,66299,11,,"12S;16S",TRUE,TRUE,TRUE,,,"Samoan silverside","fish"
217667,"Chordata","Teleostei","Aulopiformes","Synodontidae","Synodus","Synodus dermatogenys",1,715,2,,"12S",TRUE,TRUE,TRUE,"LC","LC",,"fish"
217858,"Chordata","Teleostei","Beloniformes","Exocoetidae","Cheilopogon","Cheilopogon unicolor",,12,1,,"COI",FALSE,FALSE,TRUE,,,,"fish"
272179,"Chordata","Teleostei","Beloniformes","Hemiramphidae","Hyporhamphus","Hyporhamphus australis",57,3118,2,1973,"COI",TRUE,TRUE,TRUE,,,,"fish"
272186,"Chordata","Teleostei","Beloniformes","Hemiramphidae","Hyporhamphus","Hyporhamphus melanochir",,100288,14,,"16S",FALSE,FALSE,TRUE,,,,"fish"
272201,"Chordata","Teleostei","Beloniformes","Hemiramphidae","Hyporhamphus","Hyporhamphus yuri",,401,1,,"16S",FALSE,FALSE,TRUE,,,,"fish"
126377,"Chordata","Teleostei","Beloniformes","Belonidae","Platybelone","Platybelone argalus",17,172324,35,1973,"12S;16S;COI",TRUE,TRUE,TRUE,"LC","LC","keeltail needlefish","fish"
159259,"Chordata","Teleostei","Beloniformes","Belonidae","Tylosurus","Tylosurus crocodilus",,7662,7,,"12S",FALSE,TRUE,TRUE,"LC","LC","houndfish","fish"
219266,"Chordata","Teleostei","Blenniiformes","Blenniidae","Cirripectes","Cirripectes castaneus",3,70,1,,"16S",TRUE,TRUE,TRUE,"LC","LC","chestnut blenny","fish"
276882,"Chordata","Teleostei","Blenniiformes","Blenniidae","Enchelyurus","Enchelyurus ater",15,15172,4,1973,"12S;COI",TRUE,FALSE,TRUE,"LC","LC",,"fish"
219282,"Chordata","Teleostei","Blenniiformes","Blenniidae","Entomacrodus","Entomacrodus striatus",19,3543,11,1973,"12S;16S;COI",TRUE,TRUE,TRUE,"LC","LC","reef margin blenny","fish"
281066,"Chordata","Teleostei","Blenniiformes","Clinidae","Heteroclinus","Heteroclinus roseus",28,24203,9,1973,"16S",TRUE,TRUE,TRUE,"LC","LC","rosy weedfish","fish"
219294,"Chordata","Teleostei","Blenniiformes","Blenniidae","Istiblennius","Istiblennius edentulus",69,7,1,,"12S",TRUE,TRUE,TRUE,"LC","LC","rockskipper","fish"
219331,"Chordata","Teleostei","Blenniiformes","Blenniidae","Petroscirtes","Petroscirtes breviceps",,2196,6,,"12S;16S",FALSE,FALSE,TRUE,"LC","LC",,"fish"
277937,"Chordata","Teleostei","Blenniiformes","Blenniidae","Stanulus","Stanulus talboti",3,167,2,1973,"COI",TRUE,TRUE,TRUE,"LC","LC",,"fish"
212051,"Chordata","Teleostei","Carangaria incertae sedis","Sphyraenidae","Sphyraena","Sphyraena flavicauda",,4788,4,,"16S;COI",FALSE,FALSE,TRUE,,,"yellowtail barracuda","fish"
212056,"Chordata","Teleostei","Carangaria incertae sedis","Sphyraenidae","Sphyraena","Sphyraena obtusata",2,2799,4,,"12S;16S",TRUE,TRUE,TRUE,,,"obtuse barracuda","fish"
218404,"Chordata","Teleostei","Carangiformes","Carangidae","Caranx","Caranx sexfasciatus",2,167,2,,"12S",TRUE,TRUE,TRUE,"LC","LC","bigeye trevally","fish"
126807,"Chordata","Teleostei","Carangiformes","Carangidae","Decapterus","Decapterus macarellus",,4739,4,,"12S;16S",FALSE,FALSE,TRUE,"LC","LC","mackerel scad","fish"
273279,"Chordata","Teleostei","Carangiformes","Carangidae","Decapterus","Decapterus muroadsi",10,5,1,1973,"COI",TRUE,TRUE,TRUE,"LC","LC","amberstripe scad","fish"
126812,"Chordata","Teleostei","Carangiformes","Carangidae","Pseudocaranx","Pseudocaranx dentex",49,59737,30,2004,"12S;16S;COI",TRUE,TRUE,TRUE,"LC","LC","guelly jack, carangue dentue","fish"
218436,"Chordata","Teleostei","Carangiformes","Carangidae","Seriola","Seriola lalandi",18,16360,9,2004,"12S;16S;COI",TRUE,TRUE,TRUE,"LC","LC","yellowtail, sériole chicard","fish"
273301,"Chordata","Teleostei","Carangiformes","Carangidae","Trachurus","Trachurus declivis",2,4333,2,,"16S",TRUE,TRUE,TRUE,"LC","LC","greenback horse mackerel","fish"
279657,"Chordata","Teleostei","Centrarchiformes","Aplodactylidae","Aplodactylus","Aplodactylus etheridgii",17,73,2,1973,"COI",TRUE,TRUE,TRUE,,,,"fish"
280857,"Chordata","Teleostei","Centrarchiformes","Kyphosidae","Girella","Girella cyanea",39,63805,11,2004,"12S;16S",TRUE,TRUE,TRUE,,,,"fish"
280860,"Chordata","Teleostei","Centrarchiformes","Kyphosidae","Girella","Girella fimbriata",,20,1,,"COI",FALSE,FALSE,TRUE,,,,"fish"
218707,"Chordata","Teleostei","Centrarchiformes","Kyphosidae","Kyphosus","Kyphosus bigibbus",10,1218,2,1973,"12S",TRUE,TRUE,TRUE,"LC","LC","grey sea chub","fish"
218708,"Chordata","Teleostei","Centrarchiformes","Kyphosidae","Kyphosus","Kyphosus cinerascens",3,245157,15,,"12S",TRUE,TRUE,TRUE,"LC","LC","snubnose chub","fish"
273524,"Chordata","Teleostei","Centrarchiformes","Kyphosidae","Kyphosus","Kyphosus pacificus",,248635,16,,"12S;16S;COI",FALSE,TRUE,TRUE,,,,"fish"
273525,"Chordata","Teleostei","Centrarchiformes","Kyphosidae","Kyphosus","Kyphosus sydneyanus",3,4810,5,2004,"12S;16S",TRUE,TRUE,TRUE,,,,"fish"
218706,"Chordata","Teleostei","Centrarchiformes","Kyphosidae","Kyphosus","Kyphosus vaigiensis",,10953,4,,"16S",FALSE,TRUE,TRUE,"LC","LC","brassy chub","fish"
281558,"Chordata","Teleostei","Centrarchiformes","Kyphosidae","Microcanthus","Microcanthus strigatus",12,311,1,1973,"16S",TRUE,TRUE,TRUE,"LC","LC",,"fish"
281655,"Chordata","Teleostei","Centrarchiformes","Cheilodactylidae","Nemadactylus","Nemadactylus valenciennesi",,441,2,,"16S",FALSE,FALSE,TRUE,,,,"fish"
127077,"Chordata","Teleostei","Centrarchiformes","Terapontidae","Pelates","Pelates quadrilineatus",,46,3,,"12S;16S",FALSE,FALSE,TRUE,,,"fourlined terapon","fish"
218920,"Chordata","Teleostei","Eupercaria incertae sedis","Labridae","Anampses","Anampses caeruleopunctatus",9,16105,17,1973,"12S;16S;COI",TRUE,TRUE,TRUE,"LC","LC","bluespotted wrasse","fish"
279170,"Chordata","Teleostei","Eupercaria incertae sedis","Labridae","Anampses","Anampses elegans",34,48991,7,1973,"16S",TRUE,TRUE,TRUE,"LC","LC",,"fish"
219075,"Chordata","Teleostei","Eupercaria incertae sedis","Scaridae","Calotomus","Calotomus spinidens",,1178,1,,"16S",FALSE,FALSE,TRUE,"LC","LC","spinytooth parrotfish","fish"
218948,"Chordata","Teleostei","Eupercaria incertae sedis","Labridae","Cheilio","Cheilio inermis",2,40342,16,,"12S;16S;COI",TRUE,TRUE,TRUE,"LC","LC","cigar wrasse","fish"
219082,"Chordata","Teleostei","Eupercaria incertae sedis","Scaridae","Chlorurus","Chlorurus sordidus",6,18269,9,1973,"12S;16S",TRUE,TRUE,TRUE,"LC","LC",,"fish"
218957,"Chordata","Teleostei","Eupercaria incertae sedis","Labridae","Coris","Coris aygula",7,114855,28,,"12S;16S;COI",TRUE,TRUE,TRUE,"LC","LC","clown wrasse","fish"
273560,"Chordata","Teleostei","Eupercaria incertae sedis","Labridae","Coris","Coris picta",48,1356,2,2004,"16S",TRUE,TRUE,TRUE,"LC","LC",,"fish"
218966,"Chordata","Teleostei","Eupercaria incertae sedis","Labridae","Cymolutes","Cymolutes torquatus",2,5822,9,,"12S;16S",TRUE,TRUE,TRUE,"LC","LC","finescale razorfish","fish"
159733,"Chordata","Teleostei","Eupercaria incertae sedis","Gerreidae","Eucinostomus","Eucinostomus gula",,10,1,,"12S",FALSE,FALSE,TRUE,"LC","LC","Jenny mojarra","fish"
218976,"Chordata","Teleostei","Eupercaria incertae sedis","Labridae","Gomphosus","Gomphosus caeruleus",,329,1,,"16S",FALSE,FALSE,TRUE,"LC","LC","Red Sea bird wrasse","fish"
218987,"Chordata","Teleostei","Eupercaria incertae sedis","Labridae","Halichoeres","Halichoeres margaritaceus",31,25709,14,1973,"12S;16S",TRUE,TRUE,TRUE,"LC","LC",,"fish"
275804,"Chordata","Teleostei","Eupercaria incertae sedis","Labridae","Halichoeres","Halichoeres trimaculatus",15,7260,11,,"12S;16S;COI",TRUE,TRUE,TRUE,"LC","LC",,"fish"
218998,"Chordata","Teleostei","Eupercaria incertae sedis","Labridae","Hemigymnus","Hemigymnus melapterus",3,69626,19,,"12S;16S",TRUE,TRUE,TRUE,"LC","LC","thicklip wrasse","fish"
219004,"Chordata","Teleostei","Eupercaria incertae sedis","Labridae","Iniistius","Iniistius pavo",9,102,1,2004,"12S",TRUE,TRUE,TRUE,"LC","LC","peacock razorfish","fish"
219014,"Chordata","Teleostei","Eupercaria incertae sedis","Labridae","Labroides","Labroides dimidiatus",8,22,1,2004,"12S",TRUE,TRUE,TRUE,"LC","LC","cleaner wrasse","fish"
219091,"Chordata","Teleostei","Eupercaria incertae sedis","Scaridae","Leptoscarus","Leptoscarus vaigiensis",8,21345,22,,"12S;16S",TRUE,TRUE,TRUE,"LC","LC","marbled parrotfish","fish"
212081,"Chordata","Teleostei","Eupercaria incertae sedis","Lethrinidae","Lethrinus","Lethrinus nebulosus",7,152556,23,2004,"12S;16S;COI",TRUE,TRUE,TRUE,"LC","LC","spangled emperor","fish"
218498,"Chordata","Teleostei","Eupercaria incertae sedis","Lutjanidae","Lutjanus","Lutjanus argentimaculatus",,5,1,,"12S",FALSE,FALSE,TRUE,"LC","LC","river snapper","fish"
281789,"Chordata","Teleostei","Eupercaria incertae sedis","Labridae","Notolabrus","Notolabrus gymnogenis",7,1050,1,,"16S",TRUE,TRUE,TRUE,"LC","LC",,"fish"
281790,"Chordata","Teleostei","Eupercaria incertae sedis","Labridae","Notolabrus","Notolabrus inscriptus",71,40,1,1973,"COI",TRUE,TRUE,TRUE,"LC","LC",,"fish"
593553,"Chordata","Teleostei","Eupercaria incertae sedis","Labridae","Novaculoides","Novaculoides macrolepidotus",1,157,1,,"COI",TRUE,TRUE,TRUE,,,"seagrass wrasse","fish"
282258,"Chordata","Teleostei","Eupercaria incertae sedis","Labridae","Pictilabrus","Pictilabrus laticlavius",2,127,1,,"12S",TRUE,TRUE,TRUE,"LC","LC",,"fish"
218555,"Chordata","Teleostei","Eupercaria incertae sedis","Haemulidae","Plectorhinchus","Plectorhinchus picus",1,2718,3,,"12S;16S;COI",TRUE,TRUE,TRUE,,,"painted sweetlip","fish"
218360,"Chordata","Teleostei","Eupercaria incertae sedis","Priacanthidae","Priacanthus","Priacanthus hamrur",2,11,1,,"COI",TRUE,TRUE,TRUE,"LC","LC","goggle-eye","fish"
208915,"Chordata","Teleostei","Eupercaria incertae sedis","Labridae","Pseudocheilinus","Pseudocheilinus hexataenia",5,21348,20,1973,"12S;16S;COI",TRUE,TRUE,TRUE,"LC","LC","sixstripe wrasse","fish"
282438,"Chordata","Teleostei","Eupercaria incertae sedis","Labridae","Pseudolabrus","Pseudolabrus luculentus",103,126173,34,2004,"12S;16S;COI",TRUE,TRUE,TRUE,"LC","LC",,"fish"
276039,"Chordata","Teleostei","Eupercaria incertae sedis","Scaridae","Scarus","Scarus altipinnis",3,373,4,,"COI",TRUE,TRUE,TRUE,"LC","LC",,"fish"
219113,"Chordata","Teleostei","Eupercaria incertae sedis","Scaridae","Scarus","Scarus frenatus",1,31,1,,"COI",TRUE,TRUE,TRUE,"LC","LC","bridled parrotfish","fish"
219127,"Chordata","Teleostei","Eupercaria incertae sedis","Scaridae","Scarus","Scarus ghobban",7,235379,24,1973,"12S;16S;COI",TRUE,TRUE,TRUE,"LC","LC","bluechin parrotfish","fish"
219104,"Chordata","Teleostei","Eupercaria incertae sedis","Scaridae","Scarus","Scarus globiceps",3,24865,9,,"12S;COI",TRUE,TRUE,TRUE,"LC","LC","globehead parrotfish","fish"
219125,"Chordata","Teleostei","Eupercaria incertae sedis","Scaridae","Scarus","Scarus psittacus",5,37865,14,1973,"12S;16S;COI",TRUE,TRUE,TRUE,"LC","LC","palenose parrotfish","fish"
367210,"Chordata","Teleostei","Eupercaria incertae sedis","Scaridae","Scarus","Scarus rivulatus",1,27315,10,,"12S;16S;COI",TRUE,TRUE,TRUE,"LC","LC",,"fish"
276060,"Chordata","Teleostei","Eupercaria incertae sedis","Scaridae","Scarus","Scarus schlegeli",1,6266,5,,"12S;16S",TRUE,TRUE,TRUE,"LC","LC",,"fish"
277106,"Chordata","Teleostei","Eupercaria incertae sedis","Labridae","Stethojulis","Stethojulis bandanensis",23,46244,14,1973,"12S;16S;COI",TRUE,TRUE,TRUE,"LC","LC",,"fish"
219061,"Chordata","Teleostei","Eupercaria incertae sedis","Labridae","Stethojulis","Stethojulis strigiventer",1,50311,15,,"12S;16S;COI",TRUE,TRUE,TRUE,"LC","LC","three-ribbon rainbowfish","fish"
212216,"Chordata","Teleostei","Eupercaria incertae sedis","Labridae","Thalassoma","Thalassoma amblycephalum",6,1408,5,,"12S;16S",TRUE,TRUE,TRUE,"LC","LC","bluntheaded wrasse","fish"
212217,"Chordata","Teleostei","Eupercaria incertae sedis","Labridae","Thalassoma","Thalassoma hardwicke",5,2225,2,1973,"12S;16S",TRUE,TRUE,TRUE,"LC","LC",,"fish"
212209,"Chordata","Teleostei","Eupercaria incertae sedis","Labridae","Thalassoma","Thalassoma lunare",19,21749,7,2004,"16S",TRUE,TRUE,TRUE,"LC","LC","moon wrasse","fish"
273585,"Chordata","Teleostei","Eupercaria incertae sedis","Labridae","Thalassoma","Thalassoma lutescens",51,59,1,1973,"12S",TRUE,TRUE,TRUE,"LC","LC",,"fish"
212213,"Chordata","Teleostei","Eupercaria incertae sedis","Labridae","Thalassoma","Thalassoma purpureum",32,19887,8,,"16S;COI",TRUE,TRUE,TRUE,"LC","LC","surge wrasse","fish"
212212,"Chordata","Teleostei","Eupercaria incertae sedis","Labridae","Thalassoma","Thalassoma trilobatum",5,21,1,,"COI",TRUE,TRUE,TRUE,"LC","LC","Christmas wrasse","fish"
281402,"Chordata","Teleostei","Gadiformes","Moridae","Lotella","Lotella phycis",18,4823,6,1973,"12S;16S",TRUE,TRUE,TRUE,,,,"fish"
278655,"Chordata","Teleostei","Gobiiformes","Gobiidae","Amblygobius","Amblygobius phalaena",5,1054,3,,"12S",TRUE,TRUE,TRUE,"LC","LC",,"fish"
209216,"Chordata","Teleostei","Gobiiformes","Gobiidae","Bathygobius","Bathygobius cocosensis",49,9896,11,1973,"12S;16S;COI",TRUE,TRUE,TRUE,"LC","LC",,"fish"
278878,"Chordata","Teleostei","Gobiiformes","Gobiidae","Callogobius","Callogobius hasseltii",,2877,1,,"12S",FALSE,FALSE,TRUE,"LC","LC",,"fish"
278580,"Chordata","Teleostei","Gobiiformes","Gobiidae","Eviota","Eviota afelei",16,153207,6,1973,"12S",TRUE,FALSE,TRUE,"LC","LC","Afele's fringefin goby","fish"
219463,"Chordata","Teleostei","Gobiiformes","Gobiidae","Eviota","Eviota prasina",39,35180,10,,"16S",TRUE,TRUE,TRUE,"LC","LC","green bubble goby","fish"
219475,"Chordata","Teleostei","Gobiiformes","Gobiidae","Gnatholepis","Gnatholepis anjerensis",,8227,8,,"12S;COI",FALSE,TRUE,TRUE,"LC","LC",,"fish"
219476,"Chordata","Teleostei","Gobiiformes","Gobiidae","Gnatholepis","Gnatholepis cauerensis",5,7719,10,,"12S;16S;COI",TRUE,TRUE,TRUE,"LC","LC","eyebar goby","fish"
219511,"Chordata","Teleostei","Gobiiformes","Gobiidae","Macrodontogobius","Macrodontogobius wilburi",1,1826,5,,"12S;16S",TRUE,FALSE,TRUE,"LC","LC","largetooth goby","fish"
280082,"Chordata","Teleostei","Kurtiformes","Apogonidae","Cercamia","Cercamia eremia",,134,2,,"12S",FALSE,FALSE,TRUE,,,,"fish"
209402,"Chordata","Teleostei","Kurtiformes","Apogonidae","Fowleria","Fowleria vaiulae",,295,2,,"12S",FALSE,FALSE,TRUE,,,,"fish"
713303,"Chordata","Teleostei","Kurtiformes","Apogonidae","Ostorhinchus","Ostorhinchus doederleini",35,3510,8,2004,"12S;COI",TRUE,TRUE,TRUE,"LC","LC",,"fish"
277699,"Chordata","Teleostei","Kurtiformes","Apogonidae","Siphamia","Siphamia fistulosa",,9,1,,"COI",FALSE,FALSE,TRUE,,,,"fish"
126983,"Chordata","Teleostei","Mugiliformes","Mugilidae","Mugil","Mugil cephalus",,3651,6,,"12S;16S",FALSE,FALSE,TRUE,"LC","LC","grey mullet, muge","fish"
276971,"Chordata","Teleostei","Mugiliformes","Mugilidae","Myxus","Myxus elongatus",69,370897,52,1973,"12S;16S;COI",TRUE,TRUE,TRUE,,,,"fish"
218661,"Chordata","Teleostei","Mulliformes","Mullidae","Parupeneus","Parupeneus ciliatus",2,20146,16,,"12S;16S",TRUE,TRUE,TRUE,"LC","LC","whitesaddle goatfish","fish"
277820,"Chordata","Teleostei","Mulliformes","Mullidae","Parupeneus","Parupeneus multifasciatus",3,2395,2,,"16S",TRUE,TRUE,TRUE,"LC","LC",,"fish"
277825,"Chordata","Teleostei","Mulliformes","Mullidae","Parupeneus","Parupeneus spilurus",48,516,3,2004,"12S;COI",TRUE,TRUE,TRUE,"LC","LC","blackspot goatfish, rouget-barbet à tache noire","fish"
126586,"Chordata","Teleostei","Myctophiformes","Myctophidae","Ceratoscopelus","Ceratoscopelus warmingii",6,2457,2,,"12S;16S",TRUE,TRUE,TRUE,"LC","LC","Warming's lantern fish","fish"
126608,"Chordata","Teleostei","Myctophiformes","Myctophidae","Lampadena","Lampadena speculigera",,295,1,,"16S",FALSE,FALSE,TRUE,"LC","LC","mirror lanternfish, lampe à nez denté","fish"
159289,"Chordata","Teleostei","Ovalentaria incertae sedis","Pomacentridae","Abudefduf","Abudefduf sexfasciatus",6,5,1,2004,"COI",TRUE,TRUE,TRUE,"LC","LC","scissortail sergeant","fish"
212879,"Chordata","Teleostei","Ovalentaria incertae sedis","Pomacentridae","Abudefduf","Abudefduf vaigiensis",5,72,1,1973,"12S",TRUE,TRUE,TRUE,"LC","LC","Indo-Pacific sergeant","fish"
218779,"Chordata","Teleostei","Ovalentaria incertae sedis","Pomacentridae","Amblyglyphidodon","Amblyglyphidodon leucogaster",,72,1,,"16S",FALSE,FALSE,TRUE,"LC","LC","whitebelly damselfish","fish"
278392,"Chordata","Teleostei","Ovalentaria incertae sedis","Pomacentridae","Amphiprion","Amphiprion akindynos",,83,2,,"12S;COI",FALSE,FALSE,TRUE,"LC","LC",,"fish"
212812,"Chordata","Teleostei","Ovalentaria incertae sedis","Pomacentridae","Chromis","Chromis atripectoralis",2,1488,2,1973,"12S;16S",TRUE,TRUE,TRUE,"LC","LC","black-axil chromis","fish"
273730,"Chordata","Teleostei","Ovalentaria incertae sedis","Pomacentridae","Chromis","Chromis hypsilepis",22,35682,12,1973,"16S;COI",TRUE,TRUE,TRUE,"LC","LC",,"fish"
276831,"Chordata","Teleostei","Ovalentaria incertae sedis","Pomacentridae","Chrysiptera","Chrysiptera galba",,9614,7,,"12S;16S",FALSE,FALSE,TRUE,"LC","LC",,"fish"
212843,"Chordata","Teleostei","Ovalentaria incertae sedis","Pomacentridae","Dascyllus","Dascyllus aruanus",3,1940,2,1973,"12S;16S",TRUE,TRUE,TRUE,"LC","LC","banded dascyllus","fish"
278815,"Chordata","Teleostei","Ovalentaria incertae sedis","Pomacentridae","Neoglyphidodon","Neoglyphidodon polyacanthus",51,708995,53,1973,"12S;16S;COI",TRUE,TRUE,TRUE,"LC","LC",,"fish"
282156,"Chordata","Teleostei","Ovalentaria incertae sedis","Pomacentridae","Parma","Parma microlepis",,74628,11,,"16S",FALSE,TRUE,TRUE,"LC","LC",,"fish"
282158,"Chordata","Teleostei","Ovalentaria incertae sedis","Pomacentridae","Parma","Parma oligolepis",1,1164950,82,,"12S;16S;COI",TRUE,TRUE,TRUE,"LC","LC",,"fish"
212855,"Chordata","Teleostei","Ovalentaria incertae sedis","Pomacentridae","Plectroglyphidodon","Plectroglyphidodon dickii",2,16769,12,1973,"12S;16S;COI",TRUE,TRUE,TRUE,"NT","NT","blackbar devil","fish"
1605252,"Chordata","Teleostei","Ovalentaria incertae sedis","Pomacentridae","Plectroglyphidodon","Plectroglyphidodon gascoynei",13,155968,31,1973,"12S",TRUE,TRUE,TRUE,,,,"fish"
212859,"Chordata","Teleostei","Ovalentaria incertae sedis","Pomacentridae","Plectroglyphidodon","Plectroglyphidodon johnstonianus",5,3598,9,1973,"12S;16S;COI",TRUE,TRUE,TRUE,"LC","LC","Johnston Island damsel","fish"
212854,"Chordata","Teleostei","Ovalentaria incertae sedis","Pomacentridae","Plectroglyphidodon","Plectroglyphidodon leucozonus",2,68563,28,,"12S;16S;COI",TRUE,TRUE,TRUE,"LC","LC",,"fish"
221449,"Chordata","Teleostei","Perciformes","Tetrarogidae","Ablabys","Ablabys taenianotus",4,1931,1,1980,"16S",TRUE,TRUE,TRUE,,,,"fish"
278723,"Chordata","Teleostei","Perciformes","Serranidae","Acanthistius","Acanthistius ocellatus",3,82,1,,"16S",TRUE,TRUE,TRUE,"LC","LC",,"fish"
273846,"Chordata","Teleostei","Perciformes","Serranidae","Epinephelus","Epinephelus daemelii",63,10123,5,2004,"16S",TRUE,TRUE,TRUE,"NT","NT",,"fish"
219155,"Chordata","Teleostei","Perciformes","Pinguipedidae","Parapercis","Parapercis cylindrica",1,383,1,,"16S",TRUE,TRUE,TRUE,"LC","LC","cylindrical sandperch","fish"
398611,"Chordata","Teleostei","Perciformes","Pinguipedidae","Parapercis","Parapercis queenslandica",,46,1,,"COI",FALSE,TRUE,TRUE,"LC","LC",,"fish"
274724,"Chordata","Teleostei","Perciformes","Scorpaenidae","Scorpaena","Scorpaena miostoma",,1791,6,,"12S",FALSE,FALSE,TRUE,,,,"fish"
712541,"Chordata","Teleostei","Perciformes","Scorpaenidae","Scorpaenodes","Scorpaenodes evides",10,7,1,1973,"COI",TRUE,FALSE,TRUE,"LC","LC",,"fish"
283033,"Chordata","Teleostei","Perciformes","Serranidae","Trachypoma","Trachypoma macracanthus",100,115148,18,1973,"16S",TRUE,TRUE,TRUE,"LC","LC",,"fish"
219795,"Chordata","Teleostei","Pleuronectiformes","Bothidae","Bothus","Bothus pantherinus",9,6919,3,1979,"16S",TRUE,TRUE,TRUE,"LC","LC","panther flounder","fish"
279693,"Chordata","Teleostei","Scombriformes","Arripidae","Arripis","Arripis trutta",17,3276,7,1903,"12S",TRUE,TRUE,TRUE,,,,"fish"
159423,"Chordata","Teleostei","Scombriformes","Nomeidae","Cubiceps","Cubiceps capensis",,20,1,,"16S",FALSE,FALSE,TRUE,"LC","LC","Cape cubehead","fish"
126993,"Chordata","Teleostei","Scombriformes","Nomeidae","Psenes","Psenes pellucidus",3,519,3,2001,"12S;16S",TRUE,TRUE,TRUE,"LC","LC","bluefin driftfish","fish"
219742,"Chordata","Teleostei","Scombriformes","Centrolophidae","Schedophilus","Schedophilus velaini",2,1056,2,,"12S",TRUE,TRUE,TRUE,"LC","LC",,"fish"
278061,"Chordata","Teleostei","Syngnathiformes","Syngnathidae","Cosmocampus","Cosmocampus howensis",10,761,2,1973,"16S",TRUE,TRUE,TRUE,"LC","LC",,"fish"
217966,"Chordata","Teleostei","Syngnathiformes","Fistulariidae","Fistularia","Fistularia commersonii",11,9743,11,1973,"12S;16S",TRUE,TRUE,TRUE,"LC","LC","cornetfish","fish"
282894,"Chordata","Teleostei","Syngnathiformes","Syngnathidae","Stigmatopora","Stigmatopora nigra",,2649,4,,"16S;COI",FALSE,TRUE,TRUE,"LC","LC",,"fish"
159491,"Chordata","Teleostei","Tetraodontiformes","Monacanthidae","Aluterus","Aluterus scriptus",,7804,10,,"12S;16S;COI",FALSE,TRUE,TRUE,"LC","LC","scrawled filefish","fish"
220058,"Chordata","Teleostei","Tetraodontiformes","Monacanthidae","Cantherhines","Cantherhines pardalis",5,4,1,,"COI",TRUE,TRUE,TRUE,"LC","LC","wier-net filefish","fish"
275248,"Chordata","Teleostei","Tetraodontiformes","Tetraodontidae","Canthigaster","Canthigaster callisterna",46,15,1,2004,"COI",TRUE,TRUE,TRUE,"LC","LC",,"fish"
219937,"Chordata","Teleostei","Tetraodontiformes","Tetraodontidae","Canthigaster","Canthigaster rivulata",,4356,6,,"12S",FALSE,TRUE,TRUE,"LC","LC","brown-lined puffer","fish"
219947,"Chordata","Teleostei","Tetraodontiformes","Tetraodontidae","Canthigaster","Canthigaster valentini",12,3043,4,1973,"12S",TRUE,TRUE,TRUE,"LC","LC","Valentinni's sharpnose puffer","fish"
127402,"Chordata","Teleostei","Tetraodontiformes","Diodontidae","Diodon","Diodon holocanthus",11,1173,5,,"12S",TRUE,TRUE,TRUE,"LC","LC","balloonfish","fish"
127403,"Chordata","Teleostei","Tetraodontiformes","Diodontidae","Diodon","Diodon hystrix",12,738,1,,"12S",TRUE,TRUE,TRUE,"LC","LC","spot-fin porcupinefish","fish"
219970,"Chordata","Teleostei","Tetraodontiformes","Diodontidae","Diodon","Diodon liturosus",,1804,1,,"12S",FALSE,FALSE,TRUE,,,"black-blotched porcupinefish","fish"
403462,"Chordata","Teleostei","Tetraodontiformes","Ostraciidae","Ostracion","Ostracion cubicum",13,1783,3,,"12S;COI",TRUE,TRUE,TRUE,,,,"fish"
220072,"Chordata","Teleostei","Tetraodontiformes","Monacanthidae","Pervagor","Pervagor janthinosoma",2,28667,10,,"12S;16S",TRUE,TRUE,TRUE,"LC","LC","blackbar filefish","fish"
276852,"Chordata","Teleostei","Tetraodontiformes","Balistidae","Sufflamen","Sufflamen fraenatum",20,8,1,2004,"COI",TRUE,TRUE,TRUE,"LC","LC",,"fish"
100511,"Ascomycota","Dothideomycetes","Capnodiales","Cladosporiaceae","Cladosporium","Cladosporium herbarum",,61,1,,"COI",FALSE,FALSE,TRUE,,,,"fungi"
172252,"Oomycota",,"Anisolpidiales","Anisolpidiaceae","Anisolpidium","Anisolpidium rosenvingei",,76,2,,"16S;COI",FALSE,FALSE,TRUE,,,,"fungi"
420779,"Mollusca","Bivalvia","Ostreida","Ostreidae","Dendostrea","Dendostrea frons",,36,1,,"COI",FALSE,FALSE,TRUE,,,"frond oyster","molluscs"
534098,"Mollusca","Cephalopoda","Octopoda","Octopodidae","Amphioctopus","Amphioctopus kagoshimensis",1,21,1,2008,"COI",TRUE,TRUE,TRUE,"LC","LC",,"molluscs"
534728,"Mollusca","Cephalopoda","Octopoda","Octopodidae","Callistoctopus","Callistoctopus ornatus",,8,1,,"COI",FALSE,FALSE,TRUE,"LC","LC","ornate octopus","molluscs"
210788,"Mollusca","Cephalopoda","Octopoda","Octopodidae","Octopus","Octopus cyanea",,96,1,,"COI",FALSE,TRUE,TRUE,"LC","LC","Cyane's octopus","molluscs"
341854,"Mollusca","Cephalopoda","Oegopsida","Enoploteuthidae","Abraliopsis","Abraliopsis tui",,8,1,,"COI",FALSE,FALSE,TRUE,"DD","DD",,"molluscs"
181382,"Mollusca","Cephalopoda","Oegopsida","Ommastrephidae","Ommastrephes","Ommastrephes bartramii",4,9,1,1973,"COI",TRUE,TRUE,TRUE,"LC","LC","akaika","molluscs"
730434,"Mollusca","Gastropoda","Aplysiida","Aplysiidae","Aplysia","Aplysia argus",,9364,7,,"COI",FALSE,TRUE,TRUE,,,,"molluscs"
531601,"Mollusca","Gastropoda","Aplysiida","Aplysiidae","Aplysia","Aplysia concava",,1224,13,,"COI",FALSE,TRUE,TRUE,,,,"molluscs"
138757,"Mollusca","Gastropoda","Aplysiida","Aplysiidae","Aplysia","Aplysia parvula",5,322,2,1987,"COI",TRUE,TRUE,TRUE,,,"dwarf sea hare, petit lièvre de mer","molluscs"
208629,"Mollusca","Gastropoda","Aplysiida","Aplysiidae","Dolabella","Dolabella auricularia",1,9,1,2005,"COI",TRUE,TRUE,TRUE,,,"wedge sea hare","molluscs"
224662,"Mollusca","Gastropoda","Aplysiida","Aplysiidae","Stylocheilus","Stylocheilus striatus",2,1836,5,2005,"COI",TRUE,TRUE,TRUE,,,,"molluscs"
1055258,"Mollusca","Gastropoda","Cephalaspidea","Aglajidae","Niparaya","Niparaya regiscorona",,29,1,,"COI",FALSE,TRUE,TRUE,,,,"molluscs"
1313720,"Mollusca","Gastropoda","Cephalaspidea","Haminoeidae","Phanerophthalmus","Phanerophthalmus paulayi",,93,2,,"COI",FALSE,FALSE,TRUE,,,,"molluscs"
492573,"Mollusca","Gastropoda","Lepetellida","Fissurellidae","Scutus","Scutus forsythi",22,19,2,2008,"COI",TRUE,TRUE,TRUE,,,,"molluscs"
445483,"Mollusca","Gastropoda","Littorinimorpha","Littorinidae","Bembicium","Bembicium flavescens",25,6,1,2003,"COI",TRUE,TRUE,TRUE,,,,"molluscs"
766314,"Mollusca","Gastropoda","Littorinimorpha","Vermetidae","Cupolaconcha","Cupolaconcha meroclista",,43,2,,"COI",FALSE,FALSE,TRUE,,,,"molluscs"
594489,"Mollusca","Gastropoda","Littorinimorpha","Vermetidae","Dendropoma","Dendropoma gregarium",,9,1,,"COI",FALSE,FALSE,TRUE,,,,"molluscs"
530884,"Mollusca","Gastropoda","Littorinimorpha","Cypraeidae","Lyncina","Lyncina vitellus",13,8,1,2008,"COI",TRUE,TRUE,TRUE,,,,"molluscs"
570811,"Mollusca","Gastropoda","Littorinimorpha","Cypraeidae","Monetaria","Monetaria caputserpentis",20,8,1,2008,"COI",TRUE,TRUE,TRUE,,,"serpent's head cowry","molluscs"
549433,"Mollusca","Gastropoda","Littorinimorpha","Vermetidae","Petaloconchus","Petaloconchus keenae",,15,1,,"COI",FALSE,FALSE,TRUE,,,,"molluscs"
215746,"Mollusca","Gastropoda","Neogastropoda","Nassariidae","Nassarius","Nassarius albescens",3,72,1,1980,"COI",TRUE,TRUE,TRUE,,,,"molluscs"
716641,"Mollusca","Gastropoda","Neogastropoda","Muricidae","Oppomorus","Oppomorus noduliferus",23,117,2,2007,"COI",TRUE,TRUE,TRUE,,,,"molluscs"
527814,"Mollusca","Gastropoda","Nudibranchia","Actinocyclidae","Actinocyclus","Actinocyclus verrucosus",,24,1,,"COI",FALSE,TRUE,TRUE,,,,"molluscs"
872612,"Mollusca","Gastropoda","Nudibranchia","Discodorididae","Carminodoris","Carminodoris grandiflora",,14,1,,"COI",FALSE,FALSE,TRUE,,,,"molluscs"
1669266,"Mollusca","Gastropoda","Nudibranchia","Tritoniidae","Marioniopsis","Marioniopsis hawaiiensis",,18,2,,"COI",FALSE,FALSE,TRUE,,,,"molluscs"
181237,"Mollusca","Gastropoda","Nudibranchia","Tethydidae","Melibe","Melibe viridis",,7,1,,"COI",FALSE,FALSE,TRUE,,,,"molluscs"
1513897,"Mollusca","Gastropoda","Nudibranchia","Chromodorididae","Miamira","Miamira striata",,4,1,,"COI",FALSE,FALSE,TRUE,,,,"molluscs"
536574,"Mollusca","Gastropoda","Nudibranchia","Phyllidiidae","Phyllidiella","Phyllidiella pustulosa",1,4,1,1979,"COI",TRUE,TRUE,TRUE,,,"pustulose wart slug","molluscs"
536548,"Mollusca","Gastropoda","Nudibranchia","Pinufiidae","Pinufius","Pinufius rebus",,37,1,,"COI",FALSE,FALSE,TRUE,,,,"molluscs"
866654,"Mollusca","Gastropoda","Nudibranchia","Chromodorididae","Verconia","Verconia haliclona",,13,1,,"COI",FALSE,FALSE,TRUE,,,,"molluscs"
140815,"Mollusca","Gastropoda","Pleurobranchida","Pleurobranchidae","Berthellina","Berthellina citrina",1,35,1,1938,"COI",TRUE,FALSE,TRUE,,,"lemon pleurobranch","molluscs"
599473,"Mollusca","Gastropoda","Pleurobranchida","Pleurobranchidae","Pleurobranchus","Pleurobranchus albiguttatus",1,76,1,1970,"COI",TRUE,TRUE,TRUE,,,,"molluscs"
599477,"Mollusca","Gastropoda","Pleurobranchida","Pleurobranchidae","Pleurobranchus","Pleurobranchus peronii",4,40,1,2003,"COI",TRUE,FALSE,TRUE,,,,"molluscs"
849352,"Mollusca","Gastropoda","Pleurobranchida","Pleurobranchidae","Pleurobranchus","Pleurobranchus varians",,122,3,,"COI",FALSE,FALSE,TRUE,,,,"molluscs"
141877,"Mollusca","Gastropoda","Umbraculida","Tylodinidae","Tylodina","Tylodina perversa",,57,1,,"COI",FALSE,FALSE,TRUE,,,"yellow umbrella slug, tylodine jaune","molluscs"
212841,"Mollusca","Gastropoda",,"Aplustridae","Bullina","Bullina lineata",2,29,1,,"COI",TRUE,TRUE,TRUE,,,"lined bubble snail","molluscs"
580460,"Mollusca","Gastropoda",,"Cornirostridae","Cornirostra","Cornirostra pellucida",,6,1,,"COI",FALSE,FALSE,TRUE,,,,"molluscs"
545396,"Mollusca","Gastropoda",,"Plakobranchidae","Elysia","Elysia asbecki",,42,1,,"COI",FALSE,FALSE,TRUE,,,,"molluscs"
494434,"Mollusca","Gastropoda",,"Plakobranchidae","Elysia","Elysia bennettae",,15,1,,"COI",FALSE,TRUE,TRUE,,,,"molluscs"
215423,"Mollusca","Gastropoda",,"Aplustridae","Hydatina","Hydatina physis",7,191,4,2013,"COI",TRUE,TRUE,TRUE,,,"striped bubble shell","molluscs"
494418,"Mollusca","Gastropoda",,"Volvatellidae","Volvatella","Volvatella viridis",,9,1,,"COI",FALSE,TRUE,TRUE,,,,"molluscs"
251438,"Chordata","Ascidiacea","Stolidobranchia","Styelidae","Symplegma","Symplegma reptans",,123,2,,"COI",FALSE,FALSE,TRUE,,,,"sea squirts"
362719,"Porifera","Demospongiae","Axinellida","Raspailiidae","Sollasella","Sollasella moretonensis",,8,1,,"COI",FALSE,FALSE,TRUE,,,,"sponges"
168257,"Porifera","Demospongiae","Biemnida","Biemnidae","Biemna","Biemna fistulosa",,109,1,,"COI",FALSE,FALSE,TRUE,,,"stinging tube sponge","sponges"
577142,"Porifera","Demospongiae","Biemnida","Biemnidae","Sigmaxinella","Sigmaxinella hipposiderus",,135,3,,"COI",FALSE,FALSE,TRUE,,,,"sponges"
132736,"Porifera","Demospongiae","Chondrillida","Halisarcidae","Halisarca","Halisarca dujardinii",,153,3,,"COI",FALSE,FALSE,TRUE,,,"soft horny sponge, éponge de Dujardin","sponges"
134121,"Porifera","Demospongiae","Clionaida","Clionaidae","Cliona","Cliona celata",,156,1,,"COI",FALSE,FALSE,TRUE,,,"boring sponge, clione jaune","sponges"
134145,"Porifera","Demospongiae","Clionaida","Clionaidae","Cliona","Cliona vermifera",,60,2,,"COI",FALSE,FALSE,TRUE,,,"orange boring sponge","sponges"
1479479,"Porifera","Demospongiae","Clionaida","Clionaidae","Cliothosa","Cliothosa delitrix",,10,1,,"COI",FALSE,FALSE,TRUE,,,,"sponges"
157411,"Porifera","Demospongiae","Clionaida","Clionaidae","Pione","Pione vastifica",,86428,11,,"16S;COI",FALSE,FALSE,TRUE,,,"boring sponge, clione rouge","sponges"
132300,"Porifera","Demospongiae","Dendroceratida","Darwinellidae","Chelonaplysilla","Chelonaplysilla erecta",,2302,3,,"COI",FALSE,FALSE,TRUE,,,,"sponges"
164892,"Porifera","Demospongiae","Dendroceratida","Dictyodendrillidae","Dictyodendrilla","Dictyodendrilla cavernosa",,290,2,,"COI",FALSE,FALSE,TRUE,,,,"sponges"
241409,"Porifera","Demospongiae","Desmacellida","Desmacellidae","Desmacella","Desmacella austini",,4,1,,"COI",FALSE,FALSE,TRUE,,,"encrusting horny sponge, éponge encroûtée","sponges"
166210,"Porifera","Demospongiae","Haplosclerida","Callyspongiidae","Callyspongia","Callyspongia (Cladochalina) diffusa",,10947,4,,"COI",FALSE,FALSE,TRUE,,,,"sponges"
166223,"Porifera","Demospongiae","Haplosclerida","Callyspongiidae","Callyspongia","Callyspongia (Cladochalina) plicifera",,8844,4,,"12S;COI",FALSE,FALSE,TRUE,,,,"sponges"
166302,"Porifera","Demospongiae","Haplosclerida","Chalinidae","Cladocroce","Cladocroce burapha",,1270,2,,"COI",FALSE,FALSE,TRUE,,,,"sponges"
820772,"Porifera","Demospongiae","Haplosclerida","Niphatidae","Gelliodes","Gelliodes wilsoni",,238,4,,"COI",FALSE,FALSE,TRUE,,,,"sponges"
166505,"Porifera","Demospongiae","Haplosclerida","Chalinidae","Haliclona","Haliclona (Gellius) amboinensis",,7,1,,"COI",FALSE,FALSE,TRUE,,,,"sponges"
166626,"Porifera","Demospongiae","Haplosclerida","Chalinidae","Haliclona","Haliclona (Reniera) tubifera",,37,1,,"COI",FALSE,FALSE,TRUE,,,,"sponges"
765193,"Porifera","Demospongiae","Poecilosclerida","Microcionidae","Clathria","Clathria (Thalysias) curacaoensis",,1190,1,,"COI",FALSE,FALSE,TRUE,,,,"sponges"
167774,"Porifera","Demospongiae","Poecilosclerida","Microcionidae","Clathria","Clathria (Thalysias) reinwardti",,4,1,,"12S",FALSE,FALSE,TRUE,,,,"sponges"
167804,"Porifera","Demospongiae","Poecilosclerida","Microcionidae","Clathria","Clathria (Wilsonella) rugosa",,2441,9,,"COI",FALSE,FALSE,TRUE,,,,"sponges"
169121,"Porifera","Demospongiae","Poecilosclerida","Desmacididae","Desmapsamma","Desmapsamma anchorata",,8,1,,"COI",FALSE,FALSE,TRUE,,,,"sponges"
1346050,"Porifera","Demospongiae","Poecilosclerida","Hymedesmiidae","Hooperia","Hooperia anfractuosa",,224,3,,"COI",FALSE,FALSE,TRUE,,,,"sponges"
168571,"Porifera","Demospongiae","Poecilosclerida","Mycalidae","Mycale","Mycale (Carmia) cecilia",,91,2,,"COI",FALSE,FALSE,TRUE,,,,"sponges"
169317,"Porifera","Demospongiae","Poecilosclerida","Hymedesmiidae","Phorbas","Phorbas clathratus",,9,1,,"COI",FALSE,FALSE,TRUE,,,,"sponges"
169565,"Porifera","Demospongiae","Poecilosclerida","Tedaniidae","Tedania","Tedania (Tedania) ignis",,467,1,,"COI",FALSE,FALSE,TRUE,,,,"sponges"
169590,"Porifera","Demospongiae","Poecilosclerida","Tedaniidae","Tedania","Tedania (Tedania) tubulifera",,4233,1,,"COI",FALSE,FALSE,TRUE,,,,"sponges"
234242,"Porifera","Demospongiae","Polymastiida","Polymastiidae","Polymastia","Polymastia atlantica",,4,1,,"12S",FALSE,FALSE,TRUE,,,,"sponges"
165849,"Porifera","Demospongiae","Suberitida","Halichondriidae","Halichondria","Halichondria (Halichondria) okadai",,23,2,,"COI",FALSE,FALSE,TRUE,,,,"sponges"
165853,"Porifera","Demospongiae","Suberitida","Halichondriidae","Halichondria","Halichondria (Halichondria) panicea",,359,1,,"COI",FALSE,FALSE,TRUE,,,"breadcrumb sponge","sponges"
171264,"Porifera","Demospongiae","Tetractinellida","Theonellidae","Theonella","Theonella swinhoei",,6,1,,"COI",FALSE,FALSE,TRUE,,,,"sponges"
169702,"Porifera","Demospongiae","Verongiida","Pseudoceratinidae","Pseudoceratina","Pseudoceratina purpurea",,139,1,,"COI",FALSE,FALSE,TRUE,,,,"sponges"
120664,"Amoebozoa","Discosea","Dactylopodida","Vexilliferidae","Neoparamoeba","Neoparamoeba aestuarina",,978,12,,"COI",FALSE,FALSE,TRUE,,,,"unicellular"
120665,"Amoebozoa","Discosea","Dactylopodida","Vexilliferidae","Neoparamoeba","Neoparamoeba pemaquidensis",,37,3,,"COI",FALSE,FALSE,TRUE,,,,"unicellular"
120669,"Amoebozoa","Discosea","Dactylopodida","Vexilliferidae","Pseudoparamoeba","Pseudoparamoeba pagei",,49,1,,"COI",FALSE,FALSE,TRUE,,,,"unicellular"
109745,"Myzozoa","Dinophyceae","Amphidiniales","Amphidiniaceae","Amphidinium","Amphidinium operculatum",,10,1,,"COI",FALSE,FALSE,TRUE,,,,"unicellular"
475724,"Annelida","Clitellata","Tubificida","Naididae","Heronidrilus","Heronidrilus heronae",,66,2,,"12S;COI",FALSE,FALSE,TRUE,,,,"worms"
327192,"Annelida","Polychaeta","Eunicida","Lumbrineridae","Lumbrineris","Lumbrineris perkinsi",,10,1,,"COI",FALSE,FALSE,TRUE,,,,"worms"
759944,"Annelida","Polychaeta","Phyllodocida","Syllidae","Megasyllis","Megasyllis inflata",,139,2,,"COI",FALSE,FALSE,TRUE,,,,"worms"
334043,"Annelida","Polychaeta","Phyllodocida","Syllidae","Myrianida","Myrianida pachycera",,137,2,,"COI",FALSE,FALSE,TRUE,,,,"worms"
131111,"Annelida","Polychaeta","Spionida","Spionidae","Boccardia","Boccardia polybranchia",,342,1,,"COI",FALSE,FALSE,TRUE,,,,"worms"
761959,"Annelida","Polychaeta","Terebellida","Cirratulidae","Timarete","Timarete punctata",,74,1,,"COI",FALSE,FALSE,TRUE,,,,"worms"
330566,"Annelida","Polychaeta",,"Chaetopteridae","Phyllochaetopterus","Phyllochaetopterus verrilli",,517,6,,"COI",FALSE,FALSE,TRUE,,,,"worms"
868020,"Annelida","Polychaeta",,"Orbiniidae","Scoloplos","Scoloplos dayi",,335,3,,"12S;COI",FALSE,FALSE,TRUE,,,,"worms"
136034,"Annelida",,"Sipuncula","Aspidosiphonidae","Aspidosiphon","Aspidosiphon (Paraspidosiphon) laevis",,13,1,,"COI",FALSE,FALSE,TRUE,,,,"worms"
220538,"Annelida",,"Sipuncula","Phascolosomatidae","Phascolosoma","Phascolosoma (Phascolosoma) nigrescens",1,66,1,1977,"COI",TRUE,TRUE,TRUE,,,,"worms"
266503,"Annelida",,"Sipuncula","Phascolosomatidae","Phascolosoma","Phascolosoma (Phascolosoma) noduliferum",,22,1,,"COI",FALSE,FALSE,TRUE,,,,"worms"
266869,"Annelida",,"Sipuncula","Golfingiidae","Themiste","Themiste (Lagenopsis) minor",,83,1,,"COI",FALSE,FALSE,TRUE,,,,"worms"
1490816,"Arthropoda","Hexapoda","Diptera","Culicidae","Culex","Culex quinquefasciatus",,21,1,,"COI",FALSE,FALSE,TRUE,,,,
504071,"Arthropoda","Hexapoda","Diptera","Chironomidae","Pontomyia","Pontomyia natans",,455,1,,"COI",FALSE,TRUE,TRUE,,,,
376277,"Chlorarachniophyta","Chlorarachniophyceae","Chlorarachniales","Chlorarachniaceae","Bigelowiella","Bigelowiella natans",,3851,6,,"12S;COI",FALSE,FALSE,TRUE,,,,
376147,"Chlorarachniophyta","Chlorarachniophyceae","Chlorarachniales","Chlorarachniaceae","Chlorarachnion","Chlorarachnion reptans",,1256,10,,"COI",FALSE,FALSE,TRUE,,,,
623449,"Cryptophyta","Cryptophyceae","Pyrenomonadales","Chroomonadaceae","Hemiselmis","Hemiselmis andersenii",,93,4,,"COI",FALSE,FALSE,TRUE,,,,
106316,"Cryptophyta","Cryptophyceae","Pyrenomonadales","Pyrenomonadaceae","Rhodomonas","Rhodomonas salina",,11,1,,"COI",FALSE,FALSE,TRUE,,,,
210065,"Hemichordata","Enteropneusta","[unassigned] Enteropneusta","Ptychoderidae","Ptychodera","Ptychodera flava",,2027,7,,"16S;COI",FALSE,FALSE,TRUE,,,"Hawaiian acorn worm",
375881,"Prasinodermatophyta","Prasinodermatophyceae","Prasinodermatales","Prasinodermataceae","Prasinoderma","Prasinoderma coloniale",,644344,30,,"COI",FALSE,FALSE,TRUE,,,,
886582,"Rotifera","Eurotatoria",,"Adinetidae","Adineta","Adineta steineri",,11,1,,"16S",FALSE,FALSE,TRUE,,,,
