"AphiaID","phylum","class","order","family","genus","species","group","redlist_category","records","max_year","target_gene","source_obis","source_dna"
271352,"Chordata","Elasmobranchii","Carcharhiniformes","Pentanchidae","Apristurus","Apristurus spongiceps","fish",,4,1902,,TRUE,
217337,"Chordata","Elasmobranchii","Carcharhiniformes","Carcharhinidae","Carcharhinus","Carcharhinus amblyrhynchos","fish","EN",275,2017,,TRUE,
105790,"Chordata","Elasmobranchii","Carcharhiniformes","Carcharhinidae","Carcharhinus","Carcharhinus galapagensis","fish",,734,2017,,TRUE,
105793,"Chordata","Elasmobranchii","Carcharhiniformes","Carcharhinidae","Carcharhinus","Carcharhinus limbatus","fish","NT",3,2017,,TRUE,
105799,"Chordata","Elasmobranchii","Carcharhiniformes","Carcharhinidae","Galeocerdo","Galeocerdo cuvier","fish","NT",2,2003,,TRUE,
105816,"Chordata","Elasmobranchii","Carcharhiniformes","Sphyrnidae","Sphyrna","Sphyrna lewini","fish","CR",2,2010,,TRUE,
214557,"Chordata","Elasmobranchii","Carcharhiniformes","Carcharhinidae","Triaenodon","Triaenodon obesus","fish","VU",647,2017,,TRUE,
105844,"Chordata","Elasmobranchii","Lamniformes","Odontaspididae","Odontaspis","Odontaspis ferox","fish","VU",1,,,TRUE,
217426,"Chordata","Elasmobranchii","Myliobatiformes","Myliobatidae","Aetobatus","Aetobatus narinari","fish","NT",55,2010,,TRUE,
278243,"Chordata","Elasmobranchii","Myliobatiformes","Myliobatidae","Aetobatus","Aetobatus ocellatus","fish","VU",19,2017,,TRUE,
1018707,"Chordata","Elasmobranchii","Myliobatiformes","Dasyatidae","Bathytoshia","Bathytoshia lata","fish",,1,,,TRUE,
1026118,"Chordata","Elasmobranchii","Myliobatiformes","Myliobatidae","Mobula","Mobula birostris","fish","EN",11,2008,,TRUE,
220089,"Chordata","Elasmobranchii","Myliobatiformes","Plesiobatidae","Plesiobatis","Plesiobatis daviesi","fish",,1,,,TRUE,
271619,"Chordata","Elasmobranchii","Squaliformes","Centrophoridae","Centrophorus","Centrophorus tessellatus","fish",,2,2002,,TRUE,
215608,"Chordata","Elasmobranchii","Squaliformes","Dalatiidae","Euprotomicrus","Euprotomicrus bispinatus","fish",,3,2002,,TRUE,
105924,"Chordata","Elasmobranchii","Squaliformes","Squalidae","Squalus","Squalus blainville","fish",,5,1980,,TRUE,
279274,"Chordata","Myxini","Myxiniformes","Myxinidae","Eptatretus","Eptatretus carlhubbsi","fish",,4,1981,,TRUE,
272957,"Chordata","Teleostei","Acanthuriformes","Acanthuridae","Acanthurus","Acanthurus achilles","fish",,271,2017,,TRUE,
219639,"Chordata","Teleostei","Acanthuriformes","Acanthuridae","Acanthurus","Acanthurus blochii","fish",,669,2017,,TRUE,
219641,"Chordata","Teleostei","Acanthuriformes","Acanthuridae","Acanthurus","Acanthurus dussumieri","fish",,423,2017,,TRUE,
293696,"Chordata","Teleostei","Acanthuriformes","Acanthuridae","Acanthurus","Acanthurus elongatus","fish",,4,1951,,TRUE,
219650,"Chordata","Teleostei","Acanthuriformes","Acanthuridae","Acanthurus","Acanthurus guttatus","fish",,6,2007,,TRUE,
219624,"Chordata","Teleostei","Acanthuriformes","Acanthuridae","Acanthurus","Acanthurus leucopareius","fish",,1317,2017,,TRUE,
159582,"Chordata","Teleostei","Acanthuriformes","Acanthuridae","Acanthurus","Acanthurus lineatus","fish",,1,2009,,TRUE,
219638,"Chordata","Teleostei","Acanthuriformes","Acanthuridae","Acanthurus","Acanthurus nigricans","fish",,11,2017,,TRUE,
219640,"Chordata","Teleostei","Acanthuriformes","Acanthuridae","Acanthurus","Acanthurus nigrofuscus","fish",,2911,2017,,TRUE,
219642,"Chordata","Teleostei","Acanthuriformes","Acanthuridae","Acanthurus","Acanthurus nigroris","fish",,5895,2017,,TRUE,
219625,"Chordata","Teleostei","Acanthuriformes","Acanthuridae","Acanthurus","Acanthurus olivaceus","fish",,3123,2017,,TRUE,
219646,"Chordata","Teleostei","Acanthuriformes","Acanthuridae","Acanthurus","Acanthurus thompsoni","fish",,51,2017,,TRUE,
219630,"Chordata","Teleostei","Acanthuriformes","Acanthuridae","Acanthurus","Acanthurus triostegus","fish",,4673,2017,,TRUE,
219634,"Chordata","Teleostei","Acanthuriformes","Acanthuridae","Acanthurus","Acanthurus xanthopterus","fish",,23,2017,,TRUE,
127418,"Chordata","Teleostei","Acanthuriformes","Caproidae","Antigonia","Antigonia capros","fish",,1,1970,,TRUE,
277564,"Chordata","Teleostei","Acanthuriformes","Pomacanthidae","Apolemichthys","Apolemichthys arcuatus","fish",,203,2017,,TRUE,
211778,"Chordata","Teleostei","Acanthuriformes","Pomacanthidae","Centropyge","Centropyge fisheri","fish",,119,2017,,TRUE,
278836,"Chordata","Teleostei","Acanthuriformes","Pomacanthidae","Centropyge","Centropyge flavissima","fish",,4,2016,,TRUE,
712745,"Chordata","Teleostei","Acanthuriformes","Pomacanthidae","Centropyge","Centropyge interrupta","fish",,10,2015,,TRUE,
402161,"Chordata","Teleostei","Acanthuriformes","Pomacanthidae","Centropyge","Centropyge loriculus","fish",,5,2017,,TRUE,
278848,"Chordata","Teleostei","Acanthuriformes","Pomacanthidae","Centropyge","Centropyge potteri","fish",,4025,2017,,TRUE,
218730,"Chordata","Teleostei","Acanthuriformes","Chaetodontidae","Chaetodon","Chaetodon auriga","fish",,793,2017,,TRUE,
218744,"Chordata","Teleostei","Acanthuriformes","Chaetodontidae","Chaetodon","Chaetodon citrinellus","fish",,17,2017,,TRUE,
273335,"Chordata","Teleostei","Acanthuriformes","Chaetodontidae","Chaetodon","Chaetodon ephippium","fish",,9,2017,,TRUE,
273339,"Chordata","Teleostei","Acanthuriformes","Chaetodontidae","Chaetodon","Chaetodon fremblii","fish",,2225,2017,,TRUE,
218738,"Chordata","Teleostei","Acanthuriformes","Chaetodontidae","Chaetodon","Chaetodon kleinii","fish",,284,2017,,TRUE,
218734,"Chordata","Teleostei","Acanthuriformes","Chaetodontidae","Chaetodon","Chaetodon lineolatus","fish",,1,2011,,TRUE,
218733,"Chordata","Teleostei","Acanthuriformes","Chaetodontidae","Chaetodon","Chaetodon lunula","fish",,42,2017,,TRUE,
398549,"Chordata","Teleostei","Acanthuriformes","Chaetodontidae","Chaetodon","Chaetodon lunulatus","fish",,462,2017,,TRUE,
218745,"Chordata","Teleostei","Acanthuriformes","Chaetodontidae","Chaetodon","Chaetodon miliaris","fish",,2676,2017,,TRUE,
273349,"Chordata","Teleostei","Acanthuriformes","Chaetodontidae","Chaetodon","Chaetodon multicinctus","fish",,1295,2017,,TRUE,
273352,"Chordata","Teleostei","Acanthuriformes","Chaetodontidae","Chaetodon","Chaetodon ornatissimus","fish",,716,2017,,TRUE,
273356,"Chordata","Teleostei","Acanthuriformes","Chaetodontidae","Chaetodon","Chaetodon quadrimaculatus","fish",,115,2017,,TRUE,
218719,"Chordata","Teleostei","Acanthuriformes","Chaetodontidae","Chaetodon","Chaetodon trifascialis","fish","NT",560,2017,,TRUE,
218753,"Chordata","Teleostei","Acanthuriformes","Chaetodontidae","Chaetodon","Chaetodon unimaculatus","fish",,143,2017,,TRUE,
277561,"Chordata","Teleostei","Acanthuriformes","Acanthuridae","Ctenochaetus","Ctenochaetus hawaiiensis","fish",,23,2017,,TRUE,
219658,"Chordata","Teleostei","Acanthuriformes","Acanthuridae","Ctenochaetus","Ctenochaetus strigosus","fish",,7478,2017,,TRUE,
218760,"Chordata","Teleostei","Acanthuriformes","Chaetodontidae","Forcipiger","Forcipiger flavissimus","fish",,692,2017,,TRUE,
218759,"Chordata","Teleostei","Acanthuriformes","Chaetodontidae","Forcipiger","Forcipiger longirostris","fish",,77,2017,,TRUE,
279094,"Chordata","Teleostei","Acanthuriformes","Pomacanthidae","Genicanthus","Genicanthus personatus","fish",,304,2017,,TRUE,
277575,"Chordata","Teleostei","Acanthuriformes","Chaetodontidae","Hemitaurichthys","Hemitaurichthys polylepis","fish",,34,2017,,TRUE,
277576,"Chordata","Teleostei","Acanthuriformes","Chaetodontidae","Hemitaurichthys","Hemitaurichthys thompsoni","fish",,4,2017,,TRUE,
218763,"Chordata","Teleostei","Acanthuriformes","Chaetodontidae","Heniochus","Heniochus diphreutes","fish",,63,2017,,TRUE,
126974,"Chordata","Teleostei","Acanthuriformes","Luvaridae","Luvarus","Luvarus imperialis","fish",,1,,,TRUE,
219673,"Chordata","Teleostei","Acanthuriformes","Acanthuridae","Naso","Naso annulatus","fish",,8,2017,,TRUE,
219671,"Chordata","Teleostei","Acanthuriformes","Acanthuridae","Naso","Naso brevirostris","fish",,701,2017,,TRUE,
278004,"Chordata","Teleostei","Acanthuriformes","Acanthuridae","Naso","Naso caesius","fish",,8,2009,,TRUE,
219667,"Chordata","Teleostei","Acanthuriformes","Acanthuridae","Naso","Naso hexacanthus","fish",,359,2017,,TRUE,
219665,"Chordata","Teleostei","Acanthuriformes","Acanthuridae","Naso","Naso lituratus","fish",,1091,2017,,TRUE,
278007,"Chordata","Teleostei","Acanthuriformes","Acanthuridae","Naso","Naso maculatus","fish",,8,2017,,TRUE,
219668,"Chordata","Teleostei","Acanthuriformes","Acanthuridae","Naso","Naso unicornis","fish",,4569,2017,,TRUE,
276801,"Chordata","Teleostei","Acanthuriformes","Ephippidae","Platax","Platax boersii","fish",,1,,,TRUE,
884655,"Chordata","Teleostei","Acanthuriformes","Chaetodontidae","Prognathodes","Prognathodes basabei","fish",,3,2015,,TRUE,
220083,"Chordata","Teleostei","Acanthuriformes","Zanclidae","Zanclus","Zanclus cornutus","fish",,1452,2017,,TRUE,
219683,"Chordata","Teleostei","Acanthuriformes","Acanthuridae","Zebrasoma","Zebrasoma flavescens","fish",,1381,2017,,TRUE,
712902,"Chordata","Teleostei","Acanthuriformes","Acanthuridae","Zebrasoma","Zebrasoma velifer","fish",,1018,2017,,TRUE,
280453,"Chordata","Teleostei","Acropomatiformes","Creediidae","Crystallodytes","Crystallodytes cookei","fish",,1,,,TRUE,
273406,"Chordata","Teleostei","Acropomatiformes","Epigonidae","Epigonus","Epigonus devaneyi","fish",,1,,,TRUE,
273409,"Chordata","Teleostei","Acropomatiformes","Epigonidae","Epigonus","Epigonus fragilis","fish",,1,1975,,TRUE,
280765,"Chordata","Teleostei","Acropomatiformes","Pentacerotidae","Evistias","Evistias acutirostris","fish",,2,2016,,TRUE,
219164,"Chordata","Teleostei","Acropomatiformes","Creediidae","Limnichthys","Limnichthys nitidus","fish",,3,1971,,TRUE,
1468433,"Chordata","Teleostei","Acropomatiformes","Acropomatidae","Parascombrops","Parascombrops argyreus","fish",,1,,,TRUE,
313240,"Chordata","Teleostei","Acropomatiformes","Pentacerotidae","Pentaceros","Pentaceros richardsoni","fish",,4,1980,,TRUE,
313241,"Chordata","Teleostei","Acropomatiformes","Pentacerotidae","Pentaceros","Pentaceros wheeleri","fish",,1,1976,,TRUE,
276567,"Chordata","Teleostei","Acropomatiformes","Symphysanodontidae","Symphysanodon","Symphysanodon maunaloae","fish",,6,1976,,TRUE,
367291,"Chordata","Teleostei","Acropomatiformes","Acropomatidae","Synagrops","Synagrops japonicus","fish",,1,,,TRUE,
212255,"Chordata","Teleostei","Albuliformes","Albulidae","Albula","Albula glossodonta","fish","VU",1,2006,,TRUE,
272950,"Chordata","Teleostei","Alepocephaliformes","Platytroctidae","Mentodus","Mentodus eubranchus","fish",,1,,,TRUE,
272952,"Chordata","Teleostei","Alepocephaliformes","Platytroctidae","Mentodus","Mentodus mesalirus","fish",,1,,,TRUE,
271801,"Chordata","Teleostei","Anguilliformes","Muraenidae","Anarchias","Anarchias leucurus","fish",,1,1902,,TRUE,
217465,"Chordata","Teleostei","Anguilliformes","Muraenidae","Anarchias","Anarchias seychellensis","fish",,4,1951,,TRUE,
271924,"Chordata","Teleostei","Anguilliformes","Ophichthidae","Apterichtus","Apterichtus flavicaudus","fish",,3,1968,,TRUE,
271725,"Chordata","Teleostei","Anguilliformes","Congridae","Ariosoma","Ariosoma marginatum","fish",,6,1980,,TRUE,
126304,"Chordata","Teleostei","Anguilliformes","Nemichthyidae","Avocettina","Avocettina infans","fish",,1,1968,,TRUE,
276864,"Chordata","Teleostei","Anguilliformes","Congridae","Bathycongrus","Bathycongrus aequoreus","fish",,3,2009,,TRUE,
275470,"Chordata","Teleostei","Anguilliformes","Ophichthidae","Callechelys","Callechelys lutea","fish",,3,1950,,TRUE,
217566,"Chordata","Teleostei","Anguilliformes","Ophichthidae","Cirrhimuraena","Cirrhimuraena playfairii","fish",,1,,,TRUE,
217545,"Chordata","Teleostei","Anguilliformes","Congridae","Conger","Conger cinereus","fish",,10,2005,,TRUE,
299452,"Chordata","Teleostei","Anguilliformes","Congridae","Conger","Conger marginatus","fish",,7,1951,,TRUE,
271746,"Chordata","Teleostei","Anguilliformes","Congridae","Conger","Conger oligoporus","fish",,7,1976,,TRUE,
217546,"Chordata","Teleostei","Anguilliformes","Congridae","Conger","Conger wilsoni","fish",,2,1951,,TRUE,
217469,"Chordata","Teleostei","Anguilliformes","Muraenidae","Echidna","Echidna nebulosa","fish",,4,2009,,TRUE,
217467,"Chordata","Teleostei","Anguilliformes","Muraenidae","Echidna","Echidna polyzona","fish",,4,1951,,TRUE,
217472,"Chordata","Teleostei","Anguilliformes","Muraenidae","Enchelycore","Enchelycore pardalis","fish",,8,2015,,TRUE,
217475,"Chordata","Teleostei","Anguilliformes","Muraenidae","Enchelynassa","Enchelynassa canina","fish",,1,,,TRUE,
217476,"Chordata","Teleostei","Anguilliformes","Muraenidae","Gymnomuraena","Gymnomuraena zebra","fish",,1,,,TRUE,
271814,"Chordata","Teleostei","Anguilliformes","Muraenidae","Gymnothorax","Gymnothorax albimarginatus","fish",,2,1980,,TRUE,
271819,"Chordata","Teleostei","Anguilliformes","Muraenidae","Gymnothorax","Gymnothorax atolli","fish",,2,1991,,TRUE,
271824,"Chordata","Teleostei","Anguilliformes","Muraenidae","Gymnothorax","Gymnothorax berndti","fish",,4,1980,,TRUE,
217493,"Chordata","Teleostei","Anguilliformes","Muraenidae","Gymnothorax","Gymnothorax elegans","fish",,1,,,TRUE,
217496,"Chordata","Teleostei","Anguilliformes","Muraenidae","Gymnothorax","Gymnothorax eurostus","fish",,52,2017,,TRUE,
217495,"Chordata","Teleostei","Anguilliformes","Muraenidae","Gymnothorax","Gymnothorax flavimarginatus","fish",,36,2017,,TRUE,
217489,"Chordata","Teleostei","Anguilliformes","Muraenidae","Gymnothorax","Gymnothorax hepaticus","fish",,1,1976,,TRUE,
217502,"Chordata","Teleostei","Anguilliformes","Muraenidae","Gymnothorax","Gymnothorax javanicus","fish",,11,2016,,TRUE,
271843,"Chordata","Teleostei","Anguilliformes","Muraenidae","Gymnothorax","Gymnothorax kidako","fish",,1,1980,,TRUE,
217481,"Chordata","Teleostei","Anguilliformes","Muraenidae","Gymnothorax","Gymnothorax melatremus","fish",,1,,,TRUE,
217503,"Chordata","Teleostei","Anguilliformes","Muraenidae","Gymnothorax","Gymnothorax meleagris","fish",,39,2017,,TRUE,
217488,"Chordata","Teleostei","Anguilliformes","Muraenidae","Gymnothorax","Gymnothorax nudivomer","fish",,2,1980,,TRUE,
271863,"Chordata","Teleostei","Anguilliformes","Muraenidae","Gymnothorax","Gymnothorax nuttingi","fish",,1,,,TRUE,
271888,"Chordata","Teleostei","Anguilliformes","Muraenidae","Gymnothorax","Gymnothorax steindachneri","fish",,29,2017,,TRUE,
217508,"Chordata","Teleostei","Anguilliformes","Muraenidae","Gymnothorax","Gymnothorax undulatus","fish",,16,2016,,TRUE,
279114,"Chordata","Teleostei","Anguilliformes","Ophichthidae","Ichthyapus","Ichthyapus vulturis","fish",,10,1968,,TRUE,
217461,"Chordata","Teleostei","Anguilliformes","Moringuidae","Moringua","Moringua ferruginea","fish",,1,,,TRUE,
217579,"Chordata","Teleostei","Anguilliformes","Ophichthidae","Myrichthys","Myrichthys colubrinus","fish",,3,1951,,TRUE,
275485,"Chordata","Teleostei","Anguilliformes","Ophichthidae","Myrichthys","Myrichthys magnificus","fish",,26,2017,,TRUE,
126306,"Chordata","Teleostei","Anguilliformes","Nemichthyidae","Nemichthys","Nemichthys scolopaceus","fish",,1,1902,,TRUE,
217596,"Chordata","Teleostei","Anguilliformes","Ophichthidae","Schultzidia","Schultzidia johnstonensis","fish",,2,1964,,TRUE,
282712,"Chordata","Teleostei","Anguilliformes","Ophichthidae","Scolecenchelys","Scolecenchelys cookei","fish",,11,1951,,TRUE,
282722,"Chordata","Teleostei","Anguilliformes","Ophichthidae","Scolecenchelys","Scolecenchelys puhioilo","fish",,1,,,TRUE,
217530,"Chordata","Teleostei","Anguilliformes","Muraenidae","Scuticaria","Scuticaria tigrina","fish",,1,1980,,TRUE,
272005,"Chordata","Teleostei","Anguilliformes","Serrivomeridae","Serrivomer","Serrivomer sector","fish",,1,,,TRUE,
158665,"Chordata","Teleostei","Anguilliformes","Synaphobranchidae","Synaphobranchus","Synaphobranchus affinis","fish",,1,,,TRUE,
221388,"Chordata","Teleostei","Anguilliformes","Synaphobranchidae","Synaphobranchus","Synaphobranchus brevidorsalis","fish",,2,1972,,TRUE,
212037,"Chordata","Teleostei","Anguilliformes","Muraenidae","Uropterygius","Uropterygius macrocephalus","fish",,1,,,TRUE,
212032,"Chordata","Teleostei","Anguilliformes","Muraenidae","Uropterygius","Uropterygius marmoratus","fish",,1,,,TRUE,
212040,"Chordata","Teleostei","Anguilliformes","Muraenidae","Uropterygius","Uropterygius polyspilus","fish",,1,,,TRUE,
212041,"Chordata","Teleostei","Anguilliformes","Muraenidae","Uropterygius","Uropterygius supraforatus","fish",,1,,,TRUE,
283164,"Chordata","Teleostei","Argentiniformes","Opisthoproctidae","Winteria","Winteria telescopa","fish",,1,1968,,TRUE,
272035,"Chordata","Teleostei","Atheriniformes","Atherinidae","Atherinomorus","Atherinomorus insularum","fish",,24,2016,,TRUE,
126334,"Chordata","Teleostei","Aulopiformes","Anotopteridae","Anotopterus","Anotopterus pharao","fish",,1,1968,,TRUE,
221394,"Chordata","Teleostei","Aulopiformes","Ipnopidae","Bathypterois","Bathypterois atricolor","fish",,1,,,TRUE,
126337,"Chordata","Teleostei","Aulopiformes","Evermannellidae","Coccorella","Coccorella atlantica","fish",,1,1968,,TRUE,
318485,"Chordata","Teleostei","Aulopiformes","Aulopidae","Hime","Hime japonica","fish",,1,1970,,TRUE,
272111,"Chordata","Teleostei","Aulopiformes","Synodontidae","Saurida","Saurida flamma","fish",,5,2007,,TRUE,
217662,"Chordata","Teleostei","Aulopiformes","Synodontidae","Saurida","Saurida gracilis","fish",,6,2016,,TRUE,
272107,"Chordata","Teleostei","Aulopiformes","Scopelarchidae","Scopelarchus","Scopelarchus stephensi","fish",,1,1968,,TRUE,
217674,"Chordata","Teleostei","Aulopiformes","Synodontidae","Synodus","Synodus binotatus","fish",,32,2016,,TRUE,
217667,"Chordata","Teleostei","Aulopiformes","Synodontidae","Synodus","Synodus dermatogenys","fish",,10,2016,,TRUE,
217672,"Chordata","Teleostei","Aulopiformes","Synodontidae","Synodus","Synodus doaki","fish",,4,1977,,TRUE,
272125,"Chordata","Teleostei","Aulopiformes","Synodontidae","Synodus","Synodus falcatus","fish",,4,1981,,TRUE,
272129,"Chordata","Teleostei","Aulopiformes","Synodontidae","Synodus","Synodus kaianus","fish",,1,,,TRUE,
272131,"Chordata","Teleostei","Aulopiformes","Synodontidae","Synodus","Synodus lobeli","fish",,1,,,TRUE,
272144,"Chordata","Teleostei","Aulopiformes","Synodontidae","Synodus","Synodus ulae","fish",,32,2012,,TRUE,
272145,"Chordata","Teleostei","Aulopiformes","Synodontidae","Synodus","Synodus usitatus","fish",,3,1981,,TRUE,
217670,"Chordata","Teleostei","Aulopiformes","Synodontidae","Synodus","Synodus variegatus","fish",,34,2016,,TRUE,
158884,"Chordata","Teleostei","Aulopiformes","Synodontidae","Trachinocephalus","Trachinocephalus myops","fish",,6,1981,,TRUE,
308682,"Chordata","Teleostei","Aulopiformes","Synodontidae","Trachinocephalus","Trachinocephalus trachinus","fish",,1,,,TRUE,
159246,"Chordata","Teleostei","Beloniformes","Belonidae","Ablennes","Ablennes hians","fish",,5,1967,,TRUE,
217863,"Chordata","Teleostei","Beloniformes","Exocoetidae","Cheilopogon","Cheilopogon atrisignis","fish",,1,,,TRUE,
159261,"Chordata","Teleostei","Beloniformes","Exocoetidae","Cheilopogon","Cheilopogon furcatus","fish",,1,,,TRUE,
272163,"Chordata","Teleostei","Beloniformes","Exocoetidae","Cheilopogon","Cheilopogon spilonotopterus","fish",,5,1967,,TRUE,
217859,"Chordata","Teleostei","Beloniformes","Exocoetidae","Cheilopogon","Cheilopogon suttoni","fish",,1,,,TRUE,
217858,"Chordata","Teleostei","Beloniformes","Exocoetidae","Cheilopogon","Cheilopogon unicolor","fish",,1,,,TRUE,
312479,"Chordata","Teleostei","Beloniformes","Exocoetidae","Cypselurus","Cypselurus simus","fish",,1,,,TRUE,
220012,"Chordata","Teleostei","Beloniformes","Hemiramphidae","Euleptorhamphus","Euleptorhamphus viridis","fish",,1,,,TRUE,
217869,"Chordata","Teleostei","Beloniformes","Exocoetidae","Exocoetus","Exocoetus monocirrhus","fish",,1,,,TRUE,
126385,"Chordata","Teleostei","Beloniformes","Exocoetidae","Exocoetus","Exocoetus volitans","fish",,5,2010,,TRUE,
272176,"Chordata","Teleostei","Beloniformes","Hemiramphidae","Hemiramphus","Hemiramphus depauperatus","fish",,1,,,TRUE,
126386,"Chordata","Teleostei","Beloniformes","Exocoetidae","Hirundichthys","Hirundichthys rondeletii","fish",,3,1967,,TRUE,
126387,"Chordata","Teleostei","Beloniformes","Exocoetidae","Hirundichthys","Hirundichthys speculiger","fish",,1,,,TRUE,
1018969,"Chordata","Teleostei","Beloniformes","Hemiramphidae","Hyporhamphus","Hyporhamphus pacificus","fish",,1,,,TRUE,
217871,"Chordata","Teleostei","Beloniformes","Hemiramphidae","Oxyporhamphus","Oxyporhamphus micropterus","fish",,4,2002,,TRUE,
217872,"Chordata","Teleostei","Beloniformes","Exocoetidae","Parexocoetus","Parexocoetus brachypterus","fish",,13,2002,,TRUE,
126377,"Chordata","Teleostei","Beloniformes","Belonidae","Platybelone","Platybelone argalus","fish",,59,2017,,TRUE,
1592404,"Chordata","Teleostei","Beloniformes","Belonidae","Platybelone","Platybelone platyura","fish",,2,,,TRUE,
159259,"Chordata","Teleostei","Beloniformes","Belonidae","Tylosurus","Tylosurus crocodilus","fish",,19,2010,,TRUE,
213650,"Chordata","Teleostei","Beloniformes","Belonidae","Tylosurus","Tylosurus melanotus","fish",,1,,,TRUE,
126395,"Chordata","Teleostei","Beryciformes","Berycidae","Beryx","Beryx splendens","fish",,1,1970,,TRUE,
126407,"Chordata","Teleostei","Beryciformes","Cetomimidae","Ditropichthys","Ditropichthys storeri","fish",,1,1968,,TRUE,
274928,"Chordata","Teleostei","Beryciformes","Melamphaidae","Melamphaes","Melamphaes indicus","fish",,1,,,TRUE,
126412,"Chordata","Teleostei","Beryciformes","Rondeletiidae","Rondeletia","Rondeletia loricata","fish",,1,1968,,TRUE,
127279,"Chordata","Teleostei","Beryciformes","Melamphaidae","Scopelogadus","Scopelogadus mizolepis","fish",,2,1955,,TRUE,
219251,"Chordata","Teleostei","Blenniiformes","Blenniidae","Blenniella","Blenniella gibbifrons","fish",,4,1951,,TRUE,
276723,"Chordata","Teleostei","Blenniiformes","Blenniidae","Cirripectes","Cirripectes obscurus","fish",,2,2011,,TRUE,
276725,"Chordata","Teleostei","Blenniiformes","Blenniidae","Cirripectes","Cirripectes vanderbilti","fish",,1046,2017,,TRUE,
276882,"Chordata","Teleostei","Blenniiformes","Blenniidae","Enchelyurus","Enchelyurus ater","fish",,1,,,TRUE,
276883,"Chordata","Teleostei","Blenniiformes","Blenniidae","Enchelyurus","Enchelyurus brunneolus","fish",,12,1951,,TRUE,
277298,"Chordata","Teleostei","Blenniiformes","Tripterygiidae","Enneapterygius","Enneapterygius atriceps","fish",,1,,,TRUE,
310506,"Chordata","Teleostei","Blenniiformes","Blenniidae","Entomacrodus","Entomacrodus marmoratus","fish",,5,2007,,TRUE,
219286,"Chordata","Teleostei","Blenniiformes","Blenniidae","Exallias","Exallias brevis","fish",,213,2017,,TRUE,
219294,"Chordata","Teleostei","Blenniiformes","Blenniidae","Istiblennius","Istiblennius edentulus","fish",,3,1951,,TRUE,
278383,"Chordata","Teleostei","Blenniiformes","Blenniidae","Istiblennius","Istiblennius zebra","fish",,10,1951,,TRUE,
278235,"Chordata","Teleostei","Blenniiformes","Blenniidae","Plagiotremus","Plagiotremus ewaensis","fish",,178,2017,,TRUE,
278236,"Chordata","Teleostei","Blenniiformes","Blenniidae","Plagiotremus","Plagiotremus goslinei","fish",,321,2017,,TRUE,
273175,"Chordata","Teleostei","Callionymiformes","Callionymidae","Callionymus","Callionymus decoratus","fish",,4,1951,,TRUE,
302274,"Chordata","Teleostei","Callionymiformes","Callionymidae","Synchiropus","Synchiropus corallinus","fish",,1,,,TRUE,
273261,"Chordata","Teleostei","Callionymiformes","Callionymidae","Synchiropus","Synchiropus rosulentus","fish",,1,,,TRUE,
218909,"Chordata","Teleostei","Carangaria incertae sedis","Polynemidae","Polydactylus","Polydactylus sexfilis","fish",,6,2009,,TRUE,
345843,"Chordata","Teleostei","Carangaria incertae sedis","Sphyraenidae","Sphyraena","Sphyraena barracuda","fish",,21,2017,,TRUE,
212055,"Chordata","Teleostei","Carangaria incertae sedis","Sphyraenidae","Sphyraena","Sphyraena helleri","fish",,2,2006,,TRUE,
159629,"Chordata","Teleostei","Carangiformes","Carangidae","Alectis","Alectis ciliaris","fish",,5,2004,,TRUE,
218384,"Chordata","Teleostei","Carangiformes","Carangidae","Atule","Atule mate","fish",,1,,,TRUE,
218396,"Chordata","Teleostei","Carangiformes","Carangidae","Carangoides","Carangoides chrysophrys","fish",,2,,,TRUE,
218390,"Chordata","Teleostei","Carangiformes","Carangidae","Carangoides","Carangoides equula","fish",,2,1977,,TRUE,
218395,"Chordata","Teleostei","Carangiformes","Carangidae","Carangoides","Carangoides ferdau","fish",,70,2017,,TRUE,
218414,"Chordata","Teleostei","Carangiformes","Carangidae","Caranx","Caranx ignobilis","fish",,3848,2017,,TRUE,
126805,"Chordata","Teleostei","Carangiformes","Carangidae","Caranx","Caranx lugubris","fish",,14,2017,,TRUE,
218419,"Chordata","Teleostei","Carangiformes","Carangidae","Caranx","Caranx melampygus","fish",,2026,2017,,TRUE,
218404,"Chordata","Teleostei","Carangiformes","Carangidae","Caranx","Caranx sexfasciatus","fish",,34,2017,,TRUE,
126846,"Chordata","Teleostei","Carangiformes","Coryphaenidae","Coryphaena","Coryphaena hippurus","fish",,5,1976,,TRUE,
126807,"Chordata","Teleostei","Carangiformes","Carangidae","Decapterus","Decapterus macarellus","fish",,110,2017,,TRUE,
218426,"Chordata","Teleostei","Carangiformes","Carangidae","Decapterus","Decapterus macrosoma","fish",,1,,,TRUE,
273279,"Chordata","Teleostei","Carangiformes","Carangidae","Decapterus","Decapterus muroadsi","fish",,4,1982,,TRUE,
218427,"Chordata","Teleostei","Carangiformes","Carangidae","Decapterus","Decapterus russelli","fish",,1,1973,,TRUE,
159484,"Chordata","Teleostei","Carangiformes","Carangidae","Decapterus","Decapterus tabl","fish",,4,1976,,TRUE,
126809,"Chordata","Teleostei","Carangiformes","Carangidae","Elagatis","Elagatis bipinnulata","fish",,77,2017,,TRUE,
1605280,"Chordata","Teleostei","Carangiformes","Carangidae","Ferdauia","Ferdauia orthogrammus","fish",,158,2017,,TRUE,
218429,"Chordata","Teleostei","Carangiformes","Carangidae","Gnathanodon","Gnathanodon speciosus","fish",,1,,,TRUE,
158812,"Chordata","Teleostei","Carangiformes","Istiophoridae","Istiophorus","Istiophorus platypterus","fish",,1,2016,,TRUE,
219729,"Chordata","Teleostei","Carangiformes","Istiophoridae","Makaira","Makaira mazara","fish",,1,,,TRUE,
126950,"Chordata","Teleostei","Carangiformes","Istiophoridae","Makaira","Makaira nigricans","fish","VU",1,,,TRUE,
126811,"Chordata","Teleostei","Carangiformes","Carangidae","Naucrates","Naucrates ductor","fish",,2,1902,,TRUE,
126812,"Chordata","Teleostei","Carangiformes","Carangidae","Pseudocaranx","Pseudocaranx dentex","fish",,94,2017,,TRUE,
126851,"Chordata","Teleostei","Carangiformes","Echeneidae","Remora","Remora brachyptera","fish",,1,1968,,TRUE,
126852,"Chordata","Teleostei","Carangiformes","Echeneidae","Remora","Remora osteochir","fish",,1,1960,,TRUE,
126853,"Chordata","Teleostei","Carangiformes","Echeneidae","Remora","Remora remora","fish",,7,1961,,TRUE,
218434,"Chordata","Teleostei","Carangiformes","Carangidae","Scomberoides","Scomberoides lysan","fish",,31,2017,,TRUE,
159646,"Chordata","Teleostei","Carangiformes","Carangidae","Selar","Selar crumenophthalmus","fish",,7,2004,,TRUE,
126816,"Chordata","Teleostei","Carangiformes","Carangidae","Seriola","Seriola dumerili","fish",,185,2017,,TRUE,
218436,"Chordata","Teleostei","Carangiformes","Carangidae","Seriola","Seriola lalandi","fish",,10,1980,,TRUE,
219734,"Chordata","Teleostei","Carangiformes","Istiophoridae","Tetrapturus","Tetrapturus angustirostris","fish",,1,,,TRUE,
218449,"Chordata","Teleostei","Carangiformes","Carangidae","Uraspis","Uraspis helvola","fish",,1,,,TRUE,
218851,"Chordata","Teleostei","Centrarchiformes","Cirrhitidae","Amblycirrhitus","Amblycirrhitus bimacula","fish",,3,2015,,TRUE,
218861,"Chordata","Teleostei","Centrarchiformes","Cirrhitidae","Cirrhitops","Cirrhitops fasciatus","fish",,1443,2017,,TRUE,
218862,"Chordata","Teleostei","Centrarchiformes","Cirrhitidae","Cirrhitus","Cirrhitus pinnulatus","fish",,655,2017,,TRUE,
280862,"Chordata","Teleostei","Centrarchiformes","Kyphosidae","Girella","Girella leonina","fish",,1,,,TRUE,
280921,"Chordata","Teleostei","Centrarchiformes","Cheilodactylidae","Goniistius","Goniistius vittatus","fish",,310,2017,,TRUE,
278245,"Chordata","Teleostei","Centrarchiformes","Kuhliidae","Kuhlia","Kuhlia marginata","fish",,1,1923,,TRUE,
278250,"Chordata","Teleostei","Centrarchiformes","Kuhliidae","Kuhlia","Kuhlia sandvicensis","fish",,10,2014,,TRUE,
278251,"Chordata","Teleostei","Centrarchiformes","Kuhliidae","Kuhlia","Kuhlia xenura","fish",,3,1950,,TRUE,
218707,"Chordata","Teleostei","Centrarchiformes","Kyphosidae","Kyphosus","Kyphosus bigibbus","fish",,5,1976,,TRUE,
218708,"Chordata","Teleostei","Centrarchiformes","Kyphosidae","Kyphosus","Kyphosus cinerascens","fish",,109,2016,,TRUE,
273522,"Chordata","Teleostei","Centrarchiformes","Kyphosidae","Kyphosus","Kyphosus hawaiiensis","fish",,3,2012,,TRUE,
1018702,"Chordata","Teleostei","Centrarchiformes","Kyphosidae","Kyphosus","Kyphosus ocyurus","fish",,2,1976,,TRUE,
273524,"Chordata","Teleostei","Centrarchiformes","Kyphosidae","Kyphosus","Kyphosus pacificus","fish",,2,1951,,TRUE,
712742,"Chordata","Teleostei","Centrarchiformes","Kyphosidae","Kyphosus","Kyphosus sandwicensis","fish",,435,2012,,TRUE,
218706,"Chordata","Teleostei","Centrarchiformes","Kyphosidae","Kyphosus","Kyphosus vaigiensis","fish",,289,2009,,TRUE,
277892,"Chordata","Teleostei","Centrarchiformes","Oplegnathidae","Oplegnathus","Oplegnathus fasciatus","fish",,48,2017,,TRUE,
277894,"Chordata","Teleostei","Centrarchiformes","Oplegnathidae","Oplegnathus","Oplegnathus punctatus","fish",,771,2017,,TRUE,
218866,"Chordata","Teleostei","Centrarchiformes","Cirrhitidae","Paracirrhites","Paracirrhites arcatus","fish",,2477,2017,,TRUE,
218867,"Chordata","Teleostei","Centrarchiformes","Cirrhitidae","Paracirrhites","Paracirrhites forsteri","fish",,985,2017,,TRUE,
279331,"Chordata","Teleostei","Clupeiformes","Engraulidae","Encrasicholina","Encrasicholina purpurea","fish",,12,2010,,TRUE,
217442,"Chordata","Teleostei","Clupeiformes","Dussumieriidae","Etrumeus","Etrumeus micropus","fish",,1,1923,,TRUE,
584793,"Chordata","Teleostei","Clupeiformes","Dussumieriidae","Etrumeus","Etrumeus sadina","fish",,1,,,TRUE,
126424,"Chordata","Teleostei","Clupeiformes","Spratelloididae","Spratelloides","Spratelloides delicatulus","fish",,52,2017,,TRUE,
218158,"Chordata","Teleostei","Dactylopteriformes","Dactylopteridae","Dactyloptena","Dactyloptena orientalis","fish",,6,1951,,TRUE,
276730,"Chordata","Teleostei","Dactylopteriformes","Pegasidae","Eurypegasus","Eurypegasus papilio","fish",,8,1979,,TRUE,
279168,"Chordata","Teleostei","Eupercaria incertae sedis","Labridae","Anampses","Anampses chrysocephalus","fish",,451,2017,,TRUE,
279169,"Chordata","Teleostei","Eupercaria incertae sedis","Labridae","Anampses","Anampses cuvier","fish",,1176,2017,,TRUE,
218470,"Chordata","Teleostei","Eupercaria incertae sedis","Lutjanidae","Aphareus","Aphareus furca","fish",,230,2017,,TRUE,
212546,"Chordata","Teleostei","Eupercaria incertae sedis","Lutjanidae","Aprion","Aprion virescens","fish",,3483,2017,,TRUE,
712758,"Chordata","Teleostei","Eupercaria incertae sedis","Labridae","Bodianus","Bodianus albotaeniatus","fish",,5534,2017,,TRUE,
218932,"Chordata","Teleostei","Eupercaria incertae sedis","Labridae","Bodianus","Bodianus bilunulatus","fish",,36,2010,,TRUE,
218927,"Chordata","Teleostei","Eupercaria incertae sedis","Labridae","Bodianus","Bodianus macrourus","fish",,1,1923,,TRUE,
273538,"Chordata","Teleostei","Eupercaria incertae sedis","Labridae","Bodianus","Bodianus oxycephalus","fish",,1,1980,,TRUE,
273542,"Chordata","Teleostei","Eupercaria incertae sedis","Labridae","Bodianus","Bodianus sanguineus","fish",,2,2015,,TRUE,
273546,"Chordata","Teleostei","Eupercaria incertae sedis","Labridae","Bodianus","Bodianus vulpinus","fish",,3,1976,,TRUE,
219076,"Chordata","Teleostei","Eupercaria incertae sedis","Scaridae","Calotomus","Calotomus carolinus","fish",,337,2017,,TRUE,
276711,"Chordata","Teleostei","Eupercaria incertae sedis","Scaridae","Calotomus","Calotomus zonarchus","fish",,447,2017,,TRUE,
218945,"Chordata","Teleostei","Eupercaria incertae sedis","Labridae","Cheilinus","Cheilinus undulatus","fish","EN",2,2003,,TRUE,
218948,"Chordata","Teleostei","Eupercaria incertae sedis","Labridae","Cheilio","Cheilio inermis","fish",,19,2016,,TRUE,
277509,"Chordata","Teleostei","Eupercaria incertae sedis","Scaridae","Chlorurus","Chlorurus perspicillatus","fish",,9339,2017,,TRUE,
219082,"Chordata","Teleostei","Eupercaria incertae sedis","Scaridae","Chlorurus","Chlorurus sordidus","fish",,10,1951,,TRUE,
712772,"Chordata","Teleostei","Eupercaria incertae sedis","Scaridae","Chlorurus","Chlorurus spilurus","fish",,5598,2017,,TRUE,
277848,"Chordata","Teleostei","Eupercaria incertae sedis","Labridae","Cirrhilabrus","Cirrhilabrus jordani","fish",,43,2017,,TRUE,
273550,"Chordata","Teleostei","Eupercaria incertae sedis","Labridae","Coris","Coris ballieui","fish",,311,2017,,TRUE,
273555,"Chordata","Teleostei","Eupercaria incertae sedis","Labridae","Coris","Coris flavovittata","fish",,1313,2017,,TRUE,
218960,"Chordata","Teleostei","Eupercaria incertae sedis","Labridae","Coris","Coris gaimard","fish",,247,2017,,TRUE,
273564,"Chordata","Teleostei","Eupercaria incertae sedis","Labridae","Coris","Coris venusta","fish",,3920,2017,,TRUE,
218968,"Chordata","Teleostei","Eupercaria incertae sedis","Labridae","Cymolutes","Cymolutes lecluse","fish",,27,2014,,TRUE,
218967,"Chordata","Teleostei","Eupercaria incertae sedis","Labridae","Cymolutes","Cymolutes praetextatus","fish",,3,2009,,TRUE,
278717,"Chordata","Teleostei","Eupercaria incertae sedis","Emmelichthyidae","Emmelichthys","Emmelichthys karnellai","fish",,3,1953,,TRUE,
278719,"Chordata","Teleostei","Eupercaria incertae sedis","Emmelichthyidae","Emmelichthys","Emmelichthys struhsakeri","fish",,2,1970,,TRUE,
218972,"Chordata","Teleostei","Eupercaria incertae sedis","Labridae","Epibulus","Epibulus insidiator","fish",,677,2017,,TRUE,
212545,"Chordata","Teleostei","Eupercaria incertae sedis","Lutjanidae","Etelis","Etelis carbunculus","fish",,17,1980,,TRUE,
212544,"Chordata","Teleostei","Eupercaria incertae sedis","Lutjanidae","Etelis","Etelis coruscans","fish",,8,1980,,TRUE,
218975,"Chordata","Teleostei","Eupercaria incertae sedis","Labridae","Gomphosus","Gomphosus varius","fish",,1950,2017,,TRUE,
280939,"Chordata","Teleostei","Eupercaria incertae sedis","Callanthiidae","Grammatonotus","Grammatonotus macrophthalmus","fish",,1,,,TRUE,
275783,"Chordata","Teleostei","Eupercaria incertae sedis","Labridae","Halichoeres","Halichoeres ornatissimus","fish",,1396,2017,,TRUE,
127004,"Chordata","Teleostei","Eupercaria incertae sedis","Priacanthidae","Heteropriacanthus","Heteropriacanthus cruentatus","fish",,33,2017,,TRUE,
278794,"Chordata","Teleostei","Eupercaria incertae sedis","Labridae","Iniistius","Iniistius aneitensis","fish",,2,2011,,TRUE,
278796,"Chordata","Teleostei","Eupercaria incertae sedis","Labridae","Iniistius","Iniistius baldwini","fish",,2,1976,,TRUE,
219004,"Chordata","Teleostei","Eupercaria incertae sedis","Labridae","Iniistius","Iniistius pavo","fish",,7,2016,,TRUE,
278690,"Chordata","Teleostei","Eupercaria incertae sedis","Labridae","Labroides","Labroides phthirophagus","fish",,1868,2017,,TRUE,
218475,"Chordata","Teleostei","Eupercaria incertae sedis","Lutjanidae","Lutjanus","Lutjanus fulvus","fish",,4,2017,,TRUE,
218482,"Chordata","Teleostei","Eupercaria incertae sedis","Lutjanidae","Lutjanus","Lutjanus kasmira","fish",,492,2017,,TRUE,
219029,"Chordata","Teleostei","Eupercaria incertae sedis","Labridae","Macropharyngodon","Macropharyngodon geoffroy","fish",,3171,2017,,TRUE,
218378,"Chordata","Teleostei","Eupercaria incertae sedis","Malacanthidae","Malacanthus","Malacanthus brevirostris","fish",,119,2017,,TRUE,
218584,"Chordata","Teleostei","Eupercaria incertae sedis","Lethrinidae","Monotaxis","Monotaxis grandoculis","fish",,1292,2017,,TRUE,
219035,"Chordata","Teleostei","Eupercaria incertae sedis","Labridae","Novaculichthys","Novaculichthys taeniourus","fish",,72,2017,,TRUE,
219039,"Chordata","Teleostei","Eupercaria incertae sedis","Labridae","Oxycheilinus","Oxycheilinus bimaculatus","fish",,1529,2017,,TRUE,
278002,"Chordata","Teleostei","Eupercaria incertae sedis","Labridae","Oxycheilinus","Oxycheilinus unifasciatus","fish",,2074,2017,,TRUE,
273763,"Chordata","Teleostei","Eupercaria incertae sedis","Priacanthidae","Priacanthus","Priacanthus alalaua","fish",,3,1976,,TRUE,
218360,"Chordata","Teleostei","Eupercaria incertae sedis","Priacanthidae","Priacanthus","Priacanthus hamrur","fish",,1,,,TRUE,
273766,"Chordata","Teleostei","Eupercaria incertae sedis","Priacanthidae","Priacanthus","Priacanthus meeki","fish",,198,2016,,TRUE,
218512,"Chordata","Teleostei","Eupercaria incertae sedis","Lutjanidae","Pristipomoides","Pristipomoides auricilla","fish",,2,1976,,TRUE,
218511,"Chordata","Teleostei","Eupercaria incertae sedis","Lutjanidae","Pristipomoides","Pristipomoides filamentosus","fish",,370,1980,,TRUE,
218509,"Chordata","Teleostei","Eupercaria incertae sedis","Lutjanidae","Pristipomoides","Pristipomoides sieboldii","fish",,13,1980,,TRUE,
218514,"Chordata","Teleostei","Eupercaria incertae sedis","Lutjanidae","Pristipomoides","Pristipomoides zonatus","fish",,8,1980,,TRUE,
208917,"Chordata","Teleostei","Eupercaria incertae sedis","Labridae","Pseudocheilinus","Pseudocheilinus evanidus","fish",,479,2017,,TRUE,
208914,"Chordata","Teleostei","Eupercaria incertae sedis","Labridae","Pseudocheilinus","Pseudocheilinus octotaenia","fish",,746,2017,,TRUE,
278386,"Chordata","Teleostei","Eupercaria incertae sedis","Labridae","Pseudocheilinus","Pseudocheilinus tetrataenia","fish",,194,2017,,TRUE,
219048,"Chordata","Teleostei","Eupercaria incertae sedis","Labridae","Pseudojuloides","Pseudojuloides cerasinus","fish",,317,2017,,TRUE,
219094,"Chordata","Teleostei","Eupercaria incertae sedis","Scaridae","Scarus","Scarus dubius","fish",,4528,2017,,TRUE,
219125,"Chordata","Teleostei","Eupercaria incertae sedis","Scaridae","Scarus","Scarus psittacus","fish",,1203,2017,,TRUE,
219124,"Chordata","Teleostei","Eupercaria incertae sedis","Scaridae","Scarus","Scarus rubroviolaceus","fish",,291,2017,,TRUE,
219060,"Chordata","Teleostei","Eupercaria incertae sedis","Labridae","Stethojulis","Stethojulis balteata","fish",,5790,2017,,TRUE,
278743,"Chordata","Teleostei","Eupercaria incertae sedis","Labridae","Suezichthys","Suezichthys notatus","fish",,1,,,TRUE,
273577,"Chordata","Teleostei","Eupercaria incertae sedis","Labridae","Thalassoma","Thalassoma ballieui","fish",,7045,2017,,TRUE,
273579,"Chordata","Teleostei","Eupercaria incertae sedis","Labridae","Thalassoma","Thalassoma duperrey","fish",,19907,2017,,TRUE,
273585,"Chordata","Teleostei","Eupercaria incertae sedis","Labridae","Thalassoma","Thalassoma lutescens","fish",,23,2017,,TRUE,
212213,"Chordata","Teleostei","Eupercaria incertae sedis","Labridae","Thalassoma","Thalassoma purpureum","fish",,792,2017,,TRUE,
212211,"Chordata","Teleostei","Eupercaria incertae sedis","Labridae","Thalassoma","Thalassoma quinquevittatum","fish",,18,2017,,TRUE,
212212,"Chordata","Teleostei","Eupercaria incertae sedis","Labridae","Thalassoma","Thalassoma trilobatum","fish",,299,2017,,TRUE,
272304,"Chordata","Teleostei","Gadiformes","Macrouridae","Bathygadus","Bathygadus bowersi","fish",,1,,,TRUE,
272312,"Chordata","Teleostei","Gadiformes","Macrouridae","Cetonurus","Cetonurus crassiceps","fish",,1,,,TRUE,
280276,"Chordata","Teleostei","Gadiformes","Macrouridae","Coelorinchus","Coelorinchus doryssus","fish",,1,,,TRUE,
280283,"Chordata","Teleostei","Gadiformes","Macrouridae","Coelorinchus","Coelorinchus gladius","fish",,1,1973,,TRUE,
272370,"Chordata","Teleostei","Gadiformes","Macrouridae","Hymenocephalus","Hymenocephalus aterrimus","fish",,1,,,TRUE,
272391,"Chordata","Teleostei","Gadiformes","Macrouridae","Malacocephalus","Malacocephalus hawaiiensis","fish",,1,,,TRUE,
277195,"Chordata","Teleostei","Gadiformes","Macrouridae","Mataeocephalus","Mataeocephalus acipenserinus","fish",,1,,,TRUE,
272492,"Chordata","Teleostei","Gadiformes","Moridae","Physiculus","Physiculus grinnelli","fish",,6,1980,,TRUE,
272496,"Chordata","Teleostei","Gadiformes","Moridae","Physiculus","Physiculus japonicus","fish",,1,1970,,TRUE,
272439,"Chordata","Teleostei","Gadiformes","Macrouridae","Sphagemacrurus","Sphagemacrurus gibber","fish",,1,,,TRUE,
275590,"Chordata","Teleostei","Gadiformes","Macrouridae","Ventrifossa","Ventrifossa atherodon","fish",,1,,,TRUE,
277497,"Chordata","Teleostei","Gobiiformes","Gobiidae","Asterropteryx","Asterropteryx semipunctata","fish",,2,2004,,TRUE,
209216,"Chordata","Teleostei","Gobiiformes","Gobiidae","Bathygobius","Bathygobius cocosensis","fish",,1,,,TRUE,
209215,"Chordata","Teleostei","Gobiiformes","Gobiidae","Bathygobius","Bathygobius fuscus","fish",,5,1951,,TRUE,
278586,"Chordata","Teleostei","Gobiiformes","Gobiidae","Eviota","Eviota epiphanes","fish",,12,1951,,TRUE,
278766,"Chordata","Teleostei","Gobiiformes","Gobiidae","Fusigobius","Fusigobius duospilus","fish",,3,2011,,TRUE,
219475,"Chordata","Teleostei","Gobiiformes","Gobiidae","Gnatholepis","Gnatholepis anjerensis","fish",,1,,,TRUE,
219476,"Chordata","Teleostei","Gobiiformes","Gobiidae","Gnatholepis","Gnatholepis cauerensis","fish",,1,,,TRUE,
219608,"Chordata","Teleostei","Gobiiformes","Microdesmidae","Gunnellichthys","Gunnellichthys curiosus","fish",,43,2015,,TRUE,
276652,"Chordata","Teleostei","Gobiiformes","Kraemeriidae","Kraemeria","Kraemeria bryani","fish",,1,,,TRUE,
276762,"Chordata","Teleostei","Gobiiformes","Gobiidae","Priolepis","Priolepis aureoviridis","fish",,1,,,TRUE,
219553,"Chordata","Teleostei","Gobiiformes","Gobiidae","Priolepis","Priolepis eugenius","fish",,10,1951,,TRUE,
276767,"Chordata","Teleostei","Gobiiformes","Gobiidae","Priolepis","Priolepis farcimen","fish",,1,,,TRUE,
276771,"Chordata","Teleostei","Gobiiformes","Gobiidae","Priolepis","Priolepis limbatosquamis","fish",,1,,,TRUE,
282485,"Chordata","Teleostei","Gobiiformes","Gobiidae","Psilogobius","Psilogobius mainlandi","fish",,6,2009,,TRUE,
219617,"Chordata","Teleostei","Gobiiformes","Microdesmidae","Ptereleotris","Ptereleotris heteroptera","fish",,60,2017,,TRUE,
282678,"Chordata","Teleostei","Gobiiformes","Schindleriidae","Schindleria","Schindleria pietschmanni","fish",,1,,,TRUE,
282679,"Chordata","Teleostei","Gobiiformes","Schindleriidae","Schindleria","Schindleria praematura","fish",,1,,,TRUE,
277438,"Chordata","Teleostei","Gobiiformes","Gobiidae","Sicyopterus","Sicyopterus stimpsoni","fish","LR/nt",1,1923,,TRUE,
1486864,"Chordata","Teleostei","Gobiiformes","Gobiidae","Trimma","Trimma unisquame","fish",,1,,,TRUE,
276190,"Chordata","Teleostei","Holocentriformes","Holocentridae","Myripristis","Myripristis amaena","fish",,124,2017,,TRUE,
217927,"Chordata","Teleostei","Holocentriformes","Holocentridae","Myripristis","Myripristis berndti","fish",,508,2017,,TRUE,
217920,"Chordata","Teleostei","Holocentriformes","Holocentridae","Myripristis","Myripristis chryseres","fish",,13,2017,,TRUE,
217915,"Chordata","Teleostei","Holocentriformes","Holocentridae","Myripristis","Myripristis kuntee","fish",,311,2017,,TRUE,
217925,"Chordata","Teleostei","Holocentriformes","Holocentridae","Myripristis","Myripristis murdjan","fish",,3,1976,,TRUE,
217924,"Chordata","Teleostei","Holocentriformes","Holocentridae","Myripristis","Myripristis vittata","fish",,3,2014,,TRUE,
217930,"Chordata","Teleostei","Holocentriformes","Holocentridae","Neoniphon","Neoniphon aurolineatus","fish",,2,2011,,TRUE,
159393,"Chordata","Teleostei","Holocentriformes","Holocentridae","Neoniphon","Neoniphon sammara","fish",,512,2017,,TRUE,
217933,"Chordata","Teleostei","Holocentriformes","Holocentridae","Ostichthys","Ostichthys archiepiscopus","fish",,1,,,TRUE,
217937,"Chordata","Teleostei","Holocentriformes","Holocentridae","Plectrypops","Plectrypops lima","fish",,1,,,TRUE,
217938,"Chordata","Teleostei","Holocentriformes","Holocentridae","Pristilepis","Pristilepis oligolepis","fish",,3,2009,,TRUE,
217940,"Chordata","Teleostei","Holocentriformes","Holocentridae","Sargocentron","Sargocentron caudimaculatum","fish",,8,2007,,TRUE,
217947,"Chordata","Teleostei","Holocentriformes","Holocentridae","Sargocentron","Sargocentron diadema","fish",,190,2017,,TRUE,
272209,"Chordata","Teleostei","Holocentriformes","Holocentridae","Sargocentron","Sargocentron ensifer","fish",,13,2015,,TRUE,
217941,"Chordata","Teleostei","Holocentriformes","Holocentridae","Sargocentron","Sargocentron punctatissimum","fish",,22,2007,,TRUE,
217950,"Chordata","Teleostei","Holocentriformes","Holocentridae","Sargocentron","Sargocentron spiniferum","fish",,193,2017,,TRUE,
217954,"Chordata","Teleostei","Holocentriformes","Holocentridae","Sargocentron","Sargocentron tiere","fish",,5,2016,,TRUE,
272221,"Chordata","Teleostei","Holocentriformes","Holocentridae","Sargocentron","Sargocentron xantherythrum","fish",,205,2017,,TRUE,
209361,"Chordata","Teleostei","Kurtiformes","Apogonidae","Apogon","Apogon erythrinus","fish",,7,1951,,TRUE,
209399,"Chordata","Teleostei","Kurtiformes","Apogonidae","Foa","Foa brachygramma","fish",,7,2003,,TRUE,
712670,"Chordata","Teleostei","Kurtiformes","Apogonidae","Ostorhinchus","Ostorhinchus maculiferus","fish",,21,2015,,TRUE,
712696,"Chordata","Teleostei","Kurtiformes","Apogonidae","Pristiapogon","Pristiapogon kallopterus","fish",,78,2017,,TRUE,
209367,"Chordata","Teleostei","Kurtiformes","Apogonidae","Pristiapogon","Pristiapogon taeniopterus","fish",,5,1951,,TRUE,
278789,"Chordata","Teleostei","Kurtiformes","Apogonidae","Pseudamiops","Pseudamiops diaphanes","fish",,1,,,TRUE,
126522,"Chordata","Teleostei","Lampriformes","Lampridae","Lampris","Lampris guttatus","fish",,1,,,TRUE,
217885,"Chordata","Teleostei","Lampriformes","Veliferidae","Metavelifer","Metavelifer multiradiatus","fish",,6,1976,,TRUE,
1605256,"Chordata","Teleostei","Lophiiformes","Antennariidae","Abantennarius","Abantennarius coccineus","fish",,8,1951,,TRUE,
1605261,"Chordata","Teleostei","Lophiiformes","Antennariidae","Abantennarius","Abantennarius drombus","fish",,1,,,TRUE,
217852,"Chordata","Teleostei","Lophiiformes","Antennariidae","Antennarius","Antennarius commerson","fish",,3,2009,,TRUE,
217851,"Chordata","Teleostei","Lophiiformes","Antennariidae","Antennarius","Antennarius pictus","fish",,1,,,TRUE,
158790,"Chordata","Teleostei","Lophiiformes","Antennariidae","Antennarius","Antennarius striatus","fish",,3,,,TRUE,
217855,"Chordata","Teleostei","Lophiiformes","Antennariidae","Antennatus","Antennatus tuberosus","fish",,3,,,TRUE,
159205,"Chordata","Teleostei","Lophiiformes","Oneirodidae","Dolopichthys","Dolopichthys pullatus","fish",,1,,,TRUE,
279065,"Chordata","Teleostei","Lophiiformes","Ogcocephalidae","Halieutaea","Halieutaea retifera","fish",,1,,,TRUE,
126533,"Chordata","Teleostei","Lophiiformes","Antennariidae","Histrio","Histrio histrio","fish",,1,,,TRUE,
272594,"Chordata","Teleostei","Lophiiformes","Linophrynidae","Linophryne","Linophryne indica","fish",,1,,,TRUE,
272596,"Chordata","Teleostei","Lophiiformes","Linophrynidae","Linophryne","Linophryne pennibarbata","fish",,1,,,TRUE,
277542,"Chordata","Teleostei","Lophiiformes","Ogcocephalidae","Malthopsis","Malthopsis jordani","fish",,1,,,TRUE,
282607,"Chordata","Teleostei","Lophiiformes","Gigantactinidae","Rhynchactis","Rhynchactis leptonema","fish",,1,,,TRUE,
126983,"Chordata","Teleostei","Mugiliformes","Mugilidae","Mugil","Mugil cephalus","fish",,3,1950,,TRUE,
281693,"Chordata","Teleostei","Mugiliformes","Mugilidae","Neomyxus","Neomyxus leuciscus","fish",,2,,,TRUE,
218647,"Chordata","Teleostei","Mulliformes","Mullidae","Mulloidichthys","Mulloidichthys flavolineatus","fish",,749,2017,,TRUE,
218652,"Chordata","Teleostei","Mulliformes","Mullidae","Mulloidichthys","Mulloidichthys mimicus","fish",,7,2016,,TRUE,
218650,"Chordata","Teleostei","Mulliformes","Mullidae","Mulloidichthys","Mulloidichthys pfluegeri","fish",,2,2008,,TRUE,
218648,"Chordata","Teleostei","Mulliformes","Mullidae","Mulloidichthys","Mulloidichthys vanicolensis","fish",,376,2017,,TRUE,
277812,"Chordata","Teleostei","Mulliformes","Mullidae","Parupeneus","Parupeneus chrysonemus","fish",,14,2016,,TRUE,
218665,"Chordata","Teleostei","Mulliformes","Mullidae","Parupeneus","Parupeneus cyclostomus","fish",,775,2017,,TRUE,
277815,"Chordata","Teleostei","Mulliformes","Mullidae","Parupeneus","Parupeneus insularis","fish",,215,2017,,TRUE,
277820,"Chordata","Teleostei","Mulliformes","Mullidae","Parupeneus","Parupeneus multifasciatus","fish",,5243,2017,,TRUE,
218656,"Chordata","Teleostei","Mulliformes","Mullidae","Parupeneus","Parupeneus pleurostigma","fish",,1079,2017,,TRUE,
218662,"Chordata","Teleostei","Mulliformes","Mullidae","Parupeneus","Parupeneus porphyreus","fish","NT",132,2017,,TRUE,
218685,"Chordata","Teleostei","Mulliformes","Mullidae","Upeneus","Upeneus taeniopterus","fish",,1,,,TRUE,
126581,"Chordata","Teleostei","Myctophiformes","Myctophidae","Benthosema","Benthosema suborbitale","fish",,1,1968,,TRUE,
126583,"Chordata","Teleostei","Myctophiformes","Myctophidae","Bolinichthys","Bolinichthys supralateralis","fish",,1,1968,,TRUE,
272653,"Chordata","Teleostei","Myctophiformes","Myctophidae","Centrobranchus","Centrobranchus andreae","fish",,5,2002,,TRUE,
126584,"Chordata","Teleostei","Myctophiformes","Myctophidae","Centrobranchus","Centrobranchus nigroocellatus","fish",,2,1979,,TRUE,
126586,"Chordata","Teleostei","Myctophiformes","Myctophidae","Ceratoscopelus","Ceratoscopelus warmingii","fish",,1,1968,,TRUE,
1525495,"Chordata","Teleostei","Myctophiformes","Myctophidae","Dasyscopelus","Dasyscopelus obtusirostris","fish",,1,,,TRUE,
1525960,"Chordata","Teleostei","Myctophiformes","Myctophidae","Dasyscopelus","Dasyscopelus spinosus","fish",,2,2010,,TRUE,
217692,"Chordata","Teleostei","Myctophiformes","Myctophidae","Diaphus","Diaphus fulgens","fish",,1,1968,,TRUE,
126595,"Chordata","Teleostei","Myctophiformes","Myctophidae","Diaphus","Diaphus mollis","fish",,1,1968,,TRUE,
126599,"Chordata","Teleostei","Myctophiformes","Myctophidae","Diogenichthys","Diogenichthys atlanticus","fish",,1,1968,,TRUE,
217700,"Chordata","Teleostei","Myctophiformes","Myctophidae","Hygophum","Hygophum proximum","fish",,4,2002,,TRUE,
126604,"Chordata","Teleostei","Myctophiformes","Myctophidae","Hygophum","Hygophum reinhardtii","fish",,4,1968,,TRUE,
1525474,"Chordata","Teleostei","Myctophiformes","Myctophidae","Lampanyctus","Lampanyctus bristori","fish",,1,1968,,TRUE,
1525480,"Chordata","Teleostei","Myctophiformes","Myctophidae","Lampanyctus","Lampanyctus hawaiiensis","fish",,1,1968,,TRUE,
158897,"Chordata","Teleostei","Myctophiformes","Myctophidae","Lampanyctus","Lampanyctus nobilis","fish",,1,1968,,TRUE,
217715,"Chordata","Teleostei","Myctophiformes","Myctophidae","Myctophum","Myctophum aurolaternatum","fish",,1,1968,,TRUE,
272720,"Chordata","Teleostei","Myctophiformes","Myctophidae","Myctophum","Myctophum brachygnathum","fish",,8,1951,,TRUE,
272723,"Chordata","Teleostei","Myctophiformes","Myctophidae","Myctophum","Myctophum lychnobium","fish",,7,2010,,TRUE,
126626,"Chordata","Teleostei","Myctophiformes","Myctophidae","Myctophum","Myctophum nitidulum","fish",,17,2002,,TRUE,
217718,"Chordata","Teleostei","Myctophiformes","Myctophidae","Symbolophorus","Symbolophorus evermanni","fish",,13,2002,,TRUE,
126631,"Chordata","Teleostei","Myctophiformes","Myctophidae","Taaningichthys","Taaningichthys bathyphilus","fish",,1,1968,,TRUE,
126632,"Chordata","Teleostei","Myctophiformes","Myctophidae","Taaningichthys","Taaningichthys minimus","fish",,1,1968,,TRUE,
126638,"Chordata","Teleostei","Notacanthiformes","Halosauridae","Aldrovandia","Aldrovandia phalacra","fish",,2,1902,,TRUE,
272795,"Chordata","Teleostei","Ophidiiformes","Ophidiidae","Bassozetus","Bassozetus zenkevitchi","fish",,1,,,TRUE,
217797,"Chordata","Teleostei","Ophidiiformes","Ophidiidae","Brotula","Brotula multibarbata","fish",,9,2011,,TRUE,
272831,"Chordata","Teleostei","Ophidiiformes","Ophidiidae","Ophidion","Ophidion muraenolepis","fish",,2,1977,,TRUE,
126678,"Chordata","Teleostei","Ophidiiformes","Ophidiidae","Spectrunculus","Spectrunculus grandis","fish",,1,,,TRUE,
254879,"Chordata","Teleostei","Ovalentaria incertae sedis","Pomacentridae","Abudefduf","Abudefduf abdominalis","fish",,964,2017,,TRUE,
212888,"Chordata","Teleostei","Ovalentaria incertae sedis","Pomacentridae","Abudefduf","Abudefduf sordidus","fish",,25,2017,,TRUE,
212879,"Chordata","Teleostei","Ovalentaria incertae sedis","Pomacentridae","Abudefduf","Abudefduf vaigiensis","fish",,222,2017,,TRUE,
1042320,"Chordata","Teleostei","Ovalentaria incertae sedis","Pomacentridae","Chromis","Chromis ovalis","fish",,2409,2017,,TRUE,
273757,"Chordata","Teleostei","Ovalentaria incertae sedis","Pomacentridae","Chromis","Chromis struhsakeri","fish",,1,1970,,TRUE,
273759,"Chordata","Teleostei","Ovalentaria incertae sedis","Pomacentridae","Chromis","Chromis verater","fish",,445,2017,,TRUE,
278448,"Chordata","Teleostei","Ovalentaria incertae sedis","Pomacentridae","Dascyllus","Dascyllus albisella","fish",,1895,2017,,TRUE,
212846,"Chordata","Teleostei","Ovalentaria incertae sedis","Pomacentridae","Dascyllus","Dascyllus trimaculatus","fish",,1,,,TRUE,
1592381,"Chordata","Teleostei","Ovalentaria incertae sedis","Pomacentridae","Plectroglyphidodon","Plectroglyphidodon fasciolatus","fish",,15,1951,,TRUE,
212856,"Chordata","Teleostei","Ovalentaria incertae sedis","Pomacentridae","Plectroglyphidodon","Plectroglyphidodon imparipennis","fish",,471,2017,,TRUE,
212859,"Chordata","Teleostei","Ovalentaria incertae sedis","Pomacentridae","Plectroglyphidodon","Plectroglyphidodon johnstonianus","fish",,2745,2017,,TRUE,
1605253,"Chordata","Teleostei","Ovalentaria incertae sedis","Pomacentridae","Plectroglyphidodon","Plectroglyphidodon marginatus","fish",,7694,2017,,TRUE,
277234,"Chordata","Teleostei","Ovalentaria incertae sedis","Pomacentridae","Plectroglyphidodon","Plectroglyphidodon sindonis","fish",,4,1967,,TRUE,
1595014,"Chordata","Teleostei","Ovalentaria incertae sedis","Pomacentridae","Pycnochromis","Pycnochromis acares","fish",,112,2017,,TRUE,
1592293,"Chordata","Teleostei","Ovalentaria incertae sedis","Pomacentridae","Pycnochromis","Pycnochromis agilis","fish",,97,2017,,TRUE,
1595015,"Chordata","Teleostei","Ovalentaria incertae sedis","Pomacentridae","Pycnochromis","Pycnochromis hanui","fish",,3526,2017,,TRUE,
1605308,"Chordata","Teleostei","Ovalentaria incertae sedis","Pomacentridae","Pycnochromis","Pycnochromis leucurus","fish",,5,2017,,TRUE,
320883,"Chordata","Teleostei","Ovalentaria incertae sedis","Pomacentridae","Pycnochromis","Pycnochromis vanderbilti","fish",,2426,2017,,TRUE,
218849,"Chordata","Teleostei","Ovalentaria incertae sedis","Pomacentridae","Stegastes","Stegastes nigricans","fish",,1,2008,,TRUE,
276859,"Chordata","Teleostei","Perciformes","Ammodytidae","Ammodytoides","Ammodytoides pylei","fish",,7,1973,,TRUE,
218170,"Chordata","Teleostei","Perciformes","Serranidae","Aporops","Aporops bilinearis","fish",,1,,,TRUE,
314000,"Chordata","Teleostei","Perciformes","Serranidae","Caprodon","Caprodon unicolor","fish",,1,1977,,TRUE,
220364,"Chordata","Teleostei","Perciformes","Scorpaenidae","Caracanthus","Caracanthus maculatus","fish",,1,2012,,TRUE,
277038,"Chordata","Teleostei","Perciformes","Scorpaenidae","Caracanthus","Caracanthus typicus","fish","NT",37,2017,,TRUE,
218174,"Chordata","Teleostei","Perciformes","Serranidae","Cephalopholis","Cephalopholis argus","fish",,59,2016,,TRUE,
277714,"Chordata","Teleostei","Perciformes","Scorpaenidae","Dendrochirus","Dendrochirus barberi","fish",,23,2015,,TRUE,
278224,"Chordata","Teleostei","Perciformes","Hoplichthyidae","Hoplichthys","Hoplichthys citrinus","fish",,1,,,TRUE,
475080,"Chordata","Teleostei","Perciformes","Serranidae","Hyporthodus","Hyporthodus quernus","fish",,111,2017,,TRUE,
218058,"Chordata","Teleostei","Perciformes","Scorpaenidae","Iracundus","Iracundus signifer","fish",,1,,,TRUE,
281287,"Chordata","Teleostei","Perciformes","Ammodytidae","Lepidammodytes","Lepidammodytes macrophthalmus","fish",,1,,,TRUE,
275936,"Chordata","Teleostei","Perciformes","Serranidae","Liopropoma","Liopropoma aurora","fish",,1,,,TRUE,
275938,"Chordata","Teleostei","Perciformes","Serranidae","Liopropoma","Liopropoma collettei","fish",,1,,,TRUE,
276712,"Chordata","Teleostei","Perciformes","Serranidae","Luzonichthys","Luzonichthys earlei","fish",,1,,,TRUE,
278047,"Chordata","Teleostei","Perciformes","Serranidae","Odontanthias","Odontanthias fuscipinnis","fish",,1,,,TRUE,
1007123,"Chordata","Teleostei","Perciformes","Liparidae","Paraliparis","Paraliparis hawaiiensis","fish",,4,2012,,TRUE,
219158,"Chordata","Teleostei","Perciformes","Pinguipedidae","Parapercis","Parapercis schauinslandii","fish",,106,2017,,TRUE,
279006,"Chordata","Teleostei","Perciformes","Serranidae","Plectranthias","Plectranthias helenae","fish",,1,,,TRUE,
279018,"Chordata","Teleostei","Perciformes","Serranidae","Plectranthias","Plectranthias nanus","fish",,1,,,TRUE,
282285,"Chordata","Teleostei","Perciformes","Plectrogeniidae","Plectrogenium","Plectrogenium nanum","fish",,1,,,TRUE,
274689,"Chordata","Teleostei","Perciformes","Scorpaenidae","Pontinus","Pontinus macrocephalus","fish",,11,1980,,TRUE,
218276,"Chordata","Teleostei","Perciformes","Serranidae","Pseudanthias","Pseudanthias bicolor","fish",,2,2015,,TRUE,
277454,"Chordata","Teleostei","Perciformes","Serranidae","Pseudanthias","Pseudanthias fucinus","fish",,1,,,TRUE,
1012511,"Chordata","Teleostei","Perciformes","Serranidae","Pseudanthias","Pseudanthias hawaiiensis","fish",,3,2010,,TRUE,
277483,"Chordata","Teleostei","Perciformes","Serranidae","Pseudanthias","Pseudanthias thompsoni","fish",,132,2017,,TRUE,
276269,"Chordata","Teleostei","Perciformes","Scorpaenidae","Pterois","Pterois sphex","fish",,33,2016,,TRUE,
277219,"Chordata","Teleostei","Perciformes","Scorpaenidae","Rhinopias","Rhinopias xenops","fish",,2,1975,,TRUE,
1019235,"Chordata","Teleostei","Perciformes","Peristediidae","Scalicus","Scalicus hians","fish",,1,,,TRUE,
712541,"Chordata","Teleostei","Perciformes","Scorpaenidae","Scorpaenodes","Scorpaenodes evides","fish",,1,,,TRUE,
218096,"Chordata","Teleostei","Perciformes","Scorpaenidae","Scorpaenodes","Scorpaenodes hirsutus","fish",,1,,,TRUE,
218101,"Chordata","Teleostei","Perciformes","Scorpaenidae","Scorpaenodes","Scorpaenodes kelloggi","fish",,1,,,TRUE,
218100,"Chordata","Teleostei","Perciformes","Scorpaenidae","Scorpaenodes","Scorpaenodes parvipinnis","fish",,3,2009,,TRUE,
218107,"Chordata","Teleostei","Perciformes","Scorpaenidae","Scorpaenopsis","Scorpaenopsis brevifrons","fish",,1,,,TRUE,
277519,"Chordata","Teleostei","Perciformes","Scorpaenidae","Scorpaenopsis","Scorpaenopsis cacopsis","fish",,5,2011,,TRUE,
218110,"Chordata","Teleostei","Perciformes","Scorpaenidae","Scorpaenopsis","Scorpaenopsis diabolus","fish",,7,2016,,TRUE,
277534,"Chordata","Teleostei","Perciformes","Scorpaenidae","Scorpaenopsis","Scorpaenopsis pluralis","fish",,3,1976,,TRUE,
274757,"Chordata","Teleostei","Perciformes","Scorpaenidae","Sebastapistes","Sebastapistes ballieui","fish",,14,2015,,TRUE,
274759,"Chordata","Teleostei","Perciformes","Scorpaenidae","Sebastapistes","Sebastapistes coniorta","fish","NT",57,2016,,TRUE,
274761,"Chordata","Teleostei","Perciformes","Scorpaenidae","Sebastapistes","Sebastapistes galactacma","fish",,3,1979,,TRUE,
218119,"Chordata","Teleostei","Perciformes","Scorpaenidae","Taenianotus","Taenianotus triacanthus","fish",,3,2008,,TRUE,
279743,"Chordata","Teleostei","Pleuronectiformes","Soleidae","Aseraggodes","Aseraggodes therese","fish",,1,,,TRUE,
219796,"Chordata","Teleostei","Pleuronectiformes","Bothidae","Bothus","Bothus mancus","fish",,1,,,TRUE,
219794,"Chordata","Teleostei","Pleuronectiformes","Bothidae","Bothus","Bothus myriaster","fish",,1,,,TRUE,
219795,"Chordata","Teleostei","Pleuronectiformes","Bothidae","Bothus","Bothus pantherinus","fish",,2,1976,,TRUE,
278153,"Chordata","Teleostei","Pleuronectiformes","Bothidae","Chascanopsetta","Chascanopsetta prorigera","fish",,3,1976,,TRUE,
1605265,"Chordata","Teleostei","Pleuronectiformes","Bothidae","Engyprosopon","Engyprosopon hawaiiense","fish",,1,,,TRUE,
277409,"Chordata","Teleostei","Pleuronectiformes","Bothidae","Engyprosopon","Engyprosopon xenandrus","fish",,1,,,TRUE,
282001,"Chordata","Teleostei","Pleuronectiformes","Bothidae","Parabothus","Parabothus chlorospilus","fish",,1,,,TRUE,
275850,"Chordata","Teleostei","Pleuronectiformes","Pleuronectidae","Poecilopsetta","Poecilopsetta hawaiiensis","fish",,2,1973,,TRUE,
279133,"Chordata","Teleostei","Pleuronectiformes","Samaridae","Samariscus","Samariscus corallinus","fish",,1,,,TRUE,
279155,"Chordata","Teleostei","Pleuronectiformes","Bothidae","Taeniopsetta","Taeniopsetta radula","fish",,1,,,TRUE,
217725,"Chordata","Teleostei","Polymixiiformes","Polymixiidae","Polymixia","Polymixia berndti","fish",,1,1969,,TRUE,
274320,"Chordata","Teleostei","Polymixiiformes","Polymixiidae","Polymixia","Polymixia japonica","fish",,4,1980,,TRUE,
127014,"Chordata","Teleostei","Scombriformes","Scombridae","Acanthocybium","Acanthocybium solandri","fish",,6,2015,,TRUE,
276302,"Chordata","Teleostei","Scombriformes","Ariommatidae","Ariomma","Ariomma lurida","fish",,5,1975,,TRUE,
279766,"Chordata","Teleostei","Scombriformes","Trichiuridae","Assurger","Assurger anzac","fish",,1,,,TRUE,
219708,"Chordata","Teleostei","Scombriformes","Scombridae","Euthynnus","Euthynnus affinis","fish",,24,2015,,TRUE,
126862,"Chordata","Teleostei","Scombriformes","Gempylidae","Gempylus","Gempylus serpens","fish",,3,1955,,TRUE,
273311,"Chordata","Teleostei","Scombriformes","Centrolophidae","Hyperoglyphe","Hyperoglyphe japonica","fish",,3,1980,,TRUE,
127018,"Chordata","Teleostei","Scombriformes","Scombridae","Katsuwonus","Katsuwonus pelamis","fish",,6,2016,,TRUE,
219693,"Chordata","Teleostei","Scombriformes","Gempylidae","Paradiplospinus","Paradiplospinus gracilis","fish",,1,1968,,TRUE,
126866,"Chordata","Teleostei","Scombriformes","Gempylidae","Promethichthys","Promethichthys prometheus","fish",,10,1980,,TRUE,
273681,"Chordata","Teleostei","Scombriformes","Nomeidae","Psenes","Psenes arafurensis","fish",,1,,,TRUE,
712798,"Chordata","Teleostei","Scombriformes","Chiasmodontidae","Pseudoscopelus","Pseudoscopelus odontoglossus","fish",,1,1968,,TRUE,
126867,"Chordata","Teleostei","Scombriformes","Gempylidae","Ruvettus","Ruvettus pretiosus","fish",,2,1970,,TRUE,
219713,"Chordata","Teleostei","Scombriformes","Scombridae","Sarda","Sarda orientalis","fish",,1,,,TRUE,
127022,"Chordata","Teleostei","Scombriformes","Scombridae","Scomber","Scomber japonicus","fish",,1,1976,,TRUE,
127026,"Chordata","Teleostei","Scombriformes","Scombridae","Thunnus","Thunnus alalunga","fish","NT",4,1968,,TRUE,
127027,"Chordata","Teleostei","Scombriformes","Scombridae","Thunnus","Thunnus albacares","fish","NT",9,1976,,TRUE,
127028,"Chordata","Teleostei","Scombriformes","Scombridae","Thunnus","Thunnus obesus","fish","VU",4,1976,,TRUE,
1493188,"Chordata","Teleostei","Stomiiformes","Sternoptychidae","Araiophos","Araiophos gracilis","fish",,1,,,TRUE,
127306,"Chordata","Teleostei","Stomiiformes","Sternoptychidae","Argyropelecus","Argyropelecus aculeatus","fish",,4,1968,,TRUE,
127309,"Chordata","Teleostei","Stomiiformes","Sternoptychidae","Argyropelecus","Argyropelecus hemigymnus","fish",,1,1968,,TRUE,
275033,"Chordata","Teleostei","Stomiiformes","Stomiidae","Astronesthes","Astronesthes nigroides","fish",,1,1979,,TRUE,
275047,"Chordata","Teleostei","Stomiiformes","Stomiidae","Bathophilus","Bathophilus kingi","fish",,1,,,TRUE,
127338,"Chordata","Teleostei","Stomiiformes","Stomiidae","Chauliodus","Chauliodus sloani","fish",,1,1968,,TRUE,
127282,"Chordata","Teleostei","Stomiiformes","Gonostomatidae","Cyclothone","Cyclothone acclinidens","fish",,1,1968,,TRUE,
127283,"Chordata","Teleostei","Stomiiformes","Gonostomatidae","Cyclothone","Cyclothone alba","fish",,1,1968,,TRUE,
127288,"Chordata","Teleostei","Stomiiformes","Gonostomatidae","Cyclothone","Cyclothone pallida","fish",,1,1968,,TRUE,
275068,"Chordata","Teleostei","Stomiiformes","Stomiidae","Eustomias","Eustomias bifilis","fish",,1,1955,,TRUE,
275076,"Chordata","Teleostei","Stomiiformes","Stomiidae","Eustomias","Eustomias cancriensis","fish",,1,,,TRUE,
275081,"Chordata","Teleostei","Stomiiformes","Stomiidae","Eustomias","Eustomias cryptobulbus","fish",,2,1979,,TRUE,
127343,"Chordata","Teleostei","Stomiiformes","Stomiidae","Eustomias","Eustomias furcifer","fish",,1,1979,,TRUE,
275106,"Chordata","Teleostei","Stomiiformes","Stomiidae","Eustomias","Eustomias longiramis","fish",,2,1955,,TRUE,
274952,"Chordata","Teleostei","Stomiiformes","Phosichthyidae","Ichthyococcus","Ichthyococcus elongatus","fish",,1,1968,,TRUE,
127365,"Chordata","Teleostei","Stomiiformes","Stomiidae","Melanostomias","Melanostomias valdiviae","fish",,2,1979,,TRUE,
281926,"Chordata","Teleostei","Stomiiformes","Stomiidae","Opostomias","Opostomias mitsuii","fish",,1,1968,,TRUE,
221512,"Chordata","Teleostei","Stomiiformes","Gonostomatidae","Sigmops","Sigmops elongatus","fish",,1,1968,,TRUE,
279336,"Chordata","Teleostei","Stomiiformes","Gonostomatidae","Sigmops","Sigmops gracilis","fish",,1,1968,,TRUE,
127314,"Chordata","Teleostei","Stomiiformes","Sternoptychidae","Sternoptyx","Sternoptyx diaphana","fish",,2,1968,,TRUE,
127316,"Chordata","Teleostei","Stomiiformes","Sternoptychidae","Valenciennellus","Valenciennellus tripunctulatus","fish",,1,1968,,TRUE,
127302,"Chordata","Teleostei","Stomiiformes","Phosichthyidae","Vinciguerria","Vinciguerria attenuata","fish",,1,1968,,TRUE,
127303,"Chordata","Teleostei","Stomiiformes","Phosichthyidae","Vinciguerria","Vinciguerria nimbaria","fish",,1,1968,,TRUE,
127304,"Chordata","Teleostei","Stomiiformes","Phosichthyidae","Vinciguerria","Vinciguerria poweriae","fish",,1,1968,,TRUE,
217964,"Chordata","Teleostei","Syngnathiformes","Aulostomidae","Aulostomus","Aulostomus chinensis","fish",,391,2017,,TRUE,
218002,"Chordata","Teleostei","Syngnathiformes","Syngnathidae","Doryrhamphus","Doryrhamphus excisus","fish",,9,2009,,TRUE,
217966,"Chordata","Teleostei","Syngnathiformes","Fistulariidae","Fistularia","Fistularia commersonii","fish",,96,2017,,TRUE,
159439,"Chordata","Teleostei","Syngnathiformes","Fistulariidae","Fistularia","Fistularia petimba","fish",,11,1973,,TRUE,
277189,"Chordata","Teleostei","Syngnathiformes","Syngnathidae","Halicampus","Halicampus edmondsoni","fish",,1,,,TRUE,
212237,"Chordata","Teleostei","Syngnathiformes","Syngnathidae","Hippocampus","Hippocampus kuda","fish","VU",1,,,TRUE,
275181,"Chordata","Teleostei","Syngnathiformes","Centriscidae","Macroramphosus","Macroramphosus gracilis","fish",,2,,,TRUE,
275214,"Chordata","Teleostei","Syngnathiformes","Syngnathidae","Minyichthys","Minyichthys brachyrhinus","fish",,2,1968,,TRUE,
127407,"Chordata","Teleostei","Tetraodontiformes","Monacanthidae","Aluterus","Aluterus monoceros","fish",,1,,,TRUE,
159491,"Chordata","Teleostei","Tetraodontiformes","Monacanthidae","Aluterus","Aluterus scriptus","fish",,24,2017,,TRUE,
219925,"Chordata","Teleostei","Tetraodontiformes","Tetraodontidae","Arothron","Arothron hispidus","fish",,10,2015,,TRUE,
219926,"Chordata","Teleostei","Tetraodontiformes","Tetraodontidae","Arothron","Arothron meleagris","fish",,7,2014,,TRUE,
275234,"Chordata","Teleostei","Tetraodontiformes","Balistidae","Balistes","Balistes polylepis","fish",,2,2017,,TRUE,
276248,"Chordata","Teleostei","Tetraodontiformes","Monacanthidae","Cantherhines","Cantherhines dumerilii","fish",,190,2017,,TRUE,
220057,"Chordata","Teleostei","Tetraodontiformes","Monacanthidae","Cantherhines","Cantherhines sandwichiensis","fish",,116,2017,,TRUE,
276255,"Chordata","Teleostei","Tetraodontiformes","Monacanthidae","Cantherhines","Cantherhines verecundus","fish",,27,2017,,TRUE,
127398,"Chordata","Teleostei","Tetraodontiformes","Balistidae","Canthidermis","Canthidermis maculata","fish",,4,1967,,TRUE,
219935,"Chordata","Teleostei","Tetraodontiformes","Tetraodontidae","Canthigaster","Canthigaster amboinensis","fish",,44,2017,,TRUE,
219936,"Chordata","Teleostei","Tetraodontiformes","Tetraodontidae","Canthigaster","Canthigaster coronata","fish",,298,2017,,TRUE,
275251,"Chordata","Teleostei","Tetraodontiformes","Tetraodontidae","Canthigaster","Canthigaster epilampra","fish",,2,1967,,TRUE,
275256,"Chordata","Teleostei","Tetraodontiformes","Tetraodontidae","Canthigaster","Canthigaster jactator","fish",,2488,2017,,TRUE,
219937,"Chordata","Teleostei","Tetraodontiformes","Tetraodontidae","Canthigaster","Canthigaster rivulata","fish",,3,2012,,TRUE,
219945,"Chordata","Teleostei","Tetraodontiformes","Tetraodontidae","Canthigaster","Canthigaster solandri","fish",,1,2009,,TRUE,
219947,"Chordata","Teleostei","Tetraodontiformes","Tetraodontidae","Canthigaster","Canthigaster valentini","fish",,3,2012,,TRUE,
219964,"Chordata","Teleostei","Tetraodontiformes","Diodontidae","Chilomycterus","Chilomycterus reticulatus","fish",,1,,,TRUE,
127402,"Chordata","Teleostei","Tetraodontiformes","Diodontidae","Diodon","Diodon holocanthus","fish",,21,2015,,TRUE,
127403,"Chordata","Teleostei","Tetraodontiformes","Diodontidae","Diodon","Diodon hystrix","fish",,51,2017,,TRUE,
278931,"Chordata","Teleostei","Tetraodontiformes","Aracanidae","Kentrocapros","Kentrocapros aculeatus","fish",,1,,,TRUE,
1495431,"Chordata","Teleostei","Tetraodontiformes","Aracanidae","Kentrocapros","Kentrocapros spilonota","fish",,1,1902,,TRUE,
219903,"Chordata","Teleostei","Tetraodontiformes","Ostraciidae","Lactoria","Lactoria diaphana","fish",,3,,,TRUE,
219902,"Chordata","Teleostei","Tetraodontiformes","Ostraciidae","Lactoria","Lactoria fornasini","fish",,16,2016,,TRUE,
127414,"Chordata","Teleostei","Tetraodontiformes","Tetraodontidae","Lagocephalus","Lagocephalus lagocephalus","fish",,6,1976,,TRUE,
127404,"Chordata","Teleostei","Tetraodontiformes","Molidae","Masturus","Masturus lanceolatus","fish",,1,,,TRUE,
219881,"Chordata","Teleostei","Tetraodontiformes","Balistidae","Melichthys","Melichthys niger","fish",,1371,2017,,TRUE,
219879,"Chordata","Teleostei","Tetraodontiformes","Balistidae","Melichthys","Melichthys vidua","fish",,624,2017,,TRUE,
219905,"Chordata","Teleostei","Tetraodontiformes","Ostraciidae","Ostracion","Ostracion meleagris","fish",,108,2017,,TRUE,
278937,"Chordata","Teleostei","Tetraodontiformes","Ostraciidae","Ostracion","Ostracion whitleyi","fish",,1,,,TRUE,
220073,"Chordata","Teleostei","Tetraodontiformes","Monacanthidae","Pervagor","Pervagor aspricaudus","fish",,63,2017,,TRUE,
279224,"Chordata","Teleostei","Tetraodontiformes","Monacanthidae","Pervagor","Pervagor spilosoma","fish",,500,2017,,TRUE,
127406,"Chordata","Teleostei","Tetraodontiformes","Molidae","Ranzania","Ranzania laevis","fish",,2,1996,,TRUE,
219890,"Chordata","Teleostei","Tetraodontiformes","Balistidae","Rhinecanthus","Rhinecanthus aculeatus","fish",,7,2016,,TRUE,
219886,"Chordata","Teleostei","Tetraodontiformes","Balistidae","Rhinecanthus","Rhinecanthus rectangulus","fish",,250,2017,,TRUE,
127417,"Chordata","Teleostei","Tetraodontiformes","Tetraodontidae","Sphoeroides","Sphoeroides pachygaster","fish",,5,1980,,TRUE,
219894,"Chordata","Teleostei","Tetraodontiformes","Balistidae","Sufflamen","Sufflamen bursa","fish",,978,2017,,TRUE,
276852,"Chordata","Teleostei","Tetraodontiformes","Balistidae","Sufflamen","Sufflamen fraenatum","fish",,452,2017,,TRUE,
1495485,"Chordata","Teleostei","Tetraodontiformes","Monacanthidae","Thamnaconus","Thamnaconus garretti","fish",,1,,,TRUE,
278266,"Chordata","Teleostei","Tetraodontiformes","Tetraodontidae","Torquigener","Torquigener florealis","fish",,1,,,TRUE,
278274,"Chordata","Teleostei","Tetraodontiformes","Tetraodontidae","Torquigener","Torquigener randalli","fish",,2,1976,,TRUE,
219897,"Chordata","Teleostei","Tetraodontiformes","Balistidae","Xanthichthys","Xanthichthys auromarginatus","fish",,10,2017,,TRUE,
276247,"Chordata","Teleostei","Tetraodontiformes","Balistidae","Xanthichthys","Xanthichthys mento","fish",,116,2017,,TRUE,
313818,"Chordata","Teleostei","Trachichthyiformes","Trachichthyidae","Aulotrachichthys","Aulotrachichthys heptalepis","fish",,1,,,TRUE,
272225,"Chordata","Teleostei","Trachichthyiformes","Trachichthyidae","Hoplostethus","Hoplostethus crassispinus","fish",,1,1970,,TRUE,
127420,"Chordata","Teleostei","Zeiformes","Grammicolepididae","Grammicolepis","Grammicolepis brachiusculus","fish",,1,1970,,TRUE,
275302,"Chordata","Teleostei","Zeiformes","Zeidae","Zenopsis","Zenopsis nebulosa","fish",,2,1970,,TRUE,
1663107,"Chordata","Mammalia","Carnivora","Phocidae","Neomonachus","Neomonachus schauinslandi","mammal",,13,2001,,TRUE,
137087,"Chordata","Mammalia","Cetartiodactyla","Balaenopteridae","Balaenoptera","Balaenoptera acutorostrata","mammal",,1,2010,,TRUE,
137088,"Chordata","Mammalia","Cetartiodactyla","Balaenopteridae","Balaenoptera","Balaenoptera borealis","mammal","EN",1,2010,,TRUE,
242603,"Chordata","Mammalia","Cetartiodactyla","Balaenopteridae","Balaenoptera","Balaenoptera brydei","mammal",,16,2010,,TRUE,
137090,"Chordata","Mammalia","Cetartiodactyla","Balaenopteridae","Balaenoptera","Balaenoptera musculus","mammal","EN",1,2010,,TRUE,
137091,"Chordata","Mammalia","Cetartiodactyla","Balaenopteridae","Balaenoptera","Balaenoptera physalus","mammal","VU",2,2010,,TRUE,
137095,"Chordata","Mammalia","Cetartiodactyla","Delphinidae","Feresa","Feresa attenuata","mammal",,1,2010,,TRUE,
137096,"Chordata","Mammalia","Cetartiodactyla","Delphinidae","Globicephala","Globicephala macrorhynchus","mammal",,33,2019,,TRUE,
137098,"Chordata","Mammalia","Cetartiodactyla","Delphinidae","Grampus","Grampus griseus","mammal",,1,2010,,TRUE,
159025,"Chordata","Mammalia","Cetartiodactyla","Kogiidae","Kogia","Kogia sima","mammal",,2,2013,,TRUE,
137099,"Chordata","Mammalia","Cetartiodactyla","Delphinidae","Lagenodelphis","Lagenodelphis hosei","mammal",,1,2010,,TRUE,
137092,"Chordata","Mammalia","Cetartiodactyla","Balaenopteridae","Megaptera","Megaptera novaeangliae","mammal",,34,2019,,TRUE,
137122,"Chordata","Mammalia","Cetartiodactyla","Ziphiidae","Mesoplodon","Mesoplodon densirostris","mammal",,1,2010,,TRUE,
137102,"Chordata","Mammalia","Cetartiodactyla","Delphinidae","Orcinus","Orcinus orca","mammal",,1,2013,,TRUE,
137119,"Chordata","Mammalia","Cetartiodactyla","Physeteridae","Physeter","Physeter macrocephalus","mammal","VU",48,2013,,TRUE,
137104,"Chordata","Mammalia","Cetartiodactyla","Delphinidae","Pseudorca","Pseudorca crassidens","mammal","NT",12,2019,,TRUE,
137105,"Chordata","Mammalia","Cetartiodactyla","Delphinidae","Stenella","Stenella attenuata","mammal",,13,2019,,TRUE,
137107,"Chordata","Mammalia","Cetartiodactyla","Delphinidae","Stenella","Stenella coeruleoalba","mammal",,8,2013,,TRUE,
137109,"Chordata","Mammalia","Cetartiodactyla","Delphinidae","Stenella","Stenella longirostris","mammal",,31,2019,,TRUE,
137110,"Chordata","Mammalia","Cetartiodactyla","Delphinidae","Steno","Steno bredanensis","mammal",,16,2013,,TRUE,
137111,"Chordata","Mammalia","Cetartiodactyla","Delphinidae","Tursiops","Tursiops truncatus","mammal",,26,2019,,TRUE,
137127,"Chordata","Mammalia","Cetartiodactyla","Ziphiidae","Ziphius","Ziphius cavirostris","mammal",,23,2013,,TRUE,
137205,"Chordata",,"Testudines","Cheloniidae","Caretta","Caretta caretta","turtle","VU",20,2004,,TRUE,
137206,"Chordata",,"Testudines","Cheloniidae","Chelonia","Chelonia mydas","turtle","EN",3,1986,,TRUE,
137209,"Chordata",,"Testudines","Dermochelyidae","Dermochelys","Dermochelys coriacea","turtle","VU",7,2007,,TRUE,
220293,"Chordata",,"Testudines","Cheloniidae","Lepidochelys","Lepidochelys olivacea","turtle","VU",72,2000,,TRUE,
