"AphiaID","phylum","class","order","family","genus","species","remove","records","reads","asvs","max_year","target_gene","source_obis","source_gbif","source_dna","category","redlist_category","vernacular","group"
149004,"Bacillariophyta","Bacillariophyceae","Bacillariales","Bacillariaceae","Cylindrotheca","Cylindrotheca closterium",FALSE,,29732,42,,"12S;16S;COI",FALSE,FALSE,TRUE,,,,"algae"
1214732,"Bacillariophyta","Bacillariophyceae","Bacillariales","Bacillariaceae","Nitzschia","Nitzschia traheaformis",FALSE,,105,1,,"COI",FALSE,FALSE,TRUE,,,,"algae"
464444,"Bacillariophyta","Bacillariophyceae","Chaetocerotanae incertae sedis","Attheyaceae","Attheya","Attheya longicornis",FALSE,,37,1,,"COI",FALSE,FALSE,TRUE,,,,"algae"
149123,"Bacillariophyta","Bacillariophyceae","Chaetocerotanae incertae sedis","Chaetocerotaceae","Chaetoceros","Chaetoceros socialis",FALSE,,3941,1,,"COI",FALSE,FALSE,TRUE,,,,"algae"
149271,"Bacillariophyta","Bacillariophyceae","Coscinodiscales","Coscinodiscaceae","Coscinodiscus","Coscinodiscus granii",FALSE,,33065,12,,"12S;16S;COI",FALSE,FALSE,TRUE,,,,"algae"
156632,"Bacillariophyta","Bacillariophyceae","Coscinodiscales","Coscinodiscaceae","Coscinodiscus","Coscinodiscus wailesii",FALSE,,907,3,,"12S;16S",FALSE,FALSE,TRUE,,,,"algae"
148941,"Bacillariophyta","Bacillariophyceae","Ethmodiscales","Ethmodiscaceae","Ethmodiscus","Ethmodiscus punctiger",FALSE,,6028,9,,"COI",FALSE,FALSE,TRUE,,,,"algae"
464448,"Bacillariophyta","Bacillariophyceae","Hemiaulales","Bellerocheaceae","Bellerochea","Bellerochea polymorpha",FALSE,,10084,10,,"16S;COI",FALSE,FALSE,TRUE,,,,"algae"
149023,"Bacillariophyta","Bacillariophyceae","Lithodesmiales","Lithodesmiaceae","Ditylum","Ditylum brightwellii",FALSE,,16555,4,,"COI",FALSE,FALSE,TRUE,,,,"algae"
573483,"Bacillariophyta","Bacillariophyceae","Lithodesmiales","Lithodesmiaceae","Lithodesmioides","Lithodesmioides polymorpha",FALSE,,215,2,,"12S;16S",FALSE,FALSE,TRUE,,,,"algae"
635472,"Bacillariophyta","Bacillariophyceae","Melosirales","Melosiraceae","Melosira","Melosira discigera",FALSE,,27,1,,"COI",FALSE,FALSE,TRUE,,,,"algae"
149060,"Bacillariophyta","Bacillariophyceae","Melosirales","Hyalodiscaceae","Podosira","Podosira stelligera",FALSE,,7019,5,,"12S;COI",FALSE,FALSE,TRUE,,,,"algae"
149631,"Bacillariophyta","Bacillariophyceae","Melosirales","Stephanopyxidaceae","Stephanopyxis","Stephanopyxis turris",FALSE,,118,1,,"COI",FALSE,FALSE,TRUE,,,,"algae"
621564,"Bacillariophyta","Bacillariophyceae","Naviculales","Berkeleyaceae","Berkeleya","Berkeleya fennica",FALSE,,54,1,,"12S",FALSE,FALSE,TRUE,,,,"algae"
1259744,"Bacillariophyta","Bacillariophyceae","Naviculales","Amphipleuraceae","Halamphora","Halamphora calidilacuna",FALSE,,8,1,,"16S",FALSE,FALSE,TRUE,,,,"algae"
495535,"Bacillariophyta","Bacillariophyceae","Naviculales","Naviculaceae","Haslea","Haslea pseudostrearia",FALSE,,31,1,,"COI",FALSE,FALSE,TRUE,,,,"algae"
172829,"Bacillariophyta","Bacillariophyceae","Naviculales","Naviculaceae","Navicula","Navicula minima",FALSE,,288883,290,,"12S",FALSE,FALSE,TRUE,,,,"algae"
149643,"Bacillariophyta","Bacillariophyceae","Naviculales","Naviculaceae","Navicula","Navicula ramosissima",FALSE,,61,3,,"12S",FALSE,FALSE,TRUE,,,,"algae"
708204,"Bacillariophyta","Bacillariophyceae","Naviculales","Pleurosigmataceae","Pleurosigma","Pleurosigma inscriptura",FALSE,,515,1,,"COI",FALSE,FALSE,TRUE,,,,"algae"
156582,"Bacillariophyta","Bacillariophyceae","Naviculales","Pleurosigmataceae","Pleurosigma","Pleurosigma intermedium",FALSE,,191,1,,"COI",FALSE,FALSE,TRUE,,,,"algae"
149055,"Bacillariophyta","Bacillariophyceae","Paraliales","Paraliaceae","Paralia","Paralia sulcata",FALSE,,38,1,,"COI",FALSE,TRUE,TRUE,,,,"algae"
149114,"Bacillariophyta","Bacillariophyceae","Rhizosoleniales","Rhizosoleniaceae","Rhizosolenia","Rhizosolenia delicatula",FALSE,,651,5,,"12S;16S",FALSE,FALSE,TRUE,,,,"algae"
1590706,"Bacillariophyta","Bacillariophyceae","Rhizosoleniales","Rhizosoleniaceae","Sundstroemia","Sundstroemia setigera",FALSE,,93,1,,"COI",FALSE,FALSE,TRUE,,,,"algae"
149339,"Bacillariophyta","Bacillariophyceae","Striatellales","Striatellaceae","Grammatophora","Grammatophora oceanica",FALSE,,74,2,,"COI",FALSE,FALSE,TRUE,,,,"algae"
149093,"Bacillariophyta","Bacillariophyceae","Thalassionematales","Thalassionemataceae","Thalassionema","Thalassionema nitzschioides",FALSE,,466,2,,"COI",FALSE,FALSE,TRUE,,,,"algae"
148931,"Bacillariophyta","Bacillariophyceae","Thalassiosirales","Thalassiosiraceae","Thalassiosira","Thalassiosira nordenskioeldii",FALSE,,210,4,,"12S;16S",FALSE,FALSE,TRUE,,,,"algae"
577742,"Bacillariophyta","Bacillariophyceae","Thalassiosirales","Thalassiosiraceae","Thalassiosira","Thalassiosira profunda",FALSE,,15476,5,,"12S;16S;COI",FALSE,FALSE,TRUE,,,,"algae"
148942,"Bacillariophyta","Bacillariophyceae","Thalassiosirales","Thalassiosiraceae","Thalassiosira","Thalassiosira rotula",FALSE,,3636,12,,"12S;16S",FALSE,FALSE,TRUE,,,,"algae"
149050,"Bacillariophyta","Bacillariophyceae","Triceratiales","Triceratiaceae","Odontella","Odontella aurita",FALSE,,700,2,,"12S",FALSE,FALSE,TRUE,,,,"algae"
149094,"Bacillariophyta","Bacillariophyceae","Triceratiales","Triceratiaceae","Odontella","Odontella regia",FALSE,,20,2,,"12S;16S",FALSE,FALSE,TRUE,,,,"algae"
623384,"Bacillariophyta","Bacillariophyceae","Triceratiales","Plagiogrammaceae","Psammoneis","Psammoneis japonica",FALSE,,3,1,,"12S",FALSE,FALSE,TRUE,,,,"algae"
573667,"Bacillariophyta","Bacillariophyceae","Triceratiales","Triceratiaceae","Triceratium","Triceratium intricatum",FALSE,,13,1,,"COI",FALSE,FALSE,TRUE,,,,"algae"
345463,"Chlorophyta","Mamiellophyceae","Dolichomastigales","Dolichomastigaceae","Dolichomastix","Dolichomastix tenuilepis",FALSE,,16,1,,"COI",FALSE,FALSE,TRUE,,,,"algae"
345459,"Chlorophyta","Mamiellophyceae","Mamiellales","Bathycoccaceae","Bathycoccus","Bathycoccus prasinos",FALSE,,3390474,168,,"16S;COI",FALSE,FALSE,TRUE,,,,"algae"
134564,"Chlorophyta","Mamiellophyceae","Mamiellales","Mamiellaceae","Micromonas","Micromonas pusilla",FALSE,,3265451,188,,"12S;16S;COI",FALSE,FALSE,TRUE,,,,"algae"
375881,"Chlorophyta","Pyramimonadophyceae","Prasinococcales","Prasinococcaceae","Prasinoderma","Prasinoderma coloniale",FALSE,,17,2,,"COI",FALSE,FALSE,TRUE,,,,"algae"
134566,"Chlorophyta","Pyramimonadophyceae","Pseudoscourfieldiales","Pycnococcaceae","Pseudoscourfieldia","Pseudoscourfieldia marina",FALSE,,148,1,,"12S",FALSE,FALSE,TRUE,,,,"algae"
376073,"Chlorophyta","Pyramimonadophyceae","Pseudoscourfieldiales","Pycnococcaceae","Pycnococcus","Pycnococcus provasolii",FALSE,,211,1,,"16S",FALSE,FALSE,TRUE,,,,"algae"
1361158,"Chlorophyta",,,,"Chloroparvula","Chloroparvula pacifica",FALSE,,26,1,,"COI",FALSE,FALSE,TRUE,,,,"algae"
1361155,"Chlorophyta",,,,"Chloropicon","Chloropicon laureae",FALSE,,11,1,,"COI",FALSE,FALSE,TRUE,,,,"algae"
1361153,"Chlorophyta",,,,"Chloropicon","Chloropicon roscoffensis",FALSE,,9146,2,,"16S;COI",FALSE,FALSE,TRUE,,,,"algae"
115104,"Haptophyta","Coccolithophyceae","Isochrysidales","Noelaerhabdaceae","Emiliania","Emiliania huxleyi",FALSE,,35027,8,,"12S;16S;COI",FALSE,FALSE,TRUE,,,,"algae"
160538,"Haptophyta","Coccolithophyceae","Phaeocystales","Phaeocystaceae","Phaeocystis","Phaeocystis globosa",FALSE,,41483,5,,"12S;16S;COI",FALSE,FALSE,TRUE,,,,"algae"
115106,"Haptophyta","Coccolithophyceae","Phaeocystales","Phaeocystaceae","Phaeocystis","Phaeocystis pouchetii",FALSE,,715,1,,"COI",FALSE,FALSE,TRUE,,,,"algae"
375970,"Ochrophyta","Dictyochophyceae","Dictyochales","Dictyochaceae","Octactis","Octactis octonaria",FALSE,,90,2,,"COI",FALSE,FALSE,TRUE,,,,"algae"
1310442,"Ochrophyta","Dictyochophyceae","Dictyochales","Dictyochaceae","Octactis","Octactis speculum",FALSE,,33,2,,"12S",FALSE,FALSE,TRUE,,,,"algae"
178628,"Ochrophyta","Dictyochophyceae","Florenciellales","Florenciellales incertae sedis","Florenciella","Florenciella parvula",FALSE,,111,1,,"12S",FALSE,FALSE,TRUE,,,,"algae"
531467,"Ochrophyta","Dictyochophyceae","Florenciellales","Florenciellales incertae sedis","Pseudochattonella","Pseudochattonella farcimen",FALSE,,5124,4,,"COI",FALSE,FALSE,TRUE,,,,"algae"
375699,"Ochrophyta","Pelagophyceae","Pelagomonadales","Pelagomonadaceae","Aureococcus","Aureococcus anophagefferens",FALSE,,11481,5,,"12S;COI",FALSE,FALSE,TRUE,,,,"algae"
345504,"Ochrophyta","Pelagophyceae","Pelagomonadales","Pelagomonadaceae","Pelagomonas","Pelagomonas calceolata",FALSE,,156963,11,,"12S;16S;COI",FALSE,FALSE,TRUE,,,,"algae"
145367,"Ochrophyta","Phaeophyceae","Dictyotales","Dictyotaceae","Dictyota","Dictyota dichotoma",FALSE,175,1959,3,2019,"16S;COI",TRUE,TRUE,TRUE,,,,"algae"
145398,"Ochrophyta","Phaeophyceae","Ectocarpales","Acinetosporaceae","Acinetospora","Acinetospora crinita",FALSE,,183,1,,"COI",FALSE,FALSE,TRUE,,,,"algae"
1369205,"Ochrophyta","Phaeophyceae","Ectocarpales","Acinetosporaceae","Acinetospora","Acinetospora filamentosa",FALSE,,25,1,,"COI",FALSE,FALSE,TRUE,,,,"algae"
144916,"Ochrophyta","Phaeophyceae","Ectocarpales","Chordariaceae","Cladosiphon","Cladosiphon zosterae",FALSE,,5,1,,"COI",FALSE,FALSE,TRUE,,,,"algae"
624476,"Ochrophyta","Phaeophyceae","Ectocarpales","Scytosiphonaceae","Colpomenia","Colpomenia claytoniae",FALSE,,16,1,,"COI",FALSE,FALSE,TRUE,,,,"algae"
145856,"Ochrophyta","Phaeophyceae","Ectocarpales","Scytosiphonaceae","Colpomenia","Colpomenia peregrina",FALSE,,42,1,,"COI",FALSE,FALSE,TRUE,,,,"algae"
156093,"Ochrophyta","Phaeophyceae","Ectocarpales","Acinetosporaceae","Feldmannia","Feldmannia globifera",FALSE,,36,1,,"COI",FALSE,FALSE,TRUE,,,,"algae"
145421,"Ochrophyta","Phaeophyceae","Ectocarpales","Acinetosporaceae","Feldmannia","Feldmannia simplex",FALSE,,4,1,,"COI",FALSE,FALSE,TRUE,,,,"algae"
145341,"Ochrophyta","Phaeophyceae","Ectocarpales","Chordariaceae","Hecatonema","Hecatonema terminale",FALSE,,352,3,,"COI",FALSE,FALSE,TRUE,,,,"algae"
494940,"Ochrophyta","Phaeophyceae","Ectocarpales","Chordariaceae","Leathesia","Leathesia marina",FALSE,,48,2,,"COI",FALSE,TRUE,TRUE,,,,"algae"
144945,"Ochrophyta","Phaeophyceae","Ectocarpales","Chordariaceae","Leptonematella","Leptonematella fasciculata",FALSE,,275,2,,"COI",FALSE,FALSE,TRUE,,,,"algae"
144924,"Ochrophyta","Phaeophyceae","Ectocarpales","Chordariaceae","Mesogloia","Mesogloia vermiculata",FALSE,,28,1,,"COI",FALSE,FALSE,TRUE,,,,"algae"
707754,"Ochrophyta","Phaeophyceae","Ectocarpales","Chordariaceae","Microspongium","Microspongium stilophorae",FALSE,,1055,1,,"COI",FALSE,FALSE,TRUE,,,,"algae"
144976,"Ochrophyta","Phaeophyceae","Ectocarpales","Chordariaceae","Myrionema","Myrionema balticum",FALSE,,10,1,,"COI",FALSE,FALSE,TRUE,,,,"algae"
144985,"Ochrophyta","Phaeophyceae","Ectocarpales","Chordariaceae","Myrionema","Myrionema strangulans",FALSE,,388,2,,"COI",FALSE,FALSE,TRUE,,,,"algae"
144928,"Ochrophyta","Phaeophyceae","Ectocarpales","Chordariaceae","Papenfussiella","Papenfussiella kuromo",FALSE,,21,1,,"COI",FALSE,FALSE,TRUE,,,,"algae"
145863,"Ochrophyta","Phaeophyceae","Ectocarpales","Scytosiphonaceae","Petalonia","Petalonia fascia",FALSE,,9,1,,"COI",FALSE,FALSE,TRUE,,,,"algae"
1356721,"Ochrophyta","Phaeophyceae","Ectocarpales","Scytosiphonaceae","Petalonia","Petalonia tenella",FALSE,,8,1,,"COI",FALSE,FALSE,TRUE,,,,"algae"
1360916,"Ochrophyta","Phaeophyceae","Ectocarpales","Scytosiphonaceae","Planosiphon","Planosiphon gracilis",FALSE,,22,1,,"COI",FALSE,FALSE,TRUE,,,,"algae"
145346,"Ochrophyta","Phaeophyceae","Ectocarpales","Chordariaceae","Punctaria","Punctaria latifolia",FALSE,,131,1,,"COI",FALSE,FALSE,TRUE,,,,"algae"
295866,"Ochrophyta","Phaeophyceae","Ectocarpales","Chordariaceae","Sauvageaugloia","Sauvageaugloia divaricata",FALSE,,688,1,,"COI",FALSE,FALSE,TRUE,,,,"algae"
145869,"Ochrophyta","Phaeophyceae","Ectocarpales","Scytosiphonaceae","Scytosiphon","Scytosiphon lomentaria",FALSE,,201,2,,"COI",FALSE,FALSE,TRUE,,,,"algae"
1356524,"Ochrophyta","Phaeophyceae","Ectocarpales","Scytosiphonaceae","Scytosiphon","Scytosiphon promiscuus",FALSE,,43,1,,"COI",FALSE,FALSE,TRUE,,,,"algae"
232231,"Ochrophyta","Phaeophyceae","Laminariales","Laminariaceae","Macrocystis","Macrocystis pyrifera",FALSE,,548,3,,"COI",FALSE,TRUE,TRUE,,,,"algae"
145721,"Ochrophyta","Phaeophyceae","Laminariales","Alariaceae","Undaria","Undaria pinnatifida",FALSE,2,5997,5,2019,"12S;16S;COI",TRUE,TRUE,TRUE,,,,"algae"
145297,"Ochrophyta","Phaeophyceae","Tilopteridales","Cutleriaceae","Cutleria","Cutleria multifida",FALSE,,6419,3,,"16S;COI",FALSE,FALSE,TRUE,,,,"algae"
1537062,"Rhodophyta","Bangiophyceae","Bangiales","Bangiaceae","Neoporphyra","Neoporphyra haitanensis",FALSE,,29,1,,"COI",FALSE,FALSE,TRUE,,,,"algae"
372642,"Rhodophyta","Bangiophyceae","Bangiales","Bangiaceae","Porphyra","Porphyra mumfordii",FALSE,,13,1,,"COI",FALSE,FALSE,TRUE,,,,"algae"
841065,"Rhodophyta","Bangiophyceae","Bangiales","Bangiaceae","Pyropia","Pyropia orbicularis",FALSE,,129,1,,"COI",FALSE,FALSE,TRUE,,,,"algae"
626077,"Rhodophyta","Bangiophyceae","Bangiales","Bangiaceae","Pyropia","Pyropia thuretii",FALSE,,45,1,,"COI",FALSE,FALSE,TRUE,,,,"algae"
144356,"Rhodophyta","Florideophyceae","Acrochaetiales","Acrochaetiaceae","Acrochaetium","Acrochaetium humile",FALSE,,33,1,,"COI",FALSE,FALSE,TRUE,,,,"algae"
144372,"Rhodophyta","Florideophyceae","Acrochaetiales","Acrochaetiaceae","Acrochaetium","Acrochaetium moniliforme",FALSE,,1010,4,,"12S;COI",FALSE,FALSE,TRUE,,,,"algae"
372088,"Rhodophyta","Florideophyceae","Acrochaetiales","Acrochaetiaceae","Acrochaetium","Acrochaetium plumosum",FALSE,,33,1,,"COI",FALSE,FALSE,TRUE,,,,"algae"
1310072,"Rhodophyta","Florideophyceae","Acrochaetiales","Acrochaetiaceae","Grania","Grania pectinata",FALSE,,30,1,,"COI",FALSE,FALSE,TRUE,,,,"algae"
144422,"Rhodophyta","Florideophyceae","Ahnfeltiales","Ahnfeltiaceae","Ahnfeltia","Ahnfeltia plicata",FALSE,,338,1,,"COI",FALSE,FALSE,TRUE,,,,"algae"
144501,"Rhodophyta","Florideophyceae","Ceramiales","Callithamniaceae","Aglaothamnion","Aglaothamnion tenuissimum",FALSE,,20,1,,"COI",FALSE,FALSE,TRUE,,,,"algae"
144526,"Rhodophyta","Florideophyceae","Ceramiales","Callithamniaceae","Callithamnion","Callithamnion corymbosum",FALSE,,4,1,,"COI",FALSE,FALSE,TRUE,,,,"algae"
144529,"Rhodophyta","Florideophyceae","Ceramiales","Callithamniaceae","Callithamnion","Callithamnion tetragonum",FALSE,,278,3,,"12S;COI",FALSE,FALSE,TRUE,,,,"algae"
1346675,"Rhodophyta","Florideophyceae","Ceramiales","Rhodomelaceae","Carradoriella","Carradoriella denudata",FALSE,,15,1,,"COI",FALSE,FALSE,TRUE,,,,"algae"
144562,"Rhodophyta","Florideophyceae","Ceramiales","Ceramiaceae","Ceramium","Ceramium secundatum",FALSE,,1307,5,,"12S;COI",FALSE,FALSE,TRUE,,,,"algae"
375254,"Rhodophyta","Florideophyceae","Ceramiales","Delesseriaceae","Dasya","Dasya tenuis",FALSE,,42,1,,"COI",FALSE,FALSE,TRUE,,,,"algae"
1660526,"Rhodophyta","Florideophyceae","Ceramiales","Rhodomelaceae","Eutrichosiphonia","Eutrichosiphonia paniculata",FALSE,,172,1,,"COI",FALSE,FALSE,TRUE,,,,"algae"
1311384,"Rhodophyta","Florideophyceae","Ceramiales","Callithamniaceae","Gaillona","Gaillona rosea",FALSE,,1185,3,,"COI",FALSE,FALSE,TRUE,,,,"algae"
1340377,"Rhodophyta","Florideophyceae","Ceramiales","Rhodomelaceae","Leptosiphonia","Leptosiphonia brodiei",FALSE,,3827,3,,"12S;COI",FALSE,FALSE,TRUE,,,,"algae"
1027787,"Rhodophyta","Florideophyceae","Ceramiales","Rhodomelaceae","Melanothamnus","Melanothamnus harveyi",FALSE,,221,1,,"COI",FALSE,FALSE,TRUE,,,,"algae"
325548,"Rhodophyta","Florideophyceae","Ceramiales","Delesseriaceae","Phycodrys","Phycodrys antarctica",FALSE,,4,1,,"12S",FALSE,FALSE,TRUE,,,,"algae"
144626,"Rhodophyta","Florideophyceae","Ceramiales","Rhodomelaceae","Polysiphonia","Polysiphonia devoniensis",FALSE,,33,1,,"COI",FALSE,FALSE,TRUE,,,,"algae"
232563,"Rhodophyta","Florideophyceae","Ceramiales","Rhodomelaceae","Polysiphonia","Polysiphonia morrowii",FALSE,,9616,6,,"16S;COI",FALSE,TRUE,TRUE,,,,"algae"
1356536,"Rhodophyta","Florideophyceae","Ceramiales","Rhodomelaceae","Polysiphonia","Polysiphonia radiata",FALSE,,12,1,,"COI",FALSE,FALSE,TRUE,,,,"algae"
497690,"Rhodophyta","Florideophyceae","Ceramiales","Rhodomelaceae","Polysiphonia","Polysiphonia villum",FALSE,,22,1,,"COI",FALSE,FALSE,TRUE,,,,"algae"
375360,"Rhodophyta","Florideophyceae","Ceramiales","Delesseriaceae","Schizoseris","Schizoseris multifoliata",FALSE,,13,1,,"COI",FALSE,FALSE,TRUE,,,,"algae"
371529,"Rhodophyta","Florideophyceae","Ceramiales","Wrangeliaceae","Spermothamnion","Spermothamnion cymosum",FALSE,,1449,2,,"COI",FALSE,FALSE,TRUE,,,,"algae"
371763,"Rhodophyta","Florideophyceae","Ceramiales","Rhodomelaceae","Streblocladia","Streblocladia camptoclada",FALSE,,111,1,,"COI",FALSE,FALSE,TRUE,,,,"algae"
1359881,"Rhodophyta","Florideophyceae","Ceramiales","Rhodomelaceae","Vertebrata","Vertebrata isogona",FALSE,,17,1,,"COI",FALSE,FALSE,TRUE,,,,"algae"
162871,"Rhodophyta","Florideophyceae","Colaconematales","Colaconemataceae","Colaconema","Colaconema caespitosum",FALSE,,325,1,,"COI",FALSE,FALSE,TRUE,,,,"algae"
164103,"Rhodophyta","Florideophyceae","Colaconematales","Colaconemataceae","Colaconema","Colaconema daviesii",FALSE,,97,2,,"COI",FALSE,FALSE,TRUE,,,,"algae"
375774,"Rhodophyta","Florideophyceae","Colaconematales","Colaconemataceae","Colaconema","Colaconema proskaueri",FALSE,,26,1,,"COI",FALSE,FALSE,TRUE,,,,"algae"
372744,"Rhodophyta","Florideophyceae","Corallinales","Corallinaceae","Bossiella","Bossiella orbigniana",FALSE,,74,1,,"COI",FALSE,FALSE,TRUE,,,,"algae"
212196,"Rhodophyta","Florideophyceae","Corallinales","Corallinaceae","Corallina","Corallina berteroi",FALSE,,2,1,,"COI",FALSE,FALSE,TRUE,,,,"algae"
145179,"Rhodophyta","Florideophyceae","Corallinales","Hapalidiaceae","Lithothamnion","Lithothamnion tophiforme",FALSE,,47,1,,"COI",FALSE,FALSE,TRUE,,,,"algae"
162919,"Rhodophyta","Florideophyceae","Gigartinales","Kallymeniaceae","Callophyllis","Callophyllis variegata",FALSE,,693,1,,"COI",FALSE,FALSE,TRUE,,,,"algae"
145226,"Rhodophyta","Florideophyceae","Gigartinales","Dumontiaceae","Dudresnaya","Dudresnaya verticillata",FALSE,,13,1,,"COI",FALSE,FALSE,TRUE,,,,"algae"
325513,"Rhodophyta","Florideophyceae","Gigartinales","Phyllophoraceae","Gymnogongrus","Gymnogongrus turquetii",FALSE,,169,2,,"COI",FALSE,FALSE,TRUE,,,,"algae"
1647545,"Rhodophyta","Florideophyceae","Gigartinales","Cystocloniaceae","Meridionella","Meridionella obtusangula",FALSE,,4,1,,"COI",FALSE,FALSE,TRUE,,,,"algae"
211452,"Rhodophyta","Florideophyceae","Nemaliales","Scinaiaceae","Scinaia","Scinaia capensis",FALSE,,78,1,,"COI",FALSE,FALSE,TRUE,,,,"algae"
145771,"Rhodophyta","Florideophyceae","Palmariales","Palmariaceae","Palmaria","Palmaria palmata",FALSE,,2,1,,"16S",FALSE,FALSE,TRUE,,,,"algae"
145774,"Rhodophyta","Florideophyceae","Palmariales","Rhodophysemataceae","Rhodophysema","Rhodophysema elegans",FALSE,,1197,4,,"COI",FALSE,FALSE,TRUE,,,,"algae"
374814,"Rhodophyta","Florideophyceae","Peyssonneliales","Peyssonneliaceae","Peyssonnelia","Peyssonnelia rosenvingei",FALSE,,20,1,,"COI",FALSE,FALSE,TRUE,,,,"algae"
148791,"Chordata","Aves","Anseriformes","Anatidae","Anas","Anas platyrhynchos",FALSE,,238,1,,"16S",FALSE,FALSE,TRUE,"LC","LC","mallard, canard colvert","birds"
1034710,"Chordata","Aves","Anseriformes","Anatidae","Anas","Anas poecilorhyncha",FALSE,,3203,2,,"12S",FALSE,FALSE,TRUE,"LC","LC",,"birds"
225980,"Chordata","Aves","Anseriformes","Anatidae","Lophonetta","Lophonetta specularioides",FALSE,,2924,5,,"12S;COI",FALSE,TRUE,TRUE,"LC","LC","crested duck, Canard huppé","birds"
366856,"Chordata","Aves","Charadriiformes","Charadriidae","Anarhynchus","Anarhynchus frontalis",FALSE,,3655,6,,"12S",FALSE,FALSE,TRUE,"VU","VU","wrybill, pluvier anarhynque","birds"
212611,"Chordata","Aves","Charadriiformes","Charadriidae","Charadrius","Charadrius alexandrinus",FALSE,,21,1,,"16S",FALSE,FALSE,TRUE,"LC","LC","Kentish plover, gravelot à collier interrompu","birds"
159128,"Chordata","Aves","Charadriiformes","Charadriidae","Haematopus","Haematopus palliatus",FALSE,,10981,6,,"12S;COI",FALSE,TRUE,TRUE,"LC","LC","American oystercatcher, huîtrier d'Amérique","birds"
137138,"Chordata","Aves","Charadriiformes","Laridae","Larus","Larus argentatus",FALSE,,9973,5,,"16S",FALSE,FALSE,TRUE,"LC","LC","herring gull, goéland argenté","birds"
137142,"Chordata","Aves","Charadriiformes","Laridae","Larus","Larus fuscus",FALSE,,4,1,,"COI",FALSE,FALSE,TRUE,"LC","LC","lesser black-backed gull, goéland de la Balqitue","birds"
137144,"Chordata","Aves","Charadriiformes","Laridae","Larus","Larus glaucoides",FALSE,,40878,12,,"12S",FALSE,FALSE,TRUE,"LC","LC","Iceland gull, goéland à ailes blanches","birds"
343916,"Chordata","Aves","Charadriiformes","Laridae","Larus","Larus occidentalis",FALSE,,42647,12,,"12S",FALSE,FALSE,TRUE,"LC","LC","western gull, goéland d'Audubon","birds"
225979,"Chordata","Aves","Charadriiformes","Laridae","Sterna","Sterna hirundinacea",FALSE,7,585,3,,"12S",TRUE,TRUE,TRUE,"LC","LC","South American tern, sterne hirundinacée","birds"
137165,"Chordata","Aves","Charadriiformes","Laridae","Sterna","Sterna paradisaea",FALSE,,637,3,,"12S;16S",FALSE,TRUE,TRUE,"LC","LC","Arctic tern, sterne à longue queue","birds"
343939,"Chordata","Aves","Pelecaniformes","Phalacrocoracidae","Phalacrocorax","Phalacrocorax brasilianus",FALSE,4,209,1,,"16S",TRUE,TRUE,TRUE,,,"neotropical cormorant, Cormoran vigua","birds"
990418,"Chordata","Aves","Phoenicopteriformes","Phoenicopteridae","Phoenicopterus","Phoenicopterus chilensis",FALSE,,104,1,,"COI",FALSE,TRUE,TRUE,"NT","NT","Chilean flamingo","birds"
212708,"Chordata","Aves","Phoenicopteriformes","Phoenicopteridae","Phoenicopterus","Phoenicopterus ruber",FALSE,,34819,15,,"12S;16S",FALSE,FALSE,TRUE,"LC","LC","greater flamingo, flamant des Caraïbes","birds"
343995,"Chordata","Aves","Procellariiformes","Diomedeidae","Thalassarche","Thalassarche melanophris",FALSE,,591,2,,"12S",FALSE,TRUE,TRUE,"LC","LC","black-browed albatross","birds"
225782,"Chordata","Aves","Sphenisciformes","Spheniscidae","Spheniscus","Spheniscus magellanicus",FALSE,7,6286,11,,"12S;16S",TRUE,TRUE,TRUE,"LC","LC","Magellanic penguin, Manchot de Magellan","birds"
854806,"Cnidaria","Anthozoa","Actiniaria","Sagartiidae","Sagartia","Sagartia lacerata",FALSE,,124,1,,"COI",FALSE,FALSE,TRUE,,,,"cnidarians"
283836,"Cnidaria","Anthozoa","Corallimorpharia","Corallimorphidae","Corynactis","Corynactis californica",FALSE,,102403,8,,"12S;16S;COI",FALSE,FALSE,TRUE,,,"club-tipped anemone","cnidarians"
128537,"Cnidaria","Anthozoa","Scleralcyonacea","Virgulariidae","Stylatula","Stylatula elegans",FALSE,,9294,4,,"COI",FALSE,FALSE,TRUE,,,,"cnidarians"
128539,"Cnidaria","Anthozoa","Scleralcyonacea","Virgulariidae","Virgularia","Virgularia mirabilis",FALSE,,15,1,,"16S",FALSE,FALSE,TRUE,,,"elegant sea pen, pennatule magnifique","cnidarians"
101053,"Cnidaria","Anthozoa","Zoantharia","Parazoanthidae","Isozoanthus","Isozoanthus sulcatus",FALSE,,154654,10,,"12S;16S;COI",FALSE,FALSE,TRUE,,,,"cnidarians"
151860,"Cnidaria","Hydrozoa","Anthoathecata","Corynidae","Coryne","Coryne eximia",FALSE,,15,1,,"COI",FALSE,FALSE,TRUE,,,,"cnidarians"
117981,"Cnidaria","Hydrozoa","Anthoathecata","Tubulariidae","Ectopleura","Ectopleura crocea",FALSE,,59,1,,"COI",FALSE,TRUE,TRUE,,,"pinkmouth hydroid","cnidarians"
285971,"Cnidaria","Hydrozoa","Anthoathecata","Tubulariidae","Hybocodon","Hybocodon chilensis",FALSE,,7,1,,"COI",FALSE,FALSE,TRUE,,,,"cnidarians"
117791,"Cnidaria","Hydrozoa","Anthoathecata","Pandeidae","Leuckartiara","Leuckartiara octona",FALSE,,8,1,,"COI",FALSE,FALSE,TRUE,,,,"cnidarians"
117842,"Cnidaria","Hydrozoa","Anthoathecata","Protohydridae","Protohydra","Protohydra leuckarti",FALSE,,43,1,,"COI",FALSE,FALSE,TRUE,,,,"cnidarians"
117490,"Cnidaria","Hydrozoa","Anthoathecata","Corynidae","Sarsia","Sarsia striata",FALSE,,15,1,,"COI",FALSE,FALSE,TRUE,,,,"cnidarians"
117491,"Cnidaria","Hydrozoa","Anthoathecata","Corynidae","Sarsia","Sarsia tubulosa",FALSE,,35,1,,"COI",FALSE,FALSE,TRUE,,,"clapper hydroid","cnidarians"
117367,"Cnidaria","Hydrozoa","Leptothecata","Campanulariidae","Clytia","Clytia gracilis",FALSE,,125,3,,"COI",FALSE,FALSE,TRUE,,,,"cnidarians"
117368,"Cnidaria","Hydrozoa","Leptothecata","Campanulariidae","Clytia","Clytia hemisphaerica",FALSE,,11,1,,"COI",FALSE,FALSE,TRUE,,,,"cnidarians"
117385,"Cnidaria","Hydrozoa","Leptothecata","Campanulariidae","Obelia","Obelia bidentata",FALSE,,63,1,,"COI",FALSE,FALSE,TRUE,,,"doubletoothed hydroid","cnidarians"
117386,"Cnidaria","Hydrozoa","Leptothecata","Campanulariidae","Obelia","Obelia dichotoma",FALSE,,331,3,,"COI",FALSE,FALSE,TRUE,,,"sea thread hydroid","cnidarians"
117391,"Cnidaria","Hydrozoa","Leptothecata","Campanulariidae","Orthopyxis","Orthopyxis crenata",FALSE,,28,1,,"COI",FALSE,FALSE,TRUE,,,,"cnidarians"
285241,"Cnidaria","Hydrozoa","Leptothecata","Plumulariidae","Plumularia","Plumularia duseni",FALSE,,133,2,,"COI",FALSE,FALSE,TRUE,,,,"cnidarians"
117824,"Cnidaria","Hydrozoa","Leptothecata","Plumulariidae","Plumularia","Plumularia setacea",FALSE,,610,5,,"COI",FALSE,FALSE,TRUE,,,"little seabristle","cnidarians"
117568,"Cnidaria","Hydrozoa","Limnomedusae","Geryoniidae","Liriope","Liriope tetraphylla",FALSE,,62,1,,"COI",FALSE,FALSE,TRUE,,,,"cnidarians"
287231,"Cnidaria","Staurozoa","Stauromedusae","Haliclystidae","Haliclystus","Haliclystus tenuis",FALSE,,3,1,,"COI",FALSE,FALSE,TRUE,,,,"cnidarians"
104462,"Arthropoda","Copepoda","Calanoida","Calanidae","Calanoides","Calanoides carinatus",FALSE,,17078,8,,"12S;16S;COI",FALSE,FALSE,TRUE,,,,"copepods"
1526724,"Arthropoda","Copepoda","Calanoida","Paracalanidae","Paracalanus","Paracalanus brasiliensis",FALSE,,300267,13,,"COI",FALSE,FALSE,TRUE,,,,"copepods"
354162,"Arthropoda","Copepoda","Calanoida","Paracalanidae","Paracalanus","Paracalanus quasimodo",FALSE,,9623,3,,"COI",FALSE,FALSE,TRUE,,,,"copepods"
106651,"Arthropoda","Copepoda","Cyclopoida","Oithonidae","Oithona","Oithona nana",FALSE,,243,2,,"16S",FALSE,FALSE,TRUE,,,,"copepods"
106656,"Arthropoda","Copepoda","Cyclopoida","Oithonidae","Oithona","Oithona similis",FALSE,,42,2,,"12S;16S",FALSE,FALSE,TRUE,,,,"copepods"
106276,"Arthropoda","Branchiopoda","Onychopoda","Podonidae","Podon","Podon intermedius",FALSE,,6,1,,"COI",FALSE,FALSE,TRUE,,,,"crustaceans"
102005,"Arthropoda","Malacostraca","Amphipoda","Ampithoidae","Ampithoe","Ampithoe valida",FALSE,,153,1,,"COI",FALSE,TRUE,TRUE,,,,"crustaceans"
102438,"Arthropoda","Malacostraca","Amphipoda","Ischyroceridae","Jassa","Jassa slatteryi",FALSE,,202,2,,"COI",FALSE,FALSE,TRUE,,,,"crustaceans"
510239,"Arthropoda","Malacostraca","Amphipoda","Leucothoidae","Leucothoe","Leucothoe alata",FALSE,,3,1,,"COI",FALSE,FALSE,TRUE,,,,"crustaceans"
102843,"Arthropoda","Malacostraca","Amphipoda","Melitidae","Melita","Melita palmata",FALSE,2,23,1,,"COI",TRUE,TRUE,TRUE,,,,"crustaceans"
225814,"Arthropoda","Malacostraca","Amphipoda","Corophiidae","Monocorophium","Monocorophium acherusicum",FALSE,,773,2,,"12S;COI",FALSE,FALSE,TRUE,,,,"crustaceans"
148592,"Arthropoda","Malacostraca","Amphipoda","Corophiidae","Monocorophium","Monocorophium insidiosum",FALSE,,121,3,,"COI",FALSE,TRUE,TRUE,,,,"crustaceans"
103202,"Arthropoda","Malacostraca","Amphipoda","Talitridae","Orchestia","Orchestia gammarellus",FALSE,,26,1,,"COI",FALSE,TRUE,TRUE,,,"common shore-skipper","crustaceans"
107380,"Arthropoda","Malacostraca","Decapoda","Carcinidae","Carcinus","Carcinus aestuarii",FALSE,,411,1,,"COI",FALSE,FALSE,TRUE,,,"Mediterranean green crab","crustaceans"
107381,"Arthropoda","Malacostraca","Decapoda","Carcinidae","Carcinus","Carcinus maenas",FALSE,,4086,4,,"COI",FALSE,TRUE,TRUE,,,"green crab, crabe enragé","crustaceans"
392883,"Arthropoda","Malacostraca","Decapoda","Munididae","Grimothea","Grimothea gregaria",FALSE,,6,1,,"COI",FALSE,TRUE,TRUE,,,,"crustaceans"
441460,"Arthropoda","Malacostraca","Decapoda","Epialtidae","Leucippa","Leucippa pentagona",FALSE,20,229,1,2019,"COI",TRUE,TRUE,TRUE,,,,"crustaceans"
441987,"Arthropoda","Malacostraca","Decapoda","Inachoididae","Leurocyclus","Leurocyclus tuberculosus",FALSE,,195,1,,"COI",FALSE,TRUE,TRUE,,,,"crustaceans"
246565,"Arthropoda","Malacostraca","Decapoda","Ovalipidae","Ovalipes","Ovalipes trimaculatus",FALSE,,56,1,,"COI",FALSE,TRUE,TRUE,,,"three-spot swimming crab","crustaceans"
425863,"Arthropoda","Malacostraca","Decapoda","Porcellanidae","Pachycheles","Pachycheles laevidactylus",FALSE,,22,1,,"COI",FALSE,FALSE,TRUE,,,,"crustaceans"
377568,"Arthropoda","Malacostraca","Decapoda","Solenoceridae","Pleoticus","Pleoticus muelleri",FALSE,,3,1,,"COI",FALSE,TRUE,TRUE,,,"Argentine red shrimp, Salicoque rouge d'Argentine","crustaceans"
221055,"Arthropoda","Malacostraca","Euphausiacea","Euphausiidae","Euphausia","Euphausia lucens",FALSE,,1146,5,,"12S;COI",FALSE,FALSE,TRUE,,,,"crustaceans"
119039,"Arthropoda","Malacostraca","Isopoda","Idoteidae","Idotea","Idotea balthica",FALSE,2,176,1,1974,"COI",TRUE,TRUE,TRUE,,,"Baltic isopod","crustaceans"
394848,"Arthropoda","Thecostraca","Balanomorpha","Balanidae","Balanus","Balanus glandula",FALSE,,107,2,,"COI",FALSE,TRUE,TRUE,,,,"crustaceans"
178786,"Echinodermata","Asteroidea","Forcipulatida","Asteriidae","Anasterias","Anasterias antarctica",FALSE,2,58,1,1978,"16S",TRUE,TRUE,TRUE,,,,"echinoderms"
234880,"Echinodermata","Asteroidea","Forcipulatida","Asteriidae","Anasterias","Anasterias suteri",FALSE,,6,1,,"COI",FALSE,FALSE,TRUE,,,,"echinoderms"
172748,"Echinodermata","Asteroidea","Valvatida","Asterinidae","Cycethra","Cycethra verrucosa",FALSE,13,32,1,2019,"16S",TRUE,TRUE,TRUE,,,,"echinoderms"
172774,"Echinodermata","Asteroidea","Valvatida","Odontasteridae","Odontaster","Odontaster meridionalis",FALSE,,36,1,,"COI",FALSE,FALSE,TRUE,,,,"echinoderms"
124249,"Echinodermata","Echinoidea","Arbacioida","Arbaciidae","Arbacia","Arbacia lixula",FALSE,,3271,2,,"16S",FALSE,FALSE,TRUE,,,"Black Sea urchin, oursin mâle","echinoderms"
513606,"Echinodermata","Echinoidea","Arbacioida","Arbaciidae","Tetrapygus","Tetrapygus niger",FALSE,,4185,10,,"COI",FALSE,FALSE,TRUE,,,,"echinoderms"
160822,"Echinodermata","Echinoidea","Camarodonta","Temnopleuridae","Pseudechinus","Pseudechinus magellanicus",FALSE,34,152,1,2019,"COI",TRUE,TRUE,TRUE,,,,"echinoderms"
160824,"Echinodermata","Echinoidea","Camarodonta","Temnopleuridae","Pseudechinus","Pseudechinus novaezealandiae",FALSE,,64898,21,,"16S",FALSE,FALSE,TRUE,,,,"echinoderms"
513143,"Echinodermata","Echinoidea","Spatangoida","Schizasteridae","Brisaster","Brisaster latifrons",FALSE,,959,4,,"16S;COI",FALSE,FALSE,TRUE,,,"wide heart sea urchin, oursin à front large","echinoderms"
866526,"Echinodermata","Holothuroidea","Dendrochirotida","Cucumariidae","Pentactella","Pentactella leonina",FALSE,,27,1,,"COI",FALSE,TRUE,TRUE,,,,"echinoderms"
225804,"Echinodermata","Holothuroidea","Molpadida","Caudinidae","Paracaudina","Paracaudina chilensis",FALSE,,166,1,,"16S",FALSE,FALSE,TRUE,,,"rat-tailed fusiform sea cucumber, holothurie à queue de rat","echinoderms"
125064,"Echinodermata","Ophiuroidea","Amphilepidida","Amphiuridae","Amphipholis","Amphipholis squamata",FALSE,,712,4,,"16S;COI",FALSE,FALSE,TRUE,,,"dwarf brittle star","echinoderms"
242886,"Echinodermata","Ophiuroidea","Amphilepidida","Amphiuridae","Amphistigma","Amphistigma minuta",FALSE,,41,1,,"COI",FALSE,FALSE,TRUE,,,,"echinoderms"
105820,"Chordata","Elasmobranchii","Carcharhiniformes","Triakidae","Galeorhinus","Galeorhinus galeus",FALSE,3,219,1,,"16S",TRUE,TRUE,TRUE,"CR","CR","tope, requin-hâ","fish"
217628,"Chordata","Elasmobranchii","Hexanchiformes","Hexanchidae","Notorynchus","Notorynchus cepedianus",FALSE,1,6790,11,,"12S;16S;COI",TRUE,TRUE,TRUE,"VU","VU","broadnose sevengill shark, requin à sept branchies","fish"
1042856,"Chordata","Elasmobranchii","Myliobatiformes","Dasyatidae","Hypanus","Hypanus americanus",FALSE,,5,1,,"12S",FALSE,FALSE,TRUE,"NT","NT",,"fish"
280873,"Chordata","Elasmobranchii","Rhinopristiformes","Glaucostegidae","Glaucostegus","Glaucostegus granulatus",FALSE,,8,1,,"12S",FALSE,FALSE,TRUE,"CR","CR",,"fish"
271669,"Chordata","Elasmobranchii","Squatiniformes","Squatinidae","Squatina","Squatina guggenheim",FALSE,,133,1,,"16S",FALSE,FALSE,TRUE,"EN","EN",,"fish"
278468,"Chordata","Holocephali","Chimaeriformes","Callorhinchidae","Callorhinchus","Callorhinchus callorynchus",FALSE,11,28,2,1995,"12S;COI",TRUE,TRUE,TRUE,"VU","VU","plownose chimaera, masca","fish"
219640,"Chordata","Teleostei","Acanthuriformes","Acanthuridae","Acanthurus","Acanthurus nigrofuscus",FALSE,,20,1,,"12S",FALSE,FALSE,TRUE,"LC","LC","brown surgeonfish","fish"
158566,"Chordata","Teleostei","Anguilliformes","Congridae","Conger","Conger oceanicus",FALSE,,580,2,,"16S",FALSE,FALSE,TRUE,"LC","LC","conger eel","fish"
126331,"Chordata","Teleostei","Atheriniformes","Atherinidae","Atherinomorus","Atherinomorus lacunosus",FALSE,,68,2,,"12S;16S",FALSE,FALSE,TRUE,"LC","LC","robust silverside","fish"
281824,"Chordata","Teleostei","Atheriniformes","Atherinopsidae","Odontesthes","Odontesthes argentinensis",FALSE,3,6898,7,,"16S;COI",TRUE,TRUE,TRUE,,,,"fish"
281826,"Chordata","Teleostei","Atheriniformes","Atherinopsidae","Odontesthes","Odontesthes incisa",FALSE,1,19194,16,,"12S;COI",TRUE,TRUE,TRUE,"LC","LC",,"fish"
281828,"Chordata","Teleostei","Atheriniformes","Atherinopsidae","Odontesthes","Odontesthes nigricans",FALSE,3,7530,9,,"12S;COI",TRUE,TRUE,TRUE,,,,"fish"
990516,"Chordata","Teleostei","Atheriniformes","Atherinopsidae","Odontesthes","Odontesthes smitti",FALSE,,12613,18,,"12S;COI",FALSE,FALSE,TRUE,,,,"fish"
159259,"Chordata","Teleostei","Beloniformes","Belonidae","Tylosurus","Tylosurus crocodilus",FALSE,,11,1,,"12S",FALSE,FALSE,TRUE,"LC","LC","houndfish","fish"
281629,"Chordata","Teleostei","Blenniiformes","Clinidae","Myxodes","Myxodes viridis",FALSE,,93158,22,,"12S;16S",FALSE,FALSE,TRUE,"LC","LC",,"fish"
218911,"Chordata","Teleostei","Carangaria incertae sedis","Polynemidae","Polydactylus","Polydactylus plebeius",FALSE,,24,1,,"12S",FALSE,FALSE,TRUE,,,"striped threadfin, barbure rayé","fish"
218440,"Chordata","Teleostei","Carangiformes","Carangidae","Trachinotus","Trachinotus baillonii",FALSE,,7,1,,"12S",FALSE,FALSE,TRUE,"LC","LC","smallspotted dart","fish"
127077,"Chordata","Teleostei","Centrarchiformes","Terapontidae","Pelates","Pelates quadrilineatus",FALSE,,111,3,,"12S;16S",FALSE,FALSE,TRUE,,,"fourlined terapon","fish"
317356,"Chordata","Teleostei","Cichliformes","Cichlidae","Coptodon","Coptodon zillii",FALSE,,8,1,,"12S",FALSE,FALSE,TRUE,"LC","LC",,"fish"
126417,"Chordata","Teleostei","Clupeiformes","Clupeidae","Clupea","Clupea harengus",FALSE,,81,4,,"12S;16S",FALSE,FALSE,TRUE,"LC","LC","herring, hareng de l'Atlantique","fish"
272284,"Chordata","Teleostei","Clupeiformes","Engraulidae","Engraulis","Engraulis anchoita",FALSE,1,230655,76,,"16S;COI",TRUE,TRUE,TRUE,"LC","LC","Argentine anchovy, anchois d'Argentine","fish"
272287,"Chordata","Teleostei","Clupeiformes","Engraulidae","Engraulis","Engraulis ringens",FALSE,,1286879,92,,"12S;16S",FALSE,FALSE,TRUE,"LC","LC","anchoveta","fish"
280725,"Chordata","Teleostei","Clupeiformes","Dorosomatidae","Ethmalosa","Ethmalosa fimbriata",FALSE,,224,3,,"12S;16S",FALSE,FALSE,TRUE,"LC","LC","Bonga shad","fish"
367197,"Chordata","Teleostei","Clupeiformes","Dorosomatidae","Harengula","Harengula humeralis",FALSE,,7,1,,"12S",FALSE,FALSE,TRUE,"LC","LC","pilchard","fish"
277551,"Chordata","Teleostei","Clupeiformes","Dorosomatidae","Harengula","Harengula jaguana",FALSE,,13,1,,"12S",FALSE,FALSE,TRUE,"LC","LC","scaled sardine","fish"
126424,"Chordata","Teleostei","Clupeiformes","Spratelloididae","Spratelloides","Spratelloides delicatulus",FALSE,,26,2,,"12S",FALSE,FALSE,TRUE,"LC","LC","delicate round herring","fish"
272280,"Chordata","Teleostei","Clupeiformes","Clupeidae","Sprattus","Sprattus antipodum",FALSE,,1234,1,,"16S",FALSE,FALSE,TRUE,"LC","LC",,"fish"
126425,"Chordata","Teleostei","Clupeiformes","Clupeidae","Sprattus","Sprattus sprattus",FALSE,,47,1,,"12S",FALSE,FALSE,TRUE,"LC","LC","European sprat, sprat","fish"
219082,"Chordata","Teleostei","Eupercaria incertae sedis","Scaridae","Chlorurus","Chlorurus sordidus",FALSE,,43,3,,"12S;16S",FALSE,FALSE,TRUE,"LC","LC",,"fish"
126976,"Chordata","Teleostei","Eupercaria incertae sedis","Moronidae","Dicentrarchus","Dicentrarchus punctatus",FALSE,,14,1,,"12S",FALSE,FALSE,TRUE,"LC","LC","spotted sea-bass, bar moucheté","fish"
998229,"Chordata","Teleostei","Eupercaria incertae sedis","Sparidae","Diplodus","Diplodus kotschyi",FALSE,,116,3,,"12S",FALSE,FALSE,TRUE,,,,"fish"
159733,"Chordata","Teleostei","Eupercaria incertae sedis","Gerreidae","Eucinostomus","Eucinostomus gula",FALSE,,9,1,,"12S",FALSE,FALSE,TRUE,"LC","LC","Jenny mojarra","fish"
276423,"Chordata","Teleostei","Eupercaria incertae sedis","Gerreidae","Eucinostomus","Eucinostomus melanopterus",FALSE,,8,1,,"12S",FALSE,FALSE,TRUE,"LC","LC","flagfin mojarra","fish"
276958,"Chordata","Teleostei","Eupercaria incertae sedis","Gerreidae","Gerres","Gerres japonicus",FALSE,,3,1,,"16S",FALSE,FALSE,TRUE,,,,"fish"
218998,"Chordata","Teleostei","Eupercaria incertae sedis","Labridae","Hemigymnus","Hemigymnus melapterus",FALSE,,14,1,,"12S",FALSE,FALSE,TRUE,"LC","LC","thicklip wrasse","fish"
218498,"Chordata","Teleostei","Eupercaria incertae sedis","Lutjanidae","Lutjanus","Lutjanus argentimaculatus",FALSE,,49,1,,"12S",FALSE,FALSE,TRUE,"LC","LC","river snapper","fish"
127063,"Chordata","Teleostei","Eupercaria incertae sedis","Sparidae","Pagrus","Pagrus pagrus",FALSE,2,3081,5,,"12S",TRUE,TRUE,TRUE,"LC","LC","red porgy, pagre commun","fish"
273774,"Chordata","Teleostei","Eupercaria incertae sedis","Scaridae","Sparisoma","Sparisoma chrysopterum",FALSE,,2,1,,"16S",FALSE,FALSE,TRUE,"LC","LC","redtail parrotfish","fish"
273579,"Chordata","Teleostei","Eupercaria incertae sedis","Labridae","Thalassoma","Thalassoma duperrey",FALSE,,23,1,,"12S",FALSE,FALSE,TRUE,"LC","LC",,"fish"
272455,"Chordata","Teleostei","Gadiformes","Merlucciidae","Merluccius","Merluccius hubbsi",FALSE,1,16911,10,,"12S;16S;COI",TRUE,TRUE,TRUE,,,"Argentine hake, merlu d'Argentine","fish"
278114,"Chordata","Teleostei","Gobiiformes","Gobiidae","Yongeichthys","Yongeichthys criniger",FALSE,,12,1,,"12S",FALSE,FALSE,TRUE,,,,"fish"
1042829,"Chordata","Teleostei","Mugiliformes","Mugilidae","Chelon","Chelon dumerili",FALSE,,4,1,,"16S",FALSE,FALSE,TRUE,"DD","DD",,"fish"
273647,"Chordata","Teleostei","Mugiliformes","Mugilidae","Mugil","Mugil bananensis",FALSE,,33,3,,"12S",FALSE,FALSE,TRUE,"LC","LC",,"fish"
126982,"Chordata","Teleostei","Mugiliformes","Mugilidae","Mugil","Mugil capurrii",FALSE,,26,2,,"12S",FALSE,FALSE,TRUE,"LC","LC",,"fish"
126983,"Chordata","Teleostei","Mugiliformes","Mugilidae","Mugil","Mugil cephalus",FALSE,,45,1,,"12S",FALSE,FALSE,TRUE,"LC","LC","grey mullet, muge","fish"
159416,"Chordata","Teleostei","Mugiliformes","Mugilidae","Mugil","Mugil curema",FALSE,,27,2,,"12S;16S",FALSE,FALSE,TRUE,"LC","LC","silverside mullet","fish"
273655,"Chordata","Teleostei","Mugiliformes","Mugilidae","Mugil","Mugil liza",FALSE,1,20,1,,"12S",TRUE,TRUE,TRUE,"DD","DD","liza","fish"
1043424,"Chordata","Teleostei","Mugiliformes","Mugilidae","Planiliza","Planiliza macrolepis",FALSE,,54,2,,"12S",FALSE,FALSE,TRUE,"LC","LC",,"fish"
159418,"Chordata","Teleostei","Mulliformes","Mullidae","Mullus","Mullus auratus",FALSE,,29,1,,"COI",FALSE,FALSE,TRUE,"LC","LC","red goatfish","fish"
282548,"Chordata","Teleostei","Ophidiiformes","Ophidiidae","Raneya","Raneya brasiliensis",FALSE,1,1665,3,,"16S;COI",TRUE,TRUE,TRUE,"LC","LC",,"fish"
1580692,"Chordata","Teleostei","Ovalentaria incertae sedis","Pomacentridae","Azurina","Azurina atrilobata",FALSE,,6,1,,"16S",FALSE,FALSE,TRUE,,,,"fish"
278725,"Chordata","Teleostei","Perciformes","Serranidae","Acanthistius","Acanthistius patachonicus",FALSE,7,35,1,,"COI",TRUE,TRUE,TRUE,"DD","DD",,"fish"
279522,"Chordata","Teleostei","Perciformes","Agonidae","Agonopsis","Agonopsis vulsa",FALSE,,10,1,,"16S",FALSE,FALSE,TRUE,,,"northern spearnose poacher, agone foncé","fish"
279844,"Chordata","Teleostei","Perciformes","Zoarcidae","Austrolycus","Austrolycus laticinctus",FALSE,,10,1,,"COI",FALSE,TRUE,TRUE,,,,"fish"
279373,"Chordata","Teleostei","Perciformes","Bovichtidae","Bovichtus","Bovichtus argentinus",FALSE,3,295381,50,1992,"12S;16S",TRUE,TRUE,TRUE,,,,"fish"
279374,"Chordata","Teleostei","Perciformes","Bovichtidae","Bovichtus","Bovichtus diacanthus",FALSE,,490,1,,"COI",FALSE,FALSE,TRUE,,,,"fish"
278357,"Chordata","Teleostei","Perciformes","Congiopodidae","Congiopodus","Congiopodus peruvianus",FALSE,2,9687,2,,"16S",TRUE,TRUE,TRUE,"LC","LC",,"fish"
280634,"Chordata","Teleostei","Perciformes","Eleginopidae","Eleginops","Eleginops maclovinus",FALSE,2,604083,60,,"12S;16S;COI",TRUE,TRUE,TRUE,,,,"fish"
274387,"Chordata","Teleostei","Perciformes","Cottidae","Icelus","Icelus toyamensis",FALSE,,9194,1,,"12S",FALSE,FALSE,TRUE,,,,"fish"
318861,"Chordata","Teleostei","Perciformes","Nototheniidae","Lindbergichthys","Lindbergichthys nudifrons",FALSE,,77,1,,"16S",FALSE,FALSE,TRUE,,,,"fish"
274102,"Chordata","Teleostei","Perciformes","Zoarcidae","Lycodes","Lycodes hubbsi",FALSE,,34308,8,,"12S",FALSE,FALSE,TRUE,,,"Hubbs’ eelpout","fish"
274112,"Chordata","Teleostei","Perciformes","Zoarcidae","Lycodes","Lycodes nakamurae",FALSE,,507,1,,"16S",FALSE,FALSE,TRUE,,,"Nakamura’s eelpout","fish"
234801,"Chordata","Teleostei","Perciformes","Nototheniidae","Pagothenia","Pagothenia borchgrevinki",FALSE,,1142,1,,"12S",FALSE,FALSE,TRUE,,,"bald notothen","fish"
234633,"Chordata","Teleostei","Perciformes","Nototheniidae","Patagonotothen","Patagonotothen ramsayi",FALSE,,653168,72,,"12S;16S",FALSE,FALSE,TRUE,"DD","DD","cod icefish","fish"
279344,"Chordata","Teleostei","Perciformes","Nototheniidae","Patagonotothen","Patagonotothen sima",FALSE,1,37,1,,"COI",TRUE,TRUE,TRUE,,,,"fish"
279346,"Chordata","Teleostei","Perciformes","Nototheniidae","Patagonotothen","Patagonotothen tessellata",FALSE,,38130,11,,"16S",FALSE,FALSE,TRUE,"DD","DD",,"fish"
282218,"Chordata","Teleostei","Perciformes","Percophidae","Percophis","Percophis brasiliensis",FALSE,1,5,1,,"COI",TRUE,TRUE,TRUE,,,,"fish"
236485,"Chordata","Teleostei","Perciformes","Pinguipedidae","Pinguipes","Pinguipes brasilianus",FALSE,2,166,1,,"COI",TRUE,TRUE,TRUE,,,,"fish"
279407,"Chordata","Teleostei","Perciformes","Pinguipedidae","Pinguipes","Pinguipes chilensis",FALSE,,28814,15,,"12S;16S",FALSE,FALSE,TRUE,,,,"fish"
293739,"Chordata","Teleostei","Perciformes","Sebastidae","Sebastes","Sebastes pachycephalus",FALSE,,2728,4,,"12S",FALSE,FALSE,TRUE,,,,"fish"
275818,"Chordata","Teleostei","Pleuronectiformes","Paralichthyidae","Paralichthys","Paralichthys patagonicus",FALSE,2,1485,1,,"16S",TRUE,TRUE,TRUE,"VU","VU",,"fish"
273311,"Chordata","Teleostei","Scombriformes","Centrolophidae","Hyperoglyphe","Hyperoglyphe japonica",FALSE,,125721,14,,"12S",FALSE,FALSE,TRUE,,,"Pacific barrelfish","fish"
159828,"Chordata","Teleostei","Scombriformes","Stromateidae","Peprilus","Peprilus triacanthus",FALSE,,13764,6,,"12S",FALSE,FALSE,TRUE,,,"dollarfish, stromatée à fossettes","fish"
219715,"Chordata","Teleostei","Scombriformes","Scombridae","Scomber","Scomber australasicus",FALSE,,183,2,,"12S",FALSE,FALSE,TRUE,"LC","LC","spotted chub mackerel","fish"
151174,"Chordata","Teleostei","Scombriformes","Scombridae","Scomber","Scomber colias",FALSE,,326,2,,"COI",FALSE,FALSE,TRUE,"LC","LC","chub mackerel, maquereau blanc","fish"
127022,"Chordata","Teleostei","Scombriformes","Scombridae","Scomber","Scomber japonicus",FALSE,1,5081,2,,"16S",TRUE,TRUE,TRUE,"LC","LC","Atlantic chub mackerel, maquereaux blanc","fish"
282755,"Chordata","Teleostei","Scombriformes","Centrolophidae","Seriolella","Seriolella brama",FALSE,,39157,7,,"12S",FALSE,FALSE,TRUE,,,,"fish"
282757,"Chordata","Teleostei","Scombriformes","Centrolophidae","Seriolella","Seriolella porosa",FALSE,1,32,1,,"COI",TRUE,TRUE,TRUE,,,,"fish"
273998,"Chordata","Teleostei","Scombriformes","Stromateidae","Stromateus","Stromateus brasiliensis",FALSE,1,14522,10,,"12S;COI",TRUE,TRUE,TRUE,,,,"fish"
273999,"Chordata","Teleostei","Scombriformes","Stromateidae","Stromateus","Stromateus stellatus",FALSE,,12443,5,,"16S",FALSE,FALSE,TRUE,"LC","LC",,"fish"
274972,"Chordata","Teleostei","Stomiiformes","Sternoptychidae","Maurolicus","Maurolicus japonicus",FALSE,,463,1,,"16S",FALSE,FALSE,TRUE,"LC","LC","North Pacific lightfish","fish"
127312,"Chordata","Teleostei","Stomiiformes","Sternoptychidae","Maurolicus","Maurolicus muelleri",FALSE,,2505,1,,"12S",FALSE,FALSE,TRUE,"LC","LC","Muller's pearlsides, maurolique de Müller","fish"
219879,"Chordata","Teleostei","Tetraodontiformes","Balistidae","Melichthys","Melichthys vidua",FALSE,,10,1,,"12S",FALSE,FALSE,TRUE,"LC","LC","pinktail triggerfish","fish"
276256,"Chordata","Teleostei","Tetraodontiformes","Monacanthidae","Monacanthus","Monacanthus chinensis",FALSE,,6,1,,"12S",FALSE,FALSE,TRUE,"LC","LC",,"fish"
100511,"Ascomycota","Dothideomycetes","Capnodiales","Cladosporiaceae","Cladosporium","Cladosporium herbarum",FALSE,,33,1,,"COI",FALSE,FALSE,TRUE,,,,"fungi"
100498,"Ascomycota","Eurotiomycetes","Eurotiales","Trichocomaceae","Aspergillus","Aspergillus versicolor",FALSE,,22,2,,"COI",FALSE,FALSE,TRUE,,,,"fungi"
100537,"Ascomycota","Eurotiomycetes","Eurotiales","Trichocomaceae","Penicillium","Penicillium chrysogenum",FALSE,,52,1,,"COI",FALSE,FALSE,TRUE,,,,"fungi"
172204,"Oomycota","Peronosporea","Olpidiopsidales","Olpidiopsidaceae","Olpidiopsis","Olpidiopsis feldmanni",FALSE,,55,1,,"COI",FALSE,FALSE,TRUE,,,,"fungi"
172155,"Oomycota","Peronosporea","Saprolegniales","Ectrogellaceae","Eurychasma","Eurychasma dicksonii",FALSE,,4429,2,,"COI",FALSE,FALSE,TRUE,,,,"fungi"
344008,"Chordata","Mammalia","Carnivora","Phocidae","Lobodon","Lobodon carcinophagus",FALSE,,2173,7,,"12S;16S",FALSE,TRUE,TRUE,,,"crabeater seal","mammals"
231413,"Chordata","Mammalia","Carnivora","Phocidae","Mirounga","Mirounga leonina",FALSE,1320,4405215,182,2010,"12S;16S;COI",TRUE,TRUE,TRUE,"LC","LC","southern elephant seal","mammals"
344630,"Chordata","Mammalia","Carnivora","Otariidae","Otaria","Otaria byronia",FALSE,393,226737,49,2013,"12S;16S",TRUE,TRUE,TRUE,"LC","LC","South American sea lion","mammals"
220222,"Chordata","Mammalia","Cetartiodactyla","Balaenidae","Eubalaena","Eubalaena australis",FALSE,410,869490,162,2023,"16S;COI",TRUE,TRUE,TRUE,"LC","LC","southern right whale, baleine du Cap","mammals"
254985,"Chordata","Mammalia","Cetartiodactyla","Phocoenidae","Neophocaena","Neophocaena phocaenoides",FALSE,,4,1,,"COI",FALSE,FALSE,TRUE,"VU","VU","Indian dolphin, marsouin aptere","mammals"
343898,"Chordata","Mammalia","Cetartiodactyla","Phocoenidae","Phocoena","Phocoena spinipinnis",FALSE,,6903,9,,"12S;16S;COI",FALSE,TRUE,TRUE,"NT","NT","Burmeister's porpoise, marsouin de Burmeister","mammals"
137119,"Chordata","Mammalia","Cetartiodactyla","Physeteridae","Physeter","Physeter macrocephalus",FALSE,,585,2,,"16S",FALSE,TRUE,TRUE,"VU","VU","sperm whale, cachalot à dents pointues","mammals"
1571909,"Chordata","Mammalia","Cetartiodactyla","Delphinidae","Sagmatias","Sagmatias obliquidens",FALSE,,81,3,,"16S;COI",FALSE,FALSE,TRUE,,,,"mammals"
137107,"Chordata","Mammalia","Cetartiodactyla","Delphinidae","Stenella","Stenella coeruleoalba",FALSE,,3802,6,,"12S",FALSE,FALSE,TRUE,"LC","LC","striped dolphin, dauphin bleu et blanc","mammals"
137111,"Chordata","Mammalia","Cetartiodactyla","Delphinidae","Tursiops","Tursiops truncatus",FALSE,,1197,5,,"12S",FALSE,TRUE,TRUE,"LC","LC","bottlenose dolphin, grand dauphin","mammals"
413610,"Mollusca","Bivalvia","Adapedonta","Pharidae","Ensis","Ensis macha",FALSE,38,31,3,1999,"12S;16S;COI",TRUE,TRUE,TRUE,,,,"molluscs"
505963,"Mollusca","Bivalvia","Mytilida","Mytilidae","Aulacomya","Aulacomya atra",FALSE,221,307,7,2019,"12S;16S;COI",TRUE,TRUE,TRUE,,,,"molluscs"
367978,"Mollusca","Bivalvia","Mytilida","Mytilidae","Brachidontes","Brachidontes rodriguezii",FALSE,1,652,2,,"COI",TRUE,TRUE,TRUE,,,,"molluscs"
140480,"Mollusca","Bivalvia","Mytilida","Mytilidae","Mytilus","Mytilus edulis",FALSE,1,30,2,,"16S;COI",TRUE,TRUE,TRUE,,,"blue mussel, moule commune","molluscs"
600490,"Mollusca","Bivalvia","Mytilida","Mytilidae","Perumytilus","Perumytilus purpuratus",FALSE,,270,3,,"COI",FALSE,TRUE,TRUE,,,,"molluscs"
507438,"Mollusca","Bivalvia","Venerida","Veneridae","Ameghinomya","Ameghinomya antiqua",FALSE,14,23,1,1999,"COI",TRUE,TRUE,TRUE,,,,"molluscs"
342032,"Mollusca","Cephalopoda","Octopoda","Octopodidae","Octopus","Octopus tehuelchus",FALSE,2,672,1,1980,"COI",TRUE,TRUE,TRUE,"DD","DD","Tehuelche octopus","molluscs"
1438202,"Mollusca","Cephalopoda","Octopoda","Octopodidae","Robsonella","Robsonella campbelli",FALSE,,10,1,,"COI",FALSE,FALSE,TRUE,,,,"molluscs"
457048,"Mollusca","Gastropoda","Littorinimorpha","Calyptraeidae","Bostrycapulus","Bostrycapulus odites",FALSE,,91,1,,"COI",FALSE,FALSE,TRUE,,,,"molluscs"
234137,"Mollusca","Gastropoda","Littorinimorpha","Calyptraeidae","Crepipatella","Crepipatella dilatata",FALSE,1,70,1,,"COI",TRUE,TRUE,TRUE,,,,"molluscs"
1514657,"Mollusca","Gastropoda","Neogastropoda","Buccinanopsidae","Buccinastrum","Buccinastrum deforme",FALSE,4,80,1,1996,"COI",TRUE,TRUE,TRUE,,,,"molluscs"
536817,"Mollusca","Gastropoda","Nudibranchia","Discodorididae","Diaulula","Diaulula sandiegensis",FALSE,,30,1,,"COI",FALSE,FALSE,TRUE,,,,"molluscs"
579047,"Mollusca","Gastropoda","Nudibranchia","Discodorididae","Geitodoris","Geitodoris heathi",FALSE,,8,1,,"COI",FALSE,FALSE,TRUE,,,,"molluscs"
533470,"Mollusca","Gastropoda","Trochida","Tegulidae","Tegula","Tegula patagonica",FALSE,163,9,1,2019,"16S",TRUE,TRUE,TRUE,,,,"molluscs"
817223,"Mollusca","Polyplacophora","Chitonida","Mopaliidae","Plaxiphora","Plaxiphora aurata",FALSE,3,21,1,1996,"COI",TRUE,TRUE,TRUE,,,,"molluscs"
385792,"Mollusca","Polyplacophora","Lepidopleurida","Leptochitonidae","Leptochiton","Leptochiton denhartogi",FALSE,,58,1,,"COI",FALSE,FALSE,TRUE,,,,"molluscs"
467483,"Bryozoa","Gymnolaemata","Cheilostomatida","Hippothoidae","Austrothoa","Austrothoa yagana",FALSE,,109,3,,"COI",FALSE,FALSE,TRUE,,,,"moss animals"
111147,"Bryozoa","Gymnolaemata","Cheilostomatida","Bugulidae","Bicellariella","Bicellariella ciliata",FALSE,,72,1,,"COI",FALSE,FALSE,TRUE,,,"furry bryozoan","moss animals"
467511,"Bryozoa","Gymnolaemata","Cheilostomatida","Hippothoidae","Neothoa","Neothoa patagonica",FALSE,,3,1,,"COI",FALSE,FALSE,TRUE,,,,"moss animals"
103585,"Chordata","Ascidiacea","Aplousobranchia","Didemnidae","Lissoclinum","Lissoclinum perforatum",FALSE,,27,1,,"COI",FALSE,FALSE,TRUE,,,,"sea squirts"
249965,"Chordata","Ascidiacea","Phlebobranchia","Ascidiidae","Ascidia","Ascidia ahodori",FALSE,,25133,6,,"16S;COI",FALSE,FALSE,TRUE,,,,"sea squirts"
252565,"Chordata","Ascidiacea","Phlebobranchia","Cionidae","Ciona","Ciona robusta",FALSE,10,50,1,2019,"COI",TRUE,TRUE,TRUE,,,,"sea squirts"
577142,"Porifera","Demospongiae","Biemnida","Biemnidae","Sigmaxinella","Sigmaxinella hipposiderus",FALSE,,7,1,,"COI",FALSE,FALSE,TRUE,,,,"sponges"
132736,"Porifera","Demospongiae","Chondrillida","Halisarcidae","Halisarca","Halisarca dujardinii",FALSE,,403,2,,"COI",FALSE,FALSE,TRUE,,,"soft horny sponge, éponge de Dujardin","sponges"
134121,"Porifera","Demospongiae","Clionaida","Clionaidae","Cliona","Cliona celata",FALSE,,19,1,,"COI",FALSE,TRUE,TRUE,,,"boring sponge, clione jaune","sponges"
170434,"Porifera","Demospongiae","Clionaida","Clionaidae","Cliona","Cliona chilensis",FALSE,,46,1,,"COI",FALSE,TRUE,TRUE,,,,"sponges"
170489,"Porifera","Demospongiae","Clionaida","Clionaidae","Clionaopsis","Clionaopsis platei",FALSE,,19,1,,"COI",FALSE,TRUE,TRUE,,,,"sponges"
164900,"Porifera","Demospongiae","Dendroceratida","Dictyodendrillidae","Igernella","Igernella notabilis",FALSE,,89,2,,"COI",FALSE,FALSE,TRUE,,,,"sponges"
166185,"Porifera","Demospongiae","Haplosclerida","Callyspongiidae","Callyspongia","Callyspongia (Callyspongia) fallax",FALSE,,109,1,,"COI",FALSE,FALSE,TRUE,,,,"sponges"
166210,"Porifera","Demospongiae","Haplosclerida","Callyspongiidae","Callyspongia","Callyspongia (Cladochalina) diffusa",FALSE,,184,1,,"COI",FALSE,FALSE,TRUE,,,,"sponges"
178479,"Porifera","Demospongiae","Haplosclerida","Niphatidae","Pachychalina","Pachychalina tenera",FALSE,,62,2,,"COI",FALSE,FALSE,TRUE,,,,"sponges"
168733,"Porifera","Demospongiae","Poecilosclerida","Chondropsidae","Batzella","Batzella aurantiaca",FALSE,,20,1,,"COI",FALSE,FALSE,TRUE,,,,"sponges"
167563,"Porifera","Demospongiae","Poecilosclerida","Microcionidae","Clathria","Clathria (Clathria) prolifera",FALSE,,9,1,,"COI",FALSE,FALSE,TRUE,,,,"sponges"
167585,"Porifera","Demospongiae","Poecilosclerida","Microcionidae","Clathria","Clathria (Clathria) unica",FALSE,,26,1,,"COI",FALSE,FALSE,TRUE,,,,"sponges"
169121,"Porifera","Demospongiae","Poecilosclerida","Desmacididae","Desmapsamma","Desmapsamma anchorata",FALSE,,34,1,,"COI",FALSE,FALSE,TRUE,,,,"sponges"
168571,"Porifera","Demospongiae","Poecilosclerida","Mycalidae","Mycale","Mycale (Carmia) cecilia",FALSE,,80,1,,"COI",FALSE,FALSE,TRUE,,,,"sponges"
133676,"Porifera","Demospongiae","Poecilosclerida","Hymedesmiidae","Phorbas","Phorbas dives",FALSE,,2,1,,"12S",FALSE,FALSE,TRUE,,,,"sponges"
165807,"Porifera","Demospongiae","Suberitida","Halichondriidae","Halichondria","Halichondria (Halichondria) coerulea",FALSE,,38,1,,"COI",FALSE,FALSE,TRUE,,,,"sponges"
165853,"Porifera","Demospongiae","Suberitida","Halichondriidae","Halichondria","Halichondria (Halichondria) panicea",FALSE,,28,1,,"COI",FALSE,FALSE,TRUE,,,"breadcrumb sponge","sponges"
165886,"Porifera","Demospongiae","Suberitida","Halichondriidae","Hymeniacidon","Hymeniacidon chloris",FALSE,,119,1,,"COI",FALSE,FALSE,TRUE,,,,"sponges"
592533,"Porifera","Demospongiae","Suberitida","Halichondriidae","Hymeniacidon","Hymeniacidon gracilis",FALSE,,96,1,,"COI",FALSE,FALSE,TRUE,,,,"sponges"
132663,"Porifera","Demospongiae","Suberitida","Halichondriidae","Hymeniacidon","Hymeniacidon perlevis",FALSE,,57,1,,"COI",FALSE,FALSE,TRUE,,,"crumb-of-bread sponge","sponges"
170810,"Porifera","Demospongiae","Suberitida","Suberitidae","Pseudosuberites","Pseudosuberites nudus",FALSE,,224,1,,"COI",FALSE,FALSE,TRUE,,,,"sponges"
1041930,"Porifera","Demospongiae","Suberitida","Suberitidae","Terpios","Terpios gelatinosus",FALSE,,39,1,,"COI",FALSE,FALSE,TRUE,,,,"sponges"
120664,"Amoebozoa","Discosea","Dactylopodida","Vexilliferidae","Neoparamoeba","Neoparamoeba aestuarina",FALSE,,25,1,,"COI",FALSE,FALSE,TRUE,,,,"unicellular"
120665,"Amoebozoa","Discosea","Dactylopodida","Vexilliferidae","Neoparamoeba","Neoparamoeba pemaquidensis",FALSE,,204,6,,"COI",FALSE,FALSE,TRUE,,,,"unicellular"
120669,"Amoebozoa","Discosea","Dactylopodida","Vexilliferidae","Pseudoparamoeba","Pseudoparamoeba pagei",FALSE,,43,2,,"COI",FALSE,FALSE,TRUE,,,,"unicellular"
761218,"Amoebozoa","Discosea","Dactylopodida","Dactylopodida incertae sedis","Squamamoeba","Squamamoeba japonica",FALSE,,110,1,,"COI",FALSE,FALSE,TRUE,,,,"unicellular"
120633,"Amoebozoa","Discosea","Himatismenida","Himatismenida incertae sedis","Parvamoeba","Parvamoeba rugata",FALSE,,37,1,,"COI",FALSE,FALSE,TRUE,,,,"unicellular"
109603,"Myzozoa","Dinophyceae","Dinophysiales","Dinophysaceae","Dinophysis","Dinophysis acuminata",FALSE,2,12,1,1996,"COI",TRUE,FALSE,TRUE,,,,"unicellular"
837459,"Myzozoa","Dinophyceae","Gonyaulacales","Ceratiaceae","Tripos","Tripos lineatus",FALSE,,4,1,,"16S",FALSE,FALSE,TRUE,,,,"unicellular"
840906,"Myzozoa","Dinophyceae","Gymnodiniales","Gymnodiniaceae","Nusuttodinium","Nusuttodinium poecilochroum",FALSE,,92,2,,"COI",FALSE,FALSE,TRUE,,,,"unicellular"
109921,"Myzozoa","Dinophyceae","Noctilucales","Noctilucaceae","Noctiluca","Noctiluca scintillans",FALSE,,8,1,,"COI",FALSE,FALSE,TRUE,,,,"unicellular"
110152,"Myzozoa","Dinophyceae","Peridiniales","Heterocapsaceae","Heterocapsa","Heterocapsa rotundata",FALSE,,30581,12,,"16S;COI",FALSE,FALSE,TRUE,,,,"unicellular"
137485,"Annelida","Clitellata","Tubificida","Naididae","Paranais","Paranais litoralis",FALSE,,1373,2,,"COI",FALSE,FALSE,TRUE,,,,"worms"
333727,"Annelida","Polychaeta","Phyllodocida","Nereididae","Laeonereis","Laeonereis culveri",FALSE,,33,2,,"16S",FALSE,FALSE,TRUE,,,,"worms"
333730,"Annelida","Polychaeta","Phyllodocida","Nereididae","Laeonereis","Laeonereis pandoensis",FALSE,,83130,3,,"COI",FALSE,FALSE,TRUE,,,,"worms"
131467,"Annelida","Polychaeta","Phyllodocida","Syllidae","Trypanosyllis","Trypanosyllis zebra",FALSE,,31,1,,"COI",FALSE,FALSE,TRUE,,,,"worms"
327249,"Annelida","Polychaeta","Spionida","Spionidae","Boccardia","Boccardia proboscidea",FALSE,,5055,3,,"COI",FALSE,TRUE,TRUE,,,,"worms"
174830,"Annelida","Polychaeta","Spionida","Spionidae","Rhynchospio","Rhynchospio glutaea",FALSE,,40678,11,,"16S;COI",FALSE,FALSE,TRUE,,,,"worms"
332705,"Annelida","Polychaeta","Terebellida","Pectinariidae","Cistenides","Cistenides ehlersi",FALSE,,6,1,,"COI",FALSE,FALSE,TRUE,,,,"worms"
129876,"Annelida","Polychaeta",,"Capitellidae","Capitella","Capitella capitata",FALSE,,420,1,,"COI",FALSE,FALSE,TRUE,,,"gallery worm","worms"
1253304,"Annelida","Polychaeta",,"Capitellidae","Capitella","Capitella nonatoi",FALSE,,2893,4,,"12S;COI",FALSE,FALSE,TRUE,,,,"worms"
592089,"Annelida","Polychaeta",,"Capitellidae","Capitella","Capitella teleta",FALSE,,1547,3,,"16S;COI",FALSE,FALSE,TRUE,,,"Capitella sp. I","worms"
337791,"Annelida","Polychaeta",,"Sabellariidae","Phragmatopoma","Phragmatopoma moerchi",FALSE,,22,1,,"COI",FALSE,FALSE,TRUE,,,,"worms"
266499,"Annelida",,"Sipuncula","Phascolosomatidae","Phascolosoma","Phascolosoma (Phascolosoma) arcuatum",FALSE,,4,1,,"16S",FALSE,FALSE,TRUE,,,,"worms"
573287,"Nemertea","Palaeonemertea","Archinemertea","Cephalotrichidae","Cephalothrix","Cephalothrix hermaphroditicus",FALSE,,91,1,,"COI",FALSE,FALSE,TRUE,,,,"worms"
999912,"Arthropoda","Arachnida","Sarcoptiformes","Acaridae","Tyrophagus","Tyrophagus putrescentiae",FALSE,,26,2,,"COI",FALSE,FALSE,TRUE,,,,
118154,"Arthropoda","Hexapoda","Diptera","Chironomidae","Telmatogeton","Telmatogeton japonicus",FALSE,,59,1,,"COI",FALSE,FALSE,TRUE,,,"marine splash midge",
990723,"Arthropoda","Hexapoda","Hemiptera","Aphididae","Brachycaudus","Brachycaudus helichrysi",FALSE,,3,1,,"COI",FALSE,FALSE,TRUE,,,,
1489180,"Arthropoda","Hexapoda","Hemiptera","Cicadellidae","Macrosteles","Macrosteles quadrilineatus",FALSE,,347,2,,"COI",FALSE,FALSE,TRUE,,,,
503121,"Arthropoda","Hexapoda",,"Hypogastruridae","Hypogastrura","Hypogastrura vernalis",FALSE,,86,1,,"COI",FALSE,FALSE,TRUE,,,,
162961,"Bigyra","Labyrinthulea","Thraustochytrida","Thraustochytriaceae","Thraustochytrium","Thraustochytrium aureum",FALSE,,12,1,,"COI",FALSE,FALSE,TRUE,,,,
623449,"Cryptophyta","Cryptophyceae","Pyrenomonadales","Chroomonadaceae","Hemiselmis","Hemiselmis andersenii",FALSE,,54,1,,"COI",FALSE,FALSE,TRUE,,,,
106306,"Cryptophyta","Cryptophyceae","Pyrenomonadales","Geminigeraceae","Teleaulax","Teleaulax amphioxeia",FALSE,,301,2,,"COI",FALSE,FALSE,TRUE,,,,
1584220,"Platyhelminthes",,"Dolichomicrostomida","Microstomidae","Microstomum","Microstomum compositum",FALSE,,4,1,,"COI",FALSE,FALSE,TRUE,,,,
142799,"Platyhelminthes",,"Dolichomicrostomida","Microstomidae","Microstomum","Microstomum septentrionale",FALSE,,125,2,,"COI",FALSE,FALSE,TRUE,,,,
481009,"Platyhelminthes",,"Rhabdocoela","Promesostomidae","Promesostoma","Promesostoma dipterostylum",FALSE,,15,1,,"COI",FALSE,FALSE,TRUE,,,,
135066,"Rotifera","Eurotatoria","Ploima","Synchaetidae","Synchaeta","Synchaeta triophthalma",FALSE,,152338,6,,"12S;16S;COI",FALSE,FALSE,TRUE,,,,
