"AphiaID","phylum","class","order","family","genus","species","group","redlist_category","records","max_year","target_gene","source_obis","source_gbif","source_dna"
217337,"Chordata","Elasmobranchii","Carcharhiniformes","Carcharhinidae","Carcharhinus","Carcharhinus amblyrhynchos","fish","EN",,,,FALSE,TRUE,
105789,"Chordata","Elasmobranchii","Carcharhiniformes","Carcharhinidae","Carcharhinus","Carcharhinus falciformis","fish","VU",1,,,TRUE,TRUE,
105795,"Chordata","Elasmobranchii","Carcharhiniformes","Carcharhinidae","Carcharhinus","Carcharhinus melanopterus","fish","VU",4,1939,,TRUE,TRUE,
105800,"Chordata","Elasmobranchii","Carcharhiniformes","Carcharhinidae","Negaprion","Negaprion brevirostris","fish","VU",,,,FALSE,TRUE,
214557,"Chordata","Elasmobranchii","Carcharhiniformes","Carcharhinidae","Triaenodon","Triaenodon obesus","fish","VU",,,,FALSE,TRUE,
272957,"Chordata","Teleostei","Acanthuriformes","Acanthuridae","Acanthurus","Acanthurus achilles","fish",,2,1939,,TRUE,TRUE,
219650,"Chordata","Teleostei","Acanthuriformes","Acanthuridae","Acanthurus","Acanthurus guttatus","fish",,1,1939,,TRUE,TRUE,
159582,"Chordata","Teleostei","Acanthuriformes","Acanthuridae","Acanthurus","Acanthurus lineatus","fish",,1,1951,,TRUE,TRUE,
219638,"Chordata","Teleostei","Acanthuriformes","Acanthuridae","Acanthurus","Acanthurus nigricans","fish",,6,1951,,TRUE,TRUE,
219640,"Chordata","Teleostei","Acanthuriformes","Acanthuridae","Acanthurus","Acanthurus nigrofuscus","fish",,1,,,TRUE,TRUE,
219642,"Chordata","Teleostei","Acanthuriformes","Acanthuridae","Acanthurus","Acanthurus nigroris","fish",,5,1939,,TRUE,TRUE,
219625,"Chordata","Teleostei","Acanthuriformes","Acanthuridae","Acanthurus","Acanthurus olivaceus","fish",,,,,FALSE,TRUE,
219630,"Chordata","Teleostei","Acanthuriformes","Acanthuridae","Acanthurus","Acanthurus triostegus","fish",,11,1951,,TRUE,TRUE,
219634,"Chordata","Teleostei","Acanthuriformes","Acanthuridae","Acanthurus","Acanthurus xanthopterus","fish",,3,1951,,TRUE,TRUE,
277565,"Chordata","Teleostei","Acanthuriformes","Pomacanthidae","Apolemichthys","Apolemichthys griffisi","fish",,2,1978,,TRUE,TRUE,
277566,"Chordata","Teleostei","Acanthuriformes","Pomacanthidae","Apolemichthys","Apolemichthys xanthopunctatus","fish",,2,1978,,TRUE,TRUE,
211780,"Chordata","Teleostei","Acanthuriformes","Pomacanthidae","Centropyge","Centropyge bicolor","fish",,1,,,TRUE,TRUE,
211778,"Chordata","Teleostei","Acanthuriformes","Pomacanthidae","Centropyge","Centropyge fisheri","fish",,2,,,TRUE,TRUE,
278836,"Chordata","Teleostei","Acanthuriformes","Pomacanthidae","Centropyge","Centropyge flavissima","fish",,29,1950,,TRUE,TRUE,
402161,"Chordata","Teleostei","Acanthuriformes","Pomacanthidae","Centropyge","Centropyge loriculus","fish",,15,,,TRUE,TRUE,
312650,"Chordata","Teleostei","Acanthuriformes","Pomacanthidae","Centropyge","Centropyge nigriocellus","fish",,1,,,TRUE,TRUE,
218730,"Chordata","Teleostei","Acanthuriformes","Chaetodontidae","Chaetodon","Chaetodon auriga","fish",,23,1965,,TRUE,TRUE,
218735,"Chordata","Teleostei","Acanthuriformes","Chaetodontidae","Chaetodon","Chaetodon bennetti","fish",,4,1965,,TRUE,TRUE,
273335,"Chordata","Teleostei","Acanthuriformes","Chaetodontidae","Chaetodon","Chaetodon ephippium","fish",,5,1965,,TRUE,TRUE,
218726,"Chordata","Teleostei","Acanthuriformes","Chaetodontidae","Chaetodon","Chaetodon falcula","fish",,1,1951,,TRUE,TRUE,
218733,"Chordata","Teleostei","Acanthuriformes","Chaetodontidae","Chaetodon","Chaetodon lunula","fish",,7,1965,,TRUE,TRUE,
398549,"Chordata","Teleostei","Acanthuriformes","Chaetodontidae","Chaetodon","Chaetodon lunulatus","fish",,15,,,TRUE,TRUE,
218752,"Chordata","Teleostei","Acanthuriformes","Chaetodontidae","Chaetodon","Chaetodon meyeri","fish",,1,,,TRUE,TRUE,
273352,"Chordata","Teleostei","Acanthuriformes","Chaetodontidae","Chaetodon","Chaetodon ornatissimus","fish",,24,2012,,TRUE,TRUE,
273355,"Chordata","Teleostei","Acanthuriformes","Chaetodontidae","Chaetodon","Chaetodon punctatofasciatus","fish",,1,,,TRUE,TRUE,
273356,"Chordata","Teleostei","Acanthuriformes","Chaetodontidae","Chaetodon","Chaetodon quadrimaculatus","fish",,2,1950,,TRUE,TRUE,
218719,"Chordata","Teleostei","Acanthuriformes","Chaetodontidae","Chaetodon","Chaetodon trifascialis","fish","NT",5,2012,,TRUE,TRUE,
218741,"Chordata","Teleostei","Acanthuriformes","Chaetodontidae","Chaetodon","Chaetodon trifasciatus","fish",,2,1951,,TRUE,TRUE,
218717,"Chordata","Teleostei","Acanthuriformes","Chaetodontidae","Chaetodon","Chaetodon ulietensis","fish",,1,1965,,TRUE,TRUE,
219655,"Chordata","Teleostei","Acanthuriformes","Acanthuridae","Ctenochaetus","Ctenochaetus binotatus","fish",,2,,,TRUE,TRUE,
277559,"Chordata","Teleostei","Acanthuriformes","Acanthuridae","Ctenochaetus","Ctenochaetus cyanocheilus","fish",,1,,,TRUE,TRUE,
277561,"Chordata","Teleostei","Acanthuriformes","Acanthuridae","Ctenochaetus","Ctenochaetus hawaiiensis","fish",,1,,,TRUE,TRUE,
219657,"Chordata","Teleostei","Acanthuriformes","Acanthuridae","Ctenochaetus","Ctenochaetus marginatus","fish",,6,2012,,TRUE,TRUE,
219659,"Chordata","Teleostei","Acanthuriformes","Acanthuridae","Ctenochaetus","Ctenochaetus striatus","fish",,3,1951,,TRUE,TRUE,
219658,"Chordata","Teleostei","Acanthuriformes","Acanthuridae","Ctenochaetus","Ctenochaetus strigosus","fish",,1,1960,,TRUE,TRUE,
218765,"Chordata","Teleostei","Acanthuriformes","Chaetodontidae","Heniochus","Heniochus acuminatus","fish",,3,1960,,TRUE,TRUE,
276748,"Chordata","Teleostei","Acanthuriformes","Chaetodontidae","Heniochus","Heniochus chrysostomus","fish",,4,1965,,TRUE,TRUE,
276750,"Chordata","Teleostei","Acanthuriformes","Chaetodontidae","Heniochus","Heniochus varius","fish",,1,1951,,TRUE,TRUE,
320012,"Chordata","Teleostei","Acanthuriformes","Pomacanthidae","Paracentropyge","Paracentropyge multifasciata","fish",,2,2002,,TRUE,TRUE,
211773,"Chordata","Teleostei","Acanthuriformes","Pomacanthidae","Pygoplites","Pygoplites diacanthus","fish",,2,1951,,TRUE,TRUE,
219679,"Chordata","Teleostei","Acanthuriformes","Acanthuridae","Zebrasoma","Zebrasoma scopas","fish",,2,,,TRUE,TRUE,
278671,"Chordata","Teleostei","Acropomatiformes","Creediidae","Chalixodytes","Chalixodytes tauensis","fish",,2,2002,,TRUE,TRUE,
1014583,"Chordata","Teleostei","Acropomatiformes","Creediidae","Crystallodytes","Crystallodytes enderburyensis","fish",,,,,FALSE,TRUE,
277065,"Chordata","Teleostei","Acropomatiformes","Pempheridae","Pempheris","Pempheris otaitensis","fish",,1,,,TRUE,TRUE,
218700,"Chordata","Teleostei","Acropomatiformes","Pempheridae","Pempheris","Pempheris oualensis","fish",,3,1965,,TRUE,TRUE,
212256,"Chordata","Teleostei","Albuliformes","Albulidae","Albula","Albula vulpes","fish","NT",1,,,TRUE,FALSE,
217464,"Chordata","Teleostei","Anguilliformes","Muraenidae","Anarchias","Anarchias allardicei","fish",,3,1964,,TRUE,TRUE,
217465,"Chordata","Teleostei","Anguilliformes","Muraenidae","Anarchias","Anarchias seychellensis","fish",,7,1964,,TRUE,TRUE,
217466,"Chordata","Teleostei","Anguilliformes","Muraenidae","Channomuraena","Channomuraena vittata","fish",,1,,,TRUE,TRUE,
217545,"Chordata","Teleostei","Anguilliformes","Congridae","Conger","Conger cinereus","fish",,1,,,TRUE,TRUE,
217470,"Chordata","Teleostei","Anguilliformes","Muraenidae","Echidna","Echidna leucotaenia","fish",,7,1964,,TRUE,TRUE,
217469,"Chordata","Teleostei","Anguilliformes","Muraenidae","Echidna","Echidna nebulosa","fish",,2,1951,,TRUE,TRUE,
217473,"Chordata","Teleostei","Anguilliformes","Muraenidae","Enchelycore","Enchelycore bayeri","fish",,1,,,TRUE,TRUE,
271804,"Chordata","Teleostei","Anguilliformes","Muraenidae","Enchelycore","Enchelycore bikiniensis","fish",,1,1964,,TRUE,FALSE,
217472,"Chordata","Teleostei","Anguilliformes","Muraenidae","Enchelycore","Enchelycore pardalis","fish",,5,1964,,TRUE,TRUE,
217474,"Chordata","Teleostei","Anguilliformes","Muraenidae","Enchelycore","Enchelycore schismatorhynchus","fish",,1,,,TRUE,TRUE,
217475,"Chordata","Teleostei","Anguilliformes","Muraenidae","Enchelynassa","Enchelynassa canina","fish",,3,1964,,TRUE,TRUE,
271819,"Chordata","Teleostei","Anguilliformes","Muraenidae","Gymnothorax","Gymnothorax atolli","fish",,1,,,TRUE,TRUE,
217479,"Chordata","Teleostei","Anguilliformes","Muraenidae","Gymnothorax","Gymnothorax buroensis","fish",,11,1964,,TRUE,TRUE,
217490,"Chordata","Teleostei","Anguilliformes","Muraenidae","Gymnothorax","Gymnothorax chilospilus","fish",,1,,,TRUE,TRUE,
217499,"Chordata","Teleostei","Anguilliformes","Muraenidae","Gymnothorax","Gymnothorax fimbriatus","fish",,2,1956,,TRUE,TRUE,
217495,"Chordata","Teleostei","Anguilliformes","Muraenidae","Gymnothorax","Gymnothorax flavimarginatus","fish",,7,1964,,TRUE,TRUE,
271837,"Chordata","Teleostei","Anguilliformes","Muraenidae","Gymnothorax","Gymnothorax gracilicauda","fish",,3,1939,,TRUE,TRUE,
217505,"Chordata","Teleostei","Anguilliformes","Muraenidae","Gymnothorax","Gymnothorax margaritophorus","fish",,2,1939,,TRUE,TRUE,
217481,"Chordata","Teleostei","Anguilliformes","Muraenidae","Gymnothorax","Gymnothorax melatremus","fish",,2,,,TRUE,TRUE,
217503,"Chordata","Teleostei","Anguilliformes","Muraenidae","Gymnothorax","Gymnothorax meleagris","fish",,1,,,TRUE,TRUE,
271855,"Chordata","Teleostei","Anguilliformes","Muraenidae","Gymnothorax","Gymnothorax monostigma","fish",,3,1964,,TRUE,TRUE,
217491,"Chordata","Teleostei","Anguilliformes","Muraenidae","Gymnothorax","Gymnothorax pictus","fish",,7,1964,,TRUE,TRUE,
217477,"Chordata","Teleostei","Anguilliformes","Muraenidae","Gymnothorax","Gymnothorax rueppelliae","fish",,8,1964,,TRUE,TRUE,
271889,"Chordata","Teleostei","Anguilliformes","Muraenidae","Gymnothorax","Gymnothorax thyrsoideus","fish",,4,1964,,TRUE,TRUE,
217508,"Chordata","Teleostei","Anguilliformes","Muraenidae","Gymnothorax","Gymnothorax undulatus","fish",,3,1964,,TRUE,TRUE,
217506,"Chordata","Teleostei","Anguilliformes","Muraenidae","Gymnothorax","Gymnothorax zonipectis","fish",,1,,,TRUE,TRUE,
221383,"Chordata","Teleostei","Anguilliformes","Chlopsidae","Kaupichthys","Kaupichthys atronasus","fish",,1,,,TRUE,TRUE,
221384,"Chordata","Teleostei","Anguilliformes","Chlopsidae","Kaupichthys","Kaupichthys diodontus","fish",,5,,,TRUE,TRUE,
217572,"Chordata","Teleostei","Anguilliformes","Ophichthidae","Leiuranus","Leiuranus semicinctus","fish",,4,1950,,TRUE,TRUE,
275433,"Chordata","Teleostei","Anguilliformes","Moringuidae","Moringua","Moringua abbreviata","fish",,1,1956,,TRUE,TRUE,
217461,"Chordata","Teleostei","Anguilliformes","Moringuidae","Moringua","Moringua ferruginea","fish",,9,,,TRUE,TRUE,
275437,"Chordata","Teleostei","Anguilliformes","Moringuidae","Moringua","Moringua macrochir","fish",,1,,,TRUE,TRUE,
217574,"Chordata","Teleostei","Anguilliformes","Ophichthidae","Muraenichthys","Muraenichthys schultzei","fish",,1,1939,,TRUE,FALSE,
217578,"Chordata","Teleostei","Anguilliformes","Ophichthidae","Myrichthys","Myrichthys maculosus","fish",,2,1939,,TRUE,TRUE,
212042,"Chordata","Teleostei","Anguilliformes","Muraenidae","Uropterygius","Uropterygius concolor","fish",,2,,,TRUE,TRUE,
277947,"Chordata","Teleostei","Anguilliformes","Muraenidae","Uropterygius","Uropterygius fasciolatus","fish",,1,,,TRUE,TRUE,
212037,"Chordata","Teleostei","Anguilliformes","Muraenidae","Uropterygius","Uropterygius macrocephalus","fish",,1,1964,,TRUE,FALSE,
212032,"Chordata","Teleostei","Anguilliformes","Muraenidae","Uropterygius","Uropterygius marmoratus","fish",,1,1939,,TRUE,TRUE,
212034,"Chordata","Teleostei","Anguilliformes","Muraenidae","Uropterygius","Uropterygius micropterus","fish",,2,1939,,TRUE,TRUE,
277953,"Chordata","Teleostei","Anguilliformes","Muraenidae","Uropterygius","Uropterygius nagoensis","fish",,1,,,TRUE,TRUE,
212041,"Chordata","Teleostei","Anguilliformes","Muraenidae","Uropterygius","Uropterygius supraforatus","fish",,1,,,TRUE,TRUE,
212038,"Chordata","Teleostei","Anguilliformes","Muraenidae","Uropterygius","Uropterygius xanthopterus","fish",,4,1964,,TRUE,TRUE,
1043363,"Chordata","Teleostei","Argentiniformes","Opisthoproctidae","Monacoa","Monacoa niger","fish",,1,,,TRUE,TRUE,
126331,"Chordata","Teleostei","Atheriniformes","Atherinidae","Atherinomorus","Atherinomorus lacunosus","fish",,1,,,TRUE,TRUE,
277723,"Chordata","Teleostei","Atheriniformes","Atherinidae","Hypoatherina","Hypoatherina ovalaua","fish",,4,1939,,TRUE,TRUE,
217723,"Chordata","Teleostei","Aulopiformes","Scopelarchidae","Scopelarchoides","Scopelarchoides signifer","fish",,,,,FALSE,TRUE,
217673,"Chordata","Teleostei","Aulopiformes","Synodontidae","Synodus","Synodus jaculum","fish",,1,,,TRUE,TRUE,
217670,"Chordata","Teleostei","Aulopiformes","Synodontidae","Synodus","Synodus variegatus","fish",,2,1950,,TRUE,TRUE,
159246,"Chordata","Teleostei","Beloniformes","Belonidae","Ablennes","Ablennes hians","fish",,1,1964,,TRUE,TRUE,
217863,"Chordata","Teleostei","Beloniformes","Exocoetidae","Cheilopogon","Cheilopogon atrisignis","fish",,1,1951,,TRUE,TRUE,
217862,"Chordata","Teleostei","Beloniformes","Exocoetidae","Cheilopogon","Cheilopogon cyanopterus","fish",,1,1951,,TRUE,TRUE,
217859,"Chordata","Teleostei","Beloniformes","Exocoetidae","Cheilopogon","Cheilopogon suttoni","fish",,1,,,TRUE,TRUE,
220012,"Chordata","Teleostei","Beloniformes","Hemiramphidae","Euleptorhamphus","Euleptorhamphus viridis","fish",,1,1951,,TRUE,TRUE,
126385,"Chordata","Teleostei","Beloniformes","Exocoetidae","Exocoetus","Exocoetus volitans","fish",,1,1951,,TRUE,TRUE,
126386,"Chordata","Teleostei","Beloniformes","Exocoetidae","Hirundichthys","Hirundichthys rondeletii","fish",,1,1950,,TRUE,TRUE,
213173,"Chordata","Teleostei","Beloniformes","Hemiramphidae","Hyporhamphus","Hyporhamphus acutus","fish",,3,1950,,TRUE,TRUE,
217871,"Chordata","Teleostei","Beloniformes","Hemiramphidae","Oxyporhamphus","Oxyporhamphus micropterus","fish",,1,1951,,TRUE,TRUE,
126377,"Chordata","Teleostei","Beloniformes","Belonidae","Platybelone","Platybelone argalus","fish",,,,,FALSE,TRUE,
1592404,"Chordata","Teleostei","Beloniformes","Belonidae","Platybelone","Platybelone platyura","fish",,1,1939,,TRUE,FALSE,
278562,"Chordata","Teleostei","Blenniiformes","Blenniidae","Blenniella","Blenniella caudolineata","fish",,3,2002,,TRUE,TRUE,
219251,"Chordata","Teleostei","Blenniiformes","Blenniidae","Blenniella","Blenniella gibbifrons","fish",,7,1964,,TRUE,TRUE,
278565,"Chordata","Teleostei","Blenniiformes","Blenniidae","Blenniella","Blenniella paula","fish",,19,2002,,TRUE,TRUE,
219249,"Chordata","Teleostei","Blenniiformes","Blenniidae","Blenniella","Blenniella periophthalmus","fish",,1,1950,,TRUE,TRUE,
219255,"Chordata","Teleostei","Blenniiformes","Blenniidae","Cirripectes","Cirripectes fuscoguttatus","fish",,,,,FALSE,TRUE,
276721,"Chordata","Teleostei","Blenniiformes","Blenniidae","Cirripectes","Cirripectes jenningsi","fish",,,,,FALSE,TRUE,
219262,"Chordata","Teleostei","Blenniiformes","Blenniidae","Cirripectes","Cirripectes polyzona","fish",,6,1965,,TRUE,TRUE,
219263,"Chordata","Teleostei","Blenniiformes","Blenniidae","Cirripectes","Cirripectes quagga","fish",,10,1964,,TRUE,TRUE,
219259,"Chordata","Teleostei","Blenniiformes","Blenniidae","Cirripectes","Cirripectes variolosus","fish",,11,1964,,TRUE,TRUE,
219271,"Chordata","Teleostei","Blenniiformes","Blenniidae","Ecsenius","Ecsenius midas","fish",,1,,,TRUE,TRUE,
277319,"Chordata","Teleostei","Blenniiformes","Tripterygiidae","Enneapterygius","Enneapterygius minutus","fish",,1,,,TRUE,TRUE,
277326,"Chordata","Teleostei","Blenniiformes","Tripterygiidae","Enneapterygius","Enneapterygius nigricauda","fish",,4,1939,,TRUE,TRUE,
219180,"Chordata","Teleostei","Blenniiformes","Tripterygiidae","Enneapterygius","Enneapterygius tutuilae","fish",,11,2002,,TRUE,TRUE,
277245,"Chordata","Teleostei","Blenniiformes","Blenniidae","Entomacrodus","Entomacrodus cymatobiotus","fish",,1,1964,,TRUE,TRUE,
219282,"Chordata","Teleostei","Blenniiformes","Blenniidae","Entomacrodus","Entomacrodus striatus","fish",,1,1964,,TRUE,TRUE,
219285,"Chordata","Teleostei","Blenniiformes","Blenniidae","Entomacrodus","Entomacrodus thalassinus","fish",,3,1939,,TRUE,TRUE,
219286,"Chordata","Teleostei","Blenniiformes","Blenniidae","Exallias","Exallias brevis","fish",,1,1964,,TRUE,FALSE,
402625,"Chordata","Teleostei","Blenniiformes","Tripterygiidae","Helcogramma","Helcogramma capidata","fish",,6,1939,,TRUE,TRUE,
279230,"Chordata","Teleostei","Blenniiformes","Tripterygiidae","Helcogramma","Helcogramma chica","fish",,6,1939,,TRUE,TRUE,
219297,"Chordata","Teleostei","Blenniiformes","Blenniidae","Istiblennius","Istiblennius bellus","fish",,1,,,TRUE,TRUE,
219294,"Chordata","Teleostei","Blenniiformes","Blenniidae","Istiblennius","Istiblennius edentulus","fish",,15,2002,,TRUE,TRUE,
219296,"Chordata","Teleostei","Blenniiformes","Blenniidae","Istiblennius","Istiblennius lineatus","fish",,13,2002,,TRUE,TRUE,
219334,"Chordata","Teleostei","Blenniiformes","Blenniidae","Plagiotremus","Plagiotremus rhinorhynchos","fish",,2,,,TRUE,TRUE,
219335,"Chordata","Teleostei","Blenniiformes","Blenniidae","Plagiotremus","Plagiotremus tapeinosoma","fish",,1,,,TRUE,TRUE,
282573,"Chordata","Teleostei","Blenniiformes","Blenniidae","Rhabdoblennius","Rhabdoblennius rhabdotrachelus","fish",,4,1964,,TRUE,TRUE,
282574,"Chordata","Teleostei","Blenniiformes","Blenniidae","Rhabdoblennius","Rhabdoblennius snowi","fish",,7,2002,,TRUE,TRUE,
273226,"Chordata","Teleostei","Callionymiformes","Callionymidae","Callionymus","Callionymus simplicicornis","fish",,2,,,TRUE,TRUE,
212045,"Chordata","Teleostei","Carangaria incertae sedis","Sphyraenidae","Sphyraena","Sphyraena jello","fish",,,,,FALSE,TRUE,
126805,"Chordata","Teleostei","Carangiformes","Carangidae","Caranx","Caranx lugubris","fish",,4,1951,,TRUE,TRUE,
218419,"Chordata","Teleostei","Carangiformes","Carangidae","Caranx","Caranx melampygus","fish",,5,1951,,TRUE,TRUE,
218404,"Chordata","Teleostei","Carangiformes","Carangidae","Caranx","Caranx sexfasciatus","fish",,2,,,TRUE,TRUE,
126845,"Chordata","Teleostei","Carangiformes","Coryphaenidae","Coryphaena","Coryphaena equiselis","fish",,,,,FALSE,TRUE,
126846,"Chordata","Teleostei","Carangiformes","Coryphaenidae","Coryphaena","Coryphaena hippurus","fish",,2,1951,,TRUE,TRUE,
126809,"Chordata","Teleostei","Carangiformes","Carangidae","Elagatis","Elagatis bipinnulata","fish",,1,,,TRUE,TRUE,
712905,"Chordata","Teleostei","Carangiformes","Istiophoridae","Istiompax","Istiompax indica","fish",,54,2015,,TRUE,FALSE,
126812,"Chordata","Teleostei","Carangiformes","Carangidae","Pseudocaranx","Pseudocaranx dentex","fish",,1,1951,,TRUE,FALSE,
126851,"Chordata","Teleostei","Carangiformes","Echeneidae","Remora","Remora brachyptera","fish",,1,1950,,TRUE,TRUE,
126853,"Chordata","Teleostei","Carangiformes","Echeneidae","Remora","Remora remora","fish",,2,,,TRUE,TRUE,
218434,"Chordata","Teleostei","Carangiformes","Carangidae","Scomberoides","Scomberoides lysan","fish",,2,1977,,TRUE,TRUE,
219734,"Chordata","Teleostei","Carangiformes","Istiophoridae","Tetrapturus","Tetrapturus angustirostris","fish",,2,1968,,TRUE,FALSE,
218440,"Chordata","Teleostei","Carangiformes","Carangidae","Trachinotus","Trachinotus baillonii","fish",,4,1977,,TRUE,TRUE,
127094,"Chordata","Teleostei","Carangiformes","Xiphiidae","Xiphias","Xiphias gladius","fish","NT",2,1968,,TRUE,FALSE,
218854,"Chordata","Teleostei","Centrarchiformes","Cirrhitidae","Cirrhitichthys","Cirrhitichthys falco","fish",,6,,,TRUE,TRUE,
218853,"Chordata","Teleostei","Centrarchiformes","Cirrhitidae","Cirrhitichthys","Cirrhitichthys oxycephalus","fish",,9,,,TRUE,TRUE,
278135,"Chordata","Teleostei","Centrarchiformes","Cirrhitidae","Cirrhitops","Cirrhitops hubbardi","fish",,2,,,TRUE,TRUE,
218862,"Chordata","Teleostei","Centrarchiformes","Cirrhitidae","Cirrhitus","Cirrhitus pinnulatus","fish",,,,,FALSE,TRUE,
278248,"Chordata","Teleostei","Centrarchiformes","Kuhliidae","Kuhlia","Kuhlia petiti","fish",,4,1939,,TRUE,TRUE,
281678,"Chordata","Teleostei","Centrarchiformes","Cirrhitidae","Neocirrhites","Neocirrhites armatus","fish",,2,1939,,TRUE,TRUE,
218866,"Chordata","Teleostei","Centrarchiformes","Cirrhitidae","Paracirrhites","Paracirrhites arcatus","fish",,9,2012,,TRUE,TRUE,
218867,"Chordata","Teleostei","Centrarchiformes","Cirrhitidae","Paracirrhites","Paracirrhites forsteri","fish",,3,,,TRUE,TRUE,
277097,"Chordata","Teleostei","Centrarchiformes","Cirrhitidae","Paracirrhites","Paracirrhites hemistictus","fish",,,,,FALSE,TRUE,
277098,"Chordata","Teleostei","Centrarchiformes","Cirrhitidae","Paracirrhites","Paracirrhites nisus","fish",,1,,,TRUE,TRUE,
277099,"Chordata","Teleostei","Centrarchiformes","Cirrhitidae","Paracirrhites","Paracirrhites xanthus","fish",,3,,,TRUE,TRUE,
126424,"Chordata","Teleostei","Clupeiformes","Spratelloididae","Spratelloides","Spratelloides delicatulus","fish",,2,1939,,TRUE,TRUE,
219996,"Chordata","Teleostei","Eupercaria incertae sedis","Caesionidae","Caesio","Caesio teres","fish",,1,,,TRUE,TRUE,
219078,"Chordata","Teleostei","Eupercaria incertae sedis","Scaridae","Cetoscarus","Cetoscarus bicolor","fish",,2,1939,,TRUE,TRUE,
277507,"Chordata","Teleostei","Eupercaria incertae sedis","Scaridae","Chlorurus","Chlorurus microrhinos","fish",,1,1951,,TRUE,TRUE,
219082,"Chordata","Teleostei","Eupercaria incertae sedis","Scaridae","Chlorurus","Chlorurus sordidus","fish",,8,2012,,TRUE,TRUE,
218954,"Chordata","Teleostei","Eupercaria incertae sedis","Labridae","Cirrhilabrus","Cirrhilabrus exquisitus","fish",,7,,,TRUE,TRUE,
218574,"Chordata","Teleostei","Eupercaria incertae sedis","Lethrinidae","Gnathodentex","Gnathodentex aureolineatus","fish",,1,1965,,TRUE,TRUE,
218975,"Chordata","Teleostei","Eupercaria incertae sedis","Labridae","Gomphosus","Gomphosus varius","fish",,1,1939,,TRUE,TRUE,
218985,"Chordata","Teleostei","Eupercaria incertae sedis","Labridae","Halichoeres","Halichoeres hortulanus","fish",,1,1939,,TRUE,TRUE,
218987,"Chordata","Teleostei","Eupercaria incertae sedis","Labridae","Halichoeres","Halichoeres margaritaceus","fish",,,,,FALSE,TRUE,
275778,"Chordata","Teleostei","Eupercaria incertae sedis","Labridae","Halichoeres","Halichoeres melasmapomus","fish",,1,,,TRUE,TRUE,
275804,"Chordata","Teleostei","Eupercaria incertae sedis","Labridae","Halichoeres","Halichoeres trimaculatus","fish",,5,1950,,TRUE,TRUE,
127004,"Chordata","Teleostei","Eupercaria incertae sedis","Priacanthidae","Heteropriacanthus","Heteropriacanthus cruentatus","fish",,1,,,TRUE,TRUE,
219015,"Chordata","Teleostei","Eupercaria incertae sedis","Labridae","Labroides","Labroides bicolor","fish",,2,,,TRUE,TRUE,
219014,"Chordata","Teleostei","Eupercaria incertae sedis","Labridae","Labroides","Labroides dimidiatus","fish",,1,1939,,TRUE,TRUE,
278691,"Chordata","Teleostei","Eupercaria incertae sedis","Labridae","Labroides","Labroides rubrolabiatus","fish",,2,,,TRUE,TRUE,
212062,"Chordata","Teleostei","Eupercaria incertae sedis","Lethrinidae","Lethrinus","Lethrinus miniatus","fish",,1,1951,,TRUE,TRUE,
212081,"Chordata","Teleostei","Eupercaria incertae sedis","Lethrinidae","Lethrinus","Lethrinus nebulosus","fish",,1,1951,,TRUE,TRUE,
278636,"Chordata","Teleostei","Eupercaria incertae sedis","Lethrinidae","Lethrinus","Lethrinus ornatus","fish",,2,1951,,TRUE,TRUE,
212076,"Chordata","Teleostei","Eupercaria incertae sedis","Lethrinidae","Lethrinus","Lethrinus variegatus","fish",,1,,,TRUE,TRUE,
218479,"Chordata","Teleostei","Eupercaria incertae sedis","Lutjanidae","Lutjanus","Lutjanus bohar","fish",,10,2012,,TRUE,TRUE,
218475,"Chordata","Teleostei","Eupercaria incertae sedis","Lutjanidae","Lutjanus","Lutjanus fulvus","fish",,65,1965,,TRUE,TRUE,
218480,"Chordata","Teleostei","Eupercaria incertae sedis","Lutjanidae","Lutjanus","Lutjanus gibbus","fish",,4,1951,,TRUE,TRUE,
218482,"Chordata","Teleostei","Eupercaria incertae sedis","Lutjanidae","Lutjanus","Lutjanus kasmira","fish",,1,1951,,TRUE,TRUE,
218474,"Chordata","Teleostei","Eupercaria incertae sedis","Lutjanidae","Lutjanus","Lutjanus monostigma","fish",,4,1951,,TRUE,TRUE,
219028,"Chordata","Teleostei","Eupercaria incertae sedis","Labridae","Macropharyngodon","Macropharyngodon meleagris","fish",,1,,,TRUE,TRUE,
218584,"Chordata","Teleostei","Eupercaria incertae sedis","Lethrinidae","Monotaxis","Monotaxis grandoculis","fish",,5,1965,,TRUE,TRUE,
219035,"Chordata","Teleostei","Eupercaria incertae sedis","Labridae","Novaculichthys","Novaculichthys taeniourus","fish",,1,1939,,TRUE,TRUE,
208915,"Chordata","Teleostei","Eupercaria incertae sedis","Labridae","Pseudocheilinus","Pseudocheilinus hexataenia","fish",,6,,,TRUE,TRUE,
208914,"Chordata","Teleostei","Eupercaria incertae sedis","Labridae","Pseudocheilinus","Pseudocheilinus octotaenia","fish",,5,,,TRUE,TRUE,
213659,"Chordata","Teleostei","Eupercaria incertae sedis","Caesionidae","Pterocaesio","Pterocaesio lativittata","fish",,1,,,TRUE,TRUE,
219127,"Chordata","Teleostei","Eupercaria incertae sedis","Scaridae","Scarus","Scarus ghobban","fish",,3,1951,,TRUE,TRUE,
219125,"Chordata","Teleostei","Eupercaria incertae sedis","Scaridae","Scarus","Scarus psittacus","fish",,4,1950,,TRUE,TRUE,
219098,"Chordata","Teleostei","Eupercaria incertae sedis","Scaridae","Scarus","Scarus tricolor","fish",,5,2012,,TRUE,TRUE,
276786,"Chordata","Teleostei","Eupercaria incertae sedis","Nemipteridae","Scolopsis","Scolopsis lineata","fish",,1,,,TRUE,FALSE,
277106,"Chordata","Teleostei","Eupercaria incertae sedis","Labridae","Stethojulis","Stethojulis bandanensis","fish",,3,1950,,TRUE,TRUE,
212216,"Chordata","Teleostei","Eupercaria incertae sedis","Labridae","Thalassoma","Thalassoma amblycephalum","fish",,3,,,TRUE,TRUE,
212217,"Chordata","Teleostei","Eupercaria incertae sedis","Labridae","Thalassoma","Thalassoma hardwicke","fish",,1,1939,,TRUE,TRUE,
212209,"Chordata","Teleostei","Eupercaria incertae sedis","Labridae","Thalassoma","Thalassoma lunare","fish",,2,1951,,TRUE,TRUE,
212213,"Chordata","Teleostei","Eupercaria incertae sedis","Labridae","Thalassoma","Thalassoma purpureum","fish",,4,1939,,TRUE,TRUE,
212211,"Chordata","Teleostei","Eupercaria incertae sedis","Labridae","Thalassoma","Thalassoma quinquevittatum","fish",,7,1950,,TRUE,TRUE,
212212,"Chordata","Teleostei","Eupercaria incertae sedis","Labridae","Thalassoma","Thalassoma trilobatum","fish",,,,,FALSE,TRUE,
219067,"Chordata","Teleostei","Eupercaria incertae sedis","Labridae","Wetmorella","Wetmorella nigropinnata","fish",,2,,,TRUE,TRUE,
219377,"Chordata","Teleostei","Gobiiformes","Gobiidae","Amblygobius","Amblygobius nocturnus","fish",,1,,,TRUE,TRUE,
278655,"Chordata","Teleostei","Gobiiformes","Gobiidae","Amblygobius","Amblygobius phalaena","fish",,1,,,TRUE,TRUE,
277497,"Chordata","Teleostei","Gobiiformes","Gobiidae","Asterropteryx","Asterropteryx semipunctata","fish",,1,,,TRUE,TRUE,
209212,"Chordata","Teleostei","Gobiiformes","Gobiidae","Bathygobius","Bathygobius coalitus","fish",,4,2002,,TRUE,TRUE,
209211,"Chordata","Teleostei","Gobiiformes","Gobiidae","Bathygobius","Bathygobius cotticeps","fish",,1,,,TRUE,TRUE,
209215,"Chordata","Teleostei","Gobiiformes","Gobiidae","Bathygobius","Bathygobius fuscus","fish",,2,1939,,TRUE,TRUE,
278878,"Chordata","Teleostei","Gobiiformes","Gobiidae","Callogobius","Callogobius hasseltii","fish",,1,,,TRUE,TRUE,
219408,"Chordata","Teleostei","Gobiiformes","Gobiidae","Callogobius","Callogobius maculipinnis","fish",,1,1965,,TRUE,TRUE,
219404,"Chordata","Teleostei","Gobiiformes","Gobiidae","Callogobius","Callogobius plumatus","fish",,2,,,TRUE,TRUE,
219410,"Chordata","Teleostei","Gobiiformes","Gobiidae","Callogobius","Callogobius sclateri","fish",,6,,,TRUE,TRUE,
278580,"Chordata","Teleostei","Gobiiformes","Gobiidae","Eviota","Eviota afelei","fish",,1,,,TRUE,TRUE,
219455,"Chordata","Teleostei","Gobiiformes","Gobiidae","Eviota","Eviota albolineata","fish",,3,,,TRUE,TRUE,
278583,"Chordata","Teleostei","Gobiiformes","Gobiidae","Eviota","Eviota cometa","fish",,4,,,TRUE,TRUE,
278586,"Chordata","Teleostei","Gobiiformes","Gobiidae","Eviota","Eviota epiphanes","fish",,8,1939,,TRUE,TRUE,
219452,"Chordata","Teleostei","Gobiiformes","Gobiidae","Eviota","Eviota guttata","fish",,,,,FALSE,TRUE,
278595,"Chordata","Teleostei","Gobiiformes","Gobiidae","Eviota","Eviota latifasciata","fish",,20,2002,,TRUE,TRUE,
278603,"Chordata","Teleostei","Gobiiformes","Gobiidae","Eviota","Eviota punctulata","fish",,,,,FALSE,TRUE,
298245,"Chordata","Teleostei","Gobiiformes","Gobiidae","Eviota","Eviota viridis","fish",,1,1924,,TRUE,FALSE,
278771,"Chordata","Teleostei","Gobiiformes","Gobiidae","Fusigobius","Fusigobius signipinnis","fish",,1,,,TRUE,TRUE,
219476,"Chordata","Teleostei","Gobiiformes","Gobiidae","Gnatholepis","Gnatholepis cauerensis","fish",,6,1939,,TRUE,TRUE,
277787,"Chordata","Teleostei","Gobiiformes","Gobiidae","Gobiopsis","Gobiopsis exigua","fish",,1,,,TRUE,TRUE,
219511,"Chordata","Teleostei","Gobiiformes","Gobiidae","Macrodontogobius","Macrodontogobius wilburi","fish",,1,,,TRUE,TRUE,
278262,"Chordata","Teleostei","Gobiiformes","Gobiidae","Oplopomops","Oplopomops diacanthus","fish",,2,,,TRUE,TRUE,
219523,"Chordata","Teleostei","Gobiiformes","Gobiidae","Oplopomus","Oplopomus oplopomus","fish",,2,2002,,TRUE,TRUE,
219535,"Chordata","Teleostei","Gobiiformes","Gobiidae","Paragobiodon","Paragobiodon echinocephalus","fish",,1,1979,,TRUE,TRUE,
219538,"Chordata","Teleostei","Gobiiformes","Gobiidae","Paragobiodon","Paragobiodon modestus","fish",,1,,,TRUE,TRUE,
219544,"Chordata","Teleostei","Gobiiformes","Gobiidae","Pleurosicya","Pleurosicya micheli","fish",,1,2002,,TRUE,TRUE,
219549,"Chordata","Teleostei","Gobiiformes","Gobiidae","Priolepis","Priolepis cincta","fish",,1,,,TRUE,TRUE,
219551,"Chordata","Teleostei","Gobiiformes","Gobiidae","Priolepis","Priolepis nocturna","fish",,1,,,TRUE,TRUE,
276778,"Chordata","Teleostei","Gobiiformes","Gobiidae","Priolepis","Priolepis semidoliata","fish",,2,1939,,TRUE,TRUE,
219616,"Chordata","Teleostei","Gobiiformes","Microdesmidae","Ptereleotris","Ptereleotris microlepis","fish",,1,,,TRUE,TRUE,
219572,"Chordata","Teleostei","Gobiiformes","Gobiidae","Sueviota","Sueviota lachneri","fish",,1,,,TRUE,TRUE,
278486,"Chordata","Teleostei","Gobiiformes","Gobiidae","Trimma","Trimma annosum","fish",,1,,,TRUE,TRUE,
278488,"Chordata","Teleostei","Gobiiformes","Gobiidae","Trimma","Trimma benjamini","fish",,1,2002,,TRUE,FALSE,
312023,"Chordata","Teleostei","Gobiiformes","Gobiidae","Trimma","Trimma macrophthalmum","fish",,1,,,TRUE,TRUE,
278508,"Chordata","Teleostei","Gobiiformes","Gobiidae","Trimma","Trimma okinawae","fish",,1,,,TRUE,TRUE,
278512,"Chordata","Teleostei","Gobiiformes","Gobiidae","Trimma","Trimma sostra","fish",,17,2002,,TRUE,TRUE,
278513,"Chordata","Teleostei","Gobiiformes","Gobiidae","Trimma","Trimma squamicana","fish",,36,2002,,TRUE,TRUE,
1486864,"Chordata","Teleostei","Gobiiformes","Gobiidae","Trimma","Trimma unisquame","fish",,,,,FALSE,TRUE,
219591,"Chordata","Teleostei","Gobiiformes","Gobiidae","Trimmatom","Trimmatom eviotops","fish",,2,2002,,TRUE,TRUE,
217926,"Chordata","Teleostei","Holocentriformes","Holocentridae","Myripristis","Myripristis adusta","fish",,2,1939,,TRUE,TRUE,
276190,"Chordata","Teleostei","Holocentriformes","Holocentridae","Myripristis","Myripristis amaena","fish",,10,1965,,TRUE,TRUE,
217927,"Chordata","Teleostei","Holocentriformes","Holocentridae","Myripristis","Myripristis berndti","fish",,8,1960,,TRUE,TRUE,
276194,"Chordata","Teleostei","Holocentriformes","Holocentridae","Myripristis","Myripristis earlei","fish",,3,,,TRUE,TRUE,
217925,"Chordata","Teleostei","Holocentriformes","Holocentridae","Myripristis","Myripristis murdjan","fish",,2,1960,,TRUE,TRUE,
217919,"Chordata","Teleostei","Holocentriformes","Holocentridae","Myripristis","Myripristis pralinia","fish",,6,1965,,TRUE,TRUE,
217914,"Chordata","Teleostei","Holocentriformes","Holocentridae","Myripristis","Myripristis violacea","fish",,5,1965,,TRUE,TRUE,
217924,"Chordata","Teleostei","Holocentriformes","Holocentridae","Myripristis","Myripristis vittata","fish",,2,,,TRUE,TRUE,
276204,"Chordata","Teleostei","Holocentriformes","Holocentridae","Myripristis","Myripristis woodsi","fish",,3,1939,,TRUE,TRUE,
159393,"Chordata","Teleostei","Holocentriformes","Holocentridae","Neoniphon","Neoniphon sammara","fish",,3,1965,,TRUE,TRUE,
217937,"Chordata","Teleostei","Holocentriformes","Holocentridae","Plectrypops","Plectrypops lima","fish",,1,,,TRUE,TRUE,
217940,"Chordata","Teleostei","Holocentriformes","Holocentridae","Sargocentron","Sargocentron caudimaculatum","fish",,1,1951,,TRUE,TRUE,
272213,"Chordata","Teleostei","Holocentriformes","Holocentridae","Sargocentron","Sargocentron iota","fish",,3,2002,,TRUE,TRUE,
217952,"Chordata","Teleostei","Holocentriformes","Holocentridae","Sargocentron","Sargocentron microstoma","fish",,4,1965,,TRUE,TRUE,
217941,"Chordata","Teleostei","Holocentriformes","Holocentridae","Sargocentron","Sargocentron punctatissimum","fish",,4,1939,,TRUE,TRUE,
217950,"Chordata","Teleostei","Holocentriformes","Holocentridae","Sargocentron","Sargocentron spiniferum","fish",,1,1965,,TRUE,TRUE,
217954,"Chordata","Teleostei","Holocentriformes","Holocentridae","Sargocentron","Sargocentron tiere","fish",,4,1939,,TRUE,TRUE,
217949,"Chordata","Teleostei","Holocentriformes","Holocentridae","Sargocentron","Sargocentron tiereoides","fish",,1,,,TRUE,TRUE,
209326,"Chordata","Teleostei","Kurtiformes","Apogonidae","Apogon","Apogon coccineus","fish",,1,1965,,TRUE,TRUE,
209308,"Chordata","Teleostei","Kurtiformes","Apogonidae","Apogon","Apogon crassiceps","fish",,5,,,TRUE,TRUE,
209363,"Chordata","Teleostei","Kurtiformes","Apogonidae","Apogon","Apogon doryssa","fish",,1,2002,,TRUE,TRUE,
209364,"Chordata","Teleostei","Kurtiformes","Apogonidae","Apogon","Apogon semiornatus","fish",,2,,,TRUE,TRUE,
273105,"Chordata","Teleostei","Kurtiformes","Apogonidae","Apogon","Apogon susanae","fish",,1,,,TRUE,TRUE,
280082,"Chordata","Teleostei","Kurtiformes","Apogonidae","Cercamia","Cercamia eremia","fish",,1,2002,,TRUE,TRUE,
209373,"Chordata","Teleostei","Kurtiformes","Apogonidae","Cheilodipterus","Cheilodipterus macrodon","fish",,3,1965,,TRUE,TRUE,
209371,"Chordata","Teleostei","Kurtiformes","Apogonidae","Cheilodipterus","Cheilodipterus quinquelineatus","fish",,2,1960,,TRUE,TRUE,
277516,"Chordata","Teleostei","Kurtiformes","Apogonidae","Fowleria","Fowleria punctulata","fish",,,,,FALSE,TRUE,
278713,"Chordata","Teleostei","Kurtiformes","Apogonidae","Gymnapogon","Gymnapogon urospilotus","fish",,1,,,TRUE,TRUE,
398505,"Chordata","Teleostei","Kurtiformes","Apogonidae","Nectamia","Nectamia fusca","fish",,2,2002,,TRUE,TRUE,
398507,"Chordata","Teleostei","Kurtiformes","Apogonidae","Nectamia","Nectamia luxuria","fish",,1,1965,,TRUE,TRUE,
398508,"Chordata","Teleostei","Kurtiformes","Apogonidae","Nectamia","Nectamia savayensis","fish",,3,,,TRUE,TRUE,
319874,"Chordata","Teleostei","Kurtiformes","Apogonidae","Ostorhinchus","Ostorhinchus angustatus","fish",,6,2002,,TRUE,TRUE,
712654,"Chordata","Teleostei","Kurtiformes","Apogonidae","Ostorhinchus","Ostorhinchus cookii","fish",,1,1939,,TRUE,TRUE,
712695,"Chordata","Teleostei","Kurtiformes","Apogonidae","Pristiapogon","Pristiapogon exostigma","fish",,3,,,TRUE,TRUE,
712696,"Chordata","Teleostei","Kurtiformes","Apogonidae","Pristiapogon","Pristiapogon kallopterus","fish",,4,1965,,TRUE,TRUE,
209367,"Chordata","Teleostei","Kurtiformes","Apogonidae","Pristiapogon","Pristiapogon taeniopterus","fish",,1,,,TRUE,TRUE,
209301,"Chordata","Teleostei","Kurtiformes","Apogonidae","Pseudamiops","Pseudamiops gracilicauda","fish",,1,,,TRUE,TRUE,
1605260,"Chordata","Teleostei","Lophiiformes","Antennariidae","Abantennarius","Abantennarius nummifer","fish",,4,,,TRUE,TRUE,
218878,"Chordata","Teleostei","Mugiliformes","Mugilidae","Ellochelon","Ellochelon vaigiensis","fish",,5,1950,,TRUE,TRUE,
281693,"Chordata","Teleostei","Mugiliformes","Mugilidae","Neomyxus","Neomyxus leuciscus","fish",,3,1950,,TRUE,TRUE,
1043426,"Chordata","Teleostei","Mugiliformes","Mugilidae","Planiliza","Planiliza subviridis","fish",,1,,,TRUE,TRUE,
218647,"Chordata","Teleostei","Mulliformes","Mullidae","Mulloidichthys","Mulloidichthys flavolineatus","fish",,5,1950,,TRUE,TRUE,
218669,"Chordata","Teleostei","Mulliformes","Mullidae","Parupeneus","Parupeneus forsskali","fish",,1,1939,,TRUE,TRUE,
277826,"Chordata","Teleostei","Mulliformes","Mullidae","Parupeneus","Parupeneus trifasciatus","fish",,5,1950,,TRUE,TRUE,
272653,"Chordata","Teleostei","Myctophiformes","Myctophidae","Centrobranchus","Centrobranchus andreae","fish",,,,,FALSE,TRUE,
1525495,"Chordata","Teleostei","Myctophiformes","Myctophidae","Dasyscopelus","Dasyscopelus obtusirostris","fish",,1,1951,,TRUE,TRUE,
1525960,"Chordata","Teleostei","Myctophiformes","Myctophidae","Dasyscopelus","Dasyscopelus spinosus","fish",,2,1951,,TRUE,TRUE,
126603,"Chordata","Teleostei","Myctophiformes","Myctophidae","Hygophum","Hygophum hygomii","fish",,2,1948,,TRUE,TRUE,
158901,"Chordata","Teleostei","Myctophiformes","Myctophidae","Lobianchia","Lobianchia gemellarii","fish",,1,,,TRUE,TRUE,
217715,"Chordata","Teleostei","Myctophiformes","Myctophidae","Myctophum","Myctophum aurolaternatum","fish",,1,1951,,TRUE,TRUE,
272720,"Chordata","Teleostei","Myctophiformes","Myctophidae","Myctophum","Myctophum brachygnathum","fish",,4,1951,,TRUE,TRUE,
126626,"Chordata","Teleostei","Myctophiformes","Myctophidae","Myctophum","Myctophum nitidulum","fish",,,,,FALSE,TRUE,
217718,"Chordata","Teleostei","Myctophiformes","Myctophidae","Symbolophorus","Symbolophorus evermanni","fish",,2,1948,,TRUE,TRUE,
158918,"Chordata","Teleostei","Myctophiformes","Myctophidae","Symbolophorus","Symbolophorus rufinus","fish",,2,1962,,TRUE,TRUE,
474918,"Chordata","Teleostei","Ophidiiformes","Bythitidae","Alionematichthys","Alionematichthys piger","fish",,4,1939,,TRUE,TRUE,
217797,"Chordata","Teleostei","Ophidiiformes","Ophidiidae","Brotula","Brotula multibarbata","fish",,6,,,TRUE,TRUE,
280522,"Chordata","Teleostei","Ophidiiformes","Bythitidae","Diancistrus","Diancistrus atollorum","fish",,1,,,TRUE,TRUE,
280538,"Chordata","Teleostei","Ophidiiformes","Bythitidae","Diancistrus","Diancistrus mennei","fish",,4,,,TRUE,TRUE,
212870,"Chordata","Teleostei","Ovalentaria incertae sedis","Pomacentridae","Abudefduf","Abudefduf notatus","fish",,1,,,TRUE,TRUE,
212878,"Chordata","Teleostei","Ovalentaria incertae sedis","Pomacentridae","Abudefduf","Abudefduf septemfasciatus","fish",,5,1951,,TRUE,TRUE,
212888,"Chordata","Teleostei","Ovalentaria incertae sedis","Pomacentridae","Abudefduf","Abudefduf sordidus","fish",,7,1957,,TRUE,TRUE,
1605313,"Chordata","Teleostei","Ovalentaria incertae sedis","Pomacentridae","Azurina","Azurina elerae","fish",,1,,,TRUE,TRUE,
1605312,"Chordata","Teleostei","Ovalentaria incertae sedis","Pomacentridae","Azurina","Azurina lepidolepis","fish",,1,1960,,TRUE,TRUE,
212810,"Chordata","Teleostei","Ovalentaria incertae sedis","Pomacentridae","Chromis","Chromis ternatensis","fish",,,,,FALSE,TRUE,
212811,"Chordata","Teleostei","Ovalentaria incertae sedis","Pomacentridae","Chromis","Chromis viridis","fish",,2,,,TRUE,TRUE,
276825,"Chordata","Teleostei","Ovalentaria incertae sedis","Pomacentridae","Chrysiptera","Chrysiptera albata","fish",,1,,,TRUE,TRUE,
276827,"Chordata","Teleostei","Ovalentaria incertae sedis","Pomacentridae","Chrysiptera","Chrysiptera brownriggii","fish",,9,1964,,TRUE,TRUE,
218783,"Chordata","Teleostei","Ovalentaria incertae sedis","Pomacentridae","Chrysiptera","Chrysiptera glauca","fish",,11,1950,,TRUE,TRUE,
212843,"Chordata","Teleostei","Ovalentaria incertae sedis","Pomacentridae","Dascyllus","Dascyllus aruanus","fish",,5,1965,,TRUE,TRUE,
212793,"Chordata","Teleostei","Ovalentaria incertae sedis","Pomacentridae","Lepidozygus","Lepidozygus tapeinosoma","fish",,5,,,TRUE,TRUE,
1592337,"Chordata","Teleostei","Ovalentaria incertae sedis","Pomacentridae","Plectroglyphidodon","Plectroglyphidodon aureus","fish",,8,2012,,TRUE,TRUE,
212855,"Chordata","Teleostei","Ovalentaria incertae sedis","Pomacentridae","Plectroglyphidodon","Plectroglyphidodon dickii","fish","NT",6,1939,,TRUE,TRUE,
212856,"Chordata","Teleostei","Ovalentaria incertae sedis","Pomacentridae","Plectroglyphidodon","Plectroglyphidodon imparipennis","fish",,4,1939,,TRUE,TRUE,
212859,"Chordata","Teleostei","Ovalentaria incertae sedis","Pomacentridae","Plectroglyphidodon","Plectroglyphidodon johnstonianus","fish",,2,,,TRUE,TRUE,
212853,"Chordata","Teleostei","Ovalentaria incertae sedis","Pomacentridae","Plectroglyphidodon","Plectroglyphidodon phoenixensis","fish",,3,1939,,TRUE,TRUE,
218345,"Chordata","Teleostei","Ovalentaria incertae sedis","Plesiopidae","Plesiops","Plesiops corallicola","fish",,1,1939,,TRUE,TRUE,
212990,"Chordata","Teleostei","Ovalentaria incertae sedis","Pomacentridae","Pomacentrus","Pomacentrus pavo","fish",,1,1939,,TRUE,TRUE,
276906,"Chordata","Teleostei","Ovalentaria incertae sedis","Pseudochromidae","Pseudoplesiops","Pseudoplesiops revellei","fish",,7,,,TRUE,TRUE,
1595014,"Chordata","Teleostei","Ovalentaria incertae sedis","Pomacentridae","Pycnochromis","Pycnochromis acares","fish",,17,,,TRUE,TRUE,
1592293,"Chordata","Teleostei","Ovalentaria incertae sedis","Pomacentridae","Pycnochromis","Pycnochromis agilis","fish",,2,2002,,TRUE,TRUE,
1605306,"Chordata","Teleostei","Ovalentaria incertae sedis","Pomacentridae","Pycnochromis","Pycnochromis atripes","fish",,1,,,TRUE,TRUE,
1593660,"Chordata","Teleostei","Ovalentaria incertae sedis","Pomacentridae","Pycnochromis","Pycnochromis caudalis","fish",,4,2002,,TRUE,TRUE,
1605310,"Chordata","Teleostei","Ovalentaria incertae sedis","Pomacentridae","Pycnochromis","Pycnochromis margaritifer","fish",,25,2012,,TRUE,TRUE,
320883,"Chordata","Teleostei","Ovalentaria incertae sedis","Pomacentridae","Pycnochromis","Pycnochromis vanderbilti","fish",,6,,,TRUE,TRUE,
218847,"Chordata","Teleostei","Ovalentaria incertae sedis","Pomacentridae","Stegastes","Stegastes albifasciatus","fish",,8,1965,,TRUE,TRUE,
218848,"Chordata","Teleostei","Ovalentaria incertae sedis","Pomacentridae","Stegastes","Stegastes lividus","fish",,1,1950,,TRUE,TRUE,
218849,"Chordata","Teleostei","Ovalentaria incertae sedis","Pomacentridae","Stegastes","Stegastes nigricans","fish",,4,1960,,TRUE,TRUE,
218170,"Chordata","Teleostei","Perciformes","Serranidae","Aporops","Aporops bilinearis","fish",,2,1939,,TRUE,TRUE,
220364,"Chordata","Teleostei","Perciformes","Scorpaenidae","Caracanthus","Caracanthus maculatus","fish",,2,,,TRUE,TRUE,
220365,"Chordata","Teleostei","Perciformes","Scorpaenidae","Caracanthus","Caracanthus unipinna","fish",,1,,,TRUE,TRUE,
218174,"Chordata","Teleostei","Perciformes","Serranidae","Cephalopholis","Cephalopholis argus","fish",,12,1956,,TRUE,TRUE,
218185,"Chordata","Teleostei","Perciformes","Serranidae","Cephalopholis","Cephalopholis leopardus","fish",,14,,,TRUE,TRUE,
218184,"Chordata","Teleostei","Perciformes","Serranidae","Cephalopholis","Cephalopholis miniata","fish",,1,1951,,TRUE,TRUE,
218180,"Chordata","Teleostei","Perciformes","Serranidae","Cephalopholis","Cephalopholis spiloparaea","fish",,3,,,TRUE,TRUE,
218181,"Chordata","Teleostei","Perciformes","Serranidae","Cephalopholis","Cephalopholis urodeta","fish",,9,,,TRUE,TRUE,
218051,"Chordata","Teleostei","Perciformes","Scorpaenidae","Dendrochirus","Dendrochirus biocellatus","fish",,1,,,TRUE,TRUE,
218218,"Chordata","Teleostei","Perciformes","Serranidae","Epinephelus","Epinephelus fuscoguttatus","fish","VU",3,1956,,TRUE,TRUE,
218232,"Chordata","Teleostei","Perciformes","Serranidae","Epinephelus","Epinephelus hexagonatus","fish",,2,1939,,TRUE,TRUE,
218202,"Chordata","Teleostei","Perciformes","Serranidae","Epinephelus","Epinephelus macrospilos","fish",,2,1950,,TRUE,TRUE,
218242,"Chordata","Teleostei","Perciformes","Serranidae","Epinephelus","Epinephelus melanostigma","fish",,5,1951,,TRUE,TRUE,
218228,"Chordata","Teleostei","Perciformes","Serranidae","Epinephelus","Epinephelus merra","fish",,14,1951,,TRUE,TRUE,
218197,"Chordata","Teleostei","Perciformes","Serranidae","Epinephelus","Epinephelus polyphekadion","fish","VU",1,,,TRUE,TRUE,
218205,"Chordata","Teleostei","Perciformes","Serranidae","Epinephelus","Epinephelus tauvina","fish",,2,1939,,TRUE,TRUE,
218255,"Chordata","Teleostei","Perciformes","Serranidae","Gracila","Gracila albomarginata","fish",,2,,,TRUE,TRUE,
275950,"Chordata","Teleostei","Perciformes","Serranidae","Liopropoma","Liopropoma mitratum","fish",,1,,,TRUE,TRUE,
218259,"Chordata","Teleostei","Perciformes","Serranidae","Liopropoma","Liopropoma susumi","fish",,2,,,TRUE,TRUE,
212528,"Chordata","Teleostei","Perciformes","Serranidae","Luzonichthys","Luzonichthys waitei","fish",,1,,,TRUE,TRUE,
276714,"Chordata","Teleostei","Perciformes","Serranidae","Luzonichthys","Luzonichthys whitleyi","fish",,11,1978,,TRUE,TRUE,
277000,"Chordata","Teleostei","Perciformes","Pinguipedidae","Parapercis","Parapercis lata","fish",,2,1978,,TRUE,TRUE,
219158,"Chordata","Teleostei","Perciformes","Pinguipedidae","Parapercis","Parapercis schauinslandii","fish",,1,,,TRUE,TRUE,
279018,"Chordata","Teleostei","Perciformes","Serranidae","Plectranthias","Plectranthias nanus","fish",,6,2002,,TRUE,TRUE,
277441,"Chordata","Teleostei","Perciformes","Serranidae","Pseudanthias","Pseudanthias bartlettorum","fish",,3,,,TRUE,TRUE,
277480,"Chordata","Teleostei","Perciformes","Serranidae","Pseudanthias","Pseudanthias smithvanizi","fish",,3,2002,,TRUE,TRUE,
218282,"Chordata","Teleostei","Perciformes","Serranidae","Pseudogramma","Pseudogramma polyacantha","fish",,23,,,TRUE,TRUE,
218081,"Chordata","Teleostei","Perciformes","Scorpaenidae","Pterois","Pterois antennata","fish",,2,,,TRUE,TRUE,
218084,"Chordata","Teleostei","Perciformes","Scorpaenidae","Pterois","Pterois radiata","fish",,2,,,TRUE,TRUE,
218094,"Chordata","Teleostei","Perciformes","Scorpaenidae","Scorpaenodes","Scorpaenodes guamensis","fish",,4,1939,,TRUE,TRUE,
218096,"Chordata","Teleostei","Perciformes","Scorpaenidae","Scorpaenodes","Scorpaenodes hirsutus","fish",,6,,,TRUE,TRUE,
218100,"Chordata","Teleostei","Perciformes","Scorpaenidae","Scorpaenodes","Scorpaenodes parvipinnis","fish",,,,,FALSE,TRUE,
218097,"Chordata","Teleostei","Perciformes","Scorpaenidae","Scorpaenodes","Scorpaenodes varipinnis","fish",,3,,,TRUE,TRUE,
218110,"Chordata","Teleostei","Perciformes","Scorpaenidae","Scorpaenopsis","Scorpaenopsis diabolus","fish",,1,1951,,TRUE,TRUE,
218111,"Chordata","Teleostei","Perciformes","Scorpaenidae","Sebastapistes","Sebastapistes cyanostigma","fish",,5,1939,,TRUE,TRUE,
218114,"Chordata","Teleostei","Perciformes","Scorpaenidae","Sebastapistes","Sebastapistes mauritiana","fish",,1,,,TRUE,TRUE,
278774,"Chordata","Teleostei","Perciformes","Serranidae","Suttonia","Suttonia lineata","fish",,2,,,TRUE,TRUE,
218119,"Chordata","Teleostei","Perciformes","Scorpaenidae","Taenianotus","Taenianotus triacanthus","fish",,2,1939,,TRUE,TRUE,
218304,"Chordata","Teleostei","Perciformes","Serranidae","Variola","Variola louti","fish",,3,1951,,TRUE,TRUE,
279731,"Chordata","Teleostei","Pleuronectiformes","Soleidae","Aseraggodes","Aseraggodes melanostictus","fish",,1,,,TRUE,TRUE,
279745,"Chordata","Teleostei","Pleuronectiformes","Soleidae","Aseraggodes","Aseraggodes whitakeri","fish",,2,1939,,TRUE,TRUE,
219796,"Chordata","Teleostei","Pleuronectiformes","Bothidae","Bothus","Bothus mancus","fish",,6,1956,,TRUE,TRUE,
219795,"Chordata","Teleostei","Pleuronectiformes","Bothidae","Bothus","Bothus pantherinus","fish",,5,1956,,TRUE,TRUE,
214693,"Chordata","Teleostei","Pleuronectiformes","Samaridae","Samariscus","Samariscus triocellatus","fish",,2,,,TRUE,TRUE,
127018,"Chordata","Teleostei","Scombriformes","Scombridae","Katsuwonus","Katsuwonus pelamis","fish",,3,1968,,TRUE,FALSE,
127027,"Chordata","Teleostei","Scombriformes","Scombridae","Thunnus","Thunnus albacares","fish",,5,1968,,TRUE,FALSE,
127283,"Chordata","Teleostei","Stomiiformes","Gonostomatidae","Cyclothone","Cyclothone alba","fish",,3,,,TRUE,TRUE,
127288,"Chordata","Teleostei","Stomiiformes","Gonostomatidae","Cyclothone","Cyclothone pallida","fish",,2,,,TRUE,TRUE,
154831,"Chordata","Teleostei","Stomiiformes","Gonostomatidae","Cyclothone","Cyclothone signata","fish",,,,,FALSE,TRUE,
221512,"Chordata","Teleostei","Stomiiformes","Gonostomatidae","Sigmops","Sigmops elongatus","fish",,3,1965,,TRUE,TRUE,
127303,"Chordata","Teleostei","Stomiiformes","Phosichthyidae","Vinciguerria","Vinciguerria nimbaria","fish",,,,,FALSE,TRUE,
217988,"Chordata","Teleostei","Syngnathiformes","Syngnathidae","Choeroichthys","Choeroichthys sculptus","fish",,,,,FALSE,TRUE,
400959,"Chordata","Teleostei","Syngnathiformes","Syngnathidae","Corythoichthys","Corythoichthys conspicillatus","fish",,1,2002,,TRUE,FALSE,
217992,"Chordata","Teleostei","Syngnathiformes","Syngnathidae","Corythoichthys","Corythoichthys flavofasciatus","fish",,1,,,TRUE,TRUE,
218005,"Chordata","Teleostei","Syngnathiformes","Syngnathidae","Dunckerocampus","Dunckerocampus dactyliophorus","fish",,1,,,TRUE,TRUE,
217966,"Chordata","Teleostei","Syngnathiformes","Fistulariidae","Fistularia","Fistularia commersonii","fish",,1,,,TRUE,TRUE,
159491,"Chordata","Teleostei","Tetraodontiformes","Monacanthidae","Aluterus","Aluterus scriptus","fish",,1,1951,,TRUE,TRUE,
219925,"Chordata","Teleostei","Tetraodontiformes","Tetraodontidae","Arothron","Arothron hispidus","fish",,2,1951,,TRUE,TRUE,
219921,"Chordata","Teleostei","Tetraodontiformes","Tetraodontidae","Arothron","Arothron nigropunctatus","fish",,1,1950,,TRUE,TRUE,
219874,"Chordata","Teleostei","Tetraodontiformes","Balistidae","Balistapus","Balistapus undulatus","fish",,7,1939,,TRUE,TRUE,
219875,"Chordata","Teleostei","Tetraodontiformes","Balistidae","Balistoides","Balistoides viridescens","fish",,,,,FALSE,TRUE,
219940,"Chordata","Teleostei","Tetraodontiformes","Tetraodontidae","Canthigaster","Canthigaster janthinoptera","fish",,3,1939,,TRUE,TRUE,
219945,"Chordata","Teleostei","Tetraodontiformes","Tetraodontidae","Canthigaster","Canthigaster solandri","fish",,1,,,TRUE,TRUE,
127403,"Chordata","Teleostei","Tetraodontiformes","Diodontidae","Diodon","Diodon hystrix","fish",,1,1950,,TRUE,TRUE,
219879,"Chordata","Teleostei","Tetraodontiformes","Balistidae","Melichthys","Melichthys vidua","fish",,1,,,TRUE,TRUE,
219890,"Chordata","Teleostei","Tetraodontiformes","Balistidae","Rhinecanthus","Rhinecanthus aculeatus","fish",,8,1964,,TRUE,TRUE,
219886,"Chordata","Teleostei","Tetraodontiformes","Balistidae","Rhinecanthus","Rhinecanthus rectangulus","fish",,5,1951,,TRUE,TRUE,
137119,"Chordata","Mammalia","Cetartiodactyla","Physeteridae","Physeter","Physeter macrocephalus","mammal","VU",72,1849,,TRUE,TRUE,
137111,"Chordata","Mammalia","Cetartiodactyla","Delphinidae","Tursiops","Tursiops truncatus","mammal",,,,,FALSE,TRUE,
137206,"Chordata",,"Testudines","Cheloniidae","Chelonia","Chelonia mydas","turtle","EN",,,,FALSE,TRUE,
137209,"Chordata",,"Testudines","Dermochelyidae","Dermochelys","Dermochelys coriacea","turtle","VU",6,2008,,TRUE,TRUE,
