"AphiaID","phylum","class","order","family","genus","species","records","max_year","target_gene","source_obis","source_gbif","source_dna","category","redlist_category","vernacular","group"
149004,"Bacillariophyta","Bacillariophyceae","Bacillariales","Bacillariaceae","Cylindrotheca","Cylindrotheca closterium",,,"COI",FALSE,FALSE,TRUE,,,,"algae"
832130,"Bacillariophyta","Bacillariophyceae","Bacillariales","Bacillariaceae","Pseudo-nitzschia","Pseudo-nitzschia abrensis",,,"COI",FALSE,FALSE,TRUE,,,,"algae"
531450,"Bacillariophyta","Bacillariophyceae","Bacillariales","Bacillariaceae","Pseudo-nitzschia","Pseudo-nitzschia caciantha",,,"COI",FALSE,FALSE,TRUE,,,,"algae"
370512,"Bacillariophyta","Bacillariophyceae","Bacillariales","Bacillariaceae","Pseudo-nitzschia","Pseudo-nitzschia cuspidata",,,"COI",FALSE,FALSE,TRUE,,,,"algae"
863362,"Bacillariophyta","Bacillariophyceae","Bacillariales","Bacillariaceae","Pseudo-nitzschia","Pseudo-nitzschia kodamae",,,"COI",FALSE,FALSE,TRUE,,,,"algae"
839797,"Bacillariophyta","Bacillariophyceae","Bacillariales","Bacillariaceae","Pseudo-nitzschia","Pseudo-nitzschia lundholmiae",,,"COI",FALSE,FALSE,TRUE,,,,"algae"
156548,"Bacillariophyta","Bacillariophyceae","Bacillariales","Bacillariaceae","Pseudo-nitzschia","Pseudo-nitzschia pseudodelicatissima",,,"COI",FALSE,FALSE,TRUE,,,,"algae"
1307191,"Bacillariophyta","Bacillariophyceae","Bacillariales","Bacillariaceae","Pseudo-nitzschia","Pseudo-nitzschia sabit",,,"COI",FALSE,FALSE,TRUE,,,,"algae"
418222,"Bacillariophyta","Bacillariophyceae","Bacillariales","Bacillariaceae","Pseudo-nitzschia","Pseudo-nitzschia subpacifica",,,"COI",FALSE,FALSE,TRUE,,,,"algae"
172829,"Bacillariophyta","Bacillariophyceae","Naviculales","Naviculaceae","Navicula","Navicula minima",,,"12S",FALSE,FALSE,TRUE,,,,"algae"
175584,"Bacillariophyta","Bacillariophyceae","Naviculales","Phaeodactylaceae","Phaeodactylum","Phaeodactylum tricornutum",,,"COI",FALSE,FALSE,TRUE,,,,"algae"
149093,"Bacillariophyta","Bacillariophyceae","Thalassionematales","Thalassionemataceae","Thalassionema","Thalassionema nitzschioides",,,"COI",FALSE,FALSE,TRUE,,,,"algae"
619264,"Bacillariophyta","Bacillariophyceae","Thalassiosirales","Skeletonemaceae","Skeletonema","Skeletonema grevillei",,,"COI",FALSE,FALSE,TRUE,,,,"algae"
345463,"Chlorophyta","Mamiellophyceae","Dolichomastigales","Dolichomastigaceae","Dolichomastix","Dolichomastix tenuilepis",,,"COI",FALSE,FALSE,TRUE,,,,"algae"
134564,"Chlorophyta","Mamiellophyceae","Mamiellales","Mamiellaceae","Micromonas","Micromonas pusilla",,,"COI",FALSE,FALSE,TRUE,,,,"algae"
375881,"Chlorophyta","Pyramimonadophyceae","Prasinococcales","Prasinococcaceae","Prasinoderma","Prasinoderma coloniale",,,"COI",FALSE,FALSE,TRUE,,,,"algae"
160538,"Haptophyta","Coccolithophyceae","Phaeocystales","Phaeocystaceae","Phaeocystis","Phaeocystis globosa",,,"COI",FALSE,FALSE,TRUE,,,,"algae"
115106,"Haptophyta","Coccolithophyceae","Phaeocystales","Phaeocystaceae","Phaeocystis","Phaeocystis pouchetii",,,"COI",FALSE,FALSE,TRUE,,,,"algae"
1358375,"Haptophyta","Coccolithophyceae","Prymnesiales","Chrysochromulinaceae","Chrysochromulina","Chrysochromulina tobinii",,,"COI",FALSE,FALSE,TRUE,,,,"algae"
375970,"Ochrophyta","Dictyochophyceae","Dictyochales","Dictyochaceae","Octactis","Octactis octonaria",,,"COI",FALSE,FALSE,TRUE,,,,"algae"
707927,"Ochrophyta","Dictyochophyceae","Dictyochales","Dictyochaceae","Vicicitus","Vicicitus globosus",,,"COI",FALSE,FALSE,TRUE,,,,"algae"
531467,"Ochrophyta","Dictyochophyceae","Florenciellales","Florenciellales incertae sedis","Pseudochattonella","Pseudochattonella farcimen",,,"COI",FALSE,FALSE,TRUE,,,,"algae"
374386,"Ochrophyta","Phaeophyceae","Dictyotales","Dictyotaceae","Dictyota","Dictyota acutiloba",,,"COI",FALSE,FALSE,TRUE,,,,"algae"
145365,"Ochrophyta","Phaeophyceae","Dictyotales","Dictyotaceae","Dictyota","Dictyota ciliolata",,,"COI",FALSE,TRUE,TRUE,,,,"algae"
1372764,"Ochrophyta","Phaeophyceae","Dictyotales","Dictyotaceae","Lobophora","Lobophora sonderi",,,"COI",FALSE,FALSE,TRUE,,,,"algae"
1369205,"Ochrophyta","Phaeophyceae","Ectocarpales","Acinetosporaceae","Acinetospora","Acinetospora filamentosa",,,"COI",FALSE,FALSE,TRUE,,,,"algae"
371901,"Ochrophyta","Phaeophyceae","Ectocarpales","Chordariaceae","Cladosiphon","Cladosiphon okamuranus",,,"COI",FALSE,FALSE,TRUE,,,,"algae"
624476,"Ochrophyta","Phaeophyceae","Ectocarpales","Scytosiphonaceae","Colpomenia","Colpomenia claytoniae",,,"COI",FALSE,FALSE,TRUE,,,,"algae"
145861,"Ochrophyta","Phaeophyceae","Ectocarpales","Scytosiphonaceae","Hydroclathrus","Hydroclathrus clathratus",,,"COI",FALSE,TRUE,TRUE,,,,"algae"
214334,"Ochrophyta","Phaeophyceae","Ectocarpales","Scytosiphonaceae","Hydroclathrus","Hydroclathrus tenuis",,,"COI",FALSE,FALSE,TRUE,,,,"algae"
624312,"Ochrophyta","Phaeophyceae","Fucales","Sargassaceae","Sirophysalis","Sirophysalis trinodis",,,"COI",FALSE,TRUE,TRUE,,,,"algae"
376356,"Ochrophyta","Pinguiophyceae","Pinguiochrysidales","Pinguiochrysidaceae","Pinguiococcus","Pinguiococcus pyrenoidosus",,,"COI",FALSE,FALSE,TRUE,,,,"algae"
233780,"Ochrophyta","Raphidophyceae","Chattonellales","Vacuolariaceae","Chattonella","Chattonella marina",,,"COI",FALSE,FALSE,TRUE,,,,"algae"
233761,"Ochrophyta","Raphidophyceae","Chattonellales","Vacuolariaceae","Fibrocapsa","Fibrocapsa japonica",,,"COI",FALSE,FALSE,TRUE,,,,"algae"
608356,"Ochrophyta","Raphidophyceae","Chattonellales","Vacuolariaceae","Haramonas","Haramonas dimorpha",,,"COI",FALSE,FALSE,TRUE,,,,"algae"
144439,"Rhodophyta","Florideophyceae","Bonnemaisoniales","Bonnemaisoniaceae","Asparagopsis","Asparagopsis taxiformis",,,"COI",FALSE,TRUE,TRUE,,,,"algae"
1346674,"Rhodophyta","Florideophyceae","Ceramiales","Rhodomelaceae","Acanthosiphonia","Acanthosiphonia echinata",,,"COI",FALSE,FALSE,TRUE,,,,"algae"
144531,"Rhodophyta","Florideophyceae","Ceramiales","Ceramiaceae","Centroceras","Centroceras clavulatum",,,"COI",FALSE,TRUE,TRUE,,,,"algae"
144793,"Rhodophyta","Florideophyceae","Ceramiales","Rhodomelaceae","Chondria","Chondria arcuata",,,"COI",FALSE,FALSE,TRUE,,,,"algae"
239292,"Rhodophyta","Florideophyceae","Ceramiales","Rhodomelaceae","Herposiphonia","Herposiphonia pectinata",,,"COI",FALSE,FALSE,TRUE,,,,"algae"
1346787,"Rhodophyta","Florideophyceae","Ceramiales","Rhodomelaceae","Kapraunia","Kapraunia schneideri",,,"COI",FALSE,FALSE,TRUE,,,,"algae"
499472,"Rhodophyta","Florideophyceae","Ceramiales","Rhodomelaceae","Laurencia","Laurencia dendroidea",,,"COI",FALSE,TRUE,TRUE,,,,"algae"
495579,"Rhodophyta","Florideophyceae","Ceramiales","Rhodomelaceae","Palisada","Palisada parvipapillata",,,"COI",FALSE,FALSE,TRUE,,,,"algae"
834118,"Rhodophyta","Florideophyceae","Ceramiales","Rhodomelaceae","Palisada","Palisada tenerrima",,,"COI",FALSE,FALSE,TRUE,,,,"algae"
144664,"Rhodophyta","Florideophyceae","Ceramiales","Rhodomelaceae","Polysiphonia","Polysiphonia scopulorum",,,"COI",FALSE,TRUE,TRUE,,,,"algae"
220814,"Rhodophyta","Florideophyceae","Gigartinales","Cystocloniaceae","Hypnea","Hypnea nigrescens",,,"COI",FALSE,FALSE,TRUE,,,,"algae"
1034710,"Chordata","Aves","Anseriformes","Anatidae","Anas","Anas poecilorhyncha",,,"12S",FALSE,FALSE,TRUE,"LC","LC",,"birds"
346152,"Arthropoda","Copepoda","Calanoida","Paracalanidae","Bestiolina","Bestiolina similis",,,"COI",FALSE,FALSE,TRUE,,,,"copepods"
220901,"Arthropoda","Copepoda","Calanoida","Centropagidae","Centropages","Centropages orsinii",,,"COI",FALSE,FALSE,TRUE,,,,"copepods"
104683,"Arthropoda","Copepoda","Calanoida","Paracalanidae","Paracalanus","Paracalanus indicus",,,"COI",FALSE,FALSE,TRUE,,,,"copepods"
104549,"Arthropoda","Copepoda","Calanoida","Eucalanidae","Subeucalanus","Subeucalanus subtenuis",,,"COI",FALSE,FALSE,TRUE,,,,"copepods"
104880,"Arthropoda","Copepoda","Calanoida","Temoridae","Temora","Temora turbinata",,,"COI",FALSE,FALSE,TRUE,,,,"copepods"
128804,"Arthropoda","Copepoda","Cyclopoida","Corycaeidae","Ditrichocorycaeus","Ditrichocorycaeus andrewsi",,,"COI",FALSE,FALSE,TRUE,,,,"copepods"
128805,"Arthropoda","Copepoda","Cyclopoida","Corycaeidae","Ditrichocorycaeus","Ditrichocorycaeus anglicus",,,"COI",FALSE,FALSE,TRUE,,,,"copepods"
208703,"Arthropoda","Malacostraca","Decapoda","Diogenidae","Dardanus","Dardanus crassimanus",,,"COI",FALSE,TRUE,TRUE,,,,"crustaceans"
208908,"Arthropoda","Malacostraca","Decapoda","Epialtidae","Menaethius","Menaethius monoceros",,,"COI",FALSE,FALSE,TRUE,,,,"crustaceans"
1061754,"Arthropoda","Malacostraca","Decapoda","Portunidae","Portunus","Portunus pelagicus",2,1972,"COI",TRUE,FALSE,TRUE,,,"blue swimming crab","crustaceans"
208854,"Arthropoda","Malacostraca","Decapoda","Portunidae","Thalamita","Thalamita danae",,,"COI",FALSE,FALSE,TRUE,,,,"crustaceans"
208842,"Arthropoda","Malacostraca","Decapoda","Portunidae","Thalamita","Thalamita savignyi",,,"COI",FALSE,FALSE,TRUE,,,,"crustaceans"
111158,"Bryozoa","Gymnolaemata","Cheilostomatida","Bugulidae","Bugula","Bugula neritina",,,"COI",FALSE,FALSE,TRUE,,,"Common bugula, Brown bryozoan, bugule brune","filter-feeders"
111592,"Bryozoa","Gymnolaemata","Cheilostomatida","Watersiporidae","Watersipora","Watersipora subtorquata",,,"COI",FALSE,FALSE,TRUE,,,"bryozoaire orange vif à points noirs","filter-feeders"
851589,"Bryozoa","Gymnolaemata","Ctenostomatida","Vesiculariidae","Amathia","Amathia gracilis",,,"COI",FALSE,FALSE,TRUE,,,,"filter-feeders"
105795,"Chordata","Elasmobranchii","Carcharhiniformes","Carcharhinidae","Carcharhinus","Carcharhinus melanopterus",2,1990,"12S;16S",TRUE,TRUE,TRUE,"VU","VU","blacktip reef shark","fish"
105797,"Chordata","Elasmobranchii","Carcharhiniformes","Carcharhinidae","Carcharhinus","Carcharhinus plumbeus",17,2012,"12S",TRUE,TRUE,TRUE,"EN","EN","sandbar shark, requin gris","fish"
277427,"Chordata","Elasmobranchii","Carcharhiniformes","Hemigaleidae","Hemipristis","Hemipristis elongata",,,"12S;16S",FALSE,FALSE,TRUE,"VU","VU",,"fish"
217356,"Chordata","Elasmobranchii","Carcharhiniformes","Carcharhinidae","Negaprion","Negaprion acutidens",4,1969,"12S;16S",TRUE,TRUE,TRUE,"EN","EN","sicklefin lemon shark","fish"
105802,"Chordata","Elasmobranchii","Carcharhiniformes","Carcharhinidae","Rhizoprionodon","Rhizoprionodon acutus",3,1979,"12S;COI",TRUE,TRUE,TRUE,"VU","VU","milk shark","fish"
105816,"Chordata","Elasmobranchii","Carcharhiniformes","Sphyrnidae","Sphyrna","Sphyrna lewini",,,"12S",FALSE,FALSE,TRUE,"CR","CR","scalloped hammerhead","fish"
105854,"Chordata","Elasmobranchii","Myliobatiformes","Dasyatidae","Himantura","Himantura uarnak",4,1964,"12S;COI",TRUE,TRUE,TRUE,"EN","EN","honeycomb stingray","fish"
1042866,"Chordata","Elasmobranchii","Myliobatiformes","Dasyatidae","Maculabatis","Maculabatis astra",6,2006,"COI",TRUE,TRUE,TRUE,"LC","LC",,"fish"
398330,"Chordata","Elasmobranchii","Myliobatiformes","Dasyatidae","Neotrygon","Neotrygon kuhlii",1,,"12S;16S",TRUE,TRUE,TRUE,"DD","DD","Blue spotted stingray","fish"
712402,"Chordata","Elasmobranchii","Myliobatiformes","Dasyatidae","Neotrygon","Neotrygon ningalooensis",5,2009,"COI",TRUE,TRUE,TRUE,"DD","DD",,"fish"
1019891,"Chordata","Elasmobranchii","Myliobatiformes","Dasyatidae","Pastinachus","Pastinachus ater",,,"16S;COI",FALSE,TRUE,TRUE,"VU","VU",,"fish"
217419,"Chordata","Elasmobranchii","Myliobatiformes","Dasyatidae","Pastinachus","Pastinachus sephen",1,,"12S",TRUE,FALSE,TRUE,"NT","NT",,"fish"
1043416,"Chordata","Elasmobranchii","Myliobatiformes","Dasyatidae","Pateobatis","Pateobatis fai",,,"COI",FALSE,TRUE,TRUE,"VU","VU",,"fish"
1043412,"Chordata","Elasmobranchii","Myliobatiformes","Dasyatidae","Pateobatis","Pateobatis uarnacoides",,,"16S",FALSE,FALSE,TRUE,"EN","EN",,"fish"
217429,"Chordata","Elasmobranchii","Myliobatiformes","Rhinopteridae","Rhinoptera","Rhinoptera javanica",,,"12S",FALSE,FALSE,TRUE,"EN","EN","flapnose ray","fish"
712972,"Chordata","Elasmobranchii","Myliobatiformes","Dasyatidae","Taeniurops","Taeniurops meyeni",1,,"12S;16S",TRUE,TRUE,TRUE,"VU","VU",,"fish"
277833,"Chordata","Elasmobranchii","Orectolobiformes","Hemiscylliidae","Chiloscyllium","Chiloscyllium punctatum",16,1979,"16S",TRUE,TRUE,TRUE,"NT","NT","brownbanded bamboo shark, requin-chabot bambou","fish"
1016062,"Chordata","Elasmobranchii","Rhinopristiformes","Glaucostegidae","Glaucostegus","Glaucostegus cemiculus",,,"16S",FALSE,FALSE,TRUE,"CR","CR",,"fish"
280873,"Chordata","Elasmobranchii","Rhinopristiformes","Glaucostegidae","Glaucostegus","Glaucostegus granulatus",,,"12S",FALSE,FALSE,TRUE,"CR","CR",,"fish"
280875,"Chordata","Elasmobranchii","Rhinopristiformes","Glaucostegidae","Glaucostegus","Glaucostegus typus",1,1981,"COI",TRUE,TRUE,TRUE,"CR","CR",,"fish"
278217,"Chordata","Elasmobranchii","Rhinopristiformes","Rhinidae","Rhynchobatus","Rhynchobatus australiae",,,"12S;16S",FALSE,FALSE,TRUE,"CR","CR",,"fish"
217378,"Chordata","Elasmobranchii","Rhinopristiformes","Rhinidae","Rhynchobatus","Rhynchobatus djiddensis",,,"12S",FALSE,FALSE,TRUE,"CR","CR","whitespotted wedgefish","fish"
280118,"Chordata","Teleostei","Acanthuriformes","Pomacanthidae","Chaetodontoplus","Chaetodontoplus duboulayi",9,1972,"16S;COI",TRUE,TRUE,TRUE,"LC","LC",,"fish"
278682,"Chordata","Teleostei","Acanthuriformes","Chaetodontidae","Chelmon","Chelmon marginalis",40,1995,"16S",TRUE,TRUE,TRUE,"LC","LC",,"fish"
218758,"Chordata","Teleostei","Acanthuriformes","Chaetodontidae","Chelmon","Chelmon rostratus",5,1953,"12S;COI",TRUE,TRUE,TRUE,"LC","LC","copperband butterflyfish","fish"
282750,"Chordata","Teleostei","Acanthuriformes","Scatophagidae","Selenotoca","Selenotoca multifasciata",8,1985,"12S;16S;COI",TRUE,TRUE,TRUE,"LC","LC",,"fish"
219687,"Chordata","Teleostei","Acanthuriformes","Siganidae","Siganus","Siganus canaliculatus",8,2002,"COI",TRUE,TRUE,TRUE,"LC","LC","white-spotted spinefoot","fish"
273912,"Chordata","Teleostei","Acanthuriformes","Siganidae","Siganus","Siganus fuscescens",12,1997,"12S;16S",TRUE,TRUE,TRUE,"LC","LC",,"fish"
126331,"Chordata","Teleostei","Atheriniformes","Atherinidae","Atherinomorus","Atherinomorus lacunosus",,,"12S;16S",FALSE,FALSE,TRUE,"LC","LC","robust silverside","fish"
272039,"Chordata","Teleostei","Atheriniformes","Atherinidae","Atherinomorus","Atherinomorus vaigiensis",12,1979,"COI",TRUE,TRUE,TRUE,,,,"fish"
280418,"Chordata","Teleostei","Atheriniformes","Atherinidae","Craterocephalus","Craterocephalus mugiloides",3,1979,"COI",TRUE,TRUE,TRUE,,,,"fish"
217883,"Chordata","Teleostei","Atheriniformes","Atherinidae","Hypoatherina","Hypoatherina temminckii",,,"12S;16S",FALSE,FALSE,TRUE,,,"Samoan silverside","fish"
277725,"Chordata","Teleostei","Atheriniformes","Atherinidae","Hypoatherina","Hypoatherina tsurugae",,,"12S",FALSE,FALSE,TRUE,,,,"fish"
126389,"Chordata","Teleostei","Beloniformes","Hemiramphidae","Hemiramphus","Hemiramphus far",,,"12S;16S",FALSE,FALSE,TRUE,,,"spotted halfbeak","fish"
272177,"Chordata","Teleostei","Beloniformes","Hemiramphidae","Hemiramphus","Hemiramphus robustus",4,2002,"COI",TRUE,TRUE,TRUE,,,,"fish"
213170,"Chordata","Teleostei","Beloniformes","Hemiramphidae","Hyporhamphus","Hyporhamphus affinis",1,1978,"COI",TRUE,TRUE,TRUE,,,"tropical halfbeak","fish"
272185,"Chordata","Teleostei","Beloniformes","Hemiramphidae","Hyporhamphus","Hyporhamphus limbatus",,,"12S",FALSE,FALSE,TRUE,"LC","LC",,"fish"
272192,"Chordata","Teleostei","Beloniformes","Hemiramphidae","Hyporhamphus","Hyporhamphus quoyi",7,1978,"12S;16S",TRUE,TRUE,TRUE,"LC","LC",,"fish"
275986,"Chordata","Teleostei","Beloniformes","Belonidae","Strongylura","Strongylura strongylura",5,1985,"12S;16S",TRUE,TRUE,TRUE,,,,"fish"
159259,"Chordata","Teleostei","Beloniformes","Belonidae","Tylosurus","Tylosurus crocodilus",1,,"12S",TRUE,TRUE,TRUE,"LC","LC","houndfish","fish"
278018,"Chordata","Teleostei","Blenniiformes","Blenniidae","Omobranchus","Omobranchus loxozonus",,,"12S",FALSE,FALSE,TRUE,"LC","LC",,"fish"
278022,"Chordata","Teleostei","Blenniiformes","Blenniidae","Omobranchus","Omobranchus rotundiceps",7,1990,"COI",TRUE,TRUE,TRUE,"LC","LC",,"fish"
219331,"Chordata","Teleostei","Blenniiformes","Blenniidae","Petroscirtes","Petroscirtes breviceps",39,2002,"12S;16S;COI",TRUE,TRUE,TRUE,"LC","LC",,"fish"
273178,"Chordata","Teleostei","Callionymiformes","Callionymidae","Callionymus","Callionymus enneactis",6,1990,"12S",TRUE,TRUE,TRUE,,,,"fish"
282395,"Chordata","Teleostei","Carangaria incertae sedis","Latidae","Psammoperca","Psammoperca waigiensis",21,1997,"12S;16S;COI",TRUE,TRUE,TRUE,,,,"fish"
212051,"Chordata","Teleostei","Carangaria incertae sedis","Sphyraenidae","Sphyraena","Sphyraena flavicauda",,,"16S",FALSE,FALSE,TRUE,,,"yellowtail barracuda","fish"
212056,"Chordata","Teleostei","Carangaria incertae sedis","Sphyraenidae","Sphyraena","Sphyraena obtusata",8,2002,"16S",TRUE,TRUE,TRUE,,,"obtuse barracuda","fish"
218383,"Chordata","Teleostei","Carangiformes","Carangidae","Alepes","Alepes vari",,,"12S",FALSE,FALSE,TRUE,"LC","LC","herring scad","fish"
218429,"Chordata","Teleostei","Carangiformes","Carangidae","Gnathanodon","Gnathanodon speciosus",12,2002,"12S;16S;COI",TRUE,TRUE,TRUE,"LC","LC","golden trevally","fish"
282745,"Chordata","Teleostei","Carangiformes","Carangidae","Selaroides","Selaroides leptolepis",16,2002,"12S",TRUE,TRUE,TRUE,"LC","LC","yellowstripe scad","fish"
279585,"Chordata","Teleostei","Centrarchiformes","Terapontidae","Amniataba","Amniataba caudavittata",41,1985,"COI",TRUE,TRUE,TRUE,,,,"fish"
1013644,"Chordata","Teleostei","Centrarchiformes","Terapontidae","Leiopotherapon","Leiopotherapon aheneus",,,"16S",FALSE,FALSE,TRUE,"EN","EN",,"fish"
281558,"Chordata","Teleostei","Centrarchiformes","Kyphosidae","Microcanthus","Microcanthus strigatus",28,1992,"12S;16S",TRUE,TRUE,TRUE,"LC","LC",,"fish"
274000,"Chordata","Teleostei","Centrarchiformes","Terapontidae","Pelates","Pelates octolineatus",16,2012,"16S",TRUE,TRUE,TRUE,,,,"fish"
127077,"Chordata","Teleostei","Centrarchiformes","Terapontidae","Pelates","Pelates quadrilineatus",48,2002,"12S;16S;COI",TRUE,TRUE,TRUE,,,"fourlined terapon","fish"
219980,"Chordata","Teleostei","Clupeiformes","Engraulidae","Encrasicholina","Encrasicholina heteroloba",,,"12S",FALSE,FALSE,TRUE,"LC","LC","shorthead anchovy","fish"
212264,"Chordata","Teleostei","Clupeiformes","Dorosomatidae","Herklotsichthys","Herklotsichthys quadrimaculatus",1,,"12S",TRUE,TRUE,TRUE,"LC","LC","fourspot sardine","fish"
278456,"Chordata","Teleostei","Clupeiformes","Dorosomatidae","Nematalosa","Nematalosa japonica",,,"12S",FALSE,FALSE,TRUE,"DD","DD",,"fish"
212268,"Chordata","Teleostei","Clupeiformes","Dorosomatidae","Sardinella","Sardinella albella",,,"12S",FALSE,FALSE,TRUE,"LC","LC","white sardinella","fish"
400058,"Chordata","Teleostei","Clupeiformes","Dorosomatidae","Sardinella","Sardinella fijiensis",,,"12S",FALSE,FALSE,TRUE,,,,"fish"
212277,"Chordata","Teleostei","Clupeiformes","Dorosomatidae","Sardinella","Sardinella gibbosa",9,2002,"16S",TRUE,TRUE,TRUE,"LC","LC","goldstripe sardinella","fish"
272279,"Chordata","Teleostei","Clupeiformes","Spratelloididae","Spratelloides","Spratelloides robustus",8,1983,"12S;16S",TRUE,TRUE,TRUE,"LC","LC",,"fish"
154319,"Chordata","Teleostei","Cypriniformes","Cyprinidae","Hypophthalmichthys","Hypophthalmichthys molitrix",,,"16S",FALSE,FALSE,TRUE,"NT","NT","silver carp","fish"
218163,"Chordata","Teleostei","Dactylopteriformes","Pegasidae","Pegasus","Pegasus volitans",23,2002,"12S;16S",TRUE,TRUE,TRUE,"DD","DD","longtail seamouth","fish"
218633,"Chordata","Teleostei","Eupercaria incertae sedis","Sciaenidae","Argyrosomus","Argyrosomus japonicus",1,1962,"12S",TRUE,FALSE,TRUE,"EN","EN","Japanese meagre","fish"
280055,"Chordata","Teleostei","Eupercaria incertae sedis","Centrogenyidae","Centrogenys","Centrogenys vaigiensis",41,2002,"16S",TRUE,TRUE,TRUE,,,,"fish"
219082,"Chordata","Teleostei","Eupercaria incertae sedis","Scaridae","Chlorurus","Chlorurus sordidus",1,,"12S",TRUE,TRUE,TRUE,"LC","LC",,"fish"
277265,"Chordata","Teleostei","Eupercaria incertae sedis","Labridae","Choerodon","Choerodon cauteroma",21,2002,"16S",TRUE,TRUE,TRUE,"LC","LC",,"fish"
277266,"Chordata","Teleostei","Eupercaria incertae sedis","Labridae","Choerodon","Choerodon cephalotes",17,2002,"16S",TRUE,TRUE,TRUE,"LC","LC",,"fish"
277267,"Chordata","Teleostei","Eupercaria incertae sedis","Labridae","Choerodon","Choerodon cyanodus",4,2002,"16S",TRUE,TRUE,TRUE,"LC","LC",,"fish"
218951,"Chordata","Teleostei","Eupercaria incertae sedis","Labridae","Choerodon","Choerodon schoenleinii",2,,"12S;16S",TRUE,TRUE,TRUE,"NT","NT",,"fish"
273560,"Chordata","Teleostei","Eupercaria incertae sedis","Labridae","Coris","Coris picta",,,"16S",FALSE,FALSE,TRUE,"LC","LC",,"fish"
998229,"Chordata","Teleostei","Eupercaria incertae sedis","Sparidae","Diplodus","Diplodus kotschyi",,,"12S",FALSE,FALSE,TRUE,,,,"fish"
159733,"Chordata","Teleostei","Eupercaria incertae sedis","Gerreidae","Eucinostomus","Eucinostomus gula",,,"12S",FALSE,FALSE,TRUE,"LC","LC","Jenny mojarra","fish"
276956,"Chordata","Teleostei","Eupercaria incertae sedis","Gerreidae","Gerres","Gerres equulus",,,"12S",FALSE,FALSE,TRUE,,,,"fish"
276958,"Chordata","Teleostei","Eupercaria incertae sedis","Gerreidae","Gerres","Gerres japonicus",,,"16S",FALSE,FALSE,TRUE,,,,"fish"
398541,"Chordata","Teleostei","Eupercaria incertae sedis","Gerreidae","Gerres","Gerres shima",,,"12S",FALSE,FALSE,TRUE,,,,"fish"
276969,"Chordata","Teleostei","Eupercaria incertae sedis","Gerreidae","Gerres","Gerres subfasciatus",19,2002,"COI",TRUE,TRUE,TRUE,"LC","LC",,"fish"
275755,"Chordata","Teleostei","Eupercaria incertae sedis","Labridae","Halichoeres","Halichoeres brownfieldi",15,1990,"16S;COI",TRUE,TRUE,TRUE,"LC","LC",,"fish"
218998,"Chordata","Teleostei","Eupercaria incertae sedis","Labridae","Hemigymnus","Hemigymnus melapterus",4,1964,"12S",TRUE,TRUE,TRUE,"LC","LC","thicklip wrasse","fish"
278635,"Chordata","Teleostei","Eupercaria incertae sedis","Lethrinidae","Lethrinus","Lethrinus laticaudis",4,1976,"12S;16S;COI",TRUE,TRUE,TRUE,"LC","LC",,"fish"
276528,"Chordata","Teleostei","Eupercaria incertae sedis","Lutjanidae","Lutjanus","Lutjanus carponotatus",11,1995,"12S;16S",TRUE,TRUE,TRUE,"LC","LC",,"fish"
218490,"Chordata","Teleostei","Eupercaria incertae sedis","Lutjanidae","Lutjanus","Lutjanus fulviflamma",6,1983,"12S;16S",TRUE,TRUE,TRUE,"LC","LC","dory snapper","fish"
218473,"Chordata","Teleostei","Eupercaria incertae sedis","Lutjanidae","Lutjanus","Lutjanus russellii",4,,"COI",TRUE,TRUE,TRUE,"LC","LC",,"fish"
273976,"Chordata","Teleostei","Eupercaria incertae sedis","Sparidae","Pagrus","Pagrus major",2,1972,"12S",TRUE,FALSE,TRUE,"LC","LC",,"fish"
282208,"Chordata","Teleostei","Eupercaria incertae sedis","Nemipteridae","Pentapodus","Pentapodus paradiseus",,,"COI",FALSE,TRUE,TRUE,"LC","LC",,"fish"
282210,"Chordata","Teleostei","Eupercaria incertae sedis","Nemipteridae","Pentapodus","Pentapodus setosus",,,"12S",FALSE,FALSE,TRUE,"LC","LC",,"fish"
273484,"Chordata","Teleostei","Eupercaria incertae sedis","Haemulidae","Plectorhinchus","Plectorhinchus chrysotaenia",,,"16S",FALSE,FALSE,TRUE,,,,"fish"
218551,"Chordata","Teleostei","Eupercaria incertae sedis","Haemulidae","Plectorhinchus","Plectorhinchus schotaf",1,,"12S;16S",TRUE,TRUE,TRUE,"LC","LC","minstrel sweetlips","fish"
219052,"Chordata","Teleostei","Eupercaria incertae sedis","Labridae","Pteragogus","Pteragogus flagellifer",4,1953,"12S;16S",TRUE,TRUE,TRUE,"LC","LC","cocktail wrasse","fish"
218620,"Chordata","Teleostei","Eupercaria incertae sedis","Sparidae","Rhabdosargus","Rhabdosargus haffara",,,"12S",FALSE,FALSE,TRUE,"LC","LC",,"fish"
218621,"Chordata","Teleostei","Eupercaria incertae sedis","Sparidae","Rhabdosargus","Rhabdosargus sarba",21,2002,"12S;16S;COI",TRUE,TRUE,TRUE,"LC","LC","yellowfin bream","fish"
282666,"Chordata","Teleostei","Eupercaria incertae sedis","Nemipteridae","Scaevius","Scaevius milii",39,1983,"COI",TRUE,TRUE,TRUE,"LC","LC",,"fish"
219127,"Chordata","Teleostei","Eupercaria incertae sedis","Scaridae","Scarus","Scarus ghobban",2,,"12S;COI",TRUE,TRUE,TRUE,"LC","LC","bluechin parrotfish","fish"
219124,"Chordata","Teleostei","Eupercaria incertae sedis","Scaridae","Scarus","Scarus rubroviolaceus",1,,"16S",TRUE,TRUE,TRUE,"LC","LC","ember parrotfish","fish"
218370,"Chordata","Teleostei","Eupercaria incertae sedis","Sillaginidae","Sillago","Sillago aeolus",,,"12S",FALSE,FALSE,TRUE,,,"Oriental sillago","fish"
273938,"Chordata","Teleostei","Eupercaria incertae sedis","Sillaginidae","Sillago","Sillago burrus",89,2002,"COI",TRUE,TRUE,TRUE,,,,"fish"
273942,"Chordata","Teleostei","Eupercaria incertae sedis","Sillaginidae","Sillago","Sillago ingenuua",,,"12S;COI",FALSE,FALSE,TRUE,,,,"fish"
273947,"Chordata","Teleostei","Eupercaria incertae sedis","Sillaginidae","Sillago","Sillago maculata",5,1985,"12S",TRUE,FALSE,TRUE,,,,"fish"
273953,"Chordata","Teleostei","Eupercaria incertae sedis","Sillaginidae","Sillago","Sillago schomburgkii",141,1979,"16S",TRUE,TRUE,TRUE,,,,"fish"
279747,"Chordata","Teleostei","Gobiesociformes","Gobiesocidae","Aspasma","Aspasma minima",,,"16S",FALSE,FALSE,TRUE,,,,"fish"
279218,"Chordata","Teleostei","Gobiesociformes","Gobiesocidae","Lepadichthys","Lepadichthys frenatus",,,"12S",FALSE,FALSE,TRUE,"LC","LC",,"fish"
312542,"Chordata","Teleostei","Gobiiformes","Gobiidae","Acentrogobius","Acentrogobius nebulosus",31,1990,"16S;COI",TRUE,TRUE,TRUE,,,,"fish"
278655,"Chordata","Teleostei","Gobiiformes","Gobiidae","Amblygobius","Amblygobius phalaena",30,1990,"12S",TRUE,TRUE,TRUE,"LC","LC",,"fish"
209215,"Chordata","Teleostei","Gobiiformes","Gobiidae","Bathygobius","Bathygobius fuscus",,,"12S",FALSE,FALSE,TRUE,"LC","LC","dusky frill-goby","fish"
219447,"Chordata","Teleostei","Gobiiformes","Gobiidae","Drombus","Drombus triangularis",,,"16S",FALSE,FALSE,TRUE,"LC","LC",,"fish"
280772,"Chordata","Teleostei","Gobiiformes","Gobiidae","Favonigobius","Favonigobius gymnauchen",,,"16S",FALSE,FALSE,TRUE,,,,"fish"
277356,"Chordata","Teleostei","Gobiiformes","Gobiidae","Mugilogobius","Mugilogobius mertoni",,,"16S",FALSE,FALSE,TRUE,"LC","LC",,"fish"
126927,"Chordata","Teleostei","Gobiiformes","Gobiidae","Pomatoschistus","Pomatoschistus microps",,,"16S",FALSE,FALSE,TRUE,"LC","LC","common goby, gobie buhotte","fish"
219598,"Chordata","Teleostei","Gobiiformes","Gobiidae","Valenciennea","Valenciennea sexguttata",,,"12S",FALSE,FALSE,TRUE,"LC","LC","sixspot goby","fish"
278114,"Chordata","Teleostei","Gobiiformes","Gobiidae","Yongeichthys","Yongeichthys criniger",,,"12S;16S",FALSE,FALSE,TRUE,,,,"fish"
217625,"Chordata","Teleostei","Gonorynchiformes","Chanidae","Chanos","Chanos chanos",2,1965,"16S",TRUE,TRUE,TRUE,"LC","LC","milkfish, chano","fish"
1509452,"Chordata","Teleostei","Mugiliformes","Mugilidae","Crenimugil","Crenimugil pedaraki",,,"12S",FALSE,FALSE,TRUE,,,,"fish"
1043477,"Chordata","Teleostei","Mugiliformes","Mugilidae","Crenimugil","Crenimugil seheli",,,"16S;COI",FALSE,FALSE,TRUE,"LC","LC",,"fish"
126983,"Chordata","Teleostei","Mugiliformes","Mugilidae","Mugil","Mugil cephalus",29,1985,"12S;16S;COI",TRUE,TRUE,TRUE,"LC","LC","grey mullet, muge","fish"
273655,"Chordata","Teleostei","Mugiliformes","Mugilidae","Mugil","Mugil liza",,,"12S",FALSE,FALSE,TRUE,"DD","DD","liza","fish"
1043424,"Chordata","Teleostei","Mugiliformes","Mugilidae","Planiliza","Planiliza macrolepis",,,"12S;16S;COI",FALSE,FALSE,TRUE,"LC","LC",,"fish"
273663,"Chordata","Teleostei","Mulliformes","Mullidae","Upeneus","Upeneus australiae",,,"COI",FALSE,FALSE,TRUE,"LC","LC",,"fish"
218689,"Chordata","Teleostei","Mulliformes","Mullidae","Upeneus","Upeneus tragula",18,2002,"12S;16S;COI",TRUE,TRUE,TRUE,"LC","LC","freckled goatfish","fish"
212885,"Chordata","Teleostei","Ovalentaria incertae sedis","Pomacentridae","Abudefduf","Abudefduf bengalensis",19,1962,"12S;COI",TRUE,TRUE,TRUE,"LC","LC",,"fish"
280379,"Chordata","Teleostei","Ovalentaria incertae sedis","Pseudochromidae","Congrogadus","Congrogadus subducens",24,2002,"12S;16S;COI",TRUE,TRUE,TRUE,"LC","LC",,"fish"
278911,"Chordata","Teleostei","Ovalentaria incertae sedis","Pomacentridae","Neopomacentrus","Neopomacentrus bankieri",,,"12S",FALSE,FALSE,TRUE,"LC","LC",,"fish"
218838,"Chordata","Teleostei","Ovalentaria incertae sedis","Pomacentridae","Neopomacentrus","Neopomacentrus taeniurus",,,"16S",FALSE,FALSE,TRUE,"DD","DD","freshwater demoiselle","fish"
281783,"Chordata","Teleostei","Ovalentaria incertae sedis","Plesiopidae","Notograptus","Notograptus guttatus",,,"COI",FALSE,FALSE,TRUE,,,,"fish"
1605251,"Chordata","Teleostei","Ovalentaria incertae sedis","Pomacentridae","Plectroglyphidodon","Plectroglyphidodon apicalis",,,"12S;COI",FALSE,FALSE,TRUE,,,,"fish"
277176,"Chordata","Teleostei","Ovalentaria incertae sedis","Pomacentridae","Pomacentrus","Pomacentrus vaiuli",1,,"12S;16S",TRUE,TRUE,TRUE,"LC","LC",,"fish"
277177,"Chordata","Teleostei","Ovalentaria incertae sedis","Pomacentridae","Pomacentrus","Pomacentrus wardi",,,"COI",FALSE,FALSE,TRUE,"LC","LC",,"fish"
280462,"Chordata","Teleostei","Perciformes","Platycephalidae","Cymbacephalus","Cymbacephalus beauforti",,,"12S",FALSE,FALSE,TRUE,"LC","LC",,"fish"
280464,"Chordata","Teleostei","Perciformes","Platycephalidae","Cymbacephalus","Cymbacephalus nematophthalmus",20,1995,"16S;COI",TRUE,TRUE,TRUE,,,,"fish"
280465,"Chordata","Teleostei","Perciformes","Platycephalidae","Cymbacephalus","Cymbacephalus staigeri",1,,"16S",TRUE,TRUE,TRUE,,,,"fish"
218200,"Chordata","Teleostei","Perciformes","Serranidae","Epinephelus","Epinephelus coioides",9,1985,"12S;16S;COI",TRUE,TRUE,TRUE,"LC","LC","orange-spotted grouper","fish"
218218,"Chordata","Teleostei","Perciformes","Serranidae","Epinephelus","Epinephelus fuscoguttatus",,,"12S",FALSE,FALSE,TRUE,"VU","VU","brown-marbled grouper","fish"
218206,"Chordata","Teleostei","Perciformes","Serranidae","Epinephelus","Epinephelus malabaricus",,,"12S;16S",FALSE,FALSE,TRUE,"LC","LC","Malabar grouper","fish"
218216,"Chordata","Teleostei","Perciformes","Serranidae","Epinephelus","Epinephelus rivulatus",6,1982,"12S",TRUE,TRUE,TRUE,"LC","LC","halfmoon grouper","fish"
281179,"Chordata","Teleostei","Perciformes","Platycephalidae","Inegocia","Inegocia japonica",10,2002,"12S",TRUE,TRUE,TRUE,"LC","LC",,"fish"
234801,"Chordata","Teleostei","Perciformes","Nototheniidae","Pagothenia","Pagothenia borchgrevinki",,,"12S",FALSE,FALSE,TRUE,,,"bald notothen","fish"
277236,"Chordata","Teleostei","Perciformes","Tetrarogidae","Paracentropogon","Paracentropogon longispinis",12,1995,"12S;COI",TRUE,TRUE,TRUE,"LC","LC",,"fish"
277237,"Chordata","Teleostei","Perciformes","Tetrarogidae","Paracentropogon","Paracentropogon rubripinnis",,,"12S",FALSE,FALSE,TRUE,,,,"fish"
127234,"Chordata","Teleostei","Perciformes","Platycephalidae","Platycephalus","Platycephalus indicus",,,"12S",FALSE,FALSE,TRUE,"DD","DD","Indian flathead","fish"
712551,"Chordata","Teleostei","Perciformes","Platycephalidae","Platycephalus","Platycephalus westraliae",4,1985,"COI",TRUE,TRUE,TRUE,,,,"fish"
218267,"Chordata","Teleostei","Perciformes","Serranidae","Plectropomus","Plectropomus maculatus",1,,"12S;16S;COI",TRUE,TRUE,TRUE,"LC","LC","roving grouper","fish"
1526484,"Chordata","Teleostei","Pleuronectiformes","Cynoglossidae","Cynoglossus","Cynoglossus nanhaiensis",,,"12S;16S",FALSE,FALSE,TRUE,"DD","DD",,"fish"
220051,"Chordata","Teleostei","Pleuronectiformes","Paralichthyidae","Pseudorhombus","Pseudorhombus arsius",9,2002,"16S",TRUE,TRUE,TRUE,"LC","LC","largetooth flounder","fish"
277078,"Chordata","Teleostei","Pleuronectiformes","Paralichthyidae","Pseudorhombus","Pseudorhombus dupliciocellatus",5,1972,"12S",TRUE,FALSE,TRUE,"LC","LC",,"fish"
277080,"Chordata","Teleostei","Pleuronectiformes","Paralichthyidae","Pseudorhombus","Pseudorhombus jenynsii",17,2003,"16S",TRUE,TRUE,TRUE,"LC","LC",,"fish"
151482,"Chordata","Teleostei","Scombriformes","Pomatomidae","Pomatomus","Pomatomus saltatrix",12,2003,"16S",TRUE,TRUE,TRUE,"VU","VU","blue fish, tassergal","fish"
127024,"Chordata","Teleostei","Scombriformes","Scombridae","Scomberomorus","Scomberomorus commerson",2,,"12S;16S",TRUE,TRUE,TRUE,"NT","NT","narrow-barred Spanish mackerel","fish"
279035,"Chordata","Teleostei","Syngnathiformes","Syngnathidae","Festucalex","Festucalex scalaris",26,1990,"16S;COI",TRUE,TRUE,TRUE,"LC","LC",,"fish"
275191,"Chordata","Teleostei","Syngnathiformes","Syngnathidae","Hippocampus","Hippocampus comes",,,"16S",FALSE,FALSE,TRUE,"VU","VU",,"fish"
283090,"Chordata","Teleostei","Syngnathiformes","Syngnathidae","Urocampus","Urocampus carinirostris",,,"16S",FALSE,FALSE,TRUE,"LC","LC",,"fish"
219970,"Chordata","Teleostei","Tetraodontiformes","Diodontidae","Diodon","Diodon liturosus",,,"12S",FALSE,FALSE,TRUE,,,"black-blotched porcupinefish","fish"
219954,"Chordata","Teleostei","Tetraodontiformes","Tetraodontidae","Lagocephalus","Lagocephalus sceleratus",11,,"16S",TRUE,TRUE,TRUE,"LC","LC","silverstripe blaasop","fish"
276256,"Chordata","Teleostei","Tetraodontiformes","Monacanthidae","Monacanthus","Monacanthus chinensis",114,2002,"12S;16S;COI",TRUE,TRUE,TRUE,"LC","LC",,"fish"
278918,"Chordata","Teleostei","Tetraodontiformes","Monacanthidae","Paramonacanthus","Paramonacanthus choirocephalus",25,1997,"12S",TRUE,TRUE,TRUE,"LC","LC",,"fish"
282705,"Chordata","Teleostei","Tetraodontiformes","Monacanthidae","Scobinichthys","Scobinichthys granulatus",20,2002,"12S;16S;COI",TRUE,TRUE,TRUE,"LC","LC",,"fish"
278273,"Chordata","Teleostei","Tetraodontiformes","Tetraodontidae","Torquigener","Torquigener pleurogramma",8,2002,"12S;16S;COI",TRUE,TRUE,TRUE,"LC","LC",,"fish"
100511,"Ascomycota","Dothideomycetes","Capnodiales","Cladosporiaceae","Cladosporium","Cladosporium herbarum",,,"COI",FALSE,FALSE,TRUE,,,,"fungi"
100495,"Ascomycota","Eurotiomycetes","Eurotiales","Trichocomaceae","Aspergillus","Aspergillus niger",,,"COI",FALSE,FALSE,TRUE,,,,"fungi"
865878,"Oomycota","Peronosporea","Peronosporales","Peronosporaceae","Halophytophthora","Halophytophthora vesicula",,,"COI",FALSE,FALSE,TRUE,,,,"fungi"
288925,"Cnidaria","Anthozoa","Actiniaria","Boloceroididae","Boloceroides","Boloceroides mcmurrichi",2,,"COI",TRUE,TRUE,TRUE,,,,"jellyfish"
100889,"Cnidaria","Anthozoa","Actiniaria","Edwardsiidae","Edwardsia","Edwardsia longicornis",,,"COI",FALSE,FALSE,TRUE,,,,"jellyfish"
117328,"Cnidaria","Hydrozoa","Anthoathecata","Bougainvilliidae","Bougainvillia","Bougainvillia muscus",,,"COI",FALSE,FALSE,TRUE,,,,"jellyfish"
283989,"Cnidaria","Hydrozoa","Leptothecata","Aequoreidae","Aequorea","Aequorea australis",,,"COI",FALSE,FALSE,TRUE,,,,"jellyfish"
117367,"Cnidaria","Hydrozoa","Leptothecata","Campanulariidae","Clytia","Clytia gracilis",,,"COI",FALSE,FALSE,TRUE,,,,"jellyfish"
212494,"Cnidaria","Hydrozoa","Leptothecata","Plumulariidae","Plumularia","Plumularia filicaulis",,,"COI",FALSE,FALSE,TRUE,,,,"jellyfish"
117568,"Cnidaria","Hydrozoa","Limnomedusae","Geryoniidae","Liriope","Liriope tetraphylla",,,"COI",FALSE,FALSE,TRUE,,,,"jellyfish"
135295,"Cnidaria","Scyphozoa","Rhizostomeae","Cassiopeidae","Cassiopea","Cassiopea andromeda",,,"COI",FALSE,FALSE,TRUE,,,"upside-down jellyfish","jellyfish"
135298,"Cnidaria","Scyphozoa","Rhizostomeae","Mastigiidae","Phyllorhiza","Phyllorhiza punctata",,,"COI",FALSE,FALSE,TRUE,,,"Australian spotted jellyfish","jellyfish"
1539735,"Cnidaria","Scyphozoa","Semaeostomeae","Ulmaridae","Aurelia","Aurelia insularia",,,"COI",FALSE,FALSE,TRUE,,,,"jellyfish"
265201,"Ctenophora","Tentaculata","Lobata","Bolinidae","Bolinopsis","Bolinopsis mikado",,,"COI",FALSE,FALSE,TRUE,,,,"jellyfish"
231413,"Chordata","Mammalia","Carnivora","Phocidae","Mirounga","Mirounga leonina",,,"12S",FALSE,FALSE,TRUE,"LC","LC","southern elephant seal","mammals"
254985,"Chordata","Mammalia","Cetartiodactyla","Phocoenidae","Neophocaena","Neophocaena phocaenoides",,,"COI",FALSE,FALSE,TRUE,"VU","VU","Indian dolphin, marsouin aptere","mammals"
137109,"Chordata","Mammalia","Cetartiodactyla","Delphinidae","Stenella","Stenella longirostris",,,"12S",FALSE,FALSE,TRUE,"LC","LC","long-snouted spinner dolphin, dauphin longirostre","mammals"
137111,"Chordata","Mammalia","Cetartiodactyla","Delphinidae","Tursiops","Tursiops truncatus",3,1977,"12S",TRUE,TRUE,TRUE,"LC","LC","bottlenose dolphin, grand dauphin","mammals"
220227,"Chordata","Mammalia","Sirenia","Dugongidae","Dugong","Dugong dugon",1656,2018,"12S;16S",TRUE,TRUE,TRUE,"VU","VU","dugong","mammals"
1059133,"Mollusca","Bivalvia","Cardiida","Cardiidae","Fragum","Fragum erugatum",9,2004,"16S",TRUE,TRUE,TRUE,,,,"molluscs"
381510,"Mollusca","Bivalvia","Cardiida","Cardiidae","Fragum","Fragum unedo",23,2004,"COI",TRUE,TRUE,TRUE,,,"strawberry cockle","molluscs"
505993,"Mollusca","Bivalvia","Mytilida","Mytilidae","Brachidontes","Brachidontes erosus",5,1990,"COI",TRUE,TRUE,TRUE,,,,"molluscs"
506713,"Mollusca","Bivalvia","Ostreida","Ostreidae","Dendostrea","Dendostrea sandvichensis",4,1972,"COI",TRUE,TRUE,TRUE,,,,"molluscs"
1446709,"Mollusca","Bivalvia","Ostreida","Ostreidae","Nanostrea","Nanostrea pinnicola",1,,"COI",TRUE,FALSE,TRUE,,,,"molluscs"
507132,"Mollusca","Bivalvia","Solemyida","Solemyidae","Solemya","Solemya velesiana",,,"COI",FALSE,FALSE,TRUE,,,,"molluscs"
507479,"Mollusca","Bivalvia","Venerida","Veneridae","Antigona","Antigona chemnitzii",1,1992,"COI",TRUE,TRUE,TRUE,,,,"molluscs"
181366,"Mollusca","Bivalvia","Venerida","Veneridae","Antigona","Antigona lamellaris",2,,"16S",TRUE,TRUE,TRUE,,,"lamellate venus clam","molluscs"
507406,"Mollusca","Bivalvia","Venerida","Veneridae","Callista","Callista impar",15,2004,"COI",TRUE,TRUE,TRUE,,,,"molluscs"
420562,"Mollusca","Gastropoda","Aplysiida","Aplysiidae","Aplysia","Aplysia cervina",,,"COI",FALSE,FALSE,TRUE,,,,"molluscs"
1055233,"Mollusca","Gastropoda","Cephalaspidea","Aglajidae","Biuve","Biuve fulvipunctata",,,"COI",FALSE,FALSE,TRUE,,,,"molluscs"
510438,"Mollusca","Gastropoda","Cephalaspidea","Bullidae","Bulla","Bulla quoyii",1,1943,"COI",TRUE,TRUE,TRUE,,,,"molluscs"
564521,"Mollusca","Gastropoda","Littorinimorpha","Strombidae","Doxander","Doxander vittatus",1,,"COI",TRUE,TRUE,TRUE,,,,"molluscs"
1568878,"Mollusca","Gastropoda","Nudibranchia","Goniodorididae","Murphydoris","Murphydoris maracabranchia",,,"COI",FALSE,FALSE,TRUE,,,,"molluscs"
1568880,"Mollusca","Gastropoda","Nudibranchia","Goniodorididae","Murphydoris","Murphydoris puncticulata",,,"COI",FALSE,FALSE,TRUE,,,,"molluscs"
389954,"Mollusca","Gastropoda","Trochida","Trochidae","Jujubinus","Jujubinus geographicus",,,"COI",FALSE,FALSE,TRUE,,,,"molluscs"
718867,"Mollusca","Gastropoda","Trochida","Trochidae","Monilea","Monilea lentiginosa",,,"COI",FALSE,FALSE,TRUE,,,,"molluscs"
413424,"Mollusca","Gastropoda","Trochida","Turbinidae","Turbo","Turbo haynesi",3,1939,"16S;COI",TRUE,TRUE,TRUE,,,,"molluscs"
216711,"Mollusca","Gastropoda","[unassigned] Caenogastropoda","Cerithiidae","Clypeomorus","Clypeomorus batillariaeformis",9,1972,"COI",TRUE,TRUE,TRUE,,,,"molluscs"
494475,"Mollusca","Gastropoda",,"Plakobranchidae","Elysia","Elysia thompsoni",,,"COI",FALSE,FALSE,TRUE,,,,"molluscs"
591282,"Mollusca","Gastropoda",,"Amphibolidae","Salinator","Salinator rosaceus",,,"COI",FALSE,FALSE,TRUE,,,,"molluscs"
120664,"Amoebozoa","Discosea","Dactylopodida","Vexilliferidae","Neoparamoeba","Neoparamoeba aestuarina",,,"COI",FALSE,FALSE,TRUE,,,,"single-cell"
120633,"Amoebozoa","Discosea","Himatismenida","Himatismenida incertae sedis","Parvamoeba","Parvamoeba rugata",,,"COI",FALSE,FALSE,TRUE,,,,"single-cell"
1501261,"Amoebozoa","Myxogastrea","Physarida","Physaridae","Craterium","Craterium leucocephalum",,,"16S",FALSE,FALSE,TRUE,,,,"single-cell"
376147,"Cercozoa","Chlorarachnea","Chlorachniida","Chlorarachniaceae","Chlorarachnion","Chlorarachnion reptans",,,"COI",FALSE,FALSE,TRUE,,,,"single-cell"
109743,"Myzozoa","Dinophyceae","Amphidiniales","Amphidiniaceae","Amphidinium","Amphidinium massartii",,,"COI",FALSE,FALSE,TRUE,,,,"single-cell"
1346683,"Myzozoa","Dinophyceae","Peridiniales","Peridiniaceae","Kryptoperidinium","Kryptoperidinium triquetrum",,,"COI",FALSE,FALSE,TRUE,,,,"single-cell"
840029,"Myzozoa","Dinophyceae","Suessiales","Biecheleriaceae","Biecheleria","Biecheleria cincta",,,"COI",FALSE,FALSE,TRUE,,,,"single-cell"
168257,"Porifera","Demospongiae","Biemnida","Biemnidae","Biemna","Biemna fistulosa",,,"COI",FALSE,FALSE,TRUE,,,"stinging tube sponge","sponges"
132736,"Porifera","Demospongiae","Chondrillida","Halisarcidae","Halisarca","Halisarca dujardinii",,,"COI",FALSE,FALSE,TRUE,,,"soft horny sponge, éponge de Dujardin","sponges"
132300,"Porifera","Demospongiae","Dendroceratida","Darwinellidae","Chelonaplysilla","Chelonaplysilla erecta",,,"COI",FALSE,FALSE,TRUE,,,,"sponges"
164900,"Porifera","Demospongiae","Dendroceratida","Dictyodendrillidae","Igernella","Igernella notabilis",,,"COI",FALSE,FALSE,TRUE,,,,"sponges"
166210,"Porifera","Demospongiae","Haplosclerida","Callyspongiidae","Callyspongia","Callyspongia (Cladochalina) diffusa",,,"COI",FALSE,FALSE,TRUE,,,,"sponges"
820772,"Porifera","Demospongiae","Haplosclerida","Niphatidae","Gelliodes","Gelliodes wilsoni",,,"COI",FALSE,FALSE,TRUE,,,,"sponges"
166505,"Porifera","Demospongiae","Haplosclerida","Chalinidae","Haliclona","Haliclona (Gellius) amboinensis",,,"COI",FALSE,FALSE,TRUE,,,,"sponges"
166430,"Porifera","Demospongiae","Haplosclerida","Chalinidae","Haliclona","Haliclona pigmentifera",,,"COI",FALSE,FALSE,TRUE,,,,"sponges"
292996,"Porifera","Demospongiae","Haplosclerida","Petrosiidae","Neopetrosia","Neopetrosia chaliniformis",,,"COI",FALSE,FALSE,TRUE,,,,"sponges"
178479,"Porifera","Demospongiae","Haplosclerida","Niphatidae","Pachychalina","Pachychalina tenera",,,"COI",FALSE,FALSE,TRUE,,,,"sponges"
167585,"Porifera","Demospongiae","Poecilosclerida","Microcionidae","Clathria","Clathria (Clathria) unica",,,"COI",FALSE,FALSE,TRUE,,,,"sponges"
714090,"Porifera","Demospongiae","Poecilosclerida","Mycalidae","Mycale","Mycale (Carmia) fibrexilis",,,"COI",FALSE,FALSE,TRUE,,,"yellow flabby-sponge","sponges"
169317,"Porifera","Demospongiae","Poecilosclerida","Hymedesmiidae","Phorbas","Phorbas clathratus",,,"COI",FALSE,FALSE,TRUE,,,,"sponges"
165807,"Porifera","Demospongiae","Suberitida","Halichondriidae","Halichondria","Halichondria (Halichondria) coerulea",,,"COI",FALSE,FALSE,TRUE,,,,"sponges"
345601,"Porifera","Demospongiae","Suberitida","Halichondriidae","Hymeniacidon","Hymeniacidon flavia",,,"COI",FALSE,FALSE,TRUE,,,,"sponges"
1041930,"Porifera","Demospongiae","Suberitida","Suberitidae","Terpios","Terpios gelatinosus",,,"COI",FALSE,FALSE,TRUE,,,,"sponges"
170894,"Porifera","Demospongiae","Suberitida","Suberitidae","Terpios","Terpios hoshinota",,,"COI",FALSE,FALSE,TRUE,,,,"sponges"
367951,"Echinodermata","Asteroidea","Spinulosida","Echinasteridae","Echinaster","Echinaster luzonicus",,,"16S",FALSE,FALSE,TRUE,,,"Luzon seastar","starfish"
213285,"Echinodermata","Asteroidea","Valvatida","Oreasteridae","Protoreaster","Protoreaster nodosus",,,"16S",FALSE,FALSE,TRUE,,,,"starfish"
370907,"Echinodermata","Asteroidea","Valvatida","Oreasteridae","Protoreaster","Protoreaster nodulosus",72,1980,"COI",TRUE,TRUE,TRUE,,,,"starfish"
513594,"Echinodermata","Echinoidea","Camarodonta","Temnopleuridae","Temnopleurus","Temnopleurus michaelseni",11,2003,"16S",TRUE,TRUE,TRUE,,,,"starfish"
210909,"Echinodermata","Holothuroidea","Synallactida","Stichopodidae","Stichopus","Stichopus monotuberculatus",,,"16S;COI",FALSE,FALSE,TRUE,"DD","DD",,"starfish"
125122,"Echinodermata","Ophiuroidea","Amphilepidida","Ophiactidae","Ophiactis","Ophiactis savignyi",,,"COI",FALSE,FALSE,TRUE,,,,"starfish"
137206,"Chordata",,"Testudines","Cheloniidae","Chelonia","Chelonia mydas",1434,2022,"12S;16S",TRUE,TRUE,TRUE,"EN","EN","green turtle, tortue verte","turtles"
131442,"Annelida","Polychaeta","Phyllodocida","Syllidae","Syllis","Syllis lutea",1,2008,"COI",TRUE,TRUE,TRUE,,,,"worms"
475485,"Annelida","Polychaeta","Sabellida","Sabellidae","Bispira","Bispira serrata",,,"COI",FALSE,FALSE,TRUE,,,,"worms"
131111,"Annelida","Polychaeta","Spionida","Spionidae","Boccardia","Boccardia polybranchia",,,"COI",FALSE,FALSE,TRUE,,,,"worms"
332555,"Annelida","Polychaeta","Terebellida","Terebellidae","Thelepus","Thelepus australiensis",,,"COI",FALSE,FALSE,TRUE,,,,"worms"
129868,"Annelida","Polychaeta",,"Arenicolidae","Arenicola","Arenicola marina",,,"COI",FALSE,FALSE,TRUE,,,"lugworm, arénicole","worms"
876608,"Nemertea","Palaeonemertea","Archinemertea","Cephalotrichidae","Cephalothrix","Cephalothrix suni",,,"COI",FALSE,FALSE,TRUE,,,,"worms"
106272,"Arthropoda","Branchiopoda","Ctenopoda","Sididae","Penilia","Penilia avirostris",,,"COI",FALSE,FALSE,TRUE,,,,
1489180,"Arthropoda","Hexapoda","Hemiptera","Cicadellidae","Macrosteles","Macrosteles quadrilineatus",,,"COI",FALSE,FALSE,TRUE,,,,
1490377,"Arthropoda","Hexapoda","Hymenoptera","Formicidae","Pheidole","Pheidole megacephala",,,"COI",FALSE,FALSE,TRUE,,,,
106210,"Arthropoda","Thecostraca","Balanomorpha","Balanidae","Semibalanus","Semibalanus balanoides",,,"COI",FALSE,FALSE,TRUE,,,"barnacle, balane",
249965,"Chordata","Ascidiacea","Phlebobranchia","Ascidiidae","Ascidia","Ascidia ahodori",,,"COI",FALSE,FALSE,TRUE,,,,
266572,"Hemichordata","Enteropneusta","[unassigned] Enteropneusta","Ptychoderidae","Balanoglossus","Balanoglossus carnosus",,,"COI",FALSE,FALSE,TRUE,,,,
