"AphiaID","phylum","class","order","family","genus","species","group","redlist_category","records","max_year","target_gene","source_obis","source_dna"
217352,"Chordata","Elasmobranchii","Carcharhiniformes","Carcharhinidae","Carcharhinus","Carcharhinus albimarginatus","fish","VU",1,,,TRUE,
217337,"Chordata","Elasmobranchii","Carcharhiniformes","Carcharhinidae","Carcharhinus","Carcharhinus amblyrhynchos","fish","EN",1,,,TRUE,
105788,"Chordata","Elasmobranchii","Carcharhiniformes","Carcharhinidae","Carcharhinus","Carcharhinus brevipinna","fish","VU",1,,,TRUE,
834879,"Chordata","Elasmobranchii","Carcharhiniformes","Carcharhinidae","Carcharhinus","Carcharhinus humani","fish",,1,,,TRUE,
105793,"Chordata","Elasmobranchii","Carcharhiniformes","Carcharhinidae","Carcharhinus","Carcharhinus limbatus","fish","NT",1,,,TRUE,
105794,"Chordata","Elasmobranchii","Carcharhiniformes","Carcharhinidae","Carcharhinus","Carcharhinus longimanus","fish","CR",1,,,TRUE,
217335,"Chordata","Elasmobranchii","Carcharhiniformes","Carcharhinidae","Carcharhinus","Carcharhinus macloti","fish","NT",1,,,TRUE,
105795,"Chordata","Elasmobranchii","Carcharhiniformes","Carcharhinidae","Carcharhinus","Carcharhinus melanopterus","fish","VU",1,,,TRUE,
105797,"Chordata","Elasmobranchii","Carcharhiniformes","Carcharhinidae","Carcharhinus","Carcharhinus plumbeus","fish","VU",1,,,TRUE,
217339,"Chordata","Elasmobranchii","Carcharhiniformes","Carcharhinidae","Carcharhinus","Carcharhinus sorrah","fish","NT",1,,,TRUE,
105799,"Chordata","Elasmobranchii","Carcharhiniformes","Carcharhinidae","Galeocerdo","Galeocerdo cuvier","fish","NT",1,,,TRUE,
217355,"Chordata","Elasmobranchii","Carcharhiniformes","Carcharhinidae","Loxodon","Loxodon macrorhinus","fish",,1,,,TRUE,
214558,"Chordata","Elasmobranchii","Carcharhiniformes","Triakidae","Mustelus","Mustelus mosis","fish","NT",1,,,TRUE,
105816,"Chordata","Elasmobranchii","Carcharhiniformes","Sphyrnidae","Sphyrna","Sphyrna lewini","fish","CR",1,,,TRUE,
214557,"Chordata","Elasmobranchii","Carcharhiniformes","Carcharhinidae","Triaenodon","Triaenodon obesus","fish","VU",1,,,TRUE,
105839,"Chordata","Elasmobranchii","Lamniformes","Lamnidae","Isurus","Isurus oxyrinchus","fish","EN",1,,,TRUE,
278243,"Chordata","Elasmobranchii","Myliobatiformes","Myliobatidae","Aetobatus","Aetobatus ocellatus","fish","VU",1,,,TRUE,
278475,"Chordata","Elasmobranchii","Myliobatiformes","Myliobatidae","Aetomylaeus","Aetomylaeus nichofii","fish","VU",1,,,TRUE,
105854,"Chordata","Elasmobranchii","Myliobatiformes","Dasyatidae","Himantura","Himantura uarnak","fish","VU",1,,,TRUE,
1042728,"Chordata","Elasmobranchii","Myliobatiformes","Dasyatidae","Maculabatis","Maculabatis ambigua","fish",,1,,,TRUE,
1026118,"Chordata","Elasmobranchii","Myliobatiformes","Myliobatidae","Mobula","Mobula birostris","fish","EN",1,,,TRUE,
217430,"Chordata","Elasmobranchii","Myliobatiformes","Myliobatidae","Mobula","Mobula thurstoni","fish","EN",1,,,TRUE,
217419,"Chordata","Elasmobranchii","Myliobatiformes","Dasyatidae","Pastinachus","Pastinachus sephen","fish","NT",1,,,TRUE,
1043418,"Chordata","Elasmobranchii","Myliobatiformes","Dasyatidae","Pateobatis","Pateobatis jenkinsii","fish","VU",1,,,TRUE,
271496,"Chordata","Elasmobranchii","Myliobatiformes","Myliobatidae","Rhinoptera","Rhinoptera jayakari","fish",,1,,,TRUE,
217422,"Chordata","Elasmobranchii","Myliobatiformes","Dasyatidae","Taeniura","Taeniura lymma","fish","NT",1,,,TRUE,
712972,"Chordata","Elasmobranchii","Myliobatiformes","Dasyatidae","Taeniurops","Taeniurops meyeni","fish","VU",1,,,TRUE,
277827,"Chordata","Elasmobranchii","Orectolobiformes","Hemiscylliidae","Chiloscyllium","Chiloscyllium arabicum","fish","NT",1,,,TRUE,
220030,"Chordata","Elasmobranchii","Orectolobiformes","Ginglymostomatidae","Nebrius","Nebrius ferrugineus","fish","VU",1,,,TRUE,
105847,"Chordata","Elasmobranchii","Orectolobiformes","Rhincodontidae","Rhincodon","Rhincodon typus","fish","EN",1,,,TRUE,
313100,"Chordata","Elasmobranchii","Orectolobiformes","Stegostomatidae","Stegostoma","Stegostoma tigrinum","fish","EN",1,,,TRUE,
1043460,"Chordata","Elasmobranchii","Rajiformes","Rajidae","Okamejei","Okamejei ornata","fish",,2,1988,,TRUE,
217378,"Chordata","Elasmobranchii","Rhinopristiformes","Rhinobatidae","Rhynchobatus","Rhynchobatus djiddensis","fish","CR",1,,,TRUE,
221462,"Chordata","Holocephali","Chimaeriformes","Rhinochimaeridae","Neoharriotta","Neoharriotta pumila","fish",,5,1989,,TRUE,
219641,"Chordata","Teleostei","Acanthuriformes","Acanthuridae","Acanthurus","Acanthurus dussumieri","fish",,1,,,TRUE,
219636,"Chordata","Teleostei","Acanthuriformes","Acanthuridae","Acanthurus","Acanthurus gahhm","fish",,1,,,TRUE,
219629,"Chordata","Teleostei","Acanthuriformes","Acanthuridae","Acanthurus","Acanthurus leucocheilus","fish",,1,,,TRUE,
219628,"Chordata","Teleostei","Acanthuriformes","Acanthuridae","Acanthurus","Acanthurus leucosternon","fish",,8,2013,,TRUE,
159582,"Chordata","Teleostei","Acanthuriformes","Acanthuridae","Acanthurus","Acanthurus lineatus","fish",,18,2013,,TRUE,
219651,"Chordata","Teleostei","Acanthuriformes","Acanthuridae","Acanthurus","Acanthurus mata","fish",,1,,,TRUE,
219626,"Chordata","Teleostei","Acanthuriformes","Acanthuridae","Acanthurus","Acanthurus nigricauda","fish",,1,,,TRUE,
219640,"Chordata","Teleostei","Acanthuriformes","Acanthuridae","Acanthurus","Acanthurus nigrofuscus","fish",,3,2013,,TRUE,
219649,"Chordata","Teleostei","Acanthuriformes","Acanthuridae","Acanthurus","Acanthurus sohal","fish",,9,2013,,TRUE,
219632,"Chordata","Teleostei","Acanthuriformes","Acanthuridae","Acanthurus","Acanthurus tennentii","fish",,3,2013,,TRUE,
219646,"Chordata","Teleostei","Acanthuriformes","Acanthuridae","Acanthurus","Acanthurus thompsoni","fish",,1,,,TRUE,
219630,"Chordata","Teleostei","Acanthuriformes","Acanthuridae","Acanthurus","Acanthurus triostegus","fish",,1,,,TRUE,
211791,"Chordata","Teleostei","Acanthuriformes","Pomacanthidae","Apolemichthys","Apolemichthys xanthotis","fish",,1,,,TRUE,
1019864,"Chordata","Teleostei","Acanthuriformes","Leiognathidae","Aurigequula","Aurigequula fasciata","fish",,1,,,TRUE,
211775,"Chordata","Teleostei","Acanthuriformes","Pomacanthidae","Centropyge","Centropyge acanthops","fish",,3,2013,,TRUE,
211774,"Chordata","Teleostei","Acanthuriformes","Pomacanthidae","Centropyge","Centropyge multispinis","fish",,1,,,TRUE,
218730,"Chordata","Teleostei","Acanthuriformes","Chaetodontidae","Chaetodon","Chaetodon auriga","fish",,18,2013,,TRUE,
218735,"Chordata","Teleostei","Acanthuriformes","Chaetodontidae","Chaetodon","Chaetodon bennetti","fish",,3,2013,,TRUE,
273330,"Chordata","Teleostei","Acanthuriformes","Chaetodontidae","Chaetodon","Chaetodon collare","fish",,8,2013,,TRUE,
218726,"Chordata","Teleostei","Acanthuriformes","Chaetodontidae","Chaetodon","Chaetodon falcula","fish",,1,,,TRUE,
218737,"Chordata","Teleostei","Acanthuriformes","Chaetodontidae","Chaetodon","Chaetodon fasciatus","fish",,1,,,TRUE,
273340,"Chordata","Teleostei","Acanthuriformes","Chaetodontidae","Chaetodon","Chaetodon gardineri","fish",,4,2013,,TRUE,
218722,"Chordata","Teleostei","Acanthuriformes","Chaetodontidae","Chaetodon","Chaetodon guttatissimus","fish",,5,2013,,TRUE,
273344,"Chordata","Teleostei","Acanthuriformes","Chaetodontidae","Chaetodon","Chaetodon interruptus","fish",,1,,,TRUE,
218738,"Chordata","Teleostei","Acanthuriformes","Chaetodontidae","Chaetodon","Chaetodon kleinii","fish",,9,2013,,TRUE,
218716,"Chordata","Teleostei","Acanthuriformes","Chaetodontidae","Chaetodon","Chaetodon larvatus","fish",,1,,,TRUE,
218750,"Chordata","Teleostei","Acanthuriformes","Chaetodontidae","Chaetodon","Chaetodon leucopleura","fish",,12,2013,,TRUE,
218734,"Chordata","Teleostei","Acanthuriformes","Chaetodontidae","Chaetodon","Chaetodon lineolatus","fish",,1,,,TRUE,
218733,"Chordata","Teleostei","Acanthuriformes","Chaetodontidae","Chaetodon","Chaetodon lunula","fish",,11,2013,,TRUE,
218743,"Chordata","Teleostei","Acanthuriformes","Chaetodontidae","Chaetodon","Chaetodon melannotus","fish",,3,2013,,TRUE,
218751,"Chordata","Teleostei","Acanthuriformes","Chaetodontidae","Chaetodon","Chaetodon melapterus","fish",,30,2013,,TRUE,
218752,"Chordata","Teleostei","Acanthuriformes","Chaetodontidae","Chaetodon","Chaetodon meyeri","fish",,1,,,TRUE,
302747,"Chordata","Teleostei","Acanthuriformes","Chaetodontidae","Chaetodon","Chaetodon pictus","fish",,3,2013,,TRUE,
218742,"Chordata","Teleostei","Acanthuriformes","Chaetodontidae","Chaetodon","Chaetodon semilarvatus","fish",,1,,,TRUE,
218719,"Chordata","Teleostei","Acanthuriformes","Chaetodontidae","Chaetodon","Chaetodon trifascialis","fish","NT",1,,,TRUE,
218741,"Chordata","Teleostei","Acanthuriformes","Chaetodontidae","Chaetodon","Chaetodon trifasciatus","fish",,26,2013,,TRUE,
273368,"Chordata","Teleostei","Acanthuriformes","Chaetodontidae","Chaetodon","Chaetodon zanzibarensis","fish",,5,2013,,TRUE,
219655,"Chordata","Teleostei","Acanthuriformes","Acanthuridae","Ctenochaetus","Ctenochaetus binotatus","fish",,2,2013,,TRUE,
219659,"Chordata","Teleostei","Acanthuriformes","Acanthuridae","Ctenochaetus","Ctenochaetus striatus","fish",,1,,,TRUE,
277563,"Chordata","Teleostei","Acanthuriformes","Acanthuridae","Ctenochaetus","Ctenochaetus truncatus","fish",,3,2013,,TRUE,
220047,"Chordata","Teleostei","Acanthuriformes","Drepaneidae","Drepane","Drepane longimana","fish",,1,,,TRUE,
218760,"Chordata","Teleostei","Acanthuriformes","Chaetodontidae","Forcipiger","Forcipiger flavissimus","fish",,3,2013,,TRUE,
218759,"Chordata","Teleostei","Acanthuriformes","Chaetodontidae","Forcipiger","Forcipiger longirostris","fish",,1,,,TRUE,
218762,"Chordata","Teleostei","Acanthuriformes","Chaetodontidae","Hemitaurichthys","Hemitaurichthys zoster","fish",,1,,,TRUE,
218765,"Chordata","Teleostei","Acanthuriformes","Chaetodontidae","Heniochus","Heniochus acuminatus","fish",,5,2013,,TRUE,
218763,"Chordata","Teleostei","Acanthuriformes","Chaetodontidae","Heniochus","Heniochus diphreutes","fish",,1,,,TRUE,
303762,"Chordata","Teleostei","Acanthuriformes","Leiognathidae","Leiognathus","Leiognathus equula","fish",,1,,,TRUE,
219673,"Chordata","Teleostei","Acanthuriformes","Acanthuridae","Naso","Naso annulatus","fish",,1,,,TRUE,
219664,"Chordata","Teleostei","Acanthuriformes","Acanthuridae","Naso","Naso brachycentron","fish",,1,,,TRUE,
219671,"Chordata","Teleostei","Acanthuriformes","Acanthuridae","Naso","Naso brevirostris","fish",,1,,,TRUE,
278005,"Chordata","Teleostei","Acanthuriformes","Acanthuridae","Naso","Naso elegans","fish",,1,,,TRUE,
219666,"Chordata","Teleostei","Acanthuriformes","Acanthuridae","Naso","Naso fageni","fish",,3,2013,,TRUE,
219667,"Chordata","Teleostei","Acanthuriformes","Acanthuridae","Naso","Naso hexacanthus","fish",,1,,,TRUE,
219670,"Chordata","Teleostei","Acanthuriformes","Acanthuridae","Naso","Naso thynnoides","fish",,1,,,TRUE,
219668,"Chordata","Teleostei","Acanthuriformes","Acanthuridae","Naso","Naso unicornis","fish",,1,,,TRUE,
219672,"Chordata","Teleostei","Acanthuriformes","Acanthuridae","Naso","Naso vlamingii","fish",,1,,,TRUE,
218711,"Chordata","Teleostei","Acanthuriformes","Ephippidae","Platax","Platax orbicularis","fish",,1,,,TRUE,
218710,"Chordata","Teleostei","Acanthuriformes","Ephippidae","Platax","Platax teira","fish",,1,,,TRUE,
219999,"Chordata","Teleostei","Acanthuriformes","Pomacanthidae","Pomacanthus","Pomacanthus asfur","fish",,1,,,TRUE,
220001,"Chordata","Teleostei","Acanthuriformes","Pomacanthidae","Pomacanthus","Pomacanthus imperator","fish",,3,2013,,TRUE,
220005,"Chordata","Teleostei","Acanthuriformes","Pomacanthidae","Pomacanthus","Pomacanthus maculosus","fish",,1,,,TRUE,
220003,"Chordata","Teleostei","Acanthuriformes","Pomacanthidae","Pomacanthus","Pomacanthus semicirculatus","fish",,1,,,TRUE,
475056,"Chordata","Teleostei","Acanthuriformes","Chaetodontidae","Roa","Roa jayakari","fish",,1,,,TRUE,
219686,"Chordata","Teleostei","Acanthuriformes","Siganidae","Siganus","Siganus argenteus","fish",,1,,,TRUE,
127045,"Chordata","Teleostei","Acanthuriformes","Siganidae","Siganus","Siganus rivulatus","fish",,1,,,TRUE,
220083,"Chordata","Teleostei","Acanthuriformes","Zanclidae","Zanclus","Zanclus cornutus","fish",,1,,,TRUE,
277555,"Chordata","Teleostei","Acanthuriformes","Acanthuridae","Zebrasoma","Zebrasoma desjardinii","fish",,3,2013,,TRUE,
219681,"Chordata","Teleostei","Acanthuriformes","Acanthuridae","Zebrasoma","Zebrasoma xanthurum","fish",,3,2013,,TRUE,
276304,"Chordata","Teleostei","Acropomatiformes","Bathyclupeidae","Bathyclupea","Bathyclupea hoskynii","fish",,4,,,TRUE,
221428,"Chordata","Teleostei","Acropomatiformes","Ostracoberycidae","Ostracoberyx","Ostracoberyx dorygenys","fish",,2,,,TRUE,
218697,"Chordata","Teleostei","Acropomatiformes","Pempheridae","Parapriacanthus","Parapriacanthus guentheri","fish",,1,,,TRUE,
218698,"Chordata","Teleostei","Acropomatiformes","Pempheridae","Parapriacanthus","Parapriacanthus ransonneti","fish",,2,1989,,TRUE,
218704,"Chordata","Teleostei","Acropomatiformes","Pempheridae","Pempheris","Pempheris adusta","fish",,1,,,TRUE,
310134,"Chordata","Teleostei","Acropomatiformes","Pempheridae","Pempheris","Pempheris rhomboidea","fish",,1,,,TRUE,
1042785,"Chordata","Teleostei","Acropomatiformes","Pempheridae","Pempheris","Pempheris zajonzi","fish",,1,,,TRUE,
367291,"Chordata","Teleostei","Acropomatiformes","Acropomatidae","Synagrops","Synagrops japonicus","fish",,1,,,TRUE,
398341,"Chordata","Teleostei","Albuliformes","Albulidae","Albula","Albula oligolepis","fish",,1,,,TRUE,
217455,"Chordata","Teleostei","Anguilliformes","Anguillidae","Anguilla","Anguilla bicolor","fish","NT",1,,,TRUE,
217457,"Chordata","Teleostei","Anguilliformes","Anguillidae","Anguilla","Anguilla marmorata","fish",,1,,,TRUE,
271739,"Chordata","Teleostei","Anguilliformes","Congridae","Ariosoma","Ariosoma sokotranum","fish",,1,,,TRUE,
126284,"Chordata","Teleostei","Anguilliformes","Congridae","Bathyuroconger","Bathyuroconger vicinus","fish",,1,,,TRUE,
217469,"Chordata","Teleostei","Anguilliformes","Muraenidae","Echidna","Echidna nebulosa","fish",,1,,,TRUE,
217472,"Chordata","Teleostei","Anguilliformes","Muraenidae","Enchelycore","Enchelycore pardalis","fish",,1,,,TRUE,
217474,"Chordata","Teleostei","Anguilliformes","Muraenidae","Enchelycore","Enchelycore schismatorhynchus","fish",,1,,,TRUE,
280820,"Chordata","Teleostei","Anguilliformes","Muraenesocidae","Gavialiceps","Gavialiceps arabicus","fish",,5,,,TRUE,
217476,"Chordata","Teleostei","Anguilliformes","Muraenidae","Gymnomuraena","Gymnomuraena zebra","fish",,1,,,TRUE,
217509,"Chordata","Teleostei","Anguilliformes","Muraenidae","Gymnothorax","Gymnothorax favagineus","fish",,1,,,TRUE,
217495,"Chordata","Teleostei","Anguilliformes","Muraenidae","Gymnothorax","Gymnothorax flavimarginatus","fish",,1,,,TRUE,
271834,"Chordata","Teleostei","Anguilliformes","Muraenidae","Gymnothorax","Gymnothorax flavoculus","fish",,1,,,TRUE,
271838,"Chordata","Teleostei","Anguilliformes","Muraenidae","Gymnothorax","Gymnothorax griseus","fish",,1,,,TRUE,
217502,"Chordata","Teleostei","Anguilliformes","Muraenidae","Gymnothorax","Gymnothorax javanicus","fish",,1,,,TRUE,
217503,"Chordata","Teleostei","Anguilliformes","Muraenidae","Gymnothorax","Gymnothorax meleagris","fish",,1,,,TRUE,
217488,"Chordata","Teleostei","Anguilliformes","Muraenidae","Gymnothorax","Gymnothorax nudivomer","fish",,1,,,TRUE,
217491,"Chordata","Teleostei","Anguilliformes","Muraenidae","Gymnothorax","Gymnothorax pictus","fish",,1,,,TRUE,
271877,"Chordata","Teleostei","Anguilliformes","Muraenidae","Gymnothorax","Gymnothorax pseudoherrei","fish",,1,,,TRUE,
271882,"Chordata","Teleostei","Anguilliformes","Muraenidae","Gymnothorax","Gymnothorax richardsonii","fish",,1,,,TRUE,
217508,"Chordata","Teleostei","Anguilliformes","Muraenidae","Gymnothorax","Gymnothorax undulatus","fish",,1,,,TRUE,
217506,"Chordata","Teleostei","Anguilliformes","Muraenidae","Gymnothorax","Gymnothorax zonipectis","fish",,1,,,TRUE,
217578,"Chordata","Teleostei","Anguilliformes","Ophichthidae","Myrichthys","Myrichthys maculosus","fish",,1,,,TRUE,
126306,"Chordata","Teleostei","Anguilliformes","Nemichthyidae","Nemichthys","Nemichthys scolopaceus","fish",,4,,,TRUE,
283192,"Chordata","Teleostei","Anguilliformes","Congridae","Xenomystax","Xenomystax trucidans","fish",,1,,,TRUE,
276689,"Chordata","Teleostei","Ateleopodiformes","Ateleopodidae","Ateleopus","Ateleopus indicus","fish",,3,,,TRUE,
126331,"Chordata","Teleostei","Atheriniformes","Atherinidae","Atherinomorus","Atherinomorus lacunosus","fish",,1,,,TRUE,
217662,"Chordata","Teleostei","Aulopiformes","Synodontidae","Saurida","Saurida gracilis","fish",,1,,,TRUE,
217667,"Chordata","Teleostei","Aulopiformes","Synodontidae","Synodus","Synodus dermatogenys","fish",,1,,,TRUE,
217673,"Chordata","Teleostei","Aulopiformes","Synodontidae","Synodus","Synodus jaculum","fish",,1,,,TRUE,
217670,"Chordata","Teleostei","Aulopiformes","Synodontidae","Synodus","Synodus variegatus","fish",,1,,,TRUE,
158884,"Chordata","Teleostei","Aulopiformes","Synodontidae","Trachinocephalus","Trachinocephalus myops","fish",,2,1989,,TRUE,
308682,"Chordata","Teleostei","Aulopiformes","Synodontidae","Trachinocephalus","Trachinocephalus trachinus","fish",,1,,,TRUE,
272197,"Chordata","Teleostei","Beloniformes","Hemiramphidae","Hyporhamphus","Hyporhamphus sindensis","fish",,1,,,TRUE,
126379,"Chordata","Teleostei","Beloniformes","Belonidae","Tylosurus","Tylosurus choram","fish",,1,,,TRUE,
1013547,"Chordata","Teleostei","Blenniiformes","Blenniidae","Alticus","Alticus magnusi","fish",,1,,,TRUE,
278943,"Chordata","Teleostei","Blenniiformes","Blenniidae","Antennablennius","Antennablennius simonyi","fish",,1,,,TRUE,
219243,"Chordata","Teleostei","Blenniiformes","Blenniidae","Aspidontus","Aspidontus dussumieri","fish",,1,,,TRUE,
219242,"Chordata","Teleostei","Blenniiformes","Blenniidae","Aspidontus","Aspidontus taeniatus","fish",,1,,,TRUE,
293549,"Chordata","Teleostei","Blenniiformes","Blenniidae","Atrosalarias","Atrosalarias fuscus","fish",,1,,,TRUE,
219249,"Chordata","Teleostei","Blenniiformes","Blenniidae","Blenniella","Blenniella periophthalmus","fish",,1,,,TRUE,
219261,"Chordata","Teleostei","Blenniiformes","Blenniidae","Cirripectes","Cirripectes auritus","fish",,1,,,TRUE,
219266,"Chordata","Teleostei","Blenniiformes","Blenniidae","Cirripectes","Cirripectes castaneus","fish",,1,,,TRUE,
219274,"Chordata","Teleostei","Blenniiformes","Blenniidae","Ecsenius","Ecsenius frontalis","fish",,1,,,TRUE,
219272,"Chordata","Teleostei","Blenniiformes","Blenniidae","Ecsenius","Ecsenius lineatus","fish",,1,,,TRUE,
219275,"Chordata","Teleostei","Blenniiformes","Blenniidae","Ecsenius","Ecsenius nalolo","fish",,1,,,TRUE,
219179,"Chordata","Teleostei","Blenniiformes","Tripterygiidae","Enneapterygius","Enneapterygius abeli","fish",,1,,,TRUE,
219176,"Chordata","Teleostei","Blenniiformes","Tripterygiidae","Enneapterygius","Enneapterygius pusillus","fish",,1,,,TRUE,
279250,"Chordata","Teleostei","Blenniiformes","Tripterygiidae","Helcogramma","Helcogramma steinitzi","fish",,1,,,TRUE,
219303,"Chordata","Teleostei","Blenniiformes","Blenniidae","Istiblennius","Istiblennius dussumieri","fish",,1,,,TRUE,
219294,"Chordata","Teleostei","Blenniiformes","Blenniidae","Istiblennius","Istiblennius edentulus","fish",,1,,,TRUE,
219307,"Chordata","Teleostei","Blenniiformes","Blenniidae","Meiacanthus","Meiacanthus nigrolineatus","fish",,1,,,TRUE,
277719,"Chordata","Teleostei","Blenniiformes","Blenniidae","Mimoblennius","Mimoblennius cirrosus","fish",,1,,,TRUE,
281876,"Chordata","Teleostei","Blenniiformes","Blenniidae","Oman","Oman ypsilon","fish","VU",1,,,TRUE,
219334,"Chordata","Teleostei","Blenniiformes","Blenniidae","Plagiotremus","Plagiotremus rhinorhynchos","fish",,1,,,TRUE,
219335,"Chordata","Teleostei","Blenniiformes","Blenniidae","Plagiotremus","Plagiotremus tapeinosoma","fish",,1,,,TRUE,
219333,"Chordata","Teleostei","Blenniiformes","Blenniidae","Plagiotremus","Plagiotremus townsendi","fish",,1,,,TRUE,
126791,"Chordata","Teleostei","Callionymiformes","Callionymidae","Callionymus","Callionymus filamentosus","fish",,1,,,TRUE,
219781,"Chordata","Teleostei","Callionymiformes","Callionymidae","Synchiropus","Synchiropus monacanthus","fish",,1,,,TRUE,
219787,"Chordata","Teleostei","Callionymiformes","Callionymidae","Synchiropus","Synchiropus stellatus","fish",,1,,,TRUE,
345843,"Chordata","Teleostei","Carangaria incertae sedis","Sphyraenidae","Sphyraena","Sphyraena barracuda","fish",,1,,,TRUE,
212045,"Chordata","Teleostei","Carangaria incertae sedis","Sphyraenidae","Sphyraena","Sphyraena jello","fish",,1,,,TRUE,
212050,"Chordata","Teleostei","Carangaria incertae sedis","Sphyraenidae","Sphyraena","Sphyraena putnamae","fish",,1,,,TRUE,
212049,"Chordata","Teleostei","Carangaria incertae sedis","Sphyraenidae","Sphyraena","Sphyraena qenie","fish",,1,,,TRUE,
126800,"Chordata","Teleostei","Carangiformes","Carangidae","Alepes","Alepes djedaba","fish",,1,,,TRUE,
218391,"Chordata","Teleostei","Carangiformes","Carangidae","Carangoides","Carangoides bajad","fish",,1,,,TRUE,
218396,"Chordata","Teleostei","Carangiformes","Carangidae","Carangoides","Carangoides chrysophrys","fish",,1,,,TRUE,
218395,"Chordata","Teleostei","Carangiformes","Carangidae","Carangoides","Carangoides ferdau","fish",,1,,,TRUE,
218392,"Chordata","Teleostei","Carangiformes","Carangidae","Carangoides","Carangoides gymnostethus","fish",,1,,,TRUE,
218403,"Chordata","Teleostei","Carangiformes","Carangidae","Caranx","Caranx heberi","fish",,1,,,TRUE,
218414,"Chordata","Teleostei","Carangiformes","Carangidae","Caranx","Caranx ignobilis","fish",,1,,,TRUE,
126805,"Chordata","Teleostei","Carangiformes","Carangidae","Caranx","Caranx lugubris","fish",,1,,,TRUE,
218419,"Chordata","Teleostei","Carangiformes","Carangidae","Caranx","Caranx melampygus","fish",,1,,,TRUE,
218404,"Chordata","Teleostei","Carangiformes","Carangidae","Caranx","Caranx sexfasciatus","fish",,1,,,TRUE,
126846,"Chordata","Teleostei","Carangiformes","Coryphaenidae","Coryphaena","Coryphaena hippurus","fish",,1,,,TRUE,
218426,"Chordata","Teleostei","Carangiformes","Carangidae","Decapterus","Decapterus macrosoma","fish",,2,1989,,TRUE,
218427,"Chordata","Teleostei","Carangiformes","Carangidae","Decapterus","Decapterus russelli","fish",,3,1989,,TRUE,
126848,"Chordata","Teleostei","Carangiformes","Echeneidae","Echeneis","Echeneis naucrates","fish",,1,,,TRUE,
126809,"Chordata","Teleostei","Carangiformes","Carangidae","Elagatis","Elagatis bipinnulata","fish",,1,,,TRUE,
218429,"Chordata","Teleostei","Carangiformes","Carangidae","Gnathanodon","Gnathanodon speciosus","fish",,1,,,TRUE,
158812,"Chordata","Teleostei","Carangiformes","Istiophoridae","Istiophorus","Istiophorus platypterus","fish",,1,,,TRUE,
127006,"Chordata","Teleostei","Carangiformes","Rachycentridae","Rachycentron","Rachycentron canadum","fish",,1,,,TRUE,
218432,"Chordata","Teleostei","Carangiformes","Carangidae","Scomberoides","Scomberoides commersonnianus","fish",,1,,,TRUE,
218434,"Chordata","Teleostei","Carangiformes","Carangidae","Scomberoides","Scomberoides lysan","fish",,1,,,TRUE,
218433,"Chordata","Teleostei","Carangiformes","Carangidae","Scomberoides","Scomberoides tol","fish",,1,,,TRUE,
126816,"Chordata","Teleostei","Carangiformes","Carangidae","Seriola","Seriola dumerili","fish",,1,,,TRUE,
126818,"Chordata","Teleostei","Carangiformes","Carangidae","Seriola","Seriola rivoliana","fish",,1,,,TRUE,
218439,"Chordata","Teleostei","Carangiformes","Carangidae","Trachinotus","Trachinotus africanus","fish",,1,,,TRUE,
218440,"Chordata","Teleostei","Carangiformes","Carangidae","Trachinotus","Trachinotus baillonii","fish",,1,,,TRUE,
151169,"Chordata","Teleostei","Carangiformes","Carangidae","Trachinotus","Trachinotus blochii","fish",,1,,,TRUE,
218442,"Chordata","Teleostei","Carangiformes","Carangidae","Trachinotus","Trachinotus botla","fish",,1,,,TRUE,
127094,"Chordata","Teleostei","Carangiformes","Xiphiidae","Xiphias","Xiphias gladius","fish",,1,,,TRUE,
277546,"Chordata","Teleostei","Centrarchiformes","Cirrhitidae","Cirrhitichthys","Cirrhitichthys calliurus","fish",,4,2013,,TRUE,
218853,"Chordata","Teleostei","Centrarchiformes","Cirrhitidae","Cirrhitichthys","Cirrhitichthys oxycephalus","fish",,2,,,TRUE,
218862,"Chordata","Teleostei","Centrarchiformes","Cirrhitidae","Cirrhitus","Cirrhitus pinnulatus","fish",,1,,,TRUE,
218355,"Chordata","Teleostei","Centrarchiformes","Kuhliidae","Kuhlia","Kuhlia mugil","fish",,1,,,TRUE,
218707,"Chordata","Teleostei","Centrarchiformes","Kyphosidae","Kyphosus","Kyphosus bigibbus","fish",,1,,,TRUE,
218708,"Chordata","Teleostei","Centrarchiformes","Kyphosidae","Kyphosus","Kyphosus cinerascens","fish",,1,,,TRUE,
218706,"Chordata","Teleostei","Centrarchiformes","Kyphosidae","Kyphosus","Kyphosus vaigiensis","fish",,1,,,TRUE,
218867,"Chordata","Teleostei","Centrarchiformes","Cirrhitidae","Paracirrhites","Paracirrhites forsteri","fish",,1,,,TRUE,
218350,"Chordata","Teleostei","Centrarchiformes","Terapontidae","Terapon","Terapon jarbua","fish",,1,,,TRUE,
127078,"Chordata","Teleostei","Centrarchiformes","Terapontidae","Terapon","Terapon puta","fish",,1,,,TRUE,
212257,"Chordata","Teleostei","Clupeiformes","Chirocentridae","Chirocentrus","Chirocentrus dorab","fish",,1,,,TRUE,
212266,"Chordata","Teleostei","Clupeiformes","Dorosomatidae","Herklotsichthys","Herklotsichthys lossei","fish",,1,,,TRUE,
212264,"Chordata","Teleostei","Clupeiformes","Dorosomatidae","Herklotsichthys","Herklotsichthys quadrimaculatus","fish",,1,,,TRUE,
217449,"Chordata","Teleostei","Clupeiformes","Dorosomatidae","Nematalosa","Nematalosa arabica","fish",,1,,,TRUE,
212269,"Chordata","Teleostei","Clupeiformes","Dorosomatidae","Sardinella","Sardinella longiceps","fish",,1,,,TRUE,
212291,"Chordata","Teleostei","Clupeiformes","Engraulidae","Thryssa","Thryssa baelama","fish",,1,,,TRUE,
316333,"Chordata","Teleostei","Cyprinodontiformes","Cyprinodontidae","Aphaniops","Aphaniops dispar","fish",,3,1993,,TRUE,
212252,"Chordata","Teleostei","Elopiformes","Elopidae","Elops","Elops machnata","fish",,1,,,TRUE,
212253,"Chordata","Teleostei","Elopiformes","Megalopidae","Megalops","Megalops cyprinoides","fish",,1,,,TRUE,
218588,"Chordata","Teleostei","Eupercaria incertae sedis","Sparidae","Acanthopagrus","Acanthopagrus berda","fish",,1,,,TRUE,
218589,"Chordata","Teleostei","Eupercaria incertae sedis","Sparidae","Acanthopagrus","Acanthopagrus bifasciatus","fish",,1,,,TRUE,
758011,"Chordata","Teleostei","Eupercaria incertae sedis","Sparidae","Acanthopagrus","Acanthopagrus catenula","fish",,1,,,TRUE,
218920,"Chordata","Teleostei","Eupercaria incertae sedis","Labridae","Anampses","Anampses caeruleopunctatus","fish",,1,,,TRUE,
218921,"Chordata","Teleostei","Eupercaria incertae sedis","Labridae","Anampses","Anampses lineatus","fish",,1,,,TRUE,
218923,"Chordata","Teleostei","Eupercaria incertae sedis","Labridae","Anampses","Anampses meleagrides","fish",,1,,,TRUE,
218918,"Chordata","Teleostei","Eupercaria incertae sedis","Labridae","Anampses","Anampses twistii","fish",,1,,,TRUE,
218470,"Chordata","Teleostei","Eupercaria incertae sedis","Lutjanidae","Aphareus","Aphareus furca","fish",,1,,,TRUE,
218468,"Chordata","Teleostei","Eupercaria incertae sedis","Lutjanidae","Aphareus","Aphareus rutilans","fish",,1,,,TRUE,
212546,"Chordata","Teleostei","Eupercaria incertae sedis","Lutjanidae","Aprion","Aprion virescens","fish",,1,,,TRUE,
218933,"Chordata","Teleostei","Eupercaria incertae sedis","Labridae","Bodianus","Bodianus axillaris","fish",,1,,,TRUE,
218932,"Chordata","Teleostei","Eupercaria incertae sedis","Labridae","Bodianus","Bodianus bilunulatus","fish",,1,,,TRUE,
218931,"Chordata","Teleostei","Eupercaria incertae sedis","Labridae","Bodianus","Bodianus diana","fish",,1,,,TRUE,
218928,"Chordata","Teleostei","Eupercaria incertae sedis","Labridae","Bodianus","Bodianus macrognathos","fish",,1,,,TRUE,
219995,"Chordata","Teleostei","Eupercaria incertae sedis","Caesionidae","Caesio","Caesio caerulaurea","fish",,1,,,TRUE,
219991,"Chordata","Teleostei","Eupercaria incertae sedis","Caesionidae","Caesio","Caesio lunaris","fish",,1,,,TRUE,
219988,"Chordata","Teleostei","Eupercaria incertae sedis","Caesionidae","Caesio","Caesio varilineata","fish",,1,,,TRUE,
219994,"Chordata","Teleostei","Eupercaria incertae sedis","Caesionidae","Caesio","Caesio xanthonota","fish",,1,,,TRUE,
219076,"Chordata","Teleostei","Eupercaria incertae sedis","Scaridae","Calotomus","Calotomus carolinus","fish",,1,,,TRUE,
218939,"Chordata","Teleostei","Eupercaria incertae sedis","Labridae","Cheilinus","Cheilinus abudjubbe","fish",,2,2013,,TRUE,
218940,"Chordata","Teleostei","Eupercaria incertae sedis","Labridae","Cheilinus","Cheilinus fasciatus","fish",,2,2013,,TRUE,
218942,"Chordata","Teleostei","Eupercaria incertae sedis","Labridae","Cheilinus","Cheilinus lunulatus","fish",,1,,,TRUE,
218947,"Chordata","Teleostei","Eupercaria incertae sedis","Labridae","Cheilinus","Cheilinus oxycephalus","fish",,1,,,TRUE,
218944,"Chordata","Teleostei","Eupercaria incertae sedis","Labridae","Cheilinus","Cheilinus trilobatus","fish",,1,,,TRUE,
218945,"Chordata","Teleostei","Eupercaria incertae sedis","Labridae","Cheilinus","Cheilinus undulatus","fish","EN",1,,,TRUE,
218948,"Chordata","Teleostei","Eupercaria incertae sedis","Labridae","Cheilio","Cheilio inermis","fish",,1,,,TRUE,
219082,"Chordata","Teleostei","Eupercaria incertae sedis","Scaridae","Chlorurus","Chlorurus sordidus","fish",,1,,,TRUE,
219086,"Chordata","Teleostei","Eupercaria incertae sedis","Scaridae","Chlorurus","Chlorurus strongylocephalus","fish",,1,,,TRUE,
218954,"Chordata","Teleostei","Eupercaria incertae sedis","Labridae","Cirrhilabrus","Cirrhilabrus exquisitus","fish",,1,,,TRUE,
218953,"Chordata","Teleostei","Eupercaria incertae sedis","Labridae","Cirrhilabrus","Cirrhilabrus rubriventralis","fish",,1,,,TRUE,
218957,"Chordata","Teleostei","Eupercaria incertae sedis","Labridae","Coris","Coris aygula","fish",,1,,,TRUE,
218959,"Chordata","Teleostei","Eupercaria incertae sedis","Labridae","Coris","Coris caudimacula","fish",,1,,,TRUE,
218961,"Chordata","Teleostei","Eupercaria incertae sedis","Labridae","Coris","Coris cuvieri","fish",,1,,,TRUE,
218964,"Chordata","Teleostei","Eupercaria incertae sedis","Labridae","Coris","Coris formosa","fish",,1,,,TRUE,
127048,"Chordata","Teleostei","Eupercaria incertae sedis","Sparidae","Crenidens","Crenidens crenidens","fish",,1,,,TRUE,
218536,"Chordata","Teleostei","Eupercaria incertae sedis","Haemulidae","Diagramma","Diagramma pictum","fish",,1,,,TRUE,
279263,"Chordata","Teleostei","Eupercaria incertae sedis","Haemulidae","Diagramma","Diagramma punctatum","fish",,1,,,TRUE,
218972,"Chordata","Teleostei","Eupercaria incertae sedis","Labridae","Epibulus","Epibulus insidiator","fish",,1,,,TRUE,
367242,"Chordata","Teleostei","Eupercaria incertae sedis","Gerreidae","Gerres","Gerres longirostris","fish",,1,,,TRUE,
218523,"Chordata","Teleostei","Eupercaria incertae sedis","Gerreidae","Gerres","Gerres macracanthus","fish",,1,,,TRUE,
218535,"Chordata","Teleostei","Eupercaria incertae sedis","Gerreidae","Gerres","Gerres oyena","fish",,1,,,TRUE,
218976,"Chordata","Teleostei","Eupercaria incertae sedis","Labridae","Gomphosus","Gomphosus caeruleus","fish",,5,2013,,TRUE,
218579,"Chordata","Teleostei","Eupercaria incertae sedis","Lethrinidae","Gymnocranius","Gymnocranius grandoculis","fish",,1,,,TRUE,
218984,"Chordata","Teleostei","Eupercaria incertae sedis","Labridae","Halichoeres","Halichoeres cosmetus","fish",,1,,,TRUE,
218985,"Chordata","Teleostei","Eupercaria incertae sedis","Labridae","Halichoeres","Halichoeres hortulanus","fish",,3,2013,,TRUE,
218997,"Chordata","Teleostei","Eupercaria incertae sedis","Labridae","Halichoeres","Halichoeres iridis","fish",,1,,,TRUE,
218991,"Chordata","Teleostei","Eupercaria incertae sedis","Labridae","Halichoeres","Halichoeres marginatus","fish",,1,,,TRUE,
218986,"Chordata","Teleostei","Eupercaria incertae sedis","Labridae","Halichoeres","Halichoeres nebulosus","fish",,1,,,TRUE,
218995,"Chordata","Teleostei","Eupercaria incertae sedis","Labridae","Halichoeres","Halichoeres nigrescens","fish",,1,,,TRUE,
218990,"Chordata","Teleostei","Eupercaria incertae sedis","Labridae","Halichoeres","Halichoeres scapularis","fish",,3,2013,,TRUE,
218999,"Chordata","Teleostei","Eupercaria incertae sedis","Labridae","Hemigymnus","Hemigymnus fasciatus","fish",,3,2013,,TRUE,
218998,"Chordata","Teleostei","Eupercaria incertae sedis","Labridae","Hemigymnus","Hemigymnus melapterus","fish",,1,,,TRUE,
713591,"Chordata","Teleostei","Eupercaria incertae sedis","Labridae","Hemigymnus","Hemigymnus sexfasciatus","fish",,1,,,TRUE,
219003,"Chordata","Teleostei","Eupercaria incertae sedis","Labridae","Hologymnosus","Hologymnosus annulatus","fish",,1,,,TRUE,
219001,"Chordata","Teleostei","Eupercaria incertae sedis","Labridae","Hologymnosus","Hologymnosus doliatus","fish",,1,,,TRUE,
219015,"Chordata","Teleostei","Eupercaria incertae sedis","Labridae","Labroides","Labroides bicolor","fish",,1,,,TRUE,
219014,"Chordata","Teleostei","Eupercaria incertae sedis","Labridae","Labroides","Labroides dimidiatus","fish",,1,,,TRUE,
219020,"Chordata","Teleostei","Eupercaria incertae sedis","Labridae","Larabicus","Larabicus quadrilineatus","fish",,1,,,TRUE,
212064,"Chordata","Teleostei","Eupercaria incertae sedis","Lethrinidae","Lethrinus","Lethrinus borbonicus","fish",,3,1989,,TRUE,
212063,"Chordata","Teleostei","Eupercaria incertae sedis","Lethrinidae","Lethrinus","Lethrinus harak","fish",,1,,,TRUE,
212061,"Chordata","Teleostei","Eupercaria incertae sedis","Lethrinidae","Lethrinus","Lethrinus lentjan","fish",,1,,,TRUE,
212075,"Chordata","Teleostei","Eupercaria incertae sedis","Lethrinidae","Lethrinus","Lethrinus mahsena","fish","EN",1,,,TRUE,
212071,"Chordata","Teleostei","Eupercaria incertae sedis","Lethrinidae","Lethrinus","Lethrinus microdon","fish",,1,,,TRUE,
212081,"Chordata","Teleostei","Eupercaria incertae sedis","Lethrinidae","Lethrinus","Lethrinus nebulosus","fish",,1,,,TRUE,
212085,"Chordata","Teleostei","Eupercaria incertae sedis","Lethrinidae","Lethrinus","Lethrinus obsoletus","fish",,1,,,TRUE,
212076,"Chordata","Teleostei","Eupercaria incertae sedis","Lethrinidae","Lethrinus","Lethrinus variegatus","fish",,3,1989,,TRUE,
218498,"Chordata","Teleostei","Eupercaria incertae sedis","Lutjanidae","Lutjanus","Lutjanus argentimaculatus","fish",,1,,,TRUE,
218479,"Chordata","Teleostei","Eupercaria incertae sedis","Lutjanidae","Lutjanus","Lutjanus bohar","fish",,1,,,TRUE,
218472,"Chordata","Teleostei","Eupercaria incertae sedis","Lutjanidae","Lutjanus","Lutjanus coeruleolineatus","fish",,1,,,TRUE,
218489,"Chordata","Teleostei","Eupercaria incertae sedis","Lutjanidae","Lutjanus","Lutjanus ehrenbergii","fish",,1,,,TRUE,
218490,"Chordata","Teleostei","Eupercaria incertae sedis","Lutjanidae","Lutjanus","Lutjanus fulviflamma","fish",,1,,,TRUE,
218475,"Chordata","Teleostei","Eupercaria incertae sedis","Lutjanidae","Lutjanus","Lutjanus fulvus","fish",,1,,,TRUE,
218480,"Chordata","Teleostei","Eupercaria incertae sedis","Lutjanidae","Lutjanus","Lutjanus gibbus","fish",,1,,,TRUE,
218482,"Chordata","Teleostei","Eupercaria incertae sedis","Lutjanidae","Lutjanus","Lutjanus kasmira","fish",,39,,,TRUE,
218492,"Chordata","Teleostei","Eupercaria incertae sedis","Lutjanidae","Lutjanus","Lutjanus lunulatus","fish",,1,,,TRUE,
218495,"Chordata","Teleostei","Eupercaria incertae sedis","Lutjanidae","Lutjanus","Lutjanus lutjanus","fish",,1,,,TRUE,
218481,"Chordata","Teleostei","Eupercaria incertae sedis","Lutjanidae","Lutjanus","Lutjanus malabaricus","fish",,1,,,TRUE,
218474,"Chordata","Teleostei","Eupercaria incertae sedis","Lutjanidae","Lutjanus","Lutjanus monostigma","fish",,1,,,TRUE,
218497,"Chordata","Teleostei","Eupercaria incertae sedis","Lutjanidae","Lutjanus","Lutjanus quinquelineatus","fish",,1,,,TRUE,
218494,"Chordata","Teleostei","Eupercaria incertae sedis","Lutjanidae","Lutjanus","Lutjanus rivulatus","fish",,1,,,TRUE,
218487,"Chordata","Teleostei","Eupercaria incertae sedis","Lutjanidae","Lutjanus","Lutjanus sanguineus","fish",,1,,,TRUE,
1022436,"Chordata","Teleostei","Eupercaria incertae sedis","Lutjanidae","Lutjanus","Lutjanus sapphirolineatus","fish",,1,,,TRUE,
218499,"Chordata","Teleostei","Eupercaria incertae sedis","Lutjanidae","Lutjanus","Lutjanus sebae","fish",,1,,,TRUE,
218501,"Chordata","Teleostei","Eupercaria incertae sedis","Lutjanidae","Macolor","Macolor niger","fish",,1,,,TRUE,
219032,"Chordata","Teleostei","Eupercaria incertae sedis","Labridae","Macropharyngodon","Macropharyngodon bipartitus","fish",,3,2013,,TRUE,
218377,"Chordata","Teleostei","Eupercaria incertae sedis","Malacanthidae","Malacanthus","Malacanthus latovittatus","fish",,1,,,TRUE,
218695,"Chordata","Teleostei","Eupercaria incertae sedis","Monodactylidae","Monodactylus","Monodactylus argenteus","fish",,1,,,TRUE,
218584,"Chordata","Teleostei","Eupercaria incertae sedis","Lethrinidae","Monotaxis","Monotaxis grandoculis","fish",,1,,,TRUE,
218515,"Chordata","Teleostei","Eupercaria incertae sedis","Nemipteridae","Nemipterus","Nemipterus japonicus","fish",,1,,,TRUE,
219035,"Chordata","Teleostei","Eupercaria incertae sedis","Labridae","Novaculichthys","Novaculichthys taeniourus","fish",,1,,,TRUE,
219039,"Chordata","Teleostei","Eupercaria incertae sedis","Labridae","Oxycheilinus","Oxycheilinus bimaculatus","fish",,1,,,TRUE,
277996,"Chordata","Teleostei","Eupercaria incertae sedis","Labridae","Oxycheilinus","Oxycheilinus digramma","fish",,1,,,TRUE,
218609,"Chordata","Teleostei","Eupercaria incertae sedis","Sparidae","Pagellus","Pagellus affinis","fish",,1,,,TRUE,
219043,"Chordata","Teleostei","Eupercaria incertae sedis","Labridae","Paracheilinus","Paracheilinus octotaenia","fish",,1,,,TRUE,
218549,"Chordata","Teleostei","Eupercaria incertae sedis","Haemulidae","Plectorhinchus","Plectorhinchus flavomaculatus","fish",,1,,,TRUE,
218552,"Chordata","Teleostei","Eupercaria incertae sedis","Haemulidae","Plectorhinchus","Plectorhinchus gaterinus","fish",,1,,,TRUE,
218539,"Chordata","Teleostei","Eupercaria incertae sedis","Haemulidae","Plectorhinchus","Plectorhinchus gibbosus","fish",,1,,,TRUE,
367252,"Chordata","Teleostei","Eupercaria incertae sedis","Haemulidae","Plectorhinchus","Plectorhinchus pictus","fish",,1,,,TRUE,
218555,"Chordata","Teleostei","Eupercaria incertae sedis","Haemulidae","Plectorhinchus","Plectorhinchus picus","fish",,1,,,TRUE,
218554,"Chordata","Teleostei","Eupercaria incertae sedis","Haemulidae","Plectorhinchus","Plectorhinchus playfairi","fish",,1,,,TRUE,
218551,"Chordata","Teleostei","Eupercaria incertae sedis","Haemulidae","Plectorhinchus","Plectorhinchus schotaf","fish",,1,,,TRUE,
218556,"Chordata","Teleostei","Eupercaria incertae sedis","Haemulidae","Plectorhinchus","Plectorhinchus sordidus","fish",,1,,,TRUE,
218570,"Chordata","Teleostei","Eupercaria incertae sedis","Haemulidae","Pomadasys","Pomadasys argenteus","fish",,1,,,TRUE,
218563,"Chordata","Teleostei","Eupercaria incertae sedis","Haemulidae","Pomadasys","Pomadasys commersonnii","fish",,1,,,TRUE,
218566,"Chordata","Teleostei","Eupercaria incertae sedis","Haemulidae","Pomadasys","Pomadasys kaakan","fish",,1,,,TRUE,
273511,"Chordata","Teleostei","Eupercaria incertae sedis","Haemulidae","Pomadasys","Pomadasys punctulatus","fish",,1,,,TRUE,
126948,"Chordata","Teleostei","Eupercaria incertae sedis","Haemulidae","Pomadasys","Pomadasys stridens","fish",,1,,,TRUE,
273516,"Chordata","Teleostei","Eupercaria incertae sedis","Haemulidae","Pomadasys","Pomadasys taeniatus","fish",,1,,,TRUE,
218361,"Chordata","Teleostei","Eupercaria incertae sedis","Priacanthidae","Priacanthus","Priacanthus blochii","fish",,1,,,TRUE,
218360,"Chordata","Teleostei","Eupercaria incertae sedis","Priacanthidae","Priacanthus","Priacanthus hamrur","fish",,1,,,TRUE,
208917,"Chordata","Teleostei","Eupercaria incertae sedis","Labridae","Pseudocheilinus","Pseudocheilinus evanidus","fish",,1,,,TRUE,
208915,"Chordata","Teleostei","Eupercaria incertae sedis","Labridae","Pseudocheilinus","Pseudocheilinus hexataenia","fish",,1,,,TRUE,
219046,"Chordata","Teleostei","Eupercaria incertae sedis","Labridae","Pseudodax","Pseudodax moluccanus","fish",,1,,,TRUE,
219054,"Chordata","Teleostei","Eupercaria incertae sedis","Labridae","Pteragogus","Pteragogus cryptus","fish",,1,,,TRUE,
219052,"Chordata","Teleostei","Eupercaria incertae sedis","Labridae","Pteragogus","Pteragogus flagellifer","fish",,1,,,TRUE,
219055,"Chordata","Teleostei","Eupercaria incertae sedis","Labridae","Pteragogus","Pteragogus taeniops","fish",,1,,,TRUE,
213662,"Chordata","Teleostei","Eupercaria incertae sedis","Caesionidae","Pterocaesio","Pterocaesio chrysozona","fish",,1,,,TRUE,
213661,"Chordata","Teleostei","Eupercaria incertae sedis","Caesionidae","Pterocaesio","Pterocaesio marri","fish",,1,,,TRUE,
213658,"Chordata","Teleostei","Eupercaria incertae sedis","Caesionidae","Pterocaesio","Pterocaesio pisang","fish",,1,,,TRUE,
219122,"Chordata","Teleostei","Eupercaria incertae sedis","Scaridae","Scarus","Scarus arabicus","fish",,1,,,TRUE,
219121,"Chordata","Teleostei","Eupercaria incertae sedis","Scaridae","Scarus","Scarus ferrugineus","fish",,1,,,TRUE,
219113,"Chordata","Teleostei","Eupercaria incertae sedis","Scaridae","Scarus","Scarus frenatus","fish",,1,,,TRUE,
219132,"Chordata","Teleostei","Eupercaria incertae sedis","Scaridae","Scarus","Scarus fuscopurpureus","fish",,1,,,TRUE,
219127,"Chordata","Teleostei","Eupercaria incertae sedis","Scaridae","Scarus","Scarus ghobban","fish",,3,2013,,TRUE,
219129,"Chordata","Teleostei","Eupercaria incertae sedis","Scaridae","Scarus","Scarus niger","fish",,1,,,TRUE,
219125,"Chordata","Teleostei","Eupercaria incertae sedis","Scaridae","Scarus","Scarus psittacus","fish",,1,,,TRUE,
219124,"Chordata","Teleostei","Eupercaria incertae sedis","Scaridae","Scarus","Scarus rubroviolaceus","fish",,1,,,TRUE,
712733,"Chordata","Teleostei","Eupercaria incertae sedis","Nemipteridae","Scolopsis","Scolopsis bimaculata","fish",,3,1989,,TRUE,
209222,"Chordata","Teleostei","Eupercaria incertae sedis","Nemipteridae","Scolopsis","Scolopsis ghanam","fish",,3,1989,,TRUE,
712735,"Chordata","Teleostei","Eupercaria incertae sedis","Nemipteridae","Scolopsis","Scolopsis taeniata","fish",,1,,,TRUE,
209217,"Chordata","Teleostei","Eupercaria incertae sedis","Nemipteridae","Scolopsis","Scolopsis vosmeri","fish",,1,,,TRUE,
219058,"Chordata","Teleostei","Eupercaria incertae sedis","Labridae","Stethojulis","Stethojulis albovittata","fish",,3,2013,,TRUE,
219063,"Chordata","Teleostei","Eupercaria incertae sedis","Labridae","Stethojulis","Stethojulis interrupta","fish",,1,,,TRUE,
278739,"Chordata","Teleostei","Eupercaria incertae sedis","Labridae","Suezichthys","Suezichthys caudavittatus","fish",,1,,,TRUE,
212216,"Chordata","Teleostei","Eupercaria incertae sedis","Labridae","Thalassoma","Thalassoma amblycephalum","fish",,1,,,TRUE,
212207,"Chordata","Teleostei","Eupercaria incertae sedis","Labridae","Thalassoma","Thalassoma hebraicum","fish",,3,2013,,TRUE,
273583,"Chordata","Teleostei","Eupercaria incertae sedis","Labridae","Thalassoma","Thalassoma loxum","fish",,1,,,TRUE,
212209,"Chordata","Teleostei","Eupercaria incertae sedis","Labridae","Thalassoma","Thalassoma lunare","fish",,1,,,TRUE,
273585,"Chordata","Teleostei","Eupercaria incertae sedis","Labridae","Thalassoma","Thalassoma lutescens","fish",,1,,,TRUE,
212213,"Chordata","Teleostei","Eupercaria incertae sedis","Labridae","Thalassoma","Thalassoma purpureum","fish",,1,,,TRUE,
272307,"Chordata","Teleostei","Gadiformes","Macrouridae","Bathygadus","Bathygadus furvescens","fish",,3,,,TRUE,
400516,"Chordata","Teleostei","Gadiformes","Macrouridae","Coelorinchus","Coelorinchus flabellispinis","fish",,3,1989,,TRUE,
272392,"Chordata","Teleostei","Gadiformes","Macrouridae","Malacocephalus","Malacocephalus laevis","fish",,2,,,TRUE,
272410,"Chordata","Teleostei","Gadiformes","Macrouridae","Nezumia","Nezumia investigatoris","fish",,5,,,TRUE,
217783,"Chordata","Teleostei","Gadiformes","Macrouridae","Nezumia","Nezumia semiquincunciata","fish",,1,,,TRUE,
272484,"Chordata","Teleostei","Gadiformes","Moridae","Physiculus","Physiculus argyropastus","fish",,1,,,TRUE,
219763,"Chordata","Teleostei","Gobiesociformes","Gobiesocidae","Lepadichthys","Lepadichthys coccinotaenia","fish",,1,,,TRUE,
219759,"Chordata","Teleostei","Gobiesociformes","Gobiesocidae","Lepadichthys","Lepadichthys lineatus","fish",,1,,,TRUE,
278979,"Chordata","Teleostei","Gobiiformes","Gobiidae","Amblyeleotris","Amblyeleotris periophthalma","fish",,1,,,TRUE,
209273,"Chordata","Teleostei","Gobiiformes","Gobiidae","Amblyeleotris","Amblyeleotris steinitzi","fish",,1,,,TRUE,
209270,"Chordata","Teleostei","Gobiiformes","Gobiidae","Amblyeleotris","Amblyeleotris sungami","fish",,1,,,TRUE,
278984,"Chordata","Teleostei","Gobiiformes","Gobiidae","Amblyeleotris","Amblyeleotris triguttata","fish",,1,,,TRUE,
209274,"Chordata","Teleostei","Gobiiformes","Gobiidae","Amblyeleotris","Amblyeleotris wheeleri","fish",,1,,,TRUE,
277630,"Chordata","Teleostei","Gobiiformes","Gobiidae","Bathygobius","Bathygobius meggitti","fish",,1,,,TRUE,
278873,"Chordata","Teleostei","Gobiiformes","Gobiidae","Callogobius","Callogobius amikami","fish",,1,,,TRUE,
219405,"Chordata","Teleostei","Gobiiformes","Gobiidae","Callogobius","Callogobius bifasciatus","fish",,1,,,TRUE,
219404,"Chordata","Teleostei","Gobiiformes","Gobiidae","Callogobius","Callogobius plumatus","fish",,1,,,TRUE,
280445,"Chordata","Teleostei","Gobiiformes","Gobiidae","Cryptocentroides","Cryptocentroides arabicus","fish",,1,,,TRUE,
367253,"Chordata","Teleostei","Gobiiformes","Gobiidae","Cryptocentrus","Cryptocentrus fasciatus","fish",,1,,,TRUE,
219431,"Chordata","Teleostei","Gobiiformes","Gobiidae","Cryptocentrus","Cryptocentrus lutheri","fish",,1,,,TRUE,
219356,"Chordata","Teleostei","Gobiiformes","Eleotridae","Eleotris","Eleotris fusca","fish",,1,,,TRUE,
402761,"Chordata","Teleostei","Gobiiformes","Eleotridae","Eleotris","Eleotris mauritiana","fish",,1,,,TRUE,
219452,"Chordata","Teleostei","Gobiiformes","Gobiidae","Eviota","Eviota guttata","fish",,1,,,TRUE,
1042746,"Chordata","Teleostei","Gobiiformes","Gobiidae","Eviota","Eviota punyit","fish",,1,,,TRUE,
280777,"Chordata","Teleostei","Gobiiformes","Gobiidae","Favonigobius","Favonigobius reichei","fish",,1,,,TRUE,
278767,"Chordata","Teleostei","Gobiiformes","Gobiidae","Fusigobius","Fusigobius inframaculatus","fish",,1,,,TRUE,
219471,"Chordata","Teleostei","Gobiiformes","Gobiidae","Glossogobius","Glossogobius giuris","fish",,1,,,TRUE,
219475,"Chordata","Teleostei","Gobiiformes","Gobiidae","Gnatholepis","Gnatholepis anjerensis","fish",,1,,,TRUE,
276924,"Chordata","Teleostei","Gobiiformes","Gobiidae","Gobiodon","Gobiodon axillaris","fish","VU",3,1996,,TRUE,
219479,"Chordata","Teleostei","Gobiiformes","Gobiidae","Gobiodon","Gobiodon citrinus","fish",,1,,,TRUE,
219478,"Chordata","Teleostei","Gobiiformes","Gobiidae","Gobiodon","Gobiodon rivulatus","fish",,1,,,TRUE,
219607,"Chordata","Teleostei","Gobiiformes","Microdesmidae","Gunnellichthys","Gunnellichthys monostigma","fish",,1,,,TRUE,
278630,"Chordata","Teleostei","Gobiiformes","Gobiidae","Hetereleotris","Hetereleotris vulgaris","fish",,1,,,TRUE,
219499,"Chordata","Teleostei","Gobiiformes","Gobiidae","Hetereleotris","Hetereleotris zonata","fish",,1,,,TRUE,
219504,"Chordata","Teleostei","Gobiiformes","Gobiidae","Istigobius","Istigobius decoratus","fish",,1,,,TRUE,
219505,"Chordata","Teleostei","Gobiiformes","Gobiidae","Istigobius","Istigobius ornatus","fish",,1,,,TRUE,
281406,"Chordata","Teleostei","Gobiiformes","Gobiidae","Lotilia","Lotilia graciliosa","fish",,1,,,TRUE,
219544,"Chordata","Teleostei","Gobiiformes","Gobiidae","Pleurosicya","Pleurosicya micheli","fish",,1,,,TRUE,
219622,"Chordata","Teleostei","Gobiiformes","Microdesmidae","Ptereleotris","Ptereleotris evides","fish",,1,,,TRUE,
219617,"Chordata","Teleostei","Gobiiformes","Microdesmidae","Ptereleotris","Ptereleotris heteroptera","fish",,1,,,TRUE,
219621,"Chordata","Teleostei","Gobiiformes","Microdesmidae","Ptereleotris","Ptereleotris monoptera","fish",,1,,,TRUE,
219594,"Chordata","Teleostei","Gobiiformes","Gobiidae","Valenciennea","Valenciennea helsdingenii","fish",,1,,,TRUE,
219595,"Chordata","Teleostei","Gobiiformes","Gobiidae","Valenciennea","Valenciennea puellaris","fish",,1,,,TRUE,
217625,"Chordata","Teleostei","Gonorynchiformes","Chanidae","Chanos","Chanos chanos","fish",,1,,,TRUE,
217925,"Chordata","Teleostei","Holocentriformes","Holocentridae","Myripristis","Myripristis murdjan","fish",,1,,,TRUE,
159393,"Chordata","Teleostei","Holocentriformes","Holocentridae","Neoniphon","Neoniphon sammara","fish",,3,2013,,TRUE,
217940,"Chordata","Teleostei","Holocentriformes","Holocentridae","Sargocentron","Sargocentron caudimaculatum","fish",,1,,,TRUE,
217947,"Chordata","Teleostei","Holocentriformes","Holocentridae","Sargocentron","Sargocentron diadema","fish",,1,,,TRUE,
217953,"Chordata","Teleostei","Holocentriformes","Holocentridae","Sargocentron","Sargocentron seychellense","fish",,1,,,TRUE,
217950,"Chordata","Teleostei","Holocentriformes","Holocentridae","Sargocentron","Sargocentron spiniferum","fish",,1,,,TRUE,
209326,"Chordata","Teleostei","Kurtiformes","Apogonidae","Apogon","Apogon coccineus","fish",,1,,,TRUE,
209364,"Chordata","Teleostei","Kurtiformes","Apogonidae","Apogon","Apogon semiornatus","fish",,1,,,TRUE,
475091,"Chordata","Teleostei","Kurtiformes","Apogonidae","Apogonichthyoides","Apogonichthyoides pseudotaeniatus","fish",,1,,,TRUE,
278890,"Chordata","Teleostei","Kurtiformes","Apogonidae","Cheilodipterus","Cheilodipterus arabicus","fish",,1,,,TRUE,
209373,"Chordata","Teleostei","Kurtiformes","Apogonidae","Cheilodipterus","Cheilodipterus macrodon","fish",,1,,,TRUE,
209374,"Chordata","Teleostei","Kurtiformes","Apogonidae","Cheilodipterus","Cheilodipterus novemstriatus","fish",,1,,,TRUE,
278896,"Chordata","Teleostei","Kurtiformes","Apogonidae","Cheilodipterus","Cheilodipterus persicus","fish",,1,,,TRUE,
209371,"Chordata","Teleostei","Kurtiformes","Apogonidae","Cheilodipterus","Cheilodipterus quinquelineatus","fish",,1,,,TRUE,
209402,"Chordata","Teleostei","Kurtiformes","Apogonidae","Fowleria","Fowleria vaiulae","fish",,1,,,TRUE,
209280,"Chordata","Teleostei","Kurtiformes","Apogonidae","Jaydia","Jaydia queketti","fish",,1,,,TRUE,
311659,"Chordata","Teleostei","Kurtiformes","Apogonidae","Lepidamia","Lepidamia multitaeniata","fish",,1,,,TRUE,
712648,"Chordata","Teleostei","Kurtiformes","Apogonidae","Ostorhinchus","Ostorhinchus aureus","fish",,1,,,TRUE,
712654,"Chordata","Teleostei","Kurtiformes","Apogonidae","Ostorhinchus","Ostorhinchus cookii","fish",,1,,,TRUE,
319876,"Chordata","Teleostei","Kurtiformes","Apogonidae","Ostorhinchus","Ostorhinchus cyanosoma","fish",,1,,,TRUE,
319878,"Chordata","Teleostei","Kurtiformes","Apogonidae","Ostorhinchus","Ostorhinchus fleurieu","fish",,1,,,TRUE,
712663,"Chordata","Teleostei","Kurtiformes","Apogonidae","Ostorhinchus","Ostorhinchus holotaenia","fish",,1,,,TRUE,
209369,"Chordata","Teleostei","Kurtiformes","Apogonidae","Pristiapogon","Pristiapogon fraenatus","fish",,1,,,TRUE,
712696,"Chordata","Teleostei","Kurtiformes","Apogonidae","Pristiapogon","Pristiapogon kallopterus","fish",,1,,,TRUE,
277708,"Chordata","Teleostei","Kurtiformes","Apogonidae","Siphamia","Siphamia tubifer","fish",,5,2009,,TRUE,
1010872,"Chordata","Teleostei","Kurtiformes","Apogonidae","Taeniamia","Taeniamia fucata","fish",,1,,,TRUE,
1043456,"Chordata","Teleostei","Kurtiformes","Apogonidae","Verulux","Verulux cypselurus","fish",,1,,,TRUE,
217837,"Chordata","Teleostei","Lophiiformes","Lophiidae","Lophiodes","Lophiodes mutilus","fish",,2,,,TRUE,
220352,"Chordata","Teleostei","Lophiiformes","Ogcocephalidae","Malthopsis","Malthopsis mitrigera","fish",,1,,,TRUE,
712516,"Chordata","Teleostei","Lophiiformes","Ogcocephalidae","Malthopsis","Malthopsis retifera","fish",,3,1989,,TRUE,
151498,"Chordata","Teleostei","Mugiliformes","Mugilidae","Crenimugil","Crenimugil crenilabis","fish",,1,,,TRUE,
1043477,"Chordata","Teleostei","Mugiliformes","Mugilidae","Crenimugil","Crenimugil seheli","fish",,1,,,TRUE,
218878,"Chordata","Teleostei","Mugiliformes","Mugilidae","Ellochelon","Ellochelon vaigiensis","fish",,1,,,TRUE,
126983,"Chordata","Teleostei","Mugiliformes","Mugilidae","Mugil","Mugil cephalus","fish",,1,,,TRUE,
1043424,"Chordata","Teleostei","Mugiliformes","Mugilidae","Planiliza","Planiliza macrolepis","fish",,1,,,TRUE,
1509596,"Chordata","Teleostei","Mugiliformes","Mugilidae","Planiliza","Planiliza melinoptera","fish",,1,,,TRUE,
1509464,"Chordata","Teleostei","Mugiliformes","Mugilidae","Planiliza","Planiliza planiceps","fish",,1,,,TRUE,
1043426,"Chordata","Teleostei","Mugiliformes","Mugilidae","Planiliza","Planiliza subviridis","fish",,1,,,TRUE,
712738,"Chordata","Teleostei","Mulliformes","Mullidae","Mulloidichthys","Mulloidichthys ayliffe","fish",,5,2013,,TRUE,
218647,"Chordata","Teleostei","Mulliformes","Mullidae","Mulloidichthys","Mulloidichthys flavolineatus","fish",,1,,,TRUE,
881626,"Chordata","Teleostei","Mulliformes","Mullidae","Mulloidichthys","Mulloidichthys flavolineatus","fish",,1,,,TRUE,
218648,"Chordata","Teleostei","Mulliformes","Mullidae","Mulloidichthys","Mulloidichthys vanicolensis","fish",,1,,,TRUE,
218660,"Chordata","Teleostei","Mulliformes","Mullidae","Parupeneus","Parupeneus barberinus","fish",,1,,,TRUE,
218665,"Chordata","Teleostei","Mulliformes","Mullidae","Parupeneus","Parupeneus cyclostomus","fish",,1,,,TRUE,
218669,"Chordata","Teleostei","Mulliformes","Mullidae","Parupeneus","Parupeneus forsskali","fish",,1,,,TRUE,
218658,"Chordata","Teleostei","Mulliformes","Mullidae","Parupeneus","Parupeneus indicus","fish",,1,,,TRUE,
277817,"Chordata","Teleostei","Mulliformes","Mullidae","Parupeneus","Parupeneus macronemus","fish",,1,,,TRUE,
218656,"Chordata","Teleostei","Mulliformes","Mullidae","Parupeneus","Parupeneus pleurostigma","fish",,1,,,TRUE,
218664,"Chordata","Teleostei","Mulliformes","Mullidae","Parupeneus","Parupeneus rubescens","fish",,3,1989,,TRUE,
277826,"Chordata","Teleostei","Mulliformes","Mullidae","Parupeneus","Parupeneus trifasciatus","fish",,1,,,TRUE,
1007151,"Chordata","Teleostei","Mulliformes","Mullidae","Upeneus","Upeneus heemstra","fish",,1,,,TRUE,
217681,"Chordata","Teleostei","Myctophiformes","Myctophidae","Benthosema","Benthosema fibulatum","fish",,2,,,TRUE,
126593,"Chordata","Teleostei","Myctophiformes","Myctophidae","Diaphus","Diaphus lucidus","fish",,1,,,TRUE,
272681,"Chordata","Teleostei","Myctophiformes","Myctophidae","Diaphus","Diaphus mascarensis","fish",,3,,,TRUE,
217691,"Chordata","Teleostei","Myctophiformes","Myctophidae","Diaphus","Diaphus watasei","fish",,3,,,TRUE,
217700,"Chordata","Teleostei","Myctophiformes","Myctophidae","Hygophum","Hygophum proximum","fish",,1,,,TRUE,
272723,"Chordata","Teleostei","Myctophiformes","Myctophidae","Myctophum","Myctophum lychnobium","fish",,1,,,TRUE,
126626,"Chordata","Teleostei","Myctophiformes","Myctophidae","Myctophum","Myctophum nitidulum","fish",,1,,,TRUE,
217718,"Chordata","Teleostei","Myctophiformes","Myctophidae","Symbolophorus","Symbolophorus evermanni","fish",,1,,,TRUE,
209277,"Chordata","Teleostei","Ophidiiformes","Bythitidae","Dinematichthys","Dinematichthys iluocoeteoides","fish",,1,,,TRUE,
217828,"Chordata","Teleostei","Ophidiiformes","Carapidae","Encheliophis","Encheliophis gracilis","fish",,1,,,TRUE,
217833,"Chordata","Teleostei","Ophidiiformes","Carapidae","Onuxodon","Onuxodon fowleri","fish",,1,,,TRUE,
212870,"Chordata","Teleostei","Ovalentaria incertae sedis","Pomacentridae","Abudefduf","Abudefduf notatus","fish",,1,,,TRUE,
212878,"Chordata","Teleostei","Ovalentaria incertae sedis","Pomacentridae","Abudefduf","Abudefduf septemfasciatus","fish",,1,,,TRUE,
159289,"Chordata","Teleostei","Ovalentaria incertae sedis","Pomacentridae","Abudefduf","Abudefduf sexfasciatus","fish",,1,,,TRUE,
212888,"Chordata","Teleostei","Ovalentaria incertae sedis","Pomacentridae","Abudefduf","Abudefduf sordidus","fish",,1,,,TRUE,
212879,"Chordata","Teleostei","Ovalentaria incertae sedis","Pomacentridae","Abudefduf","Abudefduf vaigiensis","fish",,3,2013,,TRUE,
220043,"Chordata","Teleostei","Ovalentaria incertae sedis","Ambassidae","Ambassis","Ambassis dussumieri","fish",,1,,,TRUE,
212770,"Chordata","Teleostei","Ovalentaria incertae sedis","Pomacentridae","Amphiprion","Amphiprion akallopisos","fish",,1,,,TRUE,
212778,"Chordata","Teleostei","Ovalentaria incertae sedis","Pomacentridae","Amphiprion","Amphiprion bicinctus","fish",,7,,,TRUE,
278401,"Chordata","Teleostei","Ovalentaria incertae sedis","Pomacentridae","Amphiprion","Amphiprion omanensis","fish",,1,,,TRUE,
218312,"Chordata","Teleostei","Ovalentaria incertae sedis","Pseudochromidae","Chlidichthys","Chlidichthys bibulus","fish",,1,,,TRUE,
277758,"Chordata","Teleostei","Ovalentaria incertae sedis","Pseudochromidae","Chlidichthys","Chlidichthys cacatuoides","fish",,1,,,TRUE,
212816,"Chordata","Teleostei","Ovalentaria incertae sedis","Pomacentridae","Chromis","Chromis flavaxilla","fish",,3,2013,,TRUE,
212820,"Chordata","Teleostei","Ovalentaria incertae sedis","Pomacentridae","Chromis","Chromis pembae","fish",,1,,,TRUE,
212810,"Chordata","Teleostei","Ovalentaria incertae sedis","Pomacentridae","Chromis","Chromis ternatensis","fish",,1,,,TRUE,
212818,"Chordata","Teleostei","Ovalentaria incertae sedis","Pomacentridae","Chromis","Chromis trialpha","fish",,1,,,TRUE,
212817,"Chordata","Teleostei","Ovalentaria incertae sedis","Pomacentridae","Chromis","Chromis weberi","fish",,1,,,TRUE,
389438,"Chordata","Teleostei","Ovalentaria incertae sedis","Pomacentridae","Chromis","Chromis xouthos","fish",,1,,,TRUE,
218780,"Chordata","Teleostei","Ovalentaria incertae sedis","Pomacentridae","Chrysiptera","Chrysiptera annulata","fish",,1,,,TRUE,
276827,"Chordata","Teleostei","Ovalentaria incertae sedis","Pomacentridae","Chrysiptera","Chrysiptera brownriggii","fish",,1,,,TRUE,
276841,"Chordata","Teleostei","Ovalentaria incertae sedis","Pomacentridae","Chrysiptera","Chrysiptera sheila","fish",,1,,,TRUE,
218782,"Chordata","Teleostei","Ovalentaria incertae sedis","Pomacentridae","Chrysiptera","Chrysiptera unimaculata","fish",,1,,,TRUE,
212848,"Chordata","Teleostei","Ovalentaria incertae sedis","Pomacentridae","Dascyllus","Dascyllus carneus","fish",,2,,,TRUE,
212849,"Chordata","Teleostei","Ovalentaria incertae sedis","Pomacentridae","Dascyllus","Dascyllus marginatus","fish",,5,,,TRUE,
212844,"Chordata","Teleostei","Ovalentaria incertae sedis","Pomacentridae","Dascyllus","Dascyllus reticulatus","fish",,2,2013,,TRUE,
212846,"Chordata","Teleostei","Ovalentaria incertae sedis","Pomacentridae","Dascyllus","Dascyllus trimaculatus","fish",,4,,,TRUE,
277230,"Chordata","Teleostei","Ovalentaria incertae sedis","Pseudochromidae","Halidesmus","Halidesmus socotraensis","fish",,2,2000,,TRUE,
218321,"Chordata","Teleostei","Ovalentaria incertae sedis","Pseudochromidae","Haliophis","Haliophis guttatus","fish",,3,2000,,TRUE,
218833,"Chordata","Teleostei","Ovalentaria incertae sedis","Pomacentridae","Neoglyphidodon","Neoglyphidodon melas","fish",,1,,,TRUE,
218839,"Chordata","Teleostei","Ovalentaria incertae sedis","Pomacentridae","Neopomacentrus","Neopomacentrus cyanomos","fish",,1,,,TRUE,
218841,"Chordata","Teleostei","Ovalentaria incertae sedis","Pomacentridae","Neopomacentrus","Neopomacentrus miryae","fish",,1,,,TRUE,
218834,"Chordata","Teleostei","Ovalentaria incertae sedis","Pomacentridae","Neopomacentrus","Neopomacentrus sindensis","fish",,1,,,TRUE,
218836,"Chordata","Teleostei","Ovalentaria incertae sedis","Pomacentridae","Neopomacentrus","Neopomacentrus xanthurus","fish",,1,,,TRUE,
219137,"Chordata","Teleostei","Ovalentaria incertae sedis","Opistognathidae","Opistognathus","Opistognathus muscatensis","fish",,1,,,TRUE,
212855,"Chordata","Teleostei","Ovalentaria incertae sedis","Pomacentridae","Plectroglyphidodon","Plectroglyphidodon dickii","fish",,1,,,TRUE,
212859,"Chordata","Teleostei","Ovalentaria incertae sedis","Pomacentridae","Plectroglyphidodon","Plectroglyphidodon johnstonianus","fish",,1,,,TRUE,
218342,"Chordata","Teleostei","Ovalentaria incertae sedis","Plesiopidae","Plesiops","Plesiops coeruleolineatus","fish",,1,,,TRUE,
212993,"Chordata","Teleostei","Ovalentaria incertae sedis","Pomacentridae","Pomacentrus","Pomacentrus caeruleus","fish",,1,,,TRUE,
212969,"Chordata","Teleostei","Ovalentaria incertae sedis","Pomacentridae","Pomacentrus","Pomacentrus leptus","fish",,1,,,TRUE,
310389,"Chordata","Teleostei","Ovalentaria incertae sedis","Pomacentridae","Pomacentrus","Pomacentrus trichrourus","fish",,1,,,TRUE,
712613,"Chordata","Teleostei","Ovalentaria incertae sedis","Pseudochromidae","Pseudochromis","Pseudochromis chrysospilus","fish",,2,2000,,TRUE,
218335,"Chordata","Teleostei","Ovalentaria incertae sedis","Pseudochromidae","Pseudochromis","Pseudochromis dixurus","fish",,1,,,TRUE,
218325,"Chordata","Teleostei","Ovalentaria incertae sedis","Pseudochromidae","Pseudochromis","Pseudochromis leucorhynchus","fish",,1,,,TRUE,
278183,"Chordata","Teleostei","Ovalentaria incertae sedis","Pseudochromidae","Pseudochromis","Pseudochromis linda","fish",,5,2013,,TRUE,
218330,"Chordata","Teleostei","Ovalentaria incertae sedis","Pseudochromidae","Pseudochromis","Pseudochromis nigrovittatus","fish",,1,,,TRUE,
218334,"Chordata","Teleostei","Ovalentaria incertae sedis","Pseudochromidae","Pseudochromis","Pseudochromis sankeyi","fish",,3,2013,,TRUE,
712618,"Chordata","Teleostei","Ovalentaria incertae sedis","Pseudochromidae","Pseudochromis","Pseudochromis socotraensis","fish",,2,2000,,TRUE,
1605307,"Chordata","Teleostei","Ovalentaria incertae sedis","Pomacentridae","Pycnochromis","Pycnochromis fieldi","fish",,1,,,TRUE,
1551095,"Chordata","Teleostei","Ovalentaria incertae sedis","Pomacentridae","Stegastes","Stegastes lacrymatus","fish",,1,,,TRUE,
212792,"Chordata","Teleostei","Ovalentaria incertae sedis","Pomacentridae","Teixeirichthys","Teixeirichthys jordani","fish",,2,1989,,TRUE,
218168,"Chordata","Teleostei","Perciformes","Serranidae","Aethaloperca","Aethaloperca rogaa","fish",,1,,,TRUE,
219139,"Chordata","Teleostei","Perciformes","Percophidae","Bembrops","Bembrops platyrhynchus","fish",,3,,,TRUE,
218174,"Chordata","Teleostei","Perciformes","Serranidae","Cephalopholis","Cephalopholis argus","fish",,3,2013,,TRUE,
218177,"Chordata","Teleostei","Perciformes","Serranidae","Cephalopholis","Cephalopholis aurantia","fish",,1,,,TRUE,
218188,"Chordata","Teleostei","Perciformes","Serranidae","Cephalopholis","Cephalopholis hemistiktos","fish",,3,2013,,TRUE,
218184,"Chordata","Teleostei","Perciformes","Serranidae","Cephalopholis","Cephalopholis miniata","fish",,1,,,TRUE,
218189,"Chordata","Teleostei","Perciformes","Serranidae","Cephalopholis","Cephalopholis sexmaculata","fish",,1,,,TRUE,
218183,"Chordata","Teleostei","Perciformes","Serranidae","Cephalopholis","Cephalopholis sonnerati","fish",,3,2013,,TRUE,
218195,"Chordata","Teleostei","Perciformes","Serranidae","Dermatolepis","Dermatolepis striolata","fish",,1,,,TRUE,
218204,"Chordata","Teleostei","Perciformes","Serranidae","Epinephelus","Epinephelus areolatus","fish",,1,,,TRUE,
218210,"Chordata","Teleostei","Perciformes","Serranidae","Epinephelus","Epinephelus epistictus","fish",,1,,,TRUE,
273850,"Chordata","Teleostei","Perciformes","Serranidae","Epinephelus","Epinephelus erythrurus","fish",,1,,,TRUE,
218207,"Chordata","Teleostei","Perciformes","Serranidae","Epinephelus","Epinephelus fasciatus","fish",,1,,,TRUE,
218203,"Chordata","Teleostei","Perciformes","Serranidae","Epinephelus","Epinephelus flavocaeruleus","fish",,1,,,TRUE,
218218,"Chordata","Teleostei","Perciformes","Serranidae","Epinephelus","Epinephelus fuscoguttatus","fish","VU",1,,,TRUE,
218240,"Chordata","Teleostei","Perciformes","Serranidae","Epinephelus","Epinephelus gabriellae","fish",,1,,,TRUE,
218224,"Chordata","Teleostei","Perciformes","Serranidae","Epinephelus","Epinephelus lanceolatus","fish",,1,,,TRUE,
218237,"Chordata","Teleostei","Perciformes","Serranidae","Epinephelus","Epinephelus multinotatus","fish",,1,,,TRUE,
218250,"Chordata","Teleostei","Perciformes","Serranidae","Epinephelus","Epinephelus poecilonotus","fish",,1,,,TRUE,
218222,"Chordata","Teleostei","Perciformes","Serranidae","Epinephelus","Epinephelus radiatus","fish",,1,,,TRUE,
218225,"Chordata","Teleostei","Perciformes","Serranidae","Epinephelus","Epinephelus stoliczkae","fish",,1,,,TRUE,
218238,"Chordata","Teleostei","Perciformes","Serranidae","Epinephelus","Epinephelus summana","fish",,1,,,TRUE,
218246,"Chordata","Teleostei","Perciformes","Serranidae","Epinephelus","Epinephelus tukula","fish",,1,,,TRUE,
367207,"Chordata","Teleostei","Perciformes","Serranidae","Epinephelus","Epinephelus undulosus","fish",,1,,,TRUE,
475079,"Chordata","Teleostei","Perciformes","Serranidae","Hyporthodus","Hyporthodus octofasciatus","fish",,1,,,TRUE,
212575,"Chordata","Teleostei","Perciformes","Synanceiidae","Inimicus","Inimicus filamentosus","fish",,1,,,TRUE,
218145,"Chordata","Teleostei","Perciformes","Platycephalidae","Papilloculiceps","Papilloculiceps longiceps","fish",,1,,,TRUE,
282045,"Chordata","Teleostei","Perciformes","Peristediidae","Paraheminodus","Paraheminodus murrayi","fish",,1,1988,,TRUE,
219159,"Chordata","Teleostei","Perciformes","Pinguipedidae","Parapercis","Parapercis hexophtalma","fish",,1,,,TRUE,
219157,"Chordata","Teleostei","Perciformes","Pinguipedidae","Parapercis","Parapercis punctulata","fish",,1,,,TRUE,
219156,"Chordata","Teleostei","Perciformes","Pinguipedidae","Parapercis","Parapercis robinsoni","fish",,1,,,TRUE,
218263,"Chordata","Teleostei","Perciformes","Serranidae","Plectropomus","Plectropomus areolatus","fish","VU",1,,,TRUE,
218268,"Chordata","Teleostei","Perciformes","Serranidae","Plectropomus","Plectropomus punctatus","fish",,1,,,TRUE,
218269,"Chordata","Teleostei","Perciformes","Serranidae","Pogonoperca","Pogonoperca ocellata","fish",,1,,,TRUE,
218275,"Chordata","Teleostei","Perciformes","Serranidae","Pseudanthias","Pseudanthias cooperi","fish",,1,,,TRUE,
218281,"Chordata","Teleostei","Perciformes","Serranidae","Pseudanthias","Pseudanthias evansi","fish",,1,,,TRUE,
277467,"Chordata","Teleostei","Perciformes","Serranidae","Pseudanthias","Pseudanthias marcia","fish",,1,,,TRUE,
218278,"Chordata","Teleostei","Perciformes","Serranidae","Pseudanthias","Pseudanthias squamipinnis","fish",,1,,,TRUE,
277484,"Chordata","Teleostei","Perciformes","Serranidae","Pseudanthias","Pseudanthias townsendi","fish",,1,,,TRUE,
218081,"Chordata","Teleostei","Perciformes","Scorpaenidae","Pterois","Pterois antennata","fish",,1,,,TRUE,
218077,"Chordata","Teleostei","Perciformes","Scorpaenidae","Pterois","Pterois miles","fish",,1,,,TRUE,
218080,"Chordata","Teleostei","Perciformes","Scorpaenidae","Pterois","Pterois mombasae","fish",,1,,,TRUE,
218084,"Chordata","Teleostei","Perciformes","Scorpaenidae","Pterois","Pterois radiata","fish",,1,,,TRUE,
1019178,"Chordata","Teleostei","Perciformes","Peristediidae","Scalicus","Scalicus investigatoris","fish",,1,1989,,TRUE,
712541,"Chordata","Teleostei","Perciformes","Scorpaenidae","Scorpaenodes","Scorpaenodes evides","fish",,1,,,TRUE,
218109,"Chordata","Teleostei","Perciformes","Scorpaenidae","Scorpaenopsis","Scorpaenopsis barbata","fish",,1,,,TRUE,
218110,"Chordata","Teleostei","Perciformes","Scorpaenidae","Scorpaenopsis","Scorpaenopsis diabolus","fish",,1,,,TRUE,
218105,"Chordata","Teleostei","Perciformes","Scorpaenidae","Scorpaenopsis","Scorpaenopsis oxycephalus","fish",,1,,,TRUE,
282818,"Chordata","Teleostei","Perciformes","Tetrarogidae","Snyderina","Snyderina guentheri","fish",,1,,,TRUE,
215627,"Chordata","Teleostei","Perciformes","Synanceiidae","Synanceia","Synanceia verrucosa","fish",,1,,,TRUE,
218304,"Chordata","Teleostei","Perciformes","Serranidae","Variola","Variola louti","fish",,1,,,TRUE,
219795,"Chordata","Teleostei","Pleuronectiformes","Bothidae","Bothus","Bothus pantherinus","fish",,1,,,TRUE,
219797,"Chordata","Teleostei","Pleuronectiformes","Bothidae","Chascanopsetta","Chascanopsetta lugubris","fish",,1,1988,,TRUE,
219814,"Chordata","Teleostei","Pleuronectiformes","Pleuronectidae","Marleyella","Marleyella bicolorata","fish",,1,,,TRUE,
219829,"Chordata","Teleostei","Pleuronectiformes","Soleidae","Pardachirus","Pardachirus marmoratus","fish",,1,,,TRUE,
274313,"Chordata","Teleostei","Pleuronectiformes","Soleidae","Synaptura","Synaptura albomaculata","fish",,1,,,TRUE,
274319,"Chordata","Teleostei","Polymixiiformes","Polymixiidae","Polymixia","Polymixia fusca","fish",,1,,,TRUE,
127014,"Chordata","Teleostei","Scombriformes","Scombridae","Acanthocybium","Acanthocybium solandri","fish",,1,,,TRUE,
127016,"Chordata","Teleostei","Scombriformes","Scombridae","Auxis","Auxis thazard","fish",,1,,,TRUE,
219708,"Chordata","Teleostei","Scombriformes","Scombridae","Euthynnus","Euthynnus affinis","fish",,1,,,TRUE,
127018,"Chordata","Teleostei","Scombriformes","Scombridae","Katsuwonus","Katsuwonus pelamis","fish",,1,,,TRUE,
126864,"Chordata","Teleostei","Scombriformes","Gempylidae","Nealotus","Nealotus tripes","fish",,1,,,TRUE,
151482,"Chordata","Teleostei","Scombriformes","Pomatomidae","Pomatomus","Pomatomus saltatrix","fish","VU",1,,,TRUE,
219738,"Chordata","Teleostei","Scombriformes","Centrolophidae","Psenopsis","Psenopsis cyanea","fish",,1,,,TRUE,
127020,"Chordata","Teleostei","Scombriformes","Scombridae","Rastrelliger","Rastrelliger kanagurta","fish",,1,,,TRUE,
219715,"Chordata","Teleostei","Scombriformes","Scombridae","Scomber","Scomber australasicus","fish",,1,,,TRUE,
127024,"Chordata","Teleostei","Scombriformes","Scombridae","Scomberomorus","Scomberomorus commerson","fish","NT",1,,,TRUE,
219716,"Chordata","Teleostei","Scombriformes","Scombridae","Scomberomorus","Scomberomorus guttatus","fish",,1,,,TRUE,
127027,"Chordata","Teleostei","Scombriformes","Scombridae","Thunnus","Thunnus albacares","fish","NT",4,,,TRUE,
217659,"Chordata","Teleostei","Siluriformes","Plotosidae","Plotosus","Plotosus lineatus","fish",,1,,,TRUE,
127307,"Chordata","Teleostei","Stomiiformes","Sternoptychidae","Argyropelecus","Argyropelecus affinis","fish",,2,,,TRUE,
127336,"Chordata","Teleostei","Stomiiformes","Stomiidae","Borostomias","Borostomias mononema","fish",,1,,,TRUE,
127338,"Chordata","Teleostei","Stomiiformes","Stomiidae","Chauliodus","Chauliodus sloani","fish",,2,,,TRUE,
127288,"Chordata","Teleostei","Stomiiformes","Gonostomatidae","Cyclothone","Cyclothone pallida","fish",,1,,,TRUE,
217608,"Chordata","Teleostei","Stomiiformes","Sternoptychidae","Polyipnus","Polyipnus indicus","fish",,1,,,TRUE,
127300,"Chordata","Teleostei","Stomiiformes","Phosichthyidae","Polymetme","Polymetme corythaeola","fish",,2,,,TRUE,
221512,"Chordata","Teleostei","Stomiiformes","Gonostomatidae","Sigmops","Sigmops elongatus","fish",,1,,,TRUE,
158736,"Chordata","Teleostei","Stomiiformes","Stomiidae","Stomias","Stomias affinis","fish",,1,,,TRUE,
217619,"Chordata","Teleostei","Stomiiformes","Stomiidae","Stomias","Stomias nebulosus","fish",,1,,,TRUE,
217964,"Chordata","Teleostei","Syngnathiformes","Aulostomidae","Aulostomus","Aulostomus chinensis","fish",,1,,,TRUE,
217986,"Chordata","Teleostei","Syngnathiformes","Syngnathidae","Choeroichthys","Choeroichthys brachysoma","fish",,1,,,TRUE,
398437,"Chordata","Teleostei","Syngnathiformes","Syngnathidae","Corythoichthys","Corythoichthys benedetto","fish",,1,,,TRUE,
218002,"Chordata","Teleostei","Syngnathiformes","Syngnathidae","Doryrhamphus","Doryrhamphus excisus","fish",,1,,,TRUE,
218006,"Chordata","Teleostei","Syngnathiformes","Syngnathidae","Dunckerocampus","Dunckerocampus multiannulatus","fish",,1,,,TRUE,
217966,"Chordata","Teleostei","Syngnathiformes","Fistulariidae","Fistularia","Fistularia commersonii","fish",,1,,,TRUE,
159439,"Chordata","Teleostei","Syngnathiformes","Fistulariidae","Fistularia","Fistularia petimba","fish",,1,,,TRUE,
218016,"Chordata","Teleostei","Syngnathiformes","Syngnathidae","Hippichthys","Hippichthys spicifer","fish",,1,,,TRUE,
306822,"Chordata","Teleostei","Syngnathiformes","Syngnathidae","Hippocampus","Hippocampus suezensis","fish",,1,,,TRUE,
159491,"Chordata","Teleostei","Tetraodontiformes","Monacanthidae","Aluterus","Aluterus scriptus","fish",,1,,,TRUE,
219925,"Chordata","Teleostei","Tetraodontiformes","Tetraodontidae","Arothron","Arothron hispidus","fish",,1,,,TRUE,
219926,"Chordata","Teleostei","Tetraodontiformes","Tetraodontidae","Arothron","Arothron meleagris","fish",,1,,,TRUE,
219921,"Chordata","Teleostei","Tetraodontiformes","Tetraodontidae","Arothron","Arothron nigropunctatus","fish",,1,,,TRUE,
219928,"Chordata","Teleostei","Tetraodontiformes","Tetraodontidae","Arothron","Arothron stellatus","fish",,1,,,TRUE,
219874,"Chordata","Teleostei","Tetraodontiformes","Balistidae","Balistapus","Balistapus undulatus","fish",,3,2013,,TRUE,
219876,"Chordata","Teleostei","Tetraodontiformes","Balistidae","Balistoides","Balistoides conspicillum","fish",,1,,,TRUE,
219875,"Chordata","Teleostei","Tetraodontiformes","Balistidae","Balistoides","Balistoides viridescens","fish",,3,2013,,TRUE,
276248,"Chordata","Teleostei","Tetraodontiformes","Monacanthidae","Cantherhines","Cantherhines dumerilii","fish",,1,,,TRUE,
220058,"Chordata","Teleostei","Tetraodontiformes","Monacanthidae","Cantherhines","Cantherhines pardalis","fish",,1,,,TRUE,
275237,"Chordata","Teleostei","Tetraodontiformes","Balistidae","Canthidermis","Canthidermis macrolepis","fish",,1,,,TRUE,
219935,"Chordata","Teleostei","Tetraodontiformes","Tetraodontidae","Canthigaster","Canthigaster amboinensis","fish",,2,2013,,TRUE,
219938,"Chordata","Teleostei","Tetraodontiformes","Tetraodontidae","Canthigaster","Canthigaster bennetti","fish",,2,2013,,TRUE,
475043,"Chordata","Teleostei","Tetraodontiformes","Tetraodontidae","Canthigaster","Canthigaster cyanospilota","fish",,3,2013,,TRUE,
219940,"Chordata","Teleostei","Tetraodontiformes","Tetraodontidae","Canthigaster","Canthigaster janthinoptera","fish",,2,2013,,TRUE,
990515,"Chordata","Teleostei","Tetraodontiformes","Tetraodontidae","Canthigaster","Canthigaster petersii","fish",,1,,,TRUE,
219947,"Chordata","Teleostei","Tetraodontiformes","Tetraodontidae","Canthigaster","Canthigaster valentini","fish",,1,,,TRUE,
219968,"Chordata","Teleostei","Tetraodontiformes","Diodontidae","Cyclichthys","Cyclichthys orbicularis","fish",,1,,,TRUE,
219967,"Chordata","Teleostei","Tetraodontiformes","Diodontidae","Cyclichthys","Cyclichthys spilostylus","fish",,1,,,TRUE,
127402,"Chordata","Teleostei","Tetraodontiformes","Diodontidae","Diodon","Diodon holocanthus","fish",,1,,,TRUE,
127403,"Chordata","Teleostei","Tetraodontiformes","Diodontidae","Diodon","Diodon hystrix","fish",,1,,,TRUE,
219970,"Chordata","Teleostei","Tetraodontiformes","Diodontidae","Diodon","Diodon liturosus","fish",,1,,,TRUE,
219957,"Chordata","Teleostei","Tetraodontiformes","Tetraodontidae","Lagocephalus","Lagocephalus lunaris","fish",,1,,,TRUE,
219954,"Chordata","Teleostei","Tetraodontiformes","Tetraodontidae","Lagocephalus","Lagocephalus sceleratus","fish",,1,,,TRUE,
219882,"Chordata","Teleostei","Tetraodontiformes","Balistidae","Melichthys","Melichthys indicus","fish",,1,,,TRUE,
1329867,"Chordata","Teleostei","Tetraodontiformes","Molidae","Mola","Mola alexandrini","fish",,1,,,TRUE,
219883,"Chordata","Teleostei","Tetraodontiformes","Balistidae","Odonus","Odonus niger","fish",,1,,,TRUE,
403462,"Chordata","Teleostei","Tetraodontiformes","Ostraciidae","Ostracion","Ostracion cubicum","fish",,1,,,TRUE,
219909,"Chordata","Teleostei","Tetraodontiformes","Ostraciidae","Ostracion","Ostracion cyanurus","fish",,1,,,TRUE,
220065,"Chordata","Teleostei","Tetraodontiformes","Monacanthidae","Paraluteres","Paraluteres prionurus","fish",,5,2013,,TRUE,
219884,"Chordata","Teleostei","Tetraodontiformes","Balistidae","Pseudobalistes","Pseudobalistes flavimarginatus","fish",,1,,,TRUE,
219885,"Chordata","Teleostei","Tetraodontiformes","Balistidae","Pseudobalistes","Pseudobalistes fuscus","fish",,1,,,TRUE,
219887,"Chordata","Teleostei","Tetraodontiformes","Balistidae","Rhinecanthus","Rhinecanthus assasi","fish",,1,,,TRUE,
276851,"Chordata","Teleostei","Tetraodontiformes","Balistidae","Sufflamen","Sufflamen chrysopterum","fish",,5,2013,,TRUE,
276852,"Chordata","Teleostei","Tetraodontiformes","Balistidae","Sufflamen","Sufflamen fraenatum","fish",,1,,,TRUE,
277212,"Chordata","Teleostei","Tetraodontiformes","Monacanthidae","Thamnaconus","Thamnaconus striatus","fish",,1,,,TRUE,
127425,"Chordata","Teleostei","Zeiformes","Parazenidae","Cyttopsis","Cyttopsis rosea","fish",,3,,,TRUE,
137205,"Chordata",,"Testudines","Cheloniidae","Caretta","Caretta caretta","turtle","VU",5,2007,,TRUE,
