"AphiaID","phylum","class","order","family","genus","species","group","redlist_category","records","max_year","target_gene","source_obis","source_dna"
217347,"Chordata","Elasmobranchii","Carcharhiniformes","Carcharhinidae","Carcharhinus","Carcharhinus dussumieri","fish","EN",1,,,TRUE,
271322,"Chordata","Elasmobranchii","Carcharhiniformes","Carcharhinidae","Carcharhinus","Carcharhinus hemiodon","fish","CR",2,,,TRUE,
105792,"Chordata","Elasmobranchii","Carcharhiniformes","Carcharhinidae","Carcharhinus","Carcharhinus leucas","fish","NT",2,,,TRUE,
105793,"Chordata","Elasmobranchii","Carcharhiniformes","Carcharhinidae","Carcharhinus","Carcharhinus limbatus","fish","NT",2,,,TRUE,
105795,"Chordata","Elasmobranchii","Carcharhiniformes","Carcharhinidae","Carcharhinus","Carcharhinus melanopterus","fish","VU",3,,,TRUE,
217339,"Chordata","Elasmobranchii","Carcharhiniformes","Carcharhinidae","Carcharhinus","Carcharhinus sorrah","fish","NT",1,,,TRUE,
220034,"Chordata","Elasmobranchii","Carcharhiniformes","Proscylliidae","Eridacnis","Eridacnis radcliffei","fish",,1,,,TRUE,
280757,"Chordata","Elasmobranchii","Carcharhiniformes","Sphyrnidae","Eusphyra","Eusphyra blochii","fish","EN",3,,,TRUE,
105799,"Chordata","Elasmobranchii","Carcharhiniformes","Carcharhinidae","Galeocerdo","Galeocerdo cuvier","fish","NT",1,,,TRUE,
277183,"Chordata","Elasmobranchii","Carcharhiniformes","Carcharhinidae","Glyphis","Glyphis gangeticus","fish","CR",2,,,TRUE,
277184,"Chordata","Elasmobranchii","Carcharhiniformes","Carcharhinidae","Glyphis","Glyphis glyphis","fish","EN",1,,,TRUE,
281270,"Chordata","Elasmobranchii","Carcharhiniformes","Carcharhinidae","Lamiopsis","Lamiopsis temminckii","fish","EN",2,,,TRUE,
214558,"Chordata","Elasmobranchii","Carcharhiniformes","Triakidae","Mustelus","Mustelus mosis","fish","NT",1,,,TRUE,
105802,"Chordata","Elasmobranchii","Carcharhiniformes","Carcharhinidae","Rhizoprionodon","Rhizoprionodon acutus","fish","VU",3,,,TRUE,
217364,"Chordata","Elasmobranchii","Carcharhiniformes","Carcharhinidae","Scoliodon","Scoliodon laticaudus","fish","NT",3,,,TRUE,
105816,"Chordata","Elasmobranchii","Carcharhiniformes","Sphyrnidae","Sphyrna","Sphyrna lewini","fish","CR",1,,,TRUE,
217426,"Chordata","Elasmobranchii","Myliobatiformes","Myliobatidae","Aetobatus","Aetobatus narinari","fish","NT",1,,,TRUE,
278243,"Chordata","Elasmobranchii","Myliobatiformes","Myliobatidae","Aetobatus","Aetobatus ocellatus","fish","VU",1,,,TRUE,
278475,"Chordata","Elasmobranchii","Myliobatiformes","Myliobatidae","Aetomylaeus","Aetomylaeus nichofii","fish","VU",1,,,TRUE,
1042823,"Chordata","Elasmobranchii","Myliobatiformes","Dasyatidae","Brevitrygon","Brevitrygon imbricata","fish",,3,,,TRUE,
1042826,"Chordata","Elasmobranchii","Myliobatiformes","Dasyatidae","Brevitrygon","Brevitrygon walga","fish","NT",2,,,TRUE,
215609,"Chordata","Elasmobranchii","Myliobatiformes","Gymnuridae","Gymnura","Gymnura japonica","fish",,1,,,TRUE,
215611,"Chordata","Elasmobranchii","Myliobatiformes","Gymnuridae","Gymnura","Gymnura poecilura","fish","NT",3,,,TRUE,
298791,"Chordata","Elasmobranchii","Myliobatiformes","Gymnuridae","Gymnura","Gymnura tentaculata","fish",,1,,,TRUE,
298783,"Chordata","Elasmobranchii","Myliobatiformes","Dasyatidae","Himantura","Himantura fava","fish",,1,,,TRUE,
271458,"Chordata","Elasmobranchii","Myliobatiformes","Dasyatidae","Himantura","Himantura fluviatilis","fish",,1,,,TRUE,
298785,"Chordata","Elasmobranchii","Myliobatiformes","Dasyatidae","Himantura","Himantura marginata","fish",,2,,,TRUE,
105854,"Chordata","Elasmobranchii","Myliobatiformes","Dasyatidae","Himantura","Himantura uarnak","fish","VU",3,,,TRUE,
217413,"Chordata","Elasmobranchii","Myliobatiformes","Dasyatidae","Himantura","Himantura undulata","fish","EN",1,,,TRUE,
1042867,"Chordata","Elasmobranchii","Myliobatiformes","Dasyatidae","Maculabatis","Maculabatis gerrardi","fish","EN",2,,,TRUE,
1042870,"Chordata","Elasmobranchii","Myliobatiformes","Dasyatidae","Megatrygon","Megatrygon microps","fish",,1,,,TRUE,
217419,"Chordata","Elasmobranchii","Myliobatiformes","Dasyatidae","Pastinachus","Pastinachus sephen","fish","NT",2,,,TRUE,
1043413,"Chordata","Elasmobranchii","Myliobatiformes","Dasyatidae","Pateobatis","Pateobatis bleekeri","fish","EN",1,,,TRUE,
1043412,"Chordata","Elasmobranchii","Myliobatiformes","Dasyatidae","Pateobatis","Pateobatis uarnacoides","fish","EN",2,,,TRUE,
1013687,"Chordata","Elasmobranchii","Myliobatiformes","Dasyatidae","Telatrygon","Telatrygon zugei","fish","NT",3,,,TRUE,
277829,"Chordata","Elasmobranchii","Orectolobiformes","Hemiscylliidae","Chiloscyllium","Chiloscyllium griseum","fish","VU",3,,,TRUE,
367212,"Chordata","Elasmobranchii","Orectolobiformes","Hemiscylliidae","Chiloscyllium","Chiloscyllium indicum","fish",,1,,,TRUE,
105847,"Chordata","Elasmobranchii","Orectolobiformes","Rhincodontidae","Rhincodon","Rhincodon typus","fish","EN",1,,,TRUE,
313100,"Chordata","Elasmobranchii","Orectolobiformes","Stegostomatidae","Stegostoma","Stegostoma tigrinum","fish","EN",2,,,TRUE,
217374,"Chordata","Elasmobranchii","Rhinopristiformes","Pristidae","Anoxypristis","Anoxypristis cuspidata","fish","EN",3,,,TRUE,
280873,"Chordata","Elasmobranchii","Rhinopristiformes","Glaucostegidae","Glaucostegus","Glaucostegus granulatus","fish","CR",3,,,TRUE,
1022265,"Chordata","Elasmobranchii","Rhinopristiformes","Glaucostegidae","Glaucostegus","Glaucostegus obtusus","fish",,2,,,TRUE,
280875,"Chordata","Elasmobranchii","Rhinopristiformes","Glaucostegidae","Glaucostegus","Glaucostegus typus","fish","CR",1,,,TRUE,
271422,"Chordata","Elasmobranchii","Rhinopristiformes","Pristidae","Pristis","Pristis clavata","fish","EN",1,,,TRUE,
217376,"Chordata","Elasmobranchii","Rhinopristiformes","Pristidae","Pristis","Pristis microdon","fish",,2,,,TRUE,
105848,"Chordata","Elasmobranchii","Rhinopristiformes","Pristidae","Pristis","Pristis pectinata","fish","CR",1,,,TRUE,
105849,"Chordata","Elasmobranchii","Rhinopristiformes","Pristidae","Pristis","Pristis pristis","fish","CR",1,,,TRUE,
148846,"Chordata","Elasmobranchii","Rhinopristiformes","Rhinobatidae","Rhina","Rhina ancylostomus","fish",,2,,,TRUE,
271594,"Chordata","Elasmobranchii","Rhinopristiformes","Rhinobatidae","Rhinobatos","Rhinobatos annandalei","fish",,2,,,TRUE,
271601,"Chordata","Elasmobranchii","Rhinopristiformes","Rhinobatidae","Rhinobatos","Rhinobatos lionotus","fish",,2,,,TRUE,
217378,"Chordata","Elasmobranchii","Rhinopristiformes","Rhinobatidae","Rhynchobatus","Rhynchobatus djiddensis","fish","CR",2,,,TRUE,
278218,"Chordata","Elasmobranchii","Rhinopristiformes","Rhinobatidae","Rhynchobatus","Rhynchobatus laevis","fish","CR",1,,,TRUE,
275388,"Chordata","Elasmobranchii","Torpediniformes","Narcinidae","Narcine","Narcine brunnea","fish",,3,,,TRUE,
275399,"Chordata","Elasmobranchii","Torpediniformes","Narcinidae","Narcine","Narcine timlei","fish",,2,,,TRUE,
278821,"Chordata","Elasmobranchii","Torpediniformes","Narkidae","Narke","Narke dipterygia","fish",,3,,,TRUE,
1019864,"Chordata","Teleostei","Acanthuriformes","Leiognathidae","Aurigequula","Aurigequula fasciata","fish",,3,,,TRUE,
1526390,"Chordata","Teleostei","Acanthuriformes","Leiognathidae","Deveximentum","Deveximentum insidiator","fish",,3,,,TRUE,
220047,"Chordata","Teleostei","Acanthuriformes","Drepaneidae","Drepane","Drepane longimana","fish",,3,,,TRUE,
220046,"Chordata","Teleostei","Acanthuriformes","Drepaneidae","Drepane","Drepane punctata","fish",,3,,,TRUE,
280693,"Chordata","Teleostei","Acanthuriformes","Ephippidae","Ephippus","Ephippus orbis","fish",,2,,,TRUE,
398527,"Chordata","Teleostei","Acanthuriformes","Leiognathidae","Eubleekeria","Eubleekeria splendens","fish",,2,,,TRUE,
218451,"Chordata","Teleostei","Acanthuriformes","Leiognathidae","Gazza","Gazza minuta","fish",,3,,,TRUE,
713338,"Chordata","Teleostei","Acanthuriformes","Leiognathidae","Karalla","Karalla daura","fish",,1,,,TRUE,
713339,"Chordata","Teleostei","Acanthuriformes","Leiognathidae","Karalla","Karalla dussumieri","fish",,2,,,TRUE,
273618,"Chordata","Teleostei","Acanthuriformes","Leiognathidae","Leiognathus","Leiognathus brevirostris","fish",,2,,,TRUE,
303762,"Chordata","Teleostei","Acanthuriformes","Leiognathidae","Leiognathus","Leiognathus equula","fish",,3,,,TRUE,
303772,"Chordata","Teleostei","Acanthuriformes","Leiognathidae","Leiognathus","Leiognathus ruconius","fish",,3,,,TRUE,
126973,"Chordata","Teleostei","Acanthuriformes","Lobotidae","Lobotes","Lobotes surinamensis","fish",,1,,,TRUE,
398529,"Chordata","Teleostei","Acanthuriformes","Leiognathidae","Nuchequula","Nuchequula blochii","fish",,2,,,TRUE,
398531,"Chordata","Teleostei","Acanthuriformes","Leiognathidae","Nuchequula","Nuchequula gerreoides","fish",,1,,,TRUE,
398536,"Chordata","Teleostei","Acanthuriformes","Leiognathidae","Photopectoralis","Photopectoralis bindus","fish",,2,,,TRUE,
218712,"Chordata","Teleostei","Acanthuriformes","Ephippidae","Platax","Platax pinnatus","fish",,1,,,TRUE,
276970,"Chordata","Teleostei","Acanthuriformes","Scatophagidae","Scatophagus","Scatophagus argus","fish",,6,,,TRUE,
219687,"Chordata","Teleostei","Acanthuriformes","Siganidae","Siganus","Siganus canaliculatus","fish",,3,,,TRUE,
273914,"Chordata","Teleostei","Acanthuriformes","Siganidae","Siganus","Siganus javus","fish",,3,,,TRUE,
279597,"Chordata","Teleostei","Anabantiformes","Anabantidae","Anabas","Anabas testudineus","fish",,3,,,TRUE,
280128,"Chordata","Teleostei","Anabantiformes","Channidae","Channa","Channa orientalis","fish","VU",1,,,TRUE,
280129,"Chordata","Teleostei","Anabantiformes","Channidae","Channa","Channa punctata","fish",,3,,,TRUE,
280130,"Chordata","Teleostei","Anabantiformes","Channidae","Channa","Channa striata","fish",,3,,,TRUE,
281633,"Chordata","Teleostei","Anabantiformes","Nandidae","Nandus","Nandus nandus","fish",,2,,,TRUE,
217456,"Chordata","Teleostei","Anguilliformes","Anguillidae","Anguilla","Anguilla bengalensis","fish","NT",4,,,TRUE,
217455,"Chordata","Teleostei","Anguilliformes","Anguillidae","Anguilla","Anguilla bicolor","fish","NT",2,,,TRUE,
271708,"Chordata","Teleostei","Anguilliformes","Anguillidae","Anguilla","Anguilla nebulosa","fish",,1,,,TRUE,
277095,"Chordata","Teleostei","Anguilliformes","Muraenesocidae","Congresox","Congresox talabon","fish",,2,,,TRUE,
220036,"Chordata","Teleostei","Anguilliformes","Muraenesocidae","Congresox","Congresox talabonoides","fish",,3,,,TRUE,
217469,"Chordata","Teleostei","Anguilliformes","Muraenidae","Echidna","Echidna nebulosa","fish",,1,,,TRUE,
217476,"Chordata","Teleostei","Anguilliformes","Muraenidae","Gymnomuraena","Gymnomuraena zebra","fish",,1,,,TRUE,
217503,"Chordata","Teleostei","Anguilliformes","Muraenidae","Gymnothorax","Gymnothorax meleagris","fish",,1,,,TRUE,
217491,"Chordata","Teleostei","Anguilliformes","Muraenidae","Gymnothorax","Gymnothorax pictus","fish",,1,,,TRUE,
217483,"Chordata","Teleostei","Anguilliformes","Muraenidae","Gymnothorax","Gymnothorax punctatus","fish",,1,,,TRUE,
271890,"Chordata","Teleostei","Anguilliformes","Muraenidae","Gymnothorax","Gymnothorax tile","fish",,3,,,TRUE,
217570,"Chordata","Teleostei","Anguilliformes","Ophichthidae","Lamnostoma","Lamnostoma orientale","fish",,2,,,TRUE,
1017828,"Chordata","Teleostei","Anguilliformes","Moringuidae","Moringua","Moringua guthriana","fish",,2,,,TRUE,
275439,"Chordata","Teleostei","Anguilliformes","Moringuidae","Moringua","Moringua raitaborua","fish",,3,,,TRUE,
220037,"Chordata","Teleostei","Anguilliformes","Muraenesocidae","Muraenesox","Muraenesox bagio","fish",,2,,,TRUE,
126296,"Chordata","Teleostei","Anguilliformes","Muraenesocidae","Muraenesox","Muraenesox cinereus","fish",,5,,,TRUE,
281643,"Chordata","Teleostei","Anguilliformes","Ophichthidae","Neenchelys","Neenchelys buitendijki","fish",,1,,,TRUE,
217588,"Chordata","Teleostei","Anguilliformes","Ophichthidae","Ophichthus","Ophichthus apicalis","fish",,1,,,TRUE,
217593,"Chordata","Teleostei","Anguilliformes","Ophichthidae","Pisodonophis","Pisodonophis boro","fish",,11,1937,,TRUE,
271995,"Chordata","Teleostei","Anguilliformes","Ophichthidae","Pisodonophis","Pisodonophis hijala","fish",,1,,,TRUE,
217530,"Chordata","Teleostei","Anguilliformes","Muraenidae","Scuticaria","Scuticaria tigrina","fish",,1,,,TRUE,
217536,"Chordata","Teleostei","Anguilliformes","Muraenidae","Strophidon","Strophidon sathete","fish",,4,,,TRUE,
217556,"Chordata","Teleostei","Anguilliformes","Congridae","Uroconger","Uroconger lepturus","fish",,1,,,TRUE,
217661,"Chordata","Teleostei","Aulopiformes","Synodontidae","Harpadon","Harpadon nehereus","fish","NT",3,,,TRUE,
217663,"Chordata","Teleostei","Aulopiformes","Synodontidae","Saurida","Saurida tumbil","fish",,2,,,TRUE,
221345,"Chordata","Teleostei","Batrachoidiformes","Batrachoididae","Allenbatrachus","Allenbatrachus grunniens","fish",,2,,,TRUE,
280510,"Chordata","Teleostei","Beloniformes","Zenarchopteridae","Dermogenys","Dermogenys brachynotopterus","fish",,1,,,TRUE,
126385,"Chordata","Teleostei","Beloniformes","Exocoetidae","Exocoetus","Exocoetus volitans","fish",,1,,,TRUE,
126389,"Chordata","Teleostei","Beloniformes","Hemiramphidae","Hemiramphus","Hemiramphus far","fish",,2,,,TRUE,
272185,"Chordata","Teleostei","Beloniformes","Hemiramphidae","Hyporhamphus","Hyporhamphus limbatus","fish",,2,,,TRUE,
281938,"Chordata","Teleostei","Beloniformes","Adrianichthyidae","Oryzias","Oryzias dancena","fish",,1,,,TRUE,
220015,"Chordata","Teleostei","Beloniformes","Hemiramphidae","Rhynchorhamphus","Rhynchorhamphus georgii","fish",,2,,,TRUE,
217876,"Chordata","Teleostei","Beloniformes","Belonidae","Strongylura","Strongylura leiura","fish",,2,,,TRUE,
275986,"Chordata","Teleostei","Beloniformes","Belonidae","Strongylura","Strongylura strongylura","fish",,2,,,TRUE,
159259,"Chordata","Teleostei","Beloniformes","Belonidae","Tylosurus","Tylosurus crocodilus","fish",,2,,,TRUE,
283170,"Chordata","Teleostei","Beloniformes","Belonidae","Xenentodon","Xenentodon cancila","fish",,3,,,TRUE,
277911,"Chordata","Teleostei","Beloniformes","Zenarchopteridae","Zenarchopterus","Zenarchopterus buffonis","fish",,2,,,TRUE,
220018,"Chordata","Teleostei","Beloniformes","Zenarchopteridae","Zenarchopterus","Zenarchopterus dispar","fish",,1,,,TRUE,
277915,"Chordata","Teleostei","Beloniformes","Zenarchopteridae","Zenarchopterus","Zenarchopterus ectuntio","fish",,3,,,TRUE,
277919,"Chordata","Teleostei","Beloniformes","Zenarchopteridae","Zenarchopterus","Zenarchopterus striga","fish",,1,,,TRUE,
219331,"Chordata","Teleostei","Blenniiformes","Blenniidae","Petroscirtes","Petroscirtes breviceps","fish",,1,,,TRUE,
219332,"Chordata","Teleostei","Blenniiformes","Blenniidae","Petroscirtes","Petroscirtes variabilis","fish",,1,,,TRUE,
273164,"Chordata","Teleostei","Callionymiformes","Callionymidae","Callionymus","Callionymus belcheri","fish",,1,,,TRUE,
273169,"Chordata","Teleostei","Callionymiformes","Callionymidae","Callionymus","Callionymus carebares","fish",,1,,,TRUE,
273181,"Chordata","Teleostei","Callionymiformes","Callionymidae","Callionymus","Callionymus fluviatilis","fish",,2,,,TRUE,
273203,"Chordata","Teleostei","Callionymiformes","Callionymidae","Callionymus","Callionymus megastomus","fish",,1,,,TRUE,
219775,"Chordata","Teleostei","Callionymiformes","Callionymidae","Callionymus","Callionymus sagitta","fish",,3,,,TRUE,
280637,"Chordata","Teleostei","Callionymiformes","Callionymidae","Eleutherochir","Eleutherochir opercularis","fish",,2,,,TRUE,
280639,"Chordata","Teleostei","Carangaria incertae sedis","Polynemidae","Eleutheronema","Eleutheronema tetradactylum","fish",,3,,,TRUE,
218381,"Chordata","Teleostei","Carangaria incertae sedis","Lactariidae","Lactarius","Lactarius lactarius","fish",,2,,,TRUE,
278957,"Chordata","Teleostei","Carangaria incertae sedis","Latidae","Lates","Lates calcarifer","fish",,3,,,TRUE,
281323,"Chordata","Teleostei","Carangaria incertae sedis","Polynemidae","Leptomelanosoma","Leptomelanosoma indicum","fish",,3,,,TRUE,
218450,"Chordata","Teleostei","Carangaria incertae sedis","Menidae","Mene","Mene maculata","fish",,1,,,TRUE,
218911,"Chordata","Teleostei","Carangaria incertae sedis","Polynemidae","Polydactylus","Polydactylus plebeius","fish",,2,,,TRUE,
218909,"Chordata","Teleostei","Carangaria incertae sedis","Polynemidae","Polydactylus","Polydactylus sexfilis","fish",,1,,,TRUE,
218912,"Chordata","Teleostei","Carangaria incertae sedis","Polynemidae","Polydactylus","Polydactylus sextarius","fish",,3,,,TRUE,
276915,"Chordata","Teleostei","Carangaria incertae sedis","Polynemidae","Polynemus","Polynemus dubius","fish",,1,,,TRUE,
276918,"Chordata","Teleostei","Carangaria incertae sedis","Polynemidae","Polynemus","Polynemus paradiseus","fish",,3,,,TRUE,
345843,"Chordata","Teleostei","Carangaria incertae sedis","Sphyraenidae","Sphyraena","Sphyraena barracuda","fish",,1,,,TRUE,
127067,"Chordata","Teleostei","Carangaria incertae sedis","Sphyraenidae","Sphyraena","Sphyraena chrysotaenia","fish",,1,,,TRUE,
212047,"Chordata","Teleostei","Carangaria incertae sedis","Sphyraenidae","Sphyraena","Sphyraena forsteri","fish",,1,,,TRUE,
212045,"Chordata","Teleostei","Carangaria incertae sedis","Sphyraenidae","Sphyraena","Sphyraena jello","fish",,2,,,TRUE,
212056,"Chordata","Teleostei","Carangaria incertae sedis","Sphyraenidae","Sphyraena","Sphyraena obtusata","fish",,2,,,TRUE,
283020,"Chordata","Teleostei","Carangaria incertae sedis","Toxotidae","Toxotes","Toxotes chatareus","fish",,3,,,TRUE,
283021,"Chordata","Teleostei","Carangaria incertae sedis","Toxotidae","Toxotes","Toxotes jaculatrix","fish",,2,,,TRUE,
159629,"Chordata","Teleostei","Carangiformes","Carangidae","Alectis","Alectis ciliaris","fish",,2,,,TRUE,
401562,"Chordata","Teleostei","Carangiformes","Carangidae","Alectis","Alectis indica","fish",,3,,,TRUE,
126800,"Chordata","Teleostei","Carangiformes","Carangidae","Alepes","Alepes djedaba","fish",,2,,,TRUE,
273268,"Chordata","Teleostei","Carangiformes","Carangidae","Alepes","Alepes kleinii","fish",,1,,,TRUE,
273269,"Chordata","Teleostei","Carangiformes","Carangidae","Alepes","Alepes melanoptera","fish",,1,,,TRUE,
279823,"Chordata","Teleostei","Carangiformes","Carangidae","Atropus","Atropus atropos","fish",,2,,,TRUE,
218384,"Chordata","Teleostei","Carangiformes","Carangidae","Atule","Atule mate","fish",,2,,,TRUE,
218394,"Chordata","Teleostei","Carangiformes","Carangidae","Carangoides","Carangoides armatus","fish",,1,,,TRUE,
218396,"Chordata","Teleostei","Carangiformes","Carangidae","Carangoides","Carangoides chrysophrys","fish",,2,,,TRUE,
218386,"Chordata","Teleostei","Carangiformes","Carangidae","Carangoides","Carangoides hedlandensis","fish",,1,,,TRUE,
218397,"Chordata","Teleostei","Carangiformes","Carangidae","Carangoides","Carangoides malabaricus","fish",,3,,,TRUE,
126803,"Chordata","Teleostei","Carangiformes","Carangidae","Caranx","Caranx hippos","fish",,1,,,TRUE,
218414,"Chordata","Teleostei","Carangiformes","Carangidae","Caranx","Caranx ignobilis","fish",,3,,,TRUE,
218404,"Chordata","Teleostei","Carangiformes","Carangidae","Caranx","Caranx sexfasciatus","fish",,3,,,TRUE,
126846,"Chordata","Teleostei","Carangiformes","Coryphaenidae","Coryphaena","Coryphaena hippurus","fish",,2,,,TRUE,
218428,"Chordata","Teleostei","Carangiformes","Carangidae","Decapterus","Decapterus kurroides","fish",,1,,,TRUE,
218427,"Chordata","Teleostei","Carangiformes","Carangidae","Decapterus","Decapterus russelli","fish",,1,,,TRUE,
126809,"Chordata","Teleostei","Carangiformes","Carangidae","Elagatis","Elagatis bipinnulata","fish",,1,,,TRUE,
218430,"Chordata","Teleostei","Carangiformes","Carangidae","Megalaspis","Megalaspis cordyla","fish",,3,,,TRUE,
218431,"Chordata","Teleostei","Carangiformes","Carangidae","Parastromateus","Parastromateus niger","fish",,3,,,TRUE,
127006,"Chordata","Teleostei","Carangiformes","Rachycentridae","Rachycentron","Rachycentron canadum","fish",,2,,,TRUE,
126853,"Chordata","Teleostei","Carangiformes","Echeneidae","Remora","Remora remora","fish",,1,,,TRUE,
218432,"Chordata","Teleostei","Carangiformes","Carangidae","Scomberoides","Scomberoides commersonnianus","fish",,3,,,TRUE,
218434,"Chordata","Teleostei","Carangiformes","Carangidae","Scomberoides","Scomberoides lysan","fish",,2,,,TRUE,
277037,"Chordata","Teleostei","Carangiformes","Carangidae","Scomberoides","Scomberoides tala","fish",,4,,,TRUE,
218433,"Chordata","Teleostei","Carangiformes","Carangidae","Scomberoides","Scomberoides tol","fish",,1,,,TRUE,
126813,"Chordata","Teleostei","Carangiformes","Carangidae","Selar","Selar boops","fish",,1,,,TRUE,
159646,"Chordata","Teleostei","Carangiformes","Carangidae","Selar","Selar crumenophthalmus","fish",,2,,,TRUE,
218438,"Chordata","Teleostei","Carangiformes","Carangidae","Seriolina","Seriolina nigrofasciata","fish",,1,,,TRUE,
151169,"Chordata","Teleostei","Carangiformes","Carangidae","Trachinotus","Trachinotus blochii","fish",,2,,,TRUE,
218447,"Chordata","Teleostei","Carangiformes","Carangidae","Ulua","Ulua mentalis","fish",,1,,,TRUE,
218448,"Chordata","Teleostei","Carangiformes","Carangidae","Uraspis","Uraspis uraspis","fish",,1,,,TRUE,
218350,"Chordata","Teleostei","Centrarchiformes","Terapontidae","Terapon","Terapon jarbua","fish",,6,,,TRUE,
127078,"Chordata","Teleostei","Centrarchiformes","Terapontidae","Terapon","Terapon puta","fish",,2,,,TRUE,
218349,"Chordata","Teleostei","Centrarchiformes","Terapontidae","Terapon","Terapon theraps","fish",,3,,,TRUE,
279626,"Chordata","Teleostei","Clupeiformes","Dorosomatidae","Anodontostoma","Anodontostoma chacunda","fish",,3,,,TRUE,
279628,"Chordata","Teleostei","Clupeiformes","Dorosomatidae","Anodontostoma","Anodontostoma thailandiae","fish",,2,,,TRUE,
212257,"Chordata","Teleostei","Clupeiformes","Chirocentridae","Chirocentrus","Chirocentrus dorab","fish",,2,,,TRUE,
212258,"Chordata","Teleostei","Clupeiformes","Chirocentridae","Chirocentrus","Chirocentrus nudus","fish",,2,,,TRUE,
219979,"Chordata","Teleostei","Clupeiformes","Engraulidae","Coilia","Coilia dussumieri","fish",,3,,,TRUE,
279084,"Chordata","Teleostei","Clupeiformes","Engraulidae","Coilia","Coilia neglecta","fish",,3,,,TRUE,
279085,"Chordata","Teleostei","Clupeiformes","Engraulidae","Coilia","Coilia ramcarati","fish",,3,,,TRUE,
279087,"Chordata","Teleostei","Clupeiformes","Engraulidae","Coilia","Coilia reynaldi","fish",,2,,,TRUE,
280401,"Chordata","Teleostei","Clupeiformes","Ehiravidae","Corica","Corica soborna","fish",,2,,,TRUE,
126419,"Chordata","Teleostei","Clupeiformes","Dussumieriidae","Dussumieria","Dussumieria acuta","fish",,1,,,TRUE,
219980,"Chordata","Teleostei","Clupeiformes","Engraulidae","Encrasicholina","Encrasicholina heteroloba","fish",,1,,,TRUE,
280714,"Chordata","Teleostei","Clupeiformes","Dorosomatidae","Escualosa","Escualosa thoracata","fish",,3,,,TRUE,
280913,"Chordata","Teleostei","Clupeiformes","Dorosomatidae","Gonialosa","Gonialosa manmina","fish",,2,,,TRUE,
742989,"Chordata","Teleostei","Clupeiformes","Dorosomatidae","Gudusia","Gudusia chapra","fish",,3,,,TRUE,
212264,"Chordata","Teleostei","Clupeiformes","Dorosomatidae","Herklotsichthys","Herklotsichthys quadrimaculatus","fish",,1,,,TRUE,
212278,"Chordata","Teleostei","Clupeiformes","Dorosomatidae","Hilsa","Hilsa kelee","fish",,5,,,TRUE,
281160,"Chordata","Teleostei","Clupeiformes","Pristigasteridae","Ilisha","Ilisha elongata","fish",,1,,,TRUE,
281161,"Chordata","Teleostei","Clupeiformes","Pristigasteridae","Ilisha","Ilisha filigera","fish",,2,,,TRUE,
281163,"Chordata","Teleostei","Clupeiformes","Pristigasteridae","Ilisha","Ilisha kampeni","fish",,2,,,TRUE,
281166,"Chordata","Teleostei","Clupeiformes","Pristigasteridae","Ilisha","Ilisha megaloptera","fish",,3,,,TRUE,
281167,"Chordata","Teleostei","Clupeiformes","Pristigasteridae","Ilisha","Ilisha melastoma","fish",,3,,,TRUE,
281170,"Chordata","Teleostei","Clupeiformes","Pristigasteridae","Ilisha","Ilisha sirishae","fish",,1,,,TRUE,
278455,"Chordata","Teleostei","Clupeiformes","Dorosomatidae","Nematalosa","Nematalosa galatheae","fish",,1,,,TRUE,
217450,"Chordata","Teleostei","Clupeiformes","Dorosomatidae","Nematalosa","Nematalosa nasus","fish",,3,,,TRUE,
281923,"Chordata","Teleostei","Clupeiformes","Pristigasteridae","Opisthopterus","Opisthopterus tardoore","fish",,3,,,TRUE,
281924,"Chordata","Teleostei","Clupeiformes","Pristigasteridae","Opisthopterus","Opisthopterus valenciennesi","fish",,1,,,TRUE,
212279,"Chordata","Teleostei","Clupeiformes","Pristigasteridae","Pellona","Pellona ditchela","fish",,3,,,TRUE,
282538,"Chordata","Teleostei","Clupeiformes","Pristigasteridae","Raconda","Raconda russeliana","fish",,3,,,TRUE,
212274,"Chordata","Teleostei","Clupeiformes","Dorosomatidae","Sardinella","Sardinella brachysoma","fish",,1,,,TRUE,
272269,"Chordata","Teleostei","Clupeiformes","Dorosomatidae","Sardinella","Sardinella fimbriata","fish",,2,,,TRUE,
212277,"Chordata","Teleostei","Clupeiformes","Dorosomatidae","Sardinella","Sardinella gibbosa","fish",,2,,,TRUE,
212269,"Chordata","Teleostei","Clupeiformes","Dorosomatidae","Sardinella","Sardinella longiceps","fish",,1,,,TRUE,
212271,"Chordata","Teleostei","Clupeiformes","Dorosomatidae","Sardinella","Sardinella melanura","fish",,1,,,TRUE,
282767,"Chordata","Teleostei","Clupeiformes","Engraulidae","Setipinna","Setipinna phasa","fish",,3,,,TRUE,
282768,"Chordata","Teleostei","Clupeiformes","Engraulidae","Setipinna","Setipinna taty","fish",,3,,,TRUE,
282769,"Chordata","Teleostei","Clupeiformes","Engraulidae","Setipinna","Setipinna tenuifilis","fish",,3,,,TRUE,
275318,"Chordata","Teleostei","Clupeiformes","Engraulidae","Stolephorus","Stolephorus baganensis","fish",,2,,,TRUE,
152017,"Chordata","Teleostei","Clupeiformes","Engraulidae","Stolephorus","Stolephorus commersonnii","fish",,2,,,TRUE,
212280,"Chordata","Teleostei","Clupeiformes","Engraulidae","Stolephorus","Stolephorus indicus","fish",,3,,,TRUE,
275328,"Chordata","Teleostei","Clupeiformes","Engraulidae","Stolephorus","Stolephorus tri","fish",,1,,,TRUE,
278568,"Chordata","Teleostei","Clupeiformes","Dorosomatidae","Tenualosa","Tenualosa ilisha","fish",,5,,,TRUE,
217454,"Chordata","Teleostei","Clupeiformes","Dorosomatidae","Tenualosa","Tenualosa toli","fish","VU",3,,,TRUE,
275553,"Chordata","Teleostei","Clupeiformes","Engraulidae","Thryssa","Thryssa dussumieri","fish",,3,,,TRUE,
275554,"Chordata","Teleostei","Clupeiformes","Engraulidae","Thryssa","Thryssa gautamiensis","fish",,1,,,TRUE,
275555,"Chordata","Teleostei","Clupeiformes","Engraulidae","Thryssa","Thryssa hamiltonii","fish",,3,,,TRUE,
212288,"Chordata","Teleostei","Clupeiformes","Engraulidae","Thryssa","Thryssa malabarica","fish",,2,,,TRUE,
275561,"Chordata","Teleostei","Clupeiformes","Engraulidae","Thryssa","Thryssa purava","fish",,3,,,TRUE,
275564,"Chordata","Teleostei","Clupeiformes","Engraulidae","Thryssa","Thryssa stenosoma","fish",,1,,,TRUE,
280139,"Chordata","Teleostei","Cypriniformes","Cyprinidae","Chela","Chela cachius","fish",,1,,,TRUE,
298263,"Chordata","Teleostei","Cypriniformes","Cyprinidae","Esomus","Esomus danrica","fish",,2,,,TRUE,
281238,"Chordata","Teleostei","Cypriniformes","Cyprinidae","Labeo","Labeo calbasu","fish",,3,,,TRUE,
1605292,"Chordata","Teleostei","Cypriniformes","Cyprinidae","Labeo","Labeo catla","fish",,1,,,TRUE,
281240,"Chordata","Teleostei","Cypriniformes","Cyprinidae","Labeo","Labeo rohita","fish",,3,,,TRUE,
1011905,"Chordata","Teleostei","Cypriniformes","Cyprinidae","Laubuka","Laubuka laubuca","fish",,2,,,TRUE,
281291,"Chordata","Teleostei","Cypriniformes","Cobitidae","Lepidocephalichthys","Lepidocephalichthys guntea","fish",,3,,,TRUE,
1021907,"Chordata","Teleostei","Cypriniformes","Cyprinidae","Pethia","Pethia ticto","fish",,2,,,TRUE,
282514,"Chordata","Teleostei","Cypriniformes","Cyprinidae","Puntius","Puntius amphibius","fish",,2,,,TRUE,
282518,"Chordata","Teleostei","Cypriniformes","Cyprinidae","Puntius","Puntius sophore","fish",,2,,,TRUE,
282550,"Chordata","Teleostei","Cypriniformes","Cyprinidae","Rasbora","Rasbora daniconius","fish",,2,,,TRUE,
282551,"Chordata","Teleostei","Cypriniformes","Cyprinidae","Rasbora","Rasbora rasbora","fish",,1,,,TRUE,
282655,"Chordata","Teleostei","Cypriniformes","Cyprinidae","Salmostoma","Salmostoma bacaila","fish",,3,,,TRUE,
321753,"Chordata","Teleostei","Cypriniformes","Cyprinidae","Systomus","Systomus sarana","fish",,2,,,TRUE,
279652,"Chordata","Teleostei","Cyprinodontiformes","Aplocheilidae","Aplocheilus","Aplocheilus panchax","fish",,2,,,TRUE,
212252,"Chordata","Teleostei","Elopiformes","Elopidae","Elops","Elops machnata","fish",,3,,,TRUE,
212253,"Chordata","Teleostei","Elopiformes","Megalopidae","Megalops","Megalops cyprinoides","fish",,3,,,TRUE,
218588,"Chordata","Teleostei","Eupercaria incertae sedis","Sparidae","Acanthopagrus","Acanthopagrus berda","fish",,3,,,TRUE,
313008,"Chordata","Teleostei","Eupercaria incertae sedis","Sparidae","Acanthopagrus","Acanthopagrus datnia","fish",,2,,,TRUE,
218587,"Chordata","Teleostei","Eupercaria incertae sedis","Sparidae","Acanthopagrus","Acanthopagrus latus","fish",,2,,,TRUE,
1577311,"Chordata","Teleostei","Eupercaria incertae sedis","Sparidae","Acanthopagrus","Acanthopagrus morrisonae","fish",,2,,,TRUE,
218590,"Chordata","Teleostei","Eupercaria incertae sedis","Sparidae","Argyrops","Argyrops spinifer","fish",,1,,,TRUE,
218637,"Chordata","Teleostei","Eupercaria incertae sedis","Sciaenidae","Atrobucca","Atrobucca nibe","fish",,1,,,TRUE,
279856,"Chordata","Teleostei","Eupercaria incertae sedis","Sciaenidae","Bahaba","Bahaba chaptis","fish",,2,,,TRUE,
280181,"Chordata","Teleostei","Eupercaria incertae sedis","Sciaenidae","Chrysochir","Chrysochir aureus","fish",,3,,,TRUE,
280496,"Chordata","Teleostei","Eupercaria incertae sedis","Sciaenidae","Daysciaena","Daysciaena albida","fish",,2,,,TRUE,
280499,"Chordata","Teleostei","Eupercaria incertae sedis","Sciaenidae","Dendrophysa","Dendrophysa russelii","fish",,3,,,TRUE,
218524,"Chordata","Teleostei","Eupercaria incertae sedis","Gerreidae","Gerres","Gerres filamentosus","fish",,3,,,TRUE,
367242,"Chordata","Teleostei","Eupercaria incertae sedis","Gerreidae","Gerres","Gerres longirostris","fish",,1,,,TRUE,
218535,"Chordata","Teleostei","Eupercaria incertae sedis","Gerreidae","Gerres","Gerres oyena","fish",,2,,,TRUE,
276965,"Chordata","Teleostei","Eupercaria incertae sedis","Gerreidae","Gerres","Gerres phaiya","fish",,1,,,TRUE,
276967,"Chordata","Teleostei","Eupercaria incertae sedis","Gerreidae","Gerres","Gerres setifer","fish",,2,,,TRUE,
276099,"Chordata","Teleostei","Eupercaria incertae sedis","Sciaenidae","Johnius","Johnius belangerii","fish",,2,,,TRUE,
276100,"Chordata","Teleostei","Eupercaria incertae sedis","Sciaenidae","Johnius","Johnius borneensis","fish",,3,,,TRUE,
276103,"Chordata","Teleostei","Eupercaria incertae sedis","Sciaenidae","Johnius","Johnius carutta","fish",,2,,,TRUE,
276104,"Chordata","Teleostei","Eupercaria incertae sedis","Sciaenidae","Johnius","Johnius coitor","fish",,3,,,TRUE,
367241,"Chordata","Teleostei","Eupercaria incertae sedis","Sciaenidae","Johnius","Johnius dussumieri","fish",,4,,,TRUE,
276108,"Chordata","Teleostei","Eupercaria incertae sedis","Sciaenidae","Johnius","Johnius gangeticus","fish",,2,,,TRUE,
276116,"Chordata","Teleostei","Eupercaria incertae sedis","Sciaenidae","Johnius","Johnius macropterus","fish",,2,,,TRUE,
276117,"Chordata","Teleostei","Eupercaria incertae sedis","Sciaenidae","Johnius","Johnius macrorhynus","fish",,1,,,TRUE,
276123,"Chordata","Teleostei","Eupercaria incertae sedis","Sciaenidae","Johnius","Johnius plagiostoma","fish",,1,,,TRUE,
281216,"Chordata","Teleostei","Eupercaria incertae sedis","Sciaenidae","Kathala","Kathala axillaris","fish",,1,,,TRUE,
278636,"Chordata","Teleostei","Eupercaria incertae sedis","Lethrinidae","Lethrinus","Lethrinus ornatus","fish",,1,,,TRUE,
218498,"Chordata","Teleostei","Eupercaria incertae sedis","Lutjanidae","Lutjanus","Lutjanus argentimaculatus","fish",,2,,,TRUE,
218484,"Chordata","Teleostei","Eupercaria incertae sedis","Lutjanidae","Lutjanus","Lutjanus bengalensis","fish",,1,,,TRUE,
218475,"Chordata","Teleostei","Eupercaria incertae sedis","Lutjanidae","Lutjanus","Lutjanus fulvus","fish",,1,,,TRUE,
835109,"Chordata","Teleostei","Eupercaria incertae sedis","Lutjanidae","Lutjanus","Lutjanus indicus","fish",,1,,,TRUE,
218496,"Chordata","Teleostei","Eupercaria incertae sedis","Lutjanidae","Lutjanus","Lutjanus johnii","fish",,3,,,TRUE,
218481,"Chordata","Teleostei","Eupercaria incertae sedis","Lutjanidae","Lutjanus","Lutjanus malabaricus","fish",,1,,,TRUE,
218473,"Chordata","Teleostei","Eupercaria incertae sedis","Lutjanidae","Lutjanus","Lutjanus russellii","fish",,1,,,TRUE,
218487,"Chordata","Teleostei","Eupercaria incertae sedis","Lutjanidae","Lutjanus","Lutjanus sanguineus","fish",,1,,,TRUE,
281484,"Chordata","Teleostei","Eupercaria incertae sedis","Sciaenidae","Macrospinosa","Macrospinosa cuja","fish",,3,,,TRUE,
218517,"Chordata","Teleostei","Eupercaria incertae sedis","Nemipteridae","Nemipterus","Nemipterus bipunctatus","fish",,1,,,TRUE,
218515,"Chordata","Teleostei","Eupercaria incertae sedis","Nemipteridae","Nemipterus","Nemipterus japonicus","fish",,2,,,TRUE,
278128,"Chordata","Teleostei","Eupercaria incertae sedis","Nemipteridae","Nemipterus","Nemipterus nematophorus","fish",,1,,,TRUE,
218520,"Chordata","Teleostei","Eupercaria incertae sedis","Nemipteridae","Nemipterus","Nemipterus peronii","fish",,1,,,TRUE,
281749,"Chordata","Teleostei","Eupercaria incertae sedis","Sciaenidae","Nibea","Nibea coibor","fish",,1,,,TRUE,
281751,"Chordata","Teleostei","Eupercaria incertae sedis","Sciaenidae","Nibea","Nibea maculata","fish",,1,,,TRUE,
281755,"Chordata","Teleostei","Eupercaria incertae sedis","Sciaenidae","Nibea","Nibea soldado","fish",,2,,,TRUE,
277890,"Chordata","Teleostei","Eupercaria incertae sedis","Sciaenidae","Otolithes","Otolithes cuvieri","fish",,2,,,TRUE,
218641,"Chordata","Teleostei","Eupercaria incertae sedis","Sciaenidae","Otolithes","Otolithes ruber","fish",,2,,,TRUE,
281949,"Chordata","Teleostei","Eupercaria incertae sedis","Sciaenidae","Otolithoides","Otolithoides biauritus","fish",,3,,,TRUE,
281950,"Chordata","Teleostei","Eupercaria incertae sedis","Sciaenidae","Otolithoides","Otolithoides pama","fish",,3,,,TRUE,
281986,"Chordata","Teleostei","Eupercaria incertae sedis","Sciaenidae","Panna","Panna heterolepis","fish",,1,,,TRUE,
281987,"Chordata","Teleostei","Eupercaria incertae sedis","Sciaenidae","Panna","Panna microdon","fish",,3,,,TRUE,
1577346,"Chordata","Teleostei","Eupercaria incertae sedis","Sciaenidae","Pennahia","Pennahia aneus","fish",,2,,,TRUE,
282196,"Chordata","Teleostei","Eupercaria incertae sedis","Sciaenidae","Pennahia","Pennahia argentata","fish",,1,,,TRUE,
282197,"Chordata","Teleostei","Eupercaria incertae sedis","Sciaenidae","Pennahia","Pennahia macrocephalus","fish",,1,,,TRUE,
218506,"Chordata","Teleostei","Eupercaria incertae sedis","Lutjanidae","Pinjalo","Pinjalo pinjalo","fish",,1,,,TRUE,
218539,"Chordata","Teleostei","Eupercaria incertae sedis","Haemulidae","Plectorhinchus","Plectorhinchus gibbosus","fish",,1,,,TRUE,
218570,"Chordata","Teleostei","Eupercaria incertae sedis","Haemulidae","Pomadasys","Pomadasys argenteus","fish",,3,,,TRUE,
273499,"Chordata","Teleostei","Eupercaria incertae sedis","Haemulidae","Pomadasys","Pomadasys argyreus","fish",,1,,,TRUE,
218558,"Chordata","Teleostei","Eupercaria incertae sedis","Haemulidae","Pomadasys","Pomadasys furcatus","fish",,1,,,TRUE,
218566,"Chordata","Teleostei","Eupercaria incertae sedis","Haemulidae","Pomadasys","Pomadasys kaakan","fish",,1,,,TRUE,
218568,"Chordata","Teleostei","Eupercaria incertae sedis","Haemulidae","Pomadasys","Pomadasys maculatus","fish",,3,,,TRUE,
218360,"Chordata","Teleostei","Eupercaria incertae sedis","Priacanthidae","Priacanthus","Priacanthus hamrur","fish",,1,,,TRUE,
273768,"Chordata","Teleostei","Eupercaria incertae sedis","Priacanthidae","Priacanthus","Priacanthus tayenus","fish",,1,,,TRUE,
282382,"Chordata","Teleostei","Eupercaria incertae sedis","Sciaenidae","Protonibea","Protonibea diacanthus","fish","NT",3,,,TRUE,
273784,"Chordata","Teleostei","Eupercaria incertae sedis","Sciaenidae","Pseudotolithus","Pseudotolithus elongatus","fish",,1,,,TRUE,
282507,"Chordata","Teleostei","Eupercaria incertae sedis","Sciaenidae","Pterotolithus","Pterotolithus maculatus","fish",,3,,,TRUE,
218621,"Chordata","Teleostei","Eupercaria incertae sedis","Sparidae","Rhabdosargus","Rhabdosargus sarba","fish",,2,,,TRUE,
282792,"Chordata","Teleostei","Eupercaria incertae sedis","Sillaginidae","Sillaginopsis","Sillaginopsis panijus","fish",,3,,,TRUE,
127046,"Chordata","Teleostei","Eupercaria incertae sedis","Sillaginidae","Sillago","Sillago sihama","fish",,3,,,TRUE,
217740,"Chordata","Teleostei","Gadiformes","Bregmacerotidae","Bregmaceros","Bregmaceros mcclellandi","fish",,3,,,TRUE,
219372,"Chordata","Teleostei","Gobiiformes","Gobiidae","Acentrogobius","Acentrogobius caninus","fish",,1,,,TRUE,
219369,"Chordata","Teleostei","Gobiiformes","Gobiidae","Acentrogobius","Acentrogobius viridipunctatus","fish",,2,,,TRUE,
278968,"Chordata","Teleostei","Gobiiformes","Gobiidae","Amblyeleotris","Amblyeleotris gymnocephala","fish",,2,,,TRUE,
279575,"Chordata","Teleostei","Gobiiformes","Gobiidae","Amblyotrypauchen","Amblyotrypauchen arctocephalus","fish",,2,,,TRUE,
279661,"Chordata","Teleostei","Gobiiformes","Gobiidae","Apocryptes","Apocryptes bato","fish",,4,,,TRUE,
279662,"Chordata","Teleostei","Gobiiformes","Gobiidae","Apocryptodon","Apocryptodon madurensis","fish",,2,,,TRUE,
835071,"Chordata","Teleostei","Gobiiformes","Gobiidae","Awaouichthys","Awaouichthys menoni","fish",,2,,,TRUE,
209215,"Chordata","Teleostei","Gobiiformes","Gobiidae","Bathygobius","Bathygobius fuscus","fish",,2,,,TRUE,
279924,"Chordata","Teleostei","Gobiiformes","Gobiidae","Boleophthalmus","Boleophthalmus boddarti","fish",,4,,,TRUE,
279925,"Chordata","Teleostei","Gobiiformes","Gobiidae","Boleophthalmus","Boleophthalmus dussumieri","fish",,2,,,TRUE,
279978,"Chordata","Teleostei","Gobiiformes","Gobiidae","Brachygobius","Brachygobius nunus","fish",,3,,,TRUE,
219351,"Chordata","Teleostei","Gobiiformes","Eleotridae","Butis","Butis butis","fish",,3,,,TRUE,
278991,"Chordata","Teleostei","Gobiiformes","Eleotridae","Butis","Butis humeralis","fish",,2,,,TRUE,
219350,"Chordata","Teleostei","Gobiiformes","Eleotridae","Butis","Butis melanostigma","fish",,2,,,TRUE,
280036,"Chordata","Teleostei","Gobiiformes","Gobiidae","Caragobius","Caragobius urolepis","fish",,2,,,TRUE,
278095,"Chordata","Teleostei","Gobiiformes","Gobiidae","Drombus","Drombus globiceps","fish",,2,,,TRUE,
219356,"Chordata","Teleostei","Gobiiformes","Eleotridae","Eleotris","Eleotris fusca","fish",,5,,,TRUE,
277798,"Chordata","Teleostei","Gobiiformes","Eleotridae","Eleotris","Eleotris lutea","fish",,1,,,TRUE,
219353,"Chordata","Teleostei","Gobiiformes","Eleotridae","Eleotris","Eleotris melanosoma","fish",,2,,,TRUE,
318181,"Chordata","Teleostei","Gobiiformes","Eleotridae","Giuris","Giuris margaritaceus","fish",,2,,,TRUE,
219471,"Chordata","Teleostei","Gobiiformes","Gobiidae","Glossogobius","Glossogobius giuris","fish",,4,,,TRUE,
219476,"Chordata","Teleostei","Gobiiformes","Gobiidae","Gnatholepis","Gnatholepis cauerensis","fish",,2,,,TRUE,
277788,"Chordata","Teleostei","Gobiiformes","Gobiidae","Gobiopsis","Gobiopsis macrostoma","fish",,3,,,TRUE,
280901,"Chordata","Teleostei","Gobiiformes","Gobiidae","Gobiopterus","Gobiopterus chuno","fish",,3,,,TRUE,
281025,"Chordata","Teleostei","Gobiiformes","Gobiidae","Hemigobius","Hemigobius hoevenii","fish",,2,,,TRUE,
219505,"Chordata","Teleostei","Gobiiformes","Gobiidae","Istigobius","Istigobius ornatus","fish",,2,,,TRUE,
281820,"Chordata","Teleostei","Gobiiformes","Gobiidae","Odontamblyopus","Odontamblyopus rubicundus","fish",,3,,,TRUE,
281823,"Chordata","Teleostei","Gobiiformes","Eleotridae","Odonteleotris","Odonteleotris macrodon","fish",,2,,,TRUE,
219521,"Chordata","Teleostei","Gobiiformes","Gobiidae","Oligolepis","Oligolepis acutipennis","fish",,2,,,TRUE,
219359,"Chordata","Teleostei","Gobiiformes","Eleotridae","Ophiocara","Ophiocara porocephala","fish",,1,,,TRUE,
281951,"Chordata","Teleostei","Gobiiformes","Gobiidae","Oxuderces","Oxuderces dentatus","fish",,2,,,TRUE,
219534,"Chordata","Teleostei","Gobiiformes","Gobiidae","Parachaeturichthys","Parachaeturichthys polynema","fish",,2,,,TRUE,
282101,"Chordata","Teleostei","Gobiiformes","Gobiidae","Parapocryptes","Parapocryptes serperaster","fish",,2,,,TRUE,
398626,"Chordata","Teleostei","Gobiiformes","Gobiidae","Paratrypauchen","Paratrypauchen microcephalus","fish",,2,,,TRUE,
209262,"Chordata","Teleostei","Gobiiformes","Gobiidae","Periophthalmodon","Periophthalmodon schlosseri","fish",,3,,,TRUE,
278674,"Chordata","Teleostei","Gobiiformes","Gobiidae","Periophthalmodon","Periophthalmodon septemradiatus","fish",,4,1934,,TRUE,
209268,"Chordata","Teleostei","Gobiiformes","Gobiidae","Periophthalmus","Periophthalmus argentilineatus","fish",,2,,,TRUE,
277973,"Chordata","Teleostei","Gobiiformes","Gobiidae","Periophthalmus","Periophthalmus barbarus","fish",,2,,,TRUE,
277974,"Chordata","Teleostei","Gobiiformes","Gobiidae","Periophthalmus","Periophthalmus chrysospilos","fish",,1,,,TRUE,
209264,"Chordata","Teleostei","Gobiiformes","Gobiidae","Periophthalmus","Periophthalmus kalolo","fish",,2,,,TRUE,
277976,"Chordata","Teleostei","Gobiiformes","Gobiidae","Periophthalmus","Periophthalmus malaccensis","fish",,1,,,TRUE,
277979,"Chordata","Teleostei","Gobiiformes","Gobiidae","Periophthalmus","Periophthalmus novemradiatus","fish",,3,,,TRUE,
311366,"Chordata","Teleostei","Gobiiformes","Gobiidae","Periophthalmus","Periophthalmus variabilis","fish",,1,,,TRUE,
282402,"Chordata","Teleostei","Gobiiformes","Gobiidae","Pseudapocryptes","Pseudapocryptes borneensis","fish",,1,,,TRUE,
282403,"Chordata","Teleostei","Gobiiformes","Gobiidae","Pseudapocryptes","Pseudapocryptes elongatus","fish",,3,,,TRUE,
282483,"Chordata","Teleostei","Gobiiformes","Gobiidae","Pseudotrypauchen","Pseudotrypauchen multiradiatus","fish",,2,,,TRUE,
282671,"Chordata","Teleostei","Gobiiformes","Gobiidae","Scartelaos","Scartelaos histophorus","fish",,3,,,TRUE,
278617,"Chordata","Teleostei","Gobiiformes","Gobiidae","Stigmatogobius","Stigmatogobius sadanundio","fish",,4,,,TRUE,
277220,"Chordata","Teleostei","Gobiiformes","Gobiidae","Taenioides","Taenioides anguillaris","fish",,2,,,TRUE,
277221,"Chordata","Teleostei","Gobiiformes","Gobiidae","Taenioides","Taenioides buchanani","fish",,3,,,TRUE,
277223,"Chordata","Teleostei","Gobiiformes","Gobiidae","Taenioides","Taenioides cirratus","fish",,5,,,TRUE,
277224,"Chordata","Teleostei","Gobiiformes","Gobiidae","Taenioides","Taenioides eruptionis","fish",,1,,,TRUE,
219593,"Chordata","Teleostei","Gobiiformes","Gobiidae","Trypauchen","Trypauchen vagina","fish",,3,,,TRUE,
283066,"Chordata","Teleostei","Gobiiformes","Gobiidae","Trypauchenichthys","Trypauchenichthys sumatrensis","fish",,2,,,TRUE,
283067,"Chordata","Teleostei","Gobiiformes","Gobiidae","Trypauchenichthys","Trypauchenichthys typus","fish",,1,,,TRUE,
283211,"Chordata","Teleostei","Gobiiformes","Gobiidae","Zappa","Zappa confluentus","fish",,1,,,TRUE,
217625,"Chordata","Teleostei","Gonorynchiformes","Chanidae","Chanos","Chanos chanos","fish",,1,,,TRUE,
281237,"Chordata","Teleostei","Kurtiformes","Kurtidae","Kurtus","Kurtus indicus","fish",,3,,,TRUE,
712656,"Chordata","Teleostei","Kurtiformes","Apogonidae","Ostorhinchus","Ostorhinchus fasciatus","fish",,1,,,TRUE,
713308,"Chordata","Teleostei","Kurtiformes","Apogonidae","Ostorhinchus","Ostorhinchus septemstriatus","fish",,1,,,TRUE,
217845,"Chordata","Teleostei","Lophiiformes","Antennariidae","Antennarius","Antennarius hispidus","fish",,2,,,TRUE,
1042834,"Chordata","Teleostei","Mugiliformes","Mugilidae","Crenimugil","Crenimugil buchanani","fish",,2,,,TRUE,
1043477,"Chordata","Teleostei","Mugiliformes","Mugilidae","Crenimugil","Crenimugil seheli","fish",,2,,,TRUE,
218878,"Chordata","Teleostei","Mugiliformes","Mugilidae","Ellochelon","Ellochelon vaigiensis","fish",,2,,,TRUE,
126983,"Chordata","Teleostei","Mugiliformes","Mugilidae","Mugil","Mugil cephalus","fish",,3,,,TRUE,
1042879,"Chordata","Teleostei","Mugiliformes","Mugilidae","Osteomugil","Osteomugil cunnesius","fish",,3,,,TRUE,
1509482,"Chordata","Teleostei","Mugiliformes","Mugilidae","Osteomugil","Osteomugil speigleri","fish",,3,,,TRUE,
398552,"Chordata","Teleostei","Mugiliformes","Mugilidae","Paramugil","Paramugil parmatus","fish",,2,,,TRUE,
1043424,"Chordata","Teleostei","Mugiliformes","Mugilidae","Planiliza","Planiliza macrolepis","fish",,2,,,TRUE,
1509596,"Chordata","Teleostei","Mugiliformes","Mugilidae","Planiliza","Planiliza melinoptera","fish",,1,,,TRUE,
1509460,"Chordata","Teleostei","Mugiliformes","Mugilidae","Planiliza","Planiliza parsia","fish",,4,,,TRUE,
1509464,"Chordata","Teleostei","Mugiliformes","Mugilidae","Planiliza","Planiliza planiceps","fish",,1,,,TRUE,
1043426,"Chordata","Teleostei","Mugiliformes","Mugilidae","Planiliza","Planiliza subviridis","fish",,7,,,TRUE,
1509578,"Chordata","Teleostei","Mugiliformes","Mugilidae","Planiliza","Planiliza tade","fish",,4,,,TRUE,
282586,"Chordata","Teleostei","Mugiliformes","Mugilidae","Rhinomugil","Rhinomugil corsula","fish",,3,,,TRUE,
218669,"Chordata","Teleostei","Mulliformes","Mullidae","Parupeneus","Parupeneus forsskali","fish",,1,,,TRUE,
218657,"Chordata","Teleostei","Mulliformes","Mullidae","Parupeneus","Parupeneus heptacanthus","fish",,1,,,TRUE,
218658,"Chordata","Teleostei","Mulliformes","Mullidae","Parupeneus","Parupeneus indicus","fish",,1,,,TRUE,
126989,"Chordata","Teleostei","Mulliformes","Mullidae","Upeneus","Upeneus moluccensis","fish",,1,,,TRUE,
218690,"Chordata","Teleostei","Mulliformes","Mullidae","Upeneus","Upeneus sulphureus","fish",,1,,,TRUE,
218685,"Chordata","Teleostei","Mulliformes","Mullidae","Upeneus","Upeneus taeniopterus","fish",,1,,,TRUE,
218691,"Chordata","Teleostei","Mulliformes","Mullidae","Upeneus","Upeneus vittatus","fish",,1,,,TRUE,
281795,"Chordata","Teleostei","Osteoglossiformes","Notopteridae","Notopterus","Notopterus notopterus","fish",,2,,,TRUE,
277735,"Chordata","Teleostei","Ovalentaria incertae sedis","Ambassidae","Ambassis","Ambassis kopsii","fish",,2,,,TRUE,
277739,"Chordata","Teleostei","Ovalentaria incertae sedis","Ambassidae","Ambassis","Ambassis nalua","fish",,2,,,TRUE,
277036,"Chordata","Teleostei","Ovalentaria incertae sedis","Ambassidae","Chanda","Chanda nama","fish",,3,,,TRUE,
282071,"Chordata","Teleostei","Ovalentaria incertae sedis","Ambassidae","Parambassis","Parambassis lala","fish","NT",1,,,TRUE,
282072,"Chordata","Teleostei","Ovalentaria incertae sedis","Ambassidae","Parambassis","Parambassis ranga","fish",,3,,,TRUE,
159251,"Chordata","Teleostei","Perciformes","Uranoscopidae","Astroscopus","Astroscopus guttatus","fish",,1,,,TRUE,
218184,"Chordata","Teleostei","Perciformes","Serranidae","Cephalopholis","Cephalopholis miniata","fish",,1,,,TRUE,
398453,"Chordata","Teleostei","Perciformes","Platycephalidae","Cociella","Cociella crocodilus","fish",,1,,,TRUE,
218136,"Chordata","Teleostei","Perciformes","Platycephalidae","Cociella","Cociella punctata","fish",,1,,,TRUE,
280490,"Chordata","Teleostei","Perciformes","Datnioididae","Datnioides","Datnioides polota","fish",,3,,,TRUE,
218200,"Chordata","Teleostei","Perciformes","Serranidae","Epinephelus","Epinephelus coioides","fish",,2,,,TRUE,
273850,"Chordata","Teleostei","Perciformes","Serranidae","Epinephelus","Epinephelus erythrurus","fish",,1,,,TRUE,
218207,"Chordata","Teleostei","Perciformes","Serranidae","Epinephelus","Epinephelus fasciatus","fish",,1,,,TRUE,
218224,"Chordata","Teleostei","Perciformes","Serranidae","Epinephelus","Epinephelus lanceolatus","fish",,3,,,TRUE,
218206,"Chordata","Teleostei","Perciformes","Serranidae","Epinephelus","Epinephelus malabaricus","fish",,2,,,TRUE,
218205,"Chordata","Teleostei","Perciformes","Serranidae","Epinephelus","Epinephelus tauvina","fish",,2,,,TRUE,
278548,"Chordata","Teleostei","Perciformes","Platycephalidae","Grammoplites","Grammoplites scaber","fish",,2,,,TRUE,
281148,"Chordata","Teleostei","Perciformes","Uranoscopidae","Ichthyscopus","Ichthyscopus lebeck","fish",,2,,,TRUE,
218141,"Chordata","Teleostei","Perciformes","Platycephalidae","Kumococius","Kumococius rodericensis","fish",,1,,,TRUE,
215617,"Chordata","Teleostei","Perciformes","Synanceiidae","Minous","Minous coccineus","fish",,1,,,TRUE,
215615,"Chordata","Teleostei","Perciformes","Synanceiidae","Minous","Minous monodactylus","fish",,1,,,TRUE,
277743,"Chordata","Teleostei","Perciformes","Synanceiidae","Minous","Minous pictus","fish",,1,,,TRUE,
127234,"Chordata","Teleostei","Perciformes","Platycephalidae","Platycephalus","Platycephalus indicus","fish",,3,,,TRUE,
218077,"Chordata","Teleostei","Perciformes","Scorpaenidae","Pterois","Pterois miles","fish",,1,,,TRUE,
218082,"Chordata","Teleostei","Perciformes","Scorpaenidae","Pterois","Pterois russelii","fish",,1,,,TRUE,
218150,"Chordata","Teleostei","Perciformes","Platycephalidae","Rogadius","Rogadius asper","fish",,1,,,TRUE,
218146,"Chordata","Teleostei","Perciformes","Platycephalidae","Rogadius","Rogadius pristiger","fish",,1,,,TRUE,
283026,"Chordata","Teleostei","Perciformes","Synanceiidae","Trachicephalus","Trachicephalus uranoscopus","fish",,1,,,TRUE,
274034,"Chordata","Teleostei","Perciformes","Uranoscopidae","Uranoscopus","Uranoscopus cognatus","fish",,2,,,TRUE,
274039,"Chordata","Teleostei","Perciformes","Uranoscopidae","Uranoscopus","Uranoscopus guttatus","fish",,1,,,TRUE,
279967,"Chordata","Teleostei","Pleuronectiformes","Soleidae","Brachirus","Brachirus orientalis","fish",,1,,,TRUE,
279968,"Chordata","Teleostei","Pleuronectiformes","Soleidae","Brachirus","Brachirus pan","fish",,3,,,TRUE,
279986,"Chordata","Teleostei","Pleuronectiformes","Citharidae","Brachypleura","Brachypleura novaezeelandiae","fish",,1,,,TRUE,
274193,"Chordata","Teleostei","Pleuronectiformes","Cynoglossidae","Cynoglossus","Cynoglossus arel","fish",,3,,,TRUE,
219846,"Chordata","Teleostei","Pleuronectiformes","Cynoglossidae","Cynoglossus","Cynoglossus bilineatus","fish",,1,,,TRUE,
274198,"Chordata","Teleostei","Pleuronectiformes","Cynoglossidae","Cynoglossus","Cynoglossus cynoglossus","fish",,3,,,TRUE,
219856,"Chordata","Teleostei","Pleuronectiformes","Cynoglossidae","Cynoglossus","Cynoglossus kopsii","fish",,1,,,TRUE,
219857,"Chordata","Teleostei","Pleuronectiformes","Cynoglossidae","Cynoglossus","Cynoglossus lida","fish",,1,,,TRUE,
154722,"Chordata","Teleostei","Pleuronectiformes","Cynoglossidae","Cynoglossus","Cynoglossus lingua","fish",,3,,,TRUE,
274211,"Chordata","Teleostei","Pleuronectiformes","Cynoglossidae","Cynoglossus","Cynoglossus macrostomus","fish","VU",2,,,TRUE,
274220,"Chordata","Teleostei","Pleuronectiformes","Cynoglossidae","Cynoglossus","Cynoglossus puncticeps","fish",,3,,,TRUE,
274224,"Chordata","Teleostei","Pleuronectiformes","Cynoglossidae","Cynoglossus","Cynoglossus semifasciatus","fish",,1,,,TRUE,
278105,"Chordata","Teleostei","Pleuronectiformes","Soleidae","Heteromycteris","Heteromycteris oculus","fish",,1,,,TRUE,
219858,"Chordata","Teleostei","Pleuronectiformes","Cynoglossidae","Paraplagusia","Paraplagusia bilineata","fish",,3,,,TRUE,
276823,"Chordata","Teleostei","Pleuronectiformes","Psettodidae","Psettodes","Psettodes belcheri","fish",,1,,,TRUE,
219788,"Chordata","Teleostei","Pleuronectiformes","Psettodidae","Psettodes","Psettodes erumei","fish",,2,,,TRUE,
220051,"Chordata","Teleostei","Pleuronectiformes","Paralichthyidae","Pseudorhombus","Pseudorhombus arsius","fish",,3,,,TRUE,
220052,"Chordata","Teleostei","Pleuronectiformes","Paralichthyidae","Pseudorhombus","Pseudorhombus elevatus","fish",,3,,,TRUE,
277079,"Chordata","Teleostei","Pleuronectiformes","Paralichthyidae","Pseudorhombus","Pseudorhombus javanicus","fish",,3,,,TRUE,
277082,"Chordata","Teleostei","Pleuronectiformes","Paralichthyidae","Pseudorhombus","Pseudorhombus malayanus","fish",,2,,,TRUE,
277094,"Chordata","Teleostei","Pleuronectiformes","Paralichthyidae","Pseudorhombus","Pseudorhombus triocellatus","fish",,1,,,TRUE,
274244,"Chordata","Teleostei","Pleuronectiformes","Cynoglossidae","Symphurus","Symphurus gilesii","fish",,1,,,TRUE,
274278,"Chordata","Teleostei","Pleuronectiformes","Cynoglossidae","Symphurus","Symphurus trifasciatus","fish",,1,,,TRUE,
274313,"Chordata","Teleostei","Pleuronectiformes","Soleidae","Synaptura","Synaptura albomaculata","fish",,2,,,TRUE,
274315,"Chordata","Teleostei","Pleuronectiformes","Soleidae","Synaptura","Synaptura commersonnii","fish",,3,,,TRUE,
277577,"Chordata","Teleostei","Pleuronectiformes","Soleidae","Zebrias","Zebrias altipinnis","fish",,2,,,TRUE,
219838,"Chordata","Teleostei","Pleuronectiformes","Soleidae","Zebrias","Zebrias quagga","fish",,1,,,TRUE,
127015,"Chordata","Teleostei","Scombriformes","Scombridae","Auxis","Auxis rochei","fish",,1,,,TRUE,
280751,"Chordata","Teleostei","Scombriformes","Trichiuridae","Eupleurogrammus","Eupleurogrammus glossodon","fish",,1,,,TRUE,
280752,"Chordata","Teleostei","Scombriformes","Trichiuridae","Eupleurogrammus","Eupleurogrammus muticus","fish",,3,,,TRUE,
219708,"Chordata","Teleostei","Scombriformes","Scombridae","Euthynnus","Euthynnus affinis","fish",,1,,,TRUE,
281332,"Chordata","Teleostei","Scombriformes","Trichiuridae","Lepturacanthus","Lepturacanthus pantului","fish",,2,,,TRUE,
281334,"Chordata","Teleostei","Scombriformes","Trichiuridae","Lepturacanthus","Lepturacanthus savala","fish",,3,,,TRUE,
127075,"Chordata","Teleostei","Scombriformes","Stromateidae","Pampus","Pampus argenteus","fish",,3,,,TRUE,
273993,"Chordata","Teleostei","Scombriformes","Stromateidae","Pampus","Pampus chinensis","fish",,3,,,TRUE,
273807,"Chordata","Teleostei","Scombriformes","Scombridae","Rastrelliger","Rastrelliger brachysoma","fish",,1,,,TRUE,
273808,"Chordata","Teleostei","Scombriformes","Scombridae","Rastrelliger","Rastrelliger faughni","fish",,1,,,TRUE,
127020,"Chordata","Teleostei","Scombriformes","Scombridae","Rastrelliger","Rastrelliger kanagurta","fish",,2,,,TRUE,
219713,"Chordata","Teleostei","Scombriformes","Scombridae","Sarda","Sarda orientalis","fish",,1,,,TRUE,
127024,"Chordata","Teleostei","Scombriformes","Scombridae","Scomberomorus","Scomberomorus commerson","fish","NT",2,,,TRUE,
219716,"Chordata","Teleostei","Scombriformes","Scombridae","Scomberomorus","Scomberomorus guttatus","fish",,3,,,TRUE,
273814,"Chordata","Teleostei","Scombriformes","Scombridae","Scomberomorus","Scomberomorus lineolatus","fish",,1,,,TRUE,
274022,"Chordata","Teleostei","Scombriformes","Trichiuridae","Trichiurus","Trichiurus gangeticus","fish",,2,,,TRUE,
127089,"Chordata","Teleostei","Scombriformes","Trichiuridae","Trichiurus","Trichiurus lepturus","fish",,3,,,TRUE,
279526,"Chordata","Teleostei","Siluriformes","Schilbeidae","Ailia","Ailia coila","fish","NT",3,,,TRUE,
275569,"Chordata","Teleostei","Siluriformes","Ariidae","Arius","Arius arius","fish",,3,,,TRUE,
275572,"Chordata","Teleostei","Siluriformes","Ariidae","Arius","Arius gagora","fish","NT",3,,,TRUE,
275575,"Chordata","Teleostei","Siluriformes","Ariidae","Arius","Arius jella","fish",,2,,,TRUE,
275578,"Chordata","Teleostei","Siluriformes","Ariidae","Arius","Arius maculatus","fish",,2,,,TRUE,
214564,"Chordata","Teleostei","Siluriformes","Ariidae","Arius","Arius venosus","fish",,1,,,TRUE,
279855,"Chordata","Teleostei","Siluriformes","Sisoridae","Bagarius","Bagarius bagarius","fish","NT",3,,,TRUE,
279878,"Chordata","Teleostei","Siluriformes","Ariidae","Batrachocephalus","Batrachocephalus mino","fish",,2,,,TRUE,
280073,"Chordata","Teleostei","Siluriformes","Ariidae","Cephalocassis","Cephalocassis jatia","fish",,2,,,TRUE,
280201,"Chordata","Teleostei","Siluriformes","Clariidae","Clarias","Clarias batrachus","fish",,1,,,TRUE,
280225,"Chordata","Teleostei","Siluriformes","Schilbeidae","Clupisoma","Clupisoma garua","fish",,2,,,TRUE,
280759,"Chordata","Teleostei","Siluriformes","Schilbeidae","Eutropiichthys","Eutropiichthys vacha","fish",,2,,,TRUE,
280806,"Chordata","Teleostei","Siluriformes","Sisoridae","Gagata","Gagata cenia","fish",,1,,,TRUE,
280807,"Chordata","Teleostei","Siluriformes","Sisoridae","Gagata","Gagata gagata","fish",,3,,,TRUE,
281072,"Chordata","Teleostei","Siluriformes","Heteropneustidae","Heteropneustes","Heteropneustes fossilis","fish",,3,,,TRUE,
281076,"Chordata","Teleostei","Siluriformes","Ariidae","Hexanematichthys","Hexanematichthys sagor","fish",,2,,,TRUE,
281615,"Chordata","Teleostei","Siluriformes","Bagridae","Mystus","Mystus cavasius","fish",,2,,,TRUE,
281616,"Chordata","Teleostei","Siluriformes","Bagridae","Mystus","Mystus gulio","fish",,3,,,TRUE,
281620,"Chordata","Teleostei","Siluriformes","Bagridae","Mystus","Mystus vittatus","fish",,2,,,TRUE,
281661,"Chordata","Teleostei","Siluriformes","Ariidae","Nemapteryx","Nemapteryx caelata","fish",,2,,,TRUE,
281662,"Chordata","Teleostei","Siluriformes","Ariidae","Nemapteryx","Nemapteryx macronotacantha","fish",,1,,,TRUE,
281663,"Chordata","Teleostei","Siluriformes","Ariidae","Nemapteryx","Nemapteryx nenga","fish",,2,,,TRUE,
281743,"Chordata","Teleostei","Siluriformes","Ariidae","Netuma","Netuma bilineata","fish",,1,,,TRUE,
281745,"Chordata","Teleostei","Siluriformes","Ariidae","Netuma","Netuma thalassina","fish",,3,,,TRUE,
281881,"Chordata","Teleostei","Siluriformes","Siluridae","Ompok","Ompok bimaculatus","fish","NT",2,,,TRUE,
281947,"Chordata","Teleostei","Siluriformes","Ariidae","Osteogeneiosus","Osteogeneiosus militaris","fish",,2,,,TRUE,
319960,"Chordata","Teleostei","Siluriformes","Sisoridae","Pachypterus","Pachypterus atherinoides","fish",,2,,,TRUE,
281982,"Chordata","Teleostei","Siluriformes","Pangasiidae","Pangasius","Pangasius pangasius","fish",,3,,,TRUE,
282297,"Chordata","Teleostei","Siluriformes","Ariidae","Plicofollis","Plicofollis dussumieri","fish",,2,,,TRUE,
1043427,"Chordata","Teleostei","Siluriformes","Ariidae","Plicofollis","Plicofollis layardi","fish",,1,,,TRUE,
282299,"Chordata","Teleostei","Siluriformes","Ariidae","Plicofollis","Plicofollis platystomus","fish",,3,,,TRUE,
278694,"Chordata","Teleostei","Siluriformes","Plotosidae","Plotosus","Plotosus canius","fish",,4,,,TRUE,
217659,"Chordata","Teleostei","Siluriformes","Plotosidae","Plotosus","Plotosus lineatus","fish",,2,,,TRUE,
315580,"Chordata","Teleostei","Siluriformes","Ariidae","Sciades","Sciades sona","fish",,3,,,TRUE,
282793,"Chordata","Teleostei","Siluriformes","Schilbeidae","Silonia","Silonia silondia","fish",,3,,,TRUE,
1495483,"Chordata","Teleostei","Siluriformes","Bagridae","Sperata","Sperata aorides","fish",,1,,,TRUE,
282836,"Chordata","Teleostei","Siluriformes","Bagridae","Sperata","Sperata seenghala","fish",,2,,,TRUE,
283161,"Chordata","Teleostei","Siluriformes","Siluridae","Wallago","Wallago attu","fish","VU",2,,,TRUE,
281479,"Chordata","Teleostei","Synbranchiformes","Mastacembelidae","Macrognathus","Macrognathus aculeatus","fish",,1,,,TRUE,
281480,"Chordata","Teleostei","Synbranchiformes","Mastacembelidae","Macrognathus","Macrognathus aral","fish",,2,,,TRUE,
281481,"Chordata","Teleostei","Synbranchiformes","Mastacembelidae","Macrognathus","Macrognathus pancalus","fish",,4,,,TRUE,
281527,"Chordata","Teleostei","Synbranchiformes","Mastacembelidae","Mastacembelus","Mastacembelus armatus","fish",,2,,,TRUE,
281591,"Chordata","Teleostei","Synbranchiformes","Synbranchidae","Monopterus","Monopterus cuchia","fish",,3,,,TRUE,
281912,"Chordata","Teleostei","Synbranchiformes","Synbranchidae","Ophisternon","Ophisternon bengalense","fish",,1,,,TRUE,
159439,"Chordata","Teleostei","Syngnathiformes","Fistulariidae","Fistularia","Fistularia petimba","fish",,2,,,TRUE,
218016,"Chordata","Teleostei","Syngnathiformes","Syngnathidae","Hippichthys","Hippichthys spicifer","fish",,1,,,TRUE,
212237,"Chordata","Teleostei","Syngnathiformes","Syngnathidae","Hippocampus","Hippocampus kuda","fish","VU",1,,,TRUE,
281144,"Chordata","Teleostei","Syngnathiformes","Syngnathidae","Ichthyocampus","Ichthyocampus carce","fish",,2,,,TRUE,
276237,"Chordata","Teleostei","Syngnathiformes","Syngnathidae","Microphis","Microphis cuncalus","fish",,1,,,TRUE,
219873,"Chordata","Teleostei","Tetraodontiformes","Balistidae","Abalistes","Abalistes stellatus","fish",,1,,,TRUE,
219931,"Chordata","Teleostei","Tetraodontiformes","Tetraodontidae","Arothron","Arothron immaculatus","fish",,1,,,TRUE,
219921,"Chordata","Teleostei","Tetraodontiformes","Tetraodontidae","Arothron","Arothron nigropunctatus","fish",,1,,,TRUE,
219928,"Chordata","Teleostei","Tetraodontiformes","Tetraodontidae","Arothron","Arothron stellatus","fish",,3,,,TRUE,
307068,"Chordata","Teleostei","Tetraodontiformes","Balistidae","Canthidermis","Canthidermis rotundatus","fish",,1,,,TRUE,
1591143,"Chordata","Teleostei","Tetraodontiformes","Tetraodontidae","Chelonodontops","Chelonodontops patoca","fish",,3,,,TRUE,
1013871,"Chordata","Teleostei","Tetraodontiformes","Tetraodontidae","Dichotomyctere","Dichotomyctere fluviatilis","fish",,4,,,TRUE,
127403,"Chordata","Teleostei","Tetraodontiformes","Diodontidae","Diodon","Diodon hystrix","fish",,1,,,TRUE,
219956,"Chordata","Teleostei","Tetraodontiformes","Tetraodontidae","Lagocephalus","Lagocephalus guentheri","fish",,1,,,TRUE,
219955,"Chordata","Teleostei","Tetraodontiformes","Tetraodontidae","Lagocephalus","Lagocephalus inermis","fish",,1,,,TRUE,
219957,"Chordata","Teleostei","Tetraodontiformes","Tetraodontidae","Lagocephalus","Lagocephalus lunaris","fish",,3,,,TRUE,
219954,"Chordata","Teleostei","Tetraodontiformes","Tetraodontidae","Lagocephalus","Lagocephalus sceleratus","fish",,1,,,TRUE,
1022504,"Chordata","Teleostei","Tetraodontiformes","Tetraodontidae","Leiodon","Leiodon cutcutia","fish",,4,,,TRUE,
403462,"Chordata","Teleostei","Tetraodontiformes","Ostraciidae","Ostracion","Ostracion cubicum","fish",,1,,,TRUE,
282479,"Chordata","Teleostei","Tetraodontiformes","Triacanthidae","Pseudotriacanthus","Pseudotriacanthus strigilifer","fish",,3,,,TRUE,
219914,"Chordata","Teleostei","Tetraodontiformes","Ostraciidae","Rhynchostracion","Rhynchostracion nasus","fish",,1,,,TRUE,
219959,"Chordata","Teleostei","Tetraodontiformes","Tetraodontidae","Takifugu","Takifugu oblongus","fish",,3,,,TRUE,
283034,"Chordata","Teleostei","Tetraodontiformes","Triacanthidae","Triacanthus","Triacanthus biaculeatus","fish",,3,,,TRUE,
283059,"Chordata","Teleostei","Tetraodontiformes","Triacanthidae","Trixiphichthys","Trixiphichthys weberi","fish",,1,,,TRUE,
