"AphiaID","phylum","class","order","family","genus","species","group","redlist_category","records","max_year","target_gene","source_obis","source_dna"
217352,"Chordata","Elasmobranchii","Carcharhiniformes","Carcharhinidae","Carcharhinus","Carcharhinus albimarginatus","fish","VU",2,,,TRUE,
217350,"Chordata","Elasmobranchii","Carcharhiniformes","Carcharhinidae","Carcharhinus","Carcharhinus amblyrhynchoides","fish","VU",1,,,TRUE,
217337,"Chordata","Elasmobranchii","Carcharhiniformes","Carcharhinidae","Carcharhinus","Carcharhinus amblyrhynchos","fish","EN",3,2014,,TRUE,
105788,"Chordata","Elasmobranchii","Carcharhiniformes","Carcharhinidae","Carcharhinus","Carcharhinus brevipinna","fish","VU",1,2014,,TRUE,
105789,"Chordata","Elasmobranchii","Carcharhiniformes","Carcharhinidae","Carcharhinus","Carcharhinus falciformis","fish","VU",2,,,TRUE,
105794,"Chordata","Elasmobranchii","Carcharhiniformes","Carcharhinidae","Carcharhinus","Carcharhinus longimanus","fish","CR",1,,,TRUE,
105795,"Chordata","Elasmobranchii","Carcharhiniformes","Carcharhinidae","Carcharhinus","Carcharhinus melanopterus","fish","VU",2,,,TRUE,
105799,"Chordata","Elasmobranchii","Carcharhiniformes","Carcharhinidae","Galeocerdo","Galeocerdo cuvier","fish","NT",2,,,TRUE,
105816,"Chordata","Elasmobranchii","Carcharhiniformes","Sphyrnidae","Sphyrna","Sphyrna lewini","fish","CR",2,,,TRUE,
105817,"Chordata","Elasmobranchii","Carcharhiniformes","Sphyrnidae","Sphyrna","Sphyrna mokarran","fish","CR",1,,,TRUE,
214557,"Chordata","Elasmobranchii","Carcharhiniformes","Carcharhinidae","Triaenodon","Triaenodon obesus","fish","VU",2,,,TRUE,
105834,"Chordata","Elasmobranchii","Hexanchiformes","Hexanchidae","Hexanchus","Hexanchus nakamurai","fish","NT",1,2014,,TRUE,
220019,"Chordata","Elasmobranchii","Lamniformes","Alopiidae","Alopias","Alopias pelagicus","fish","EN",1,,,TRUE,
278243,"Chordata","Elasmobranchii","Myliobatiformes","Myliobatidae","Aetobatus","Aetobatus ocellatus","fish","VU",1,,,TRUE,
1042871,"Chordata","Elasmobranchii","Myliobatiformes","Myliobatidae","Mobula","Mobula alfredi","fish","VU",1,,,TRUE,
1026118,"Chordata","Elasmobranchii","Myliobatiformes","Myliobatidae","Mobula","Mobula birostris","fish","EN",1,,,TRUE,
217436,"Chordata","Elasmobranchii","Myliobatiformes","Myliobatidae","Mobula","Mobula kuhlii","fish","EN",1,,,TRUE,
105859,"Chordata","Elasmobranchii","Myliobatiformes","Myliobatidae","Mobula","Mobula tarapacana","fish","EN",1,,,TRUE,
217430,"Chordata","Elasmobranchii","Myliobatiformes","Myliobatidae","Mobula","Mobula thurstoni","fish","EN",1,,,TRUE,
398330,"Chordata","Elasmobranchii","Myliobatiformes","Dasyatidae","Neotrygon","Neotrygon kuhlii","fish",,1,,,TRUE,
1043416,"Chordata","Elasmobranchii","Myliobatiformes","Dasyatidae","Pateobatis","Pateobatis fai","fish","VU",1,,,TRUE,
217422,"Chordata","Elasmobranchii","Myliobatiformes","Dasyatidae","Taeniura","Taeniura lymma","fish","NT",1,,,TRUE,
712972,"Chordata","Elasmobranchii","Myliobatiformes","Dasyatidae","Taeniurops","Taeniurops meyeni","fish","VU",2,,,TRUE,
217424,"Chordata","Elasmobranchii","Myliobatiformes","Dasyatidae","Urogymnus","Urogymnus asperrimus","fish","VU",1,,,TRUE,
220030,"Chordata","Elasmobranchii","Orectolobiformes","Ginglymostomatidae","Nebrius","Nebrius ferrugineus","fish","VU",2,,,TRUE,
105847,"Chordata","Elasmobranchii","Orectolobiformes","Rhincodontidae","Rhincodon","Rhincodon typus","fish","EN",6,2014,,TRUE,
313100,"Chordata","Elasmobranchii","Orectolobiformes","Stegostomatidae","Stegostoma","Stegostoma tigrinum","fish","EN",1,,,TRUE,
148846,"Chordata","Elasmobranchii","Rhinopristiformes","Rhinobatidae","Rhina","Rhina ancylostomus","fish",,1,,,TRUE,
278217,"Chordata","Elasmobranchii","Rhinopristiformes","Rhinobatidae","Rhynchobatus","Rhynchobatus australiae","fish","CR",1,,,TRUE,
272957,"Chordata","Teleostei","Acanthuriformes","Acanthuridae","Acanthurus","Acanthurus achilles","fish",,1,,,TRUE,
272958,"Chordata","Teleostei","Acanthuriformes","Acanthuridae","Acanthurus","Acanthurus albipectoralis","fish",,1,,,TRUE,
219633,"Chordata","Teleostei","Acanthuriformes","Acanthuridae","Acanthurus","Acanthurus auranticavus","fish",,1,,,TRUE,
219637,"Chordata","Teleostei","Acanthuriformes","Acanthuridae","Acanthurus","Acanthurus bariene","fish",,1,,,TRUE,
219639,"Chordata","Teleostei","Acanthuriformes","Acanthuridae","Acanthurus","Acanthurus blochii","fish",,1,,,TRUE,
272959,"Chordata","Teleostei","Acanthuriformes","Acanthuridae","Acanthurus","Acanthurus chronixis","fish","VU",1,,,TRUE,
219641,"Chordata","Teleostei","Acanthuriformes","Acanthuridae","Acanthurus","Acanthurus dussumieri","fish",,1,,,TRUE,
272960,"Chordata","Teleostei","Acanthuriformes","Acanthuridae","Acanthurus","Acanthurus fowleri","fish",,1,,,TRUE,
219636,"Chordata","Teleostei","Acanthuriformes","Acanthuridae","Acanthurus","Acanthurus gahhm","fish",,1,,,TRUE,
272961,"Chordata","Teleostei","Acanthuriformes","Acanthuridae","Acanthurus","Acanthurus grammoptilus","fish",,1,,,TRUE,
272962,"Chordata","Teleostei","Acanthuriformes","Acanthuridae","Acanthurus","Acanthurus japonicus","fish",,1,,,TRUE,
219629,"Chordata","Teleostei","Acanthuriformes","Acanthuridae","Acanthurus","Acanthurus leucocheilus","fish",,1,,,TRUE,
219624,"Chordata","Teleostei","Acanthuriformes","Acanthuridae","Acanthurus","Acanthurus leucopareius","fish",,1,,,TRUE,
159582,"Chordata","Teleostei","Acanthuriformes","Acanthuridae","Acanthurus","Acanthurus lineatus","fish",,1,,,TRUE,
219651,"Chordata","Teleostei","Acanthuriformes","Acanthuridae","Acanthurus","Acanthurus mata","fish",,1,,,TRUE,
219638,"Chordata","Teleostei","Acanthuriformes","Acanthuridae","Acanthurus","Acanthurus nigricans","fish",,1,,,TRUE,
219626,"Chordata","Teleostei","Acanthuriformes","Acanthuridae","Acanthurus","Acanthurus nigricauda","fish",,1,,,TRUE,
219640,"Chordata","Teleostei","Acanthuriformes","Acanthuridae","Acanthurus","Acanthurus nigrofuscus","fish",,1,,,TRUE,
219642,"Chordata","Teleostei","Acanthuriformes","Acanthuridae","Acanthurus","Acanthurus nigroris","fish",,1,,,TRUE,
272964,"Chordata","Teleostei","Acanthuriformes","Acanthuridae","Acanthurus","Acanthurus nubilus","fish",,1,,,TRUE,
219625,"Chordata","Teleostei","Acanthuriformes","Acanthuridae","Acanthurus","Acanthurus olivaceus","fish",,1,,,TRUE,
219648,"Chordata","Teleostei","Acanthuriformes","Acanthuridae","Acanthurus","Acanthurus pyroferus","fish",,1,,,TRUE,
219646,"Chordata","Teleostei","Acanthuriformes","Acanthuridae","Acanthurus","Acanthurus thompsoni","fish",,1,,,TRUE,
219630,"Chordata","Teleostei","Acanthuriformes","Acanthuridae","Acanthurus","Acanthurus triostegus","fish",,1,,,TRUE,
219634,"Chordata","Teleostei","Acanthuriformes","Acanthuridae","Acanthurus","Acanthurus xanthopterus","fish",,1,,,TRUE,
211787,"Chordata","Teleostei","Acanthuriformes","Pomacanthidae","Apolemichthys","Apolemichthys trimaculatus","fish",,1,,,TRUE,
211780,"Chordata","Teleostei","Acanthuriformes","Pomacanthidae","Centropyge","Centropyge bicolor","fish",,1,,,TRUE,
278830,"Chordata","Teleostei","Acanthuriformes","Pomacanthidae","Centropyge","Centropyge bispinosa","fish",,1,,,TRUE,
278834,"Chordata","Teleostei","Acanthuriformes","Pomacanthidae","Centropyge","Centropyge ferrugata","fish",,1,,,TRUE,
211778,"Chordata","Teleostei","Acanthuriformes","Pomacanthidae","Centropyge","Centropyge fisheri","fish",,1,,,TRUE,
278837,"Chordata","Teleostei","Acanthuriformes","Pomacanthidae","Centropyge","Centropyge heraldi","fish",,1,,,TRUE,
278847,"Chordata","Teleostei","Acanthuriformes","Pomacanthidae","Centropyge","Centropyge nox","fish",,1,,,TRUE,
278851,"Chordata","Teleostei","Acanthuriformes","Pomacanthidae","Centropyge","Centropyge tibicen","fish",,1,,,TRUE,
278853,"Chordata","Teleostei","Acanthuriformes","Pomacanthidae","Centropyge","Centropyge vrolikii","fish",,1,,,TRUE,
273322,"Chordata","Teleostei","Acanthuriformes","Chaetodontidae","Chaetodon","Chaetodon adiergastos","fish",,1,,,TRUE,
273324,"Chordata","Teleostei","Acanthuriformes","Chaetodontidae","Chaetodon","Chaetodon argentatus","fish",,1,,,TRUE,
218730,"Chordata","Teleostei","Acanthuriformes","Chaetodontidae","Chaetodon","Chaetodon auriga","fish",,1,,,TRUE,
273327,"Chordata","Teleostei","Acanthuriformes","Chaetodontidae","Chaetodon","Chaetodon auripes","fish",,1,,,TRUE,
218732,"Chordata","Teleostei","Acanthuriformes","Chaetodontidae","Chaetodon","Chaetodon austriacus","fish",,1,,,TRUE,
273328,"Chordata","Teleostei","Acanthuriformes","Chaetodontidae","Chaetodon","Chaetodon baronessa","fish",,1,,,TRUE,
218735,"Chordata","Teleostei","Acanthuriformes","Chaetodontidae","Chaetodon","Chaetodon bennetti","fish",,1,,,TRUE,
273329,"Chordata","Teleostei","Acanthuriformes","Chaetodontidae","Chaetodon","Chaetodon burgessi","fish",,1,,,TRUE,
218744,"Chordata","Teleostei","Acanthuriformes","Chaetodontidae","Chaetodon","Chaetodon citrinellus","fish",,1,,,TRUE,
273330,"Chordata","Teleostei","Acanthuriformes","Chaetodontidae","Chaetodon","Chaetodon collare","fish",,1,,,TRUE,
273333,"Chordata","Teleostei","Acanthuriformes","Chaetodontidae","Chaetodon","Chaetodon decussatus","fish",,1,,,TRUE,
273335,"Chordata","Teleostei","Acanthuriformes","Chaetodontidae","Chaetodon","Chaetodon ephippium","fish",,1,,,TRUE,
218737,"Chordata","Teleostei","Acanthuriformes","Chaetodontidae","Chaetodon","Chaetodon fasciatus","fish",,1,,,TRUE,
273337,"Chordata","Teleostei","Acanthuriformes","Chaetodontidae","Chaetodon","Chaetodon flavirostris","fish",,1,,,TRUE,
273341,"Chordata","Teleostei","Acanthuriformes","Chaetodontidae","Chaetodon","Chaetodon guentheri","fish",,1,,,TRUE,
218738,"Chordata","Teleostei","Acanthuriformes","Chaetodontidae","Chaetodon","Chaetodon kleinii","fish",,1,,,TRUE,
218734,"Chordata","Teleostei","Acanthuriformes","Chaetodontidae","Chaetodon","Chaetodon lineolatus","fish",,1,,,TRUE,
218733,"Chordata","Teleostei","Acanthuriformes","Chaetodontidae","Chaetodon","Chaetodon lunula","fish",,1,,,TRUE,
398549,"Chordata","Teleostei","Acanthuriformes","Chaetodontidae","Chaetodon","Chaetodon lunulatus","fish",,1,,,TRUE,
218743,"Chordata","Teleostei","Acanthuriformes","Chaetodontidae","Chaetodon","Chaetodon melannotus","fish",,1,,,TRUE,
218751,"Chordata","Teleostei","Acanthuriformes","Chaetodontidae","Chaetodon","Chaetodon melapterus","fish",,1,,,TRUE,
273347,"Chordata","Teleostei","Acanthuriformes","Chaetodontidae","Chaetodon","Chaetodon mertensii","fish",,1,,,TRUE,
218739,"Chordata","Teleostei","Acanthuriformes","Chaetodontidae","Chaetodon","Chaetodon mesoleucos","fish",,1,,,TRUE,
218752,"Chordata","Teleostei","Acanthuriformes","Chaetodontidae","Chaetodon","Chaetodon meyeri","fish",,1,,,TRUE,
273351,"Chordata","Teleostei","Acanthuriformes","Chaetodontidae","Chaetodon","Chaetodon nippon","fish",,1,,,TRUE,
218756,"Chordata","Teleostei","Acanthuriformes","Chaetodontidae","Chaetodon","Chaetodon ocellicaudus","fish",,1,,,TRUE,
218746,"Chordata","Teleostei","Acanthuriformes","Chaetodontidae","Chaetodon","Chaetodon octofasciatus","fish",,1,,,TRUE,
273352,"Chordata","Teleostei","Acanthuriformes","Chaetodontidae","Chaetodon","Chaetodon ornatissimus","fish",,1,,,TRUE,
218725,"Chordata","Teleostei","Acanthuriformes","Chaetodontidae","Chaetodon","Chaetodon oxycephalus","fish",,1,,,TRUE,
273354,"Chordata","Teleostei","Acanthuriformes","Chaetodontidae","Chaetodon","Chaetodon plebeius","fish",,1,,,TRUE,
273355,"Chordata","Teleostei","Acanthuriformes","Chaetodontidae","Chaetodon","Chaetodon punctatofasciatus","fish",,1,,,TRUE,
273357,"Chordata","Teleostei","Acanthuriformes","Chaetodontidae","Chaetodon","Chaetodon rafflesii","fish",,1,,,TRUE,
273359,"Chordata","Teleostei","Acanthuriformes","Chaetodontidae","Chaetodon","Chaetodon reticulatus","fish",,1,,,TRUE,
218749,"Chordata","Teleostei","Acanthuriformes","Chaetodontidae","Chaetodon","Chaetodon selene","fish",,1,,,TRUE,
273361,"Chordata","Teleostei","Acanthuriformes","Chaetodontidae","Chaetodon","Chaetodon semeion","fish",,1,,,TRUE,
218740,"Chordata","Teleostei","Acanthuriformes","Chaetodontidae","Chaetodon","Chaetodon speculum","fish",,1,,,TRUE,
218748,"Chordata","Teleostei","Acanthuriformes","Chaetodontidae","Chaetodon","Chaetodon triangulum","fish",,1,,,TRUE,
218719,"Chordata","Teleostei","Acanthuriformes","Chaetodontidae","Chaetodon","Chaetodon trifascialis","fish","NT",1,,,TRUE,
218717,"Chordata","Teleostei","Acanthuriformes","Chaetodontidae","Chaetodon","Chaetodon ulietensis","fish",,1,,,TRUE,
218753,"Chordata","Teleostei","Acanthuriformes","Chaetodontidae","Chaetodon","Chaetodon unimaculatus","fish",,1,,,TRUE,
218754,"Chordata","Teleostei","Acanthuriformes","Chaetodontidae","Chaetodon","Chaetodon vagabundus","fish",,1,,,TRUE,
273366,"Chordata","Teleostei","Acanthuriformes","Chaetodontidae","Chaetodon","Chaetodon wiebeli","fish",,1,,,TRUE,
273367,"Chordata","Teleostei","Acanthuriformes","Chaetodontidae","Chaetodon","Chaetodon xanthurus","fish",,1,,,TRUE,
280121,"Chordata","Teleostei","Acanthuriformes","Pomacanthidae","Chaetodontoplus","Chaetodontoplus mesoleucus","fish",,1,,,TRUE,
218758,"Chordata","Teleostei","Acanthuriformes","Chaetodontidae","Chelmon","Chelmon rostratus","fish",,1,,,TRUE,
219655,"Chordata","Teleostei","Acanthuriformes","Acanthuridae","Ctenochaetus","Ctenochaetus binotatus","fish",,1,,,TRUE,
219659,"Chordata","Teleostei","Acanthuriformes","Acanthuridae","Ctenochaetus","Ctenochaetus striatus","fish",,1,,,TRUE,
277562,"Chordata","Teleostei","Acanthuriformes","Acanthuridae","Ctenochaetus","Ctenochaetus tominiensis","fish",,1,,,TRUE,
218760,"Chordata","Teleostei","Acanthuriformes","Chaetodontidae","Forcipiger","Forcipiger flavissimus","fish",,1,,,TRUE,
218759,"Chordata","Teleostei","Acanthuriformes","Chaetodontidae","Forcipiger","Forcipiger longirostris","fish",,1,,,TRUE,
277575,"Chordata","Teleostei","Acanthuriformes","Chaetodontidae","Hemitaurichthys","Hemitaurichthys polylepis","fish",,1,,,TRUE,
218762,"Chordata","Teleostei","Acanthuriformes","Chaetodontidae","Hemitaurichthys","Hemitaurichthys zoster","fish",,1,,,TRUE,
218765,"Chordata","Teleostei","Acanthuriformes","Chaetodontidae","Heniochus","Heniochus acuminatus","fish",,1,,,TRUE,
276748,"Chordata","Teleostei","Acanthuriformes","Chaetodontidae","Heniochus","Heniochus chrysostomus","fish",,1,,,TRUE,
218763,"Chordata","Teleostei","Acanthuriformes","Chaetodontidae","Heniochus","Heniochus diphreutes","fish",,1,,,TRUE,
218764,"Chordata","Teleostei","Acanthuriformes","Chaetodontidae","Heniochus","Heniochus monoceros","fish",,1,,,TRUE,
276749,"Chordata","Teleostei","Acanthuriformes","Chaetodontidae","Heniochus","Heniochus pleurotaenia","fish",,1,,,TRUE,
218766,"Chordata","Teleostei","Acanthuriformes","Chaetodontidae","Heniochus","Heniochus singularius","fish",,1,,,TRUE,
276750,"Chordata","Teleostei","Acanthuriformes","Chaetodontidae","Heniochus","Heniochus varius","fish",,1,,,TRUE,
219673,"Chordata","Teleostei","Acanthuriformes","Acanthuridae","Naso","Naso annulatus","fish",,1,,,TRUE,
219664,"Chordata","Teleostei","Acanthuriformes","Acanthuridae","Naso","Naso brachycentron","fish",,1,,,TRUE,
219671,"Chordata","Teleostei","Acanthuriformes","Acanthuridae","Naso","Naso brevirostris","fish",,1,,,TRUE,
278003,"Chordata","Teleostei","Acanthuriformes","Acanthuridae","Naso","Naso caeruleacauda","fish",,1,,,TRUE,
219666,"Chordata","Teleostei","Acanthuriformes","Acanthuridae","Naso","Naso fageni","fish",,1,,,TRUE,
219667,"Chordata","Teleostei","Acanthuriformes","Acanthuridae","Naso","Naso hexacanthus","fish",,1,,,TRUE,
219665,"Chordata","Teleostei","Acanthuriformes","Acanthuridae","Naso","Naso lituratus","fish",,1,,,TRUE,
278006,"Chordata","Teleostei","Acanthuriformes","Acanthuridae","Naso","Naso lopezi","fish",,1,,,TRUE,
219674,"Chordata","Teleostei","Acanthuriformes","Acanthuridae","Naso","Naso minor","fish",,1,,,TRUE,
219670,"Chordata","Teleostei","Acanthuriformes","Acanthuridae","Naso","Naso thynnoides","fish",,1,,,TRUE,
219675,"Chordata","Teleostei","Acanthuriformes","Acanthuridae","Naso","Naso tuberosus","fish",,1,,,TRUE,
219668,"Chordata","Teleostei","Acanthuriformes","Acanthuridae","Naso","Naso unicornis","fish",,1,,,TRUE,
219672,"Chordata","Teleostei","Acanthuriformes","Acanthuridae","Naso","Naso vlamingii","fish",,1,,,TRUE,
219676,"Chordata","Teleostei","Acanthuriformes","Acanthuridae","Paracanthurus","Paracanthurus hepatus","fish",,1,,,TRUE,
320012,"Chordata","Teleostei","Acanthuriformes","Pomacanthidae","Paracentropyge","Paracentropyge multifasciata","fish",,1,,,TRUE,
276801,"Chordata","Teleostei","Acanthuriformes","Ephippidae","Platax","Platax boersii","fish",,1,,,TRUE,
218711,"Chordata","Teleostei","Acanthuriformes","Ephippidae","Platax","Platax orbicularis","fish",,1,,,TRUE,
218712,"Chordata","Teleostei","Acanthuriformes","Ephippidae","Platax","Platax pinnatus","fish",,1,,,TRUE,
218710,"Chordata","Teleostei","Acanthuriformes","Ephippidae","Platax","Platax teira","fish",,1,,,TRUE,
220001,"Chordata","Teleostei","Acanthuriformes","Pomacanthidae","Pomacanthus","Pomacanthus imperator","fish",,1,,,TRUE,
276024,"Chordata","Teleostei","Acanthuriformes","Pomacanthidae","Pomacanthus","Pomacanthus navarchus","fish",,1,,,TRUE,
220003,"Chordata","Teleostei","Acanthuriformes","Pomacanthidae","Pomacanthus","Pomacanthus semicirculatus","fish",,1,,,TRUE,
276026,"Chordata","Teleostei","Acanthuriformes","Pomacanthidae","Pomacanthus","Pomacanthus sexstriatus","fish",,1,,,TRUE,
276027,"Chordata","Teleostei","Acanthuriformes","Pomacanthidae","Pomacanthus","Pomacanthus xanthometopon","fish",,1,,,TRUE,
211773,"Chordata","Teleostei","Acanthuriformes","Pomacanthidae","Pygoplites","Pygoplites diacanthus","fish",,1,,,TRUE,
219686,"Chordata","Teleostei","Acanthuriformes","Siganidae","Siganus","Siganus argenteus","fish",,1,,,TRUE,
219690,"Chordata","Teleostei","Acanthuriformes","Siganidae","Siganus","Siganus corallinus","fish",,1,,,TRUE,
273911,"Chordata","Teleostei","Acanthuriformes","Siganidae","Siganus","Siganus doliatus","fish",,1,,,TRUE,
273914,"Chordata","Teleostei","Acanthuriformes","Siganidae","Siganus","Siganus javus","fish",,1,,,TRUE,
273920,"Chordata","Teleostei","Acanthuriformes","Siganidae","Siganus","Siganus puellus","fish",,1,,,TRUE,
273921,"Chordata","Teleostei","Acanthuriformes","Siganidae","Siganus","Siganus punctatissimus","fish",,1,,,TRUE,
273922,"Chordata","Teleostei","Acanthuriformes","Siganidae","Siganus","Siganus punctatus","fish",,1,,,TRUE,
127045,"Chordata","Teleostei","Acanthuriformes","Siganidae","Siganus","Siganus rivulatus","fish",,1,,,TRUE,
219692,"Chordata","Teleostei","Acanthuriformes","Siganidae","Siganus","Siganus stellatus","fish",,1,,,TRUE,
273929,"Chordata","Teleostei","Acanthuriformes","Siganidae","Siganus","Siganus vulpinus","fish",,1,,,TRUE,
220083,"Chordata","Teleostei","Acanthuriformes","Zanclidae","Zanclus","Zanclus cornutus","fish",,1,,,TRUE,
219683,"Chordata","Teleostei","Acanthuriformes","Acanthuridae","Zebrasoma","Zebrasoma flavescens","fish",,1,,,TRUE,
219679,"Chordata","Teleostei","Acanthuriformes","Acanthuridae","Zebrasoma","Zebrasoma scopas","fish",,1,,,TRUE,
712902,"Chordata","Teleostei","Acanthuriformes","Acanthuridae","Zebrasoma","Zebrasoma velifer","fish",,1,,,TRUE,
218772,"Chordata","Teleostei","Acropomatiformes","Pentacerotidae","Histiopterus","Histiopterus typus","fish",,1,,,TRUE,
218701,"Chordata","Teleostei","Acropomatiformes","Pempheridae","Pempheris","Pempheris vanicolensis","fish",,1,,,TRUE,
217495,"Chordata","Teleostei","Anguilliformes","Muraenidae","Gymnothorax","Gymnothorax flavimarginatus","fish",,1,,,TRUE,
217502,"Chordata","Teleostei","Anguilliformes","Muraenidae","Gymnothorax","Gymnothorax javanicus","fish",,1,,,TRUE,
217552,"Chordata","Teleostei","Anguilliformes","Congridae","Heteroconger","Heteroconger hassi","fish",,1,,,TRUE,
217662,"Chordata","Teleostei","Aulopiformes","Synodontidae","Saurida","Saurida gracilis","fish",,1,,,TRUE,
217670,"Chordata","Teleostei","Aulopiformes","Synodontidae","Synodus","Synodus variegatus","fish",,1,,,TRUE,
275981,"Chordata","Teleostei","Beloniformes","Belonidae","Strongylura","Strongylura incisa","fish",,1,,,TRUE,
213650,"Chordata","Teleostei","Beloniformes","Belonidae","Tylosurus","Tylosurus melanotus","fish",,2,1947,,TRUE,
219242,"Chordata","Teleostei","Blenniiformes","Blenniidae","Aspidontus","Aspidontus taeniatus","fish",,1,,,TRUE,
293549,"Chordata","Teleostei","Blenniiformes","Blenniidae","Atrosalarias","Atrosalarias fuscus","fish",,1,,,TRUE,
219266,"Chordata","Teleostei","Blenniiformes","Blenniidae","Cirripectes","Cirripectes castaneus","fish",,1,,,TRUE,
219257,"Chordata","Teleostei","Blenniiformes","Blenniidae","Cirripectes","Cirripectes filamentosus","fish",,1,,,TRUE,
277652,"Chordata","Teleostei","Blenniiformes","Blenniidae","Ecsenius","Ecsenius bicolor","fish",,1,,,TRUE,
277657,"Chordata","Teleostei","Blenniiformes","Blenniidae","Ecsenius","Ecsenius dilemma","fish",,1,,,TRUE,
219272,"Chordata","Teleostei","Blenniiformes","Blenniidae","Ecsenius","Ecsenius lineatus","fish",,1,,,TRUE,
219271,"Chordata","Teleostei","Blenniiformes","Blenniidae","Ecsenius","Ecsenius midas","fish",,1,,,TRUE,
277673,"Chordata","Teleostei","Blenniiformes","Blenniidae","Ecsenius","Ecsenius opsifrontalis","fish",,1,,,TRUE,
277690,"Chordata","Teleostei","Blenniiformes","Blenniidae","Ecsenius","Ecsenius tricolor","fish","VU",1,,,TRUE,
219286,"Chordata","Teleostei","Blenniiformes","Blenniidae","Exallias","Exallias brevis","fish",,1,,,TRUE,
313206,"Chordata","Teleostei","Blenniiformes","Tripterygiidae","Helcogramma","Helcogramma striata","fish",,1,,,TRUE,
279304,"Chordata","Teleostei","Blenniiformes","Blenniidae","Meiacanthus","Meiacanthus atrodorsalis","fish",,1,,,TRUE,
279307,"Chordata","Teleostei","Blenniiformes","Blenniidae","Meiacanthus","Meiacanthus ditrema","fish",,1,,,TRUE,
279323,"Chordata","Teleostei","Blenniiformes","Blenniidae","Meiacanthus","Meiacanthus vittatus","fish",,1,,,TRUE,
293706,"Chordata","Teleostei","Blenniiformes","Blenniidae","Plagiotremus","Plagiotremus laudandus","fish",,1,,,TRUE,
219334,"Chordata","Teleostei","Blenniiformes","Blenniidae","Plagiotremus","Plagiotremus rhinorhynchos","fish",,1,,,TRUE,
219335,"Chordata","Teleostei","Blenniiformes","Blenniidae","Plagiotremus","Plagiotremus tapeinosoma","fish",,1,,,TRUE,
345843,"Chordata","Teleostei","Carangaria incertae sedis","Sphyraenidae","Sphyraena","Sphyraena barracuda","fish",,1,,,TRUE,
212045,"Chordata","Teleostei","Carangaria incertae sedis","Sphyraenidae","Sphyraena","Sphyraena jello","fish",,1,,,TRUE,
212049,"Chordata","Teleostei","Carangaria incertae sedis","Sphyraenidae","Sphyraena","Sphyraena qenie","fish",,1,,,TRUE,
273268,"Chordata","Teleostei","Carangiformes","Carangidae","Alepes","Alepes kleinii","fish",,1,,,TRUE,
218391,"Chordata","Teleostei","Carangiformes","Carangidae","Carangoides","Carangoides bajad","fish",,1,,,TRUE,
276241,"Chordata","Teleostei","Carangiformes","Carangidae","Carangoides","Carangoides coeruleopinnatus","fish",,1,,,TRUE,
218395,"Chordata","Teleostei","Carangiformes","Carangidae","Carangoides","Carangoides ferdau","fish",,1,,,TRUE,
218385,"Chordata","Teleostei","Carangiformes","Carangidae","Carangoides","Carangoides fulvoguttatus","fish",,1,,,TRUE,
218392,"Chordata","Teleostei","Carangiformes","Carangidae","Carangoides","Carangoides gymnostethus","fish",,1,,,TRUE,
218388,"Chordata","Teleostei","Carangiformes","Carangidae","Carangoides","Carangoides oblongus","fish",,1,,,TRUE,
218399,"Chordata","Teleostei","Carangiformes","Carangidae","Carangoides","Carangoides plagiotaenia","fish",,1,,,TRUE,
218414,"Chordata","Teleostei","Carangiformes","Carangidae","Caranx","Caranx ignobilis","fish",,1,,,TRUE,
126805,"Chordata","Teleostei","Carangiformes","Carangidae","Caranx","Caranx lugubris","fish",,1,,,TRUE,
218419,"Chordata","Teleostei","Carangiformes","Carangidae","Caranx","Caranx melampygus","fish",,1,,,TRUE,
218411,"Chordata","Teleostei","Carangiformes","Carangidae","Caranx","Caranx papuensis","fish",,1,,,TRUE,
218404,"Chordata","Teleostei","Carangiformes","Carangidae","Caranx","Caranx sexfasciatus","fish",,1,,,TRUE,
218418,"Chordata","Teleostei","Carangiformes","Carangidae","Caranx","Caranx tille","fish",,1,,,TRUE,
126809,"Chordata","Teleostei","Carangiformes","Carangidae","Elagatis","Elagatis bipinnulata","fish",,1,,,TRUE,
1605280,"Chordata","Teleostei","Carangiformes","Carangidae","Ferdauia","Ferdauia orthogrammus","fish",,1,,,TRUE,
218429,"Chordata","Teleostei","Carangiformes","Carangidae","Gnathanodon","Gnathanodon speciosus","fish",,1,,,TRUE,
158812,"Chordata","Teleostei","Carangiformes","Istiophoridae","Istiophorus","Istiophorus platypterus","fish",,1,,,TRUE,
218434,"Chordata","Teleostei","Carangiformes","Carangidae","Scomberoides","Scomberoides lysan","fish",,1,,,TRUE,
218436,"Chordata","Teleostei","Carangiformes","Carangidae","Seriola","Seriola lalandi","fish",,1,,,TRUE,
218851,"Chordata","Teleostei","Centrarchiformes","Cirrhitidae","Amblycirrhitus","Amblycirrhitus bimacula","fish",,1,,,TRUE,
218855,"Chordata","Teleostei","Centrarchiformes","Cirrhitidae","Cirrhitichthys","Cirrhitichthys aprinus","fish",,1,,,TRUE,
218854,"Chordata","Teleostei","Centrarchiformes","Cirrhitidae","Cirrhitichthys","Cirrhitichthys falco","fish",,1,,,TRUE,
218853,"Chordata","Teleostei","Centrarchiformes","Cirrhitidae","Cirrhitichthys","Cirrhitichthys oxycephalus","fish",,1,,,TRUE,
218862,"Chordata","Teleostei","Centrarchiformes","Cirrhitidae","Cirrhitus","Cirrhitus pinnulatus","fish",,1,,,TRUE,
218708,"Chordata","Teleostei","Centrarchiformes","Kyphosidae","Kyphosus","Kyphosus cinerascens","fish",,1,,,TRUE,
218706,"Chordata","Teleostei","Centrarchiformes","Kyphosidae","Kyphosus","Kyphosus vaigiensis","fish",,1,,,TRUE,
218865,"Chordata","Teleostei","Centrarchiformes","Cirrhitidae","Oxycirrhites","Oxycirrhites typus","fish",,1,,,TRUE,
218866,"Chordata","Teleostei","Centrarchiformes","Cirrhitidae","Paracirrhites","Paracirrhites arcatus","fish",,1,,,TRUE,
218867,"Chordata","Teleostei","Centrarchiformes","Cirrhitidae","Paracirrhites","Paracirrhites forsteri","fish",,1,,,TRUE,
277097,"Chordata","Teleostei","Centrarchiformes","Cirrhitidae","Paracirrhites","Paracirrhites hemistictus","fish",,1,,,TRUE,
218920,"Chordata","Teleostei","Eupercaria incertae sedis","Labridae","Anampses","Anampses caeruleopunctatus","fish",,1,,,TRUE,
279171,"Chordata","Teleostei","Eupercaria incertae sedis","Labridae","Anampses","Anampses femininus","fish",,1,,,TRUE,
218916,"Chordata","Teleostei","Eupercaria incertae sedis","Labridae","Anampses","Anampses geographicus","fish",,1,,,TRUE,
279173,"Chordata","Teleostei","Eupercaria incertae sedis","Labridae","Anampses","Anampses melanurus","fish",,1,,,TRUE,
218923,"Chordata","Teleostei","Eupercaria incertae sedis","Labridae","Anampses","Anampses meleagrides","fish",,1,,,TRUE,
279174,"Chordata","Teleostei","Eupercaria incertae sedis","Labridae","Anampses","Anampses neoguinaicus","fish",,1,,,TRUE,
218918,"Chordata","Teleostei","Eupercaria incertae sedis","Labridae","Anampses","Anampses twistii","fish",,1,,,TRUE,
218470,"Chordata","Teleostei","Eupercaria incertae sedis","Lutjanidae","Aphareus","Aphareus furca","fish",,1,,,TRUE,
218468,"Chordata","Teleostei","Eupercaria incertae sedis","Lutjanidae","Aphareus","Aphareus rutilans","fish",,1,,,TRUE,
212546,"Chordata","Teleostei","Eupercaria incertae sedis","Lutjanidae","Aprion","Aprion virescens","fish",,1,,,TRUE,
218929,"Chordata","Teleostei","Eupercaria incertae sedis","Labridae","Bodianus","Bodianus anthioides","fish",,1,,,TRUE,
218933,"Chordata","Teleostei","Eupercaria incertae sedis","Labridae","Bodianus","Bodianus axillaris","fish",,1,,,TRUE,
218931,"Chordata","Teleostei","Eupercaria incertae sedis","Labridae","Bodianus","Bodianus diana","fish",,1,,,TRUE,
273536,"Chordata","Teleostei","Eupercaria incertae sedis","Labridae","Bodianus","Bodianus mesothorax","fish",,1,,,TRUE,
219074,"Chordata","Teleostei","Eupercaria incertae sedis","Scaridae","Bolbometopon","Bolbometopon muricatum","fish","VU",1,,,TRUE,
219995,"Chordata","Teleostei","Eupercaria incertae sedis","Caesionidae","Caesio","Caesio caerulaurea","fish",,1,,,TRUE,
278536,"Chordata","Teleostei","Eupercaria incertae sedis","Caesionidae","Caesio","Caesio cuning","fish",,1,,,TRUE,
219991,"Chordata","Teleostei","Eupercaria incertae sedis","Caesionidae","Caesio","Caesio lunaris","fish",,1,,,TRUE,
219996,"Chordata","Teleostei","Eupercaria incertae sedis","Caesionidae","Caesio","Caesio teres","fish",,1,,,TRUE,
219076,"Chordata","Teleostei","Eupercaria incertae sedis","Scaridae","Calotomus","Calotomus carolinus","fish",,1,,,TRUE,
219078,"Chordata","Teleostei","Eupercaria incertae sedis","Scaridae","Cetoscarus","Cetoscarus bicolor","fish",,1,,,TRUE,
218941,"Chordata","Teleostei","Eupercaria incertae sedis","Labridae","Cheilinus","Cheilinus chlorourus","fish",,1,,,TRUE,
218940,"Chordata","Teleostei","Eupercaria incertae sedis","Labridae","Cheilinus","Cheilinus fasciatus","fish",,1,,,TRUE,
218947,"Chordata","Teleostei","Eupercaria incertae sedis","Labridae","Cheilinus","Cheilinus oxycephalus","fish",,1,,,TRUE,
218944,"Chordata","Teleostei","Eupercaria incertae sedis","Labridae","Cheilinus","Cheilinus trilobatus","fish",,1,,,TRUE,
218945,"Chordata","Teleostei","Eupercaria incertae sedis","Labridae","Cheilinus","Cheilinus undulatus","fish","EN",1,,,TRUE,
218948,"Chordata","Teleostei","Eupercaria incertae sedis","Labridae","Cheilio","Cheilio inermis","fish",,1,,,TRUE,
277504,"Chordata","Teleostei","Eupercaria incertae sedis","Scaridae","Chlorurus","Chlorurus bleekeri","fish",,1,,,TRUE,
277505,"Chordata","Teleostei","Eupercaria incertae sedis","Scaridae","Chlorurus","Chlorurus bowersi","fish","NT",1,,,TRUE,
219080,"Chordata","Teleostei","Eupercaria incertae sedis","Scaridae","Chlorurus","Chlorurus capistratoides","fish",,1,,,TRUE,
277506,"Chordata","Teleostei","Eupercaria incertae sedis","Scaridae","Chlorurus","Chlorurus frontalis","fish",,1,,,TRUE,
219081,"Chordata","Teleostei","Eupercaria incertae sedis","Scaridae","Chlorurus","Chlorurus japanensis","fish",,1,,,TRUE,
277507,"Chordata","Teleostei","Eupercaria incertae sedis","Scaridae","Chlorurus","Chlorurus microrhinos","fish",,1,,,TRUE,
277509,"Chordata","Teleostei","Eupercaria incertae sedis","Scaridae","Chlorurus","Chlorurus perspicillatus","fish",,1,,,TRUE,
219082,"Chordata","Teleostei","Eupercaria incertae sedis","Scaridae","Chlorurus","Chlorurus sordidus","fish",,1,,,TRUE,
712772,"Chordata","Teleostei","Eupercaria incertae sedis","Scaridae","Chlorurus","Chlorurus spilurus","fish",,1,,,TRUE,
219086,"Chordata","Teleostei","Eupercaria incertae sedis","Scaridae","Chlorurus","Chlorurus strongylocephalus","fish",,1,,,TRUE,
277511,"Chordata","Teleostei","Eupercaria incertae sedis","Scaridae","Chlorurus","Chlorurus troschelii","fish",,1,,,TRUE,
277262,"Chordata","Teleostei","Eupercaria incertae sedis","Labridae","Choerodon","Choerodon anchorago","fish",,1,,,TRUE,
277271,"Chordata","Teleostei","Eupercaria incertae sedis","Labridae","Choerodon","Choerodon graphicus","fish",,1,,,TRUE,
277272,"Chordata","Teleostei","Eupercaria incertae sedis","Labridae","Choerodon","Choerodon jordani","fish",,1,,,TRUE,
277280,"Chordata","Teleostei","Eupercaria incertae sedis","Labridae","Choerodon","Choerodon venustus","fish",,1,,,TRUE,
277842,"Chordata","Teleostei","Eupercaria incertae sedis","Labridae","Cirrhilabrus","Cirrhilabrus cyanopleura","fish",,1,,,TRUE,
218954,"Chordata","Teleostei","Eupercaria incertae sedis","Labridae","Cirrhilabrus","Cirrhilabrus exquisitus","fish",,1,,,TRUE,
277854,"Chordata","Teleostei","Eupercaria incertae sedis","Labridae","Cirrhilabrus","Cirrhilabrus lubbocki","fish",,1,,,TRUE,
311180,"Chordata","Teleostei","Eupercaria incertae sedis","Labridae","Cirrhilabrus","Cirrhilabrus ryukyuensis","fish",,1,,,TRUE,
277870,"Chordata","Teleostei","Eupercaria incertae sedis","Labridae","Cirrhilabrus","Cirrhilabrus temminckii","fish",,1,,,TRUE,
273549,"Chordata","Teleostei","Eupercaria incertae sedis","Labridae","Coris","Coris aurilineata","fish",,1,,,TRUE,
218957,"Chordata","Teleostei","Eupercaria incertae sedis","Labridae","Coris","Coris aygula","fish",,1,,,TRUE,
218956,"Chordata","Teleostei","Eupercaria incertae sedis","Labridae","Coris","Coris batuensis","fish",,1,,,TRUE,
273554,"Chordata","Teleostei","Eupercaria incertae sedis","Labridae","Coris","Coris dorsomacula","fish",,1,,,TRUE,
218960,"Chordata","Teleostei","Eupercaria incertae sedis","Labridae","Coris","Coris gaimard","fish",,1,,,TRUE,
273561,"Chordata","Teleostei","Eupercaria incertae sedis","Labridae","Coris","Coris pictoides","fish",,1,,,TRUE,
218536,"Chordata","Teleostei","Eupercaria incertae sedis","Haemulidae","Diagramma","Diagramma pictum","fish",,1,,,TRUE,
218970,"Chordata","Teleostei","Eupercaria incertae sedis","Labridae","Diproctacanthus","Diproctacanthus xanthurus","fish",,1,,,TRUE,
398569,"Chordata","Teleostei","Eupercaria incertae sedis","Labridae","Epibulus","Epibulus brevis","fish",,1,,,TRUE,
218972,"Chordata","Teleostei","Eupercaria incertae sedis","Labridae","Epibulus","Epibulus insidiator","fish",,1,,,TRUE,
218574,"Chordata","Teleostei","Eupercaria incertae sedis","Lethrinidae","Gnathodentex","Gnathodentex aureolineatus","fish",,1,,,TRUE,
218976,"Chordata","Teleostei","Eupercaria incertae sedis","Labridae","Gomphosus","Gomphosus caeruleus","fish",,1,,,TRUE,
218975,"Chordata","Teleostei","Eupercaria incertae sedis","Labridae","Gomphosus","Gomphosus varius","fish",,1,,,TRUE,
278870,"Chordata","Teleostei","Eupercaria incertae sedis","Lethrinidae","Gymnocranius","Gymnocranius euanus","fish",,1,,,TRUE,
218579,"Chordata","Teleostei","Eupercaria incertae sedis","Lethrinidae","Gymnocranius","Gymnocranius grandoculis","fish",,1,,,TRUE,
275749,"Chordata","Teleostei","Eupercaria incertae sedis","Labridae","Halichoeres","Halichoeres argus","fish",,1,,,TRUE,
275752,"Chordata","Teleostei","Eupercaria incertae sedis","Labridae","Halichoeres","Halichoeres biocellatus","fish",,1,,,TRUE,
275758,"Chordata","Teleostei","Eupercaria incertae sedis","Labridae","Halichoeres","Halichoeres chloropterus","fish",,1,,,TRUE,
275759,"Chordata","Teleostei","Eupercaria incertae sedis","Labridae","Halichoeres","Halichoeres chrysus","fish",,1,,,TRUE,
218985,"Chordata","Teleostei","Eupercaria incertae sedis","Labridae","Halichoeres","Halichoeres hortulanus","fish",,1,,,TRUE,
275771,"Chordata","Teleostei","Eupercaria incertae sedis","Labridae","Halichoeres","Halichoeres leucurus","fish",,1,,,TRUE,
218987,"Chordata","Teleostei","Eupercaria incertae sedis","Labridae","Halichoeres","Halichoeres margaritaceus","fish",,1,,,TRUE,
218991,"Chordata","Teleostei","Eupercaria incertae sedis","Labridae","Halichoeres","Halichoeres marginatus","fish",,1,,,TRUE,
275774,"Chordata","Teleostei","Eupercaria incertae sedis","Labridae","Halichoeres","Halichoeres melanochir","fish",,1,,,TRUE,
275776,"Chordata","Teleostei","Eupercaria incertae sedis","Labridae","Halichoeres","Halichoeres melanurus","fish",,1,,,TRUE,
275778,"Chordata","Teleostei","Eupercaria incertae sedis","Labridae","Halichoeres","Halichoeres melasmapomus","fish",,1,,,TRUE,
275779,"Chordata","Teleostei","Eupercaria incertae sedis","Labridae","Halichoeres","Halichoeres miniatus","fish",,1,,,TRUE,
218986,"Chordata","Teleostei","Eupercaria incertae sedis","Labridae","Halichoeres","Halichoeres nebulosus","fish",,1,,,TRUE,
218995,"Chordata","Teleostei","Eupercaria incertae sedis","Labridae","Halichoeres","Halichoeres nigrescens","fish",,1,,,TRUE,
275783,"Chordata","Teleostei","Eupercaria incertae sedis","Labridae","Halichoeres","Halichoeres ornatissimus","fish",,1,,,TRUE,
275784,"Chordata","Teleostei","Eupercaria incertae sedis","Labridae","Halichoeres","Halichoeres pallidus","fish",,1,,,TRUE,
275785,"Chordata","Teleostei","Eupercaria incertae sedis","Labridae","Halichoeres","Halichoeres papilionaceus","fish",,1,,,TRUE,
275791,"Chordata","Teleostei","Eupercaria incertae sedis","Labridae","Halichoeres","Halichoeres prosopeion","fish",,1,,,TRUE,
275795,"Chordata","Teleostei","Eupercaria incertae sedis","Labridae","Halichoeres","Halichoeres richmondi","fish",,1,,,TRUE,
218990,"Chordata","Teleostei","Eupercaria incertae sedis","Labridae","Halichoeres","Halichoeres scapularis","fish",,1,,,TRUE,
275804,"Chordata","Teleostei","Eupercaria incertae sedis","Labridae","Halichoeres","Halichoeres trimaculatus","fish",,1,,,TRUE,
218979,"Chordata","Teleostei","Eupercaria incertae sedis","Labridae","Halichoeres","Halichoeres zeylonicus","fish",,1,,,TRUE,
218999,"Chordata","Teleostei","Eupercaria incertae sedis","Labridae","Hemigymnus","Hemigymnus fasciatus","fish",,1,,,TRUE,
218998,"Chordata","Teleostei","Eupercaria incertae sedis","Labridae","Hemigymnus","Hemigymnus melapterus","fish",,1,,,TRUE,
278899,"Chordata","Teleostei","Eupercaria incertae sedis","Scaridae","Hipposcarus","Hipposcarus longiceps","fish",,1,,,TRUE,
219003,"Chordata","Teleostei","Eupercaria incertae sedis","Labridae","Hologymnosus","Hologymnosus annulatus","fish",,1,,,TRUE,
219001,"Chordata","Teleostei","Eupercaria incertae sedis","Labridae","Hologymnosus","Hologymnosus doliatus","fish",,1,,,TRUE,
278094,"Chordata","Teleostei","Eupercaria incertae sedis","Malacanthidae","Hoplolatilus","Hoplolatilus starcki","fish",,1,,,TRUE,
219013,"Chordata","Teleostei","Eupercaria incertae sedis","Labridae","Labrichthys","Labrichthys unilineatus","fish",,1,,,TRUE,
219015,"Chordata","Teleostei","Eupercaria incertae sedis","Labridae","Labroides","Labroides bicolor","fish",,1,,,TRUE,
219014,"Chordata","Teleostei","Eupercaria incertae sedis","Labridae","Labroides","Labroides dimidiatus","fish",,1,,,TRUE,
278689,"Chordata","Teleostei","Eupercaria incertae sedis","Labridae","Labroides","Labroides pectoralis","fish",,1,,,TRUE,
278463,"Chordata","Teleostei","Eupercaria incertae sedis","Labridae","Labropsis","Labropsis alleni","fish",,1,,,TRUE,
278465,"Chordata","Teleostei","Eupercaria incertae sedis","Labridae","Labropsis","Labropsis manabei","fish",,1,,,TRUE,
278466,"Chordata","Teleostei","Eupercaria incertae sedis","Labridae","Labropsis","Labropsis micronesica","fish",,1,,,TRUE,
219016,"Chordata","Teleostei","Eupercaria incertae sedis","Labridae","Labropsis","Labropsis xanthonota","fish",,1,,,TRUE,
281319,"Chordata","Teleostei","Eupercaria incertae sedis","Labridae","Leptojulis","Leptojulis cyanopleura","fish",,1,,,TRUE,
219091,"Chordata","Teleostei","Eupercaria incertae sedis","Scaridae","Leptoscarus","Leptoscarus vaigiensis","fish",,1,,,TRUE,
212066,"Chordata","Teleostei","Eupercaria incertae sedis","Lethrinidae","Lethrinus","Lethrinus erythracanthus","fish",,1,,,TRUE,
212074,"Chordata","Teleostei","Eupercaria incertae sedis","Lethrinidae","Lethrinus","Lethrinus erythropterus","fish",,1,,,TRUE,
212078,"Chordata","Teleostei","Eupercaria incertae sedis","Lethrinidae","Lethrinus","Lethrinus genivittatus","fish",,1,,,TRUE,
212063,"Chordata","Teleostei","Eupercaria incertae sedis","Lethrinidae","Lethrinus","Lethrinus harak","fish",,1,,,TRUE,
212075,"Chordata","Teleostei","Eupercaria incertae sedis","Lethrinidae","Lethrinus","Lethrinus mahsena","fish","EN",1,,,TRUE,
212071,"Chordata","Teleostei","Eupercaria incertae sedis","Lethrinidae","Lethrinus","Lethrinus microdon","fish",,1,,,TRUE,
212062,"Chordata","Teleostei","Eupercaria incertae sedis","Lethrinidae","Lethrinus","Lethrinus miniatus","fish",,1,,,TRUE,
212081,"Chordata","Teleostei","Eupercaria incertae sedis","Lethrinidae","Lethrinus","Lethrinus nebulosus","fish",,1,,,TRUE,
212085,"Chordata","Teleostei","Eupercaria incertae sedis","Lethrinidae","Lethrinus","Lethrinus obsoletus","fish",,1,,,TRUE,
212069,"Chordata","Teleostei","Eupercaria incertae sedis","Lethrinidae","Lethrinus","Lethrinus olivaceus","fish",,1,,,TRUE,
278636,"Chordata","Teleostei","Eupercaria incertae sedis","Lethrinidae","Lethrinus","Lethrinus ornatus","fish",,1,,,TRUE,
212079,"Chordata","Teleostei","Eupercaria incertae sedis","Lethrinidae","Lethrinus","Lethrinus xanthochilus","fish",,1,,,TRUE,
218498,"Chordata","Teleostei","Eupercaria incertae sedis","Lutjanidae","Lutjanus","Lutjanus argentimaculatus","fish",,1,,,TRUE,
218484,"Chordata","Teleostei","Eupercaria incertae sedis","Lutjanidae","Lutjanus","Lutjanus bengalensis","fish",,1,,,TRUE,
276525,"Chordata","Teleostei","Eupercaria incertae sedis","Lutjanidae","Lutjanus","Lutjanus biguttatus","fish",,1,,,TRUE,
218479,"Chordata","Teleostei","Eupercaria incertae sedis","Lutjanidae","Lutjanus","Lutjanus bohar","fish",,1,,,TRUE,
276527,"Chordata","Teleostei","Eupercaria incertae sedis","Lutjanidae","Lutjanus","Lutjanus boutton","fish",,1,,,TRUE,
276530,"Chordata","Teleostei","Eupercaria incertae sedis","Lutjanidae","Lutjanus","Lutjanus decussatus","fish",,1,,,TRUE,
218490,"Chordata","Teleostei","Eupercaria incertae sedis","Lutjanidae","Lutjanus","Lutjanus fulviflamma","fish",,1,,,TRUE,
218475,"Chordata","Teleostei","Eupercaria incertae sedis","Lutjanidae","Lutjanus","Lutjanus fulvus","fish",,1,,,TRUE,
218480,"Chordata","Teleostei","Eupercaria incertae sedis","Lutjanidae","Lutjanus","Lutjanus gibbus","fish",,1,,,TRUE,
218482,"Chordata","Teleostei","Eupercaria incertae sedis","Lutjanidae","Lutjanus","Lutjanus kasmira","fish",,1,,,TRUE,
218492,"Chordata","Teleostei","Eupercaria incertae sedis","Lutjanidae","Lutjanus","Lutjanus lunulatus","fish",,1,,,TRUE,
218495,"Chordata","Teleostei","Eupercaria incertae sedis","Lutjanidae","Lutjanus","Lutjanus lutjanus","fish",,1,,,TRUE,
218474,"Chordata","Teleostei","Eupercaria incertae sedis","Lutjanidae","Lutjanus","Lutjanus monostigma","fish",,1,,,TRUE,
218497,"Chordata","Teleostei","Eupercaria incertae sedis","Lutjanidae","Lutjanus","Lutjanus quinquelineatus","fish",,1,,,TRUE,
276548,"Chordata","Teleostei","Eupercaria incertae sedis","Lutjanidae","Lutjanus","Lutjanus rufolineatus","fish",,1,,,TRUE,
218473,"Chordata","Teleostei","Eupercaria incertae sedis","Lutjanidae","Lutjanus","Lutjanus russellii","fish",,1,,,TRUE,
276549,"Chordata","Teleostei","Eupercaria incertae sedis","Lutjanidae","Lutjanus","Lutjanus semicinctus","fish",,1,,,TRUE,
401758,"Chordata","Teleostei","Eupercaria incertae sedis","Lutjanidae","Lutjanus","Lutjanus timoriensis","fish",,1,,,TRUE,
218483,"Chordata","Teleostei","Eupercaria incertae sedis","Lutjanidae","Lutjanus","Lutjanus vitta","fish",,1,,,TRUE,
218500,"Chordata","Teleostei","Eupercaria incertae sedis","Lutjanidae","Macolor","Macolor macularis","fish",,1,,,TRUE,
218501,"Chordata","Teleostei","Eupercaria incertae sedis","Lutjanidae","Macolor","Macolor niger","fish",,1,,,TRUE,
219028,"Chordata","Teleostei","Eupercaria incertae sedis","Labridae","Macropharyngodon","Macropharyngodon meleagris","fish",,1,,,TRUE,
278215,"Chordata","Teleostei","Eupercaria incertae sedis","Labridae","Macropharyngodon","Macropharyngodon negrosensis","fish",,1,,,TRUE,
218378,"Chordata","Teleostei","Eupercaria incertae sedis","Malacanthidae","Malacanthus","Malacanthus brevirostris","fish",,1,,,TRUE,
218377,"Chordata","Teleostei","Eupercaria incertae sedis","Malacanthidae","Malacanthus","Malacanthus latovittatus","fish",,1,,,TRUE,
218584,"Chordata","Teleostei","Eupercaria incertae sedis","Lethrinidae","Monotaxis","Monotaxis grandoculis","fish",,1,,,TRUE,
1042872,"Chordata","Teleostei","Eupercaria incertae sedis","Lethrinidae","Monotaxis","Monotaxis heterodon","fish",,1,,,TRUE,
219035,"Chordata","Teleostei","Eupercaria incertae sedis","Labridae","Novaculichthys","Novaculichthys taeniourus","fish",,1,,,TRUE,
219037,"Chordata","Teleostei","Eupercaria incertae sedis","Labridae","Oxycheilinus","Oxycheilinus arenatus","fish",,1,,,TRUE,
219039,"Chordata","Teleostei","Eupercaria incertae sedis","Labridae","Oxycheilinus","Oxycheilinus bimaculatus","fish",,1,,,TRUE,
277995,"Chordata","Teleostei","Eupercaria incertae sedis","Labridae","Oxycheilinus","Oxycheilinus celebicus","fish",,1,,,TRUE,
277996,"Chordata","Teleostei","Eupercaria incertae sedis","Labridae","Oxycheilinus","Oxycheilinus digramma","fish",,1,,,TRUE,
277998,"Chordata","Teleostei","Eupercaria incertae sedis","Labridae","Oxycheilinus","Oxycheilinus mentalis","fish",,1,,,TRUE,
278000,"Chordata","Teleostei","Eupercaria incertae sedis","Labridae","Oxycheilinus","Oxycheilinus orientalis","fish",,1,,,TRUE,
278002,"Chordata","Teleostei","Eupercaria incertae sedis","Labridae","Oxycheilinus","Oxycheilinus unifasciatus","fish",,1,,,TRUE,
218503,"Chordata","Teleostei","Eupercaria incertae sedis","Lutjanidae","Paracaesio","Paracaesio sordida","fish",,1,,,TRUE,
218502,"Chordata","Teleostei","Eupercaria incertae sedis","Lutjanidae","Paracaesio","Paracaesio xanthura","fish",,1,,,TRUE,
282204,"Chordata","Teleostei","Eupercaria incertae sedis","Nemipteridae","Pentapodus","Pentapodus bifasciatus","fish",,1,,,TRUE,
282205,"Chordata","Teleostei","Eupercaria incertae sedis","Nemipteridae","Pentapodus","Pentapodus caninus","fish",,1,,,TRUE,
282206,"Chordata","Teleostei","Eupercaria incertae sedis","Nemipteridae","Pentapodus","Pentapodus emeryii","fish",,1,,,TRUE,
218548,"Chordata","Teleostei","Eupercaria incertae sedis","Haemulidae","Plectorhinchus","Plectorhinchus albovittatus","fish",,1,,,TRUE,
273483,"Chordata","Teleostei","Eupercaria incertae sedis","Haemulidae","Plectorhinchus","Plectorhinchus chaetodonoides","fish",,1,,,TRUE,
273484,"Chordata","Teleostei","Eupercaria incertae sedis","Haemulidae","Plectorhinchus","Plectorhinchus chrysotaenia","fish",,1,,,TRUE,
273486,"Chordata","Teleostei","Eupercaria incertae sedis","Haemulidae","Plectorhinchus","Plectorhinchus diagrammus","fish",,1,,,TRUE,
218549,"Chordata","Teleostei","Eupercaria incertae sedis","Haemulidae","Plectorhinchus","Plectorhinchus flavomaculatus","fish",,1,,,TRUE,
218539,"Chordata","Teleostei","Eupercaria incertae sedis","Haemulidae","Plectorhinchus","Plectorhinchus gibbosus","fish",,1,,,TRUE,
273488,"Chordata","Teleostei","Eupercaria incertae sedis","Haemulidae","Plectorhinchus","Plectorhinchus lessonii","fish",,1,,,TRUE,
273489,"Chordata","Teleostei","Eupercaria incertae sedis","Haemulidae","Plectorhinchus","Plectorhinchus lineatus","fish",,1,,,TRUE,
218555,"Chordata","Teleostei","Eupercaria incertae sedis","Haemulidae","Plectorhinchus","Plectorhinchus picus","fish",,1,,,TRUE,
218545,"Chordata","Teleostei","Eupercaria incertae sedis","Haemulidae","Plectorhinchus","Plectorhinchus vittatus","fish",,1,,,TRUE,
218361,"Chordata","Teleostei","Eupercaria incertae sedis","Priacanthidae","Priacanthus","Priacanthus blochii","fish",,1,,,TRUE,
218360,"Chordata","Teleostei","Eupercaria incertae sedis","Priacanthidae","Priacanthus","Priacanthus hamrur","fish",,1,,,TRUE,
208917,"Chordata","Teleostei","Eupercaria incertae sedis","Labridae","Pseudocheilinus","Pseudocheilinus evanidus","fish",,1,,,TRUE,
208915,"Chordata","Teleostei","Eupercaria incertae sedis","Labridae","Pseudocheilinus","Pseudocheilinus hexataenia","fish",,1,,,TRUE,
208914,"Chordata","Teleostei","Eupercaria incertae sedis","Labridae","Pseudocheilinus","Pseudocheilinus octotaenia","fish",,1,,,TRUE,
278386,"Chordata","Teleostei","Eupercaria incertae sedis","Labridae","Pseudocheilinus","Pseudocheilinus tetrataenia","fish",,1,,,TRUE,
277987,"Chordata","Teleostei","Eupercaria incertae sedis","Labridae","Pseudocoris","Pseudocoris aurantiofasciata","fish",,1,,,TRUE,
219045,"Chordata","Teleostei","Eupercaria incertae sedis","Labridae","Pseudocoris","Pseudocoris yamashiroi","fish",,1,,,TRUE,
219046,"Chordata","Teleostei","Eupercaria incertae sedis","Labridae","Pseudodax","Pseudodax moluccanus","fish",,1,,,TRUE,
282436,"Chordata","Teleostei","Eupercaria incertae sedis","Labridae","Pseudolabrus","Pseudolabrus guentheri","fish",,1,,,TRUE,
219052,"Chordata","Teleostei","Eupercaria incertae sedis","Labridae","Pteragogus","Pteragogus flagellifer","fish",,1,,,TRUE,
213662,"Chordata","Teleostei","Eupercaria incertae sedis","Caesionidae","Pterocaesio","Pterocaesio chrysozona","fish",,1,,,TRUE,
213657,"Chordata","Teleostei","Eupercaria incertae sedis","Caesionidae","Pterocaesio","Pterocaesio digramma","fish",,1,,,TRUE,
213659,"Chordata","Teleostei","Eupercaria incertae sedis","Caesionidae","Pterocaesio","Pterocaesio lativittata","fish",,1,,,TRUE,
213661,"Chordata","Teleostei","Eupercaria incertae sedis","Caesionidae","Pterocaesio","Pterocaesio marri","fish",,1,,,TRUE,
213658,"Chordata","Teleostei","Eupercaria incertae sedis","Caesionidae","Pterocaesio","Pterocaesio pisang","fish",,1,,,TRUE,
278944,"Chordata","Teleostei","Eupercaria incertae sedis","Caesionidae","Pterocaesio","Pterocaesio randalli","fish",,1,,,TRUE,
278945,"Chordata","Teleostei","Eupercaria incertae sedis","Caesionidae","Pterocaesio","Pterocaesio tessellata","fish",,1,,,TRUE,
213656,"Chordata","Teleostei","Eupercaria incertae sedis","Caesionidae","Pterocaesio","Pterocaesio tile","fish",,1,,,TRUE,
278946,"Chordata","Teleostei","Eupercaria incertae sedis","Caesionidae","Pterocaesio","Pterocaesio trilineata","fish",,1,,,TRUE,
276039,"Chordata","Teleostei","Eupercaria incertae sedis","Scaridae","Scarus","Scarus altipinnis","fish",,1,,,TRUE,
276040,"Chordata","Teleostei","Eupercaria incertae sedis","Scaridae","Scarus","Scarus chameleon","fish",,1,,,TRUE,
276044,"Chordata","Teleostei","Eupercaria incertae sedis","Scaridae","Scarus","Scarus dimidiatus","fish",,1,,,TRUE,
219094,"Chordata","Teleostei","Eupercaria incertae sedis","Scaridae","Scarus","Scarus dubius","fish",,1,,,TRUE,
219121,"Chordata","Teleostei","Eupercaria incertae sedis","Scaridae","Scarus","Scarus ferrugineus","fish",,1,,,TRUE,
219105,"Chordata","Teleostei","Eupercaria incertae sedis","Scaridae","Scarus","Scarus festivus","fish",,1,,,TRUE,
276045,"Chordata","Teleostei","Eupercaria incertae sedis","Scaridae","Scarus","Scarus flavipectoralis","fish",,1,,,TRUE,
276046,"Chordata","Teleostei","Eupercaria incertae sedis","Scaridae","Scarus","Scarus forsteni","fish",,1,,,TRUE,
219113,"Chordata","Teleostei","Eupercaria incertae sedis","Scaridae","Scarus","Scarus frenatus","fish",,1,,,TRUE,
219127,"Chordata","Teleostei","Eupercaria incertae sedis","Scaridae","Scarus","Scarus ghobban","fish",,1,,,TRUE,
219104,"Chordata","Teleostei","Eupercaria incertae sedis","Scaridae","Scarus","Scarus globiceps","fish",,1,,,TRUE,
276051,"Chordata","Teleostei","Eupercaria incertae sedis","Scaridae","Scarus","Scarus hypselopterus","fish","NT",1,,,TRUE,
219129,"Chordata","Teleostei","Eupercaria incertae sedis","Scaridae","Scarus","Scarus niger","fish",,1,,,TRUE,
219111,"Chordata","Teleostei","Eupercaria incertae sedis","Scaridae","Scarus","Scarus oviceps","fish",,1,,,TRUE,
219093,"Chordata","Teleostei","Eupercaria incertae sedis","Scaridae","Scarus","Scarus prasiognathos","fish",,1,,,TRUE,
219125,"Chordata","Teleostei","Eupercaria incertae sedis","Scaridae","Scarus","Scarus psittacus","fish",,1,,,TRUE,
276058,"Chordata","Teleostei","Eupercaria incertae sedis","Scaridae","Scarus","Scarus quoyi","fish",,1,,,TRUE,
367210,"Chordata","Teleostei","Eupercaria incertae sedis","Scaridae","Scarus","Scarus rivulatus","fish",,1,,,TRUE,
219124,"Chordata","Teleostei","Eupercaria incertae sedis","Scaridae","Scarus","Scarus rubroviolaceus","fish",,1,,,TRUE,
219135,"Chordata","Teleostei","Eupercaria incertae sedis","Scaridae","Scarus","Scarus russelii","fish",,1,,,TRUE,
219114,"Chordata","Teleostei","Eupercaria incertae sedis","Scaridae","Scarus","Scarus scaber","fish",,1,,,TRUE,
276060,"Chordata","Teleostei","Eupercaria incertae sedis","Scaridae","Scarus","Scarus schlegeli","fish",,1,,,TRUE,
276061,"Chordata","Teleostei","Eupercaria incertae sedis","Scaridae","Scarus","Scarus spinus","fish",,1,,,TRUE,
219098,"Chordata","Teleostei","Eupercaria incertae sedis","Scaridae","Scarus","Scarus tricolor","fish",,1,,,TRUE,
276065,"Chordata","Teleostei","Eupercaria incertae sedis","Scaridae","Scarus","Scarus xanthopleura","fish",,1,,,TRUE,
276783,"Chordata","Teleostei","Eupercaria incertae sedis","Nemipteridae","Scolopsis","Scolopsis affinis","fish",,1,,,TRUE,
209219,"Chordata","Teleostei","Eupercaria incertae sedis","Nemipteridae","Scolopsis","Scolopsis bilineata","fish",,1,,,TRUE,
276785,"Chordata","Teleostei","Eupercaria incertae sedis","Nemipteridae","Scolopsis","Scolopsis ciliata","fish",,1,,,TRUE,
712734,"Chordata","Teleostei","Eupercaria incertae sedis","Nemipteridae","Scolopsis","Scolopsis frenata","fish",,1,,,TRUE,
276786,"Chordata","Teleostei","Eupercaria incertae sedis","Nemipteridae","Scolopsis","Scolopsis lineata","fish",,1,,,TRUE,
276787,"Chordata","Teleostei","Eupercaria incertae sedis","Nemipteridae","Scolopsis","Scolopsis margaritifera","fish",,1,,,TRUE,
276791,"Chordata","Teleostei","Eupercaria incertae sedis","Nemipteridae","Scolopsis","Scolopsis trilineata","fish",,1,,,TRUE,
219060,"Chordata","Teleostei","Eupercaria incertae sedis","Labridae","Stethojulis","Stethojulis balteata","fish",,1,,,TRUE,
277106,"Chordata","Teleostei","Eupercaria incertae sedis","Labridae","Stethojulis","Stethojulis bandanensis","fish",,1,,,TRUE,
219061,"Chordata","Teleostei","Eupercaria incertae sedis","Labridae","Stethojulis","Stethojulis strigiventer","fish",,1,,,TRUE,
219057,"Chordata","Teleostei","Eupercaria incertae sedis","Labridae","Stethojulis","Stethojulis trilineata","fish",,1,,,TRUE,
282915,"Chordata","Teleostei","Eupercaria incertae sedis","Lutjanidae","Symphorus","Symphorus nematophorus","fish",,1,,,TRUE,
212216,"Chordata","Teleostei","Eupercaria incertae sedis","Labridae","Thalassoma","Thalassoma amblycephalum","fish",,1,,,TRUE,
212217,"Chordata","Teleostei","Eupercaria incertae sedis","Labridae","Thalassoma","Thalassoma hardwicke","fish",,1,,,TRUE,
273582,"Chordata","Teleostei","Eupercaria incertae sedis","Labridae","Thalassoma","Thalassoma jansenii","fish",,1,,,TRUE,
212209,"Chordata","Teleostei","Eupercaria incertae sedis","Labridae","Thalassoma","Thalassoma lunare","fish",,1,,,TRUE,
273585,"Chordata","Teleostei","Eupercaria incertae sedis","Labridae","Thalassoma","Thalassoma lutescens","fish",,1,,,TRUE,
212213,"Chordata","Teleostei","Eupercaria incertae sedis","Labridae","Thalassoma","Thalassoma purpureum","fish",,1,,,TRUE,
212211,"Chordata","Teleostei","Eupercaria incertae sedis","Labridae","Thalassoma","Thalassoma quinquevittatum","fish",,1,,,TRUE,
212212,"Chordata","Teleostei","Eupercaria incertae sedis","Labridae","Thalassoma","Thalassoma trilobatum","fish",,1,,,TRUE,
219067,"Chordata","Teleostei","Eupercaria incertae sedis","Labridae","Wetmorella","Wetmorella nigropinnata","fish",,1,,,TRUE,
278967,"Chordata","Teleostei","Gobiiformes","Gobiidae","Amblyeleotris","Amblyeleotris guttata","fish",,1,,,TRUE,
278979,"Chordata","Teleostei","Gobiiformes","Gobiidae","Amblyeleotris","Amblyeleotris periophthalma","fish",,1,,,TRUE,
209274,"Chordata","Teleostei","Gobiiformes","Gobiidae","Amblyeleotris","Amblyeleotris wheeleri","fish",,1,,,TRUE,
278651,"Chordata","Teleostei","Gobiiformes","Gobiidae","Amblygobius","Amblygobius decussatus","fish",,1,,,TRUE,
277499,"Chordata","Teleostei","Gobiiformes","Gobiidae","Asterropteryx","Asterropteryx striata","fish",,1,,,TRUE,
219391,"Chordata","Teleostei","Gobiiformes","Gobiidae","Bryaninops","Bryaninops yongei","fish",,1,,,TRUE,
367253,"Chordata","Teleostei","Gobiiformes","Gobiidae","Cryptocentrus","Cryptocentrus fasciatus","fish",,1,,,TRUE,
219434,"Chordata","Teleostei","Gobiiformes","Gobiidae","Cryptocentrus","Cryptocentrus octofasciatus","fish",,1,,,TRUE,
219437,"Chordata","Teleostei","Gobiiformes","Gobiidae","Ctenogobiops","Ctenogobiops feroculus","fish",,1,,,TRUE,
712863,"Chordata","Teleostei","Gobiiformes","Gobiidae","Eviota","Eviota ancora","fish",,1,,,TRUE,
712867,"Chordata","Teleostei","Gobiiformes","Gobiidae","Eviota","Eviota fallax","fish",,1,,,TRUE,
219452,"Chordata","Teleostei","Gobiiformes","Gobiidae","Eviota","Eviota guttata","fish",,1,,,TRUE,
278595,"Chordata","Teleostei","Gobiiformes","Gobiidae","Eviota","Eviota latifasciata","fish",,1,,,TRUE,
835183,"Chordata","Teleostei","Gobiiformes","Gobiidae","Eviota","Eviota minuta","fish",,1,,,TRUE,
219459,"Chordata","Teleostei","Gobiiformes","Gobiidae","Eviota","Eviota nebulosa","fish",,1,,,TRUE,
219461,"Chordata","Teleostei","Gobiiformes","Gobiidae","Eviota","Eviota sebreei","fish",,1,,,TRUE,
475016,"Chordata","Teleostei","Gobiiformes","Gobiidae","Eviota","Eviota shimadai","fish",,1,,,TRUE,
219476,"Chordata","Teleostei","Gobiiformes","Gobiidae","Gnatholepis","Gnatholepis cauerensis","fish",,1,,,TRUE,
219612,"Chordata","Teleostei","Gobiiformes","Microdesmidae","Nemateleotris","Nemateleotris decora","fish",,1,,,TRUE,
219611,"Chordata","Teleostei","Gobiiformes","Microdesmidae","Nemateleotris","Nemateleotris magnifica","fish",,1,,,TRUE,
219544,"Chordata","Teleostei","Gobiiformes","Gobiidae","Pleurosicya","Pleurosicya micheli","fish",,1,,,TRUE,
219622,"Chordata","Teleostei","Gobiiformes","Microdesmidae","Ptereleotris","Ptereleotris evides","fish",,1,,,TRUE,
219617,"Chordata","Teleostei","Gobiiformes","Microdesmidae","Ptereleotris","Ptereleotris heteroptera","fish",,1,,,TRUE,
277035,"Chordata","Teleostei","Gobiiformes","Gobiidae","Valenciennea","Valenciennea randalli","fish",,1,,,TRUE,
219599,"Chordata","Teleostei","Gobiiformes","Gobiidae","Valenciennea","Valenciennea strigata","fish",,1,,,TRUE,
217625,"Chordata","Teleostei","Gonorynchiformes","Chanidae","Chanos","Chanos chanos","fish",,1,,,TRUE,
217926,"Chordata","Teleostei","Holocentriformes","Holocentridae","Myripristis","Myripristis adusta","fish",,1,,,TRUE,
276190,"Chordata","Teleostei","Holocentriformes","Holocentridae","Myripristis","Myripristis amaena","fish",,1,,,TRUE,
217927,"Chordata","Teleostei","Holocentriformes","Holocentridae","Myripristis","Myripristis berndti","fish",,1,,,TRUE,
217922,"Chordata","Teleostei","Holocentriformes","Holocentridae","Myripristis","Myripristis botche","fish",,1,,,TRUE,
217920,"Chordata","Teleostei","Holocentriformes","Holocentridae","Myripristis","Myripristis chryseres","fish",,1,,,TRUE,
217928,"Chordata","Teleostei","Holocentriformes","Holocentridae","Myripristis","Myripristis hexagona","fish",,1,,,TRUE,
217915,"Chordata","Teleostei","Holocentriformes","Holocentridae","Myripristis","Myripristis kuntee","fish",,1,,,TRUE,
217925,"Chordata","Teleostei","Holocentriformes","Holocentridae","Myripristis","Myripristis murdjan","fish",,1,,,TRUE,
217919,"Chordata","Teleostei","Holocentriformes","Holocentridae","Myripristis","Myripristis pralinia","fish",,1,,,TRUE,
217914,"Chordata","Teleostei","Holocentriformes","Holocentridae","Myripristis","Myripristis violacea","fish",,1,,,TRUE,
217924,"Chordata","Teleostei","Holocentriformes","Holocentridae","Myripristis","Myripristis vittata","fish",,1,,,TRUE,
276204,"Chordata","Teleostei","Holocentriformes","Holocentridae","Myripristis","Myripristis woodsi","fish",,1,,,TRUE,
217931,"Chordata","Teleostei","Holocentriformes","Holocentridae","Neoniphon","Neoniphon argenteus","fish",,1,,,TRUE,
217929,"Chordata","Teleostei","Holocentriformes","Holocentridae","Neoniphon","Neoniphon opercularis","fish",,1,,,TRUE,
159393,"Chordata","Teleostei","Holocentriformes","Holocentridae","Neoniphon","Neoniphon sammara","fish",,1,,,TRUE,
217937,"Chordata","Teleostei","Holocentriformes","Holocentridae","Plectrypops","Plectrypops lima","fish",,1,,,TRUE,
217940,"Chordata","Teleostei","Holocentriformes","Holocentridae","Sargocentron","Sargocentron caudimaculatum","fish",,1,,,TRUE,
217946,"Chordata","Teleostei","Holocentriformes","Holocentridae","Sargocentron","Sargocentron cornutum","fish",,1,,,TRUE,
217947,"Chordata","Teleostei","Holocentriformes","Holocentridae","Sargocentron","Sargocentron diadema","fish",,1,,,TRUE,
217939,"Chordata","Teleostei","Holocentriformes","Holocentridae","Sargocentron","Sargocentron ittodai","fish",,1,,,TRUE,
217942,"Chordata","Teleostei","Holocentriformes","Holocentridae","Sargocentron","Sargocentron melanospilos","fish",,1,,,TRUE,
217952,"Chordata","Teleostei","Holocentriformes","Holocentridae","Sargocentron","Sargocentron microstoma","fish",,1,,,TRUE,
217945,"Chordata","Teleostei","Holocentriformes","Holocentridae","Sargocentron","Sargocentron praslin","fish",,1,,,TRUE,
126400,"Chordata","Teleostei","Holocentriformes","Holocentridae","Sargocentron","Sargocentron rubrum","fish",,3,1947,,TRUE,
217950,"Chordata","Teleostei","Holocentriformes","Holocentridae","Sargocentron","Sargocentron spiniferum","fish",,1,,,TRUE,
217954,"Chordata","Teleostei","Holocentriformes","Holocentridae","Sargocentron","Sargocentron tiere","fish",,1,,,TRUE,
217949,"Chordata","Teleostei","Holocentriformes","Holocentridae","Sargocentron","Sargocentron tiereoides","fish",,1,,,TRUE,
217943,"Chordata","Teleostei","Holocentriformes","Holocentridae","Sargocentron","Sargocentron violaceum","fish",,1,,,TRUE,
209377,"Chordata","Teleostei","Kurtiformes","Apogonidae","Cheilodipterus","Cheilodipterus artus","fish",,1,,,TRUE,
278892,"Chordata","Teleostei","Kurtiformes","Apogonidae","Cheilodipterus","Cheilodipterus isostigmus","fish",,1,,,TRUE,
209373,"Chordata","Teleostei","Kurtiformes","Apogonidae","Cheilodipterus","Cheilodipterus macrodon","fish",,1,,,TRUE,
398504,"Chordata","Teleostei","Kurtiformes","Apogonidae","Nectamia","Nectamia bandanensis","fish",,1,,,TRUE,
319874,"Chordata","Teleostei","Kurtiformes","Apogonidae","Ostorhinchus","Ostorhinchus angustatus","fish",,1,,,TRUE,
712648,"Chordata","Teleostei","Kurtiformes","Apogonidae","Ostorhinchus","Ostorhinchus aureus","fish",,1,,,TRUE,
712661,"Chordata","Teleostei","Kurtiformes","Apogonidae","Ostorhinchus","Ostorhinchus hartzfeldii","fish",,1,,,TRUE,
712676,"Chordata","Teleostei","Kurtiformes","Apogonidae","Ostorhinchus","Ostorhinchus nanus","fish",,1,,,TRUE,
712677,"Chordata","Teleostei","Kurtiformes","Apogonidae","Ostorhinchus","Ostorhinchus neotes","fish",,1,,,TRUE,
712679,"Chordata","Teleostei","Kurtiformes","Apogonidae","Ostorhinchus","Ostorhinchus nigrofasciatus","fish",,1,,,TRUE,
319881,"Chordata","Teleostei","Kurtiformes","Apogonidae","Ostorhinchus","Ostorhinchus novemfasciatus","fish",,1,,,TRUE,
712688,"Chordata","Teleostei","Kurtiformes","Apogonidae","Ostorhinchus","Ostorhinchus selas","fish",,1,,,TRUE,
209369,"Chordata","Teleostei","Kurtiformes","Apogonidae","Pristiapogon","Pristiapogon fraenatus","fish",,1,,,TRUE,
712696,"Chordata","Teleostei","Kurtiformes","Apogonidae","Pristiapogon","Pristiapogon kallopterus","fish",,1,,,TRUE,
712699,"Chordata","Teleostei","Kurtiformes","Apogonidae","Pristicon","Pristicon trimaculatus","fish",,1,,,TRUE,
218648,"Chordata","Teleostei","Mulliformes","Mullidae","Mulloidichthys","Mulloidichthys vanicolensis","fish",,1,,,TRUE,
277810,"Chordata","Teleostei","Mulliformes","Mullidae","Parupeneus","Parupeneus barberinoides","fish",,1,,,TRUE,
218660,"Chordata","Teleostei","Mulliformes","Mullidae","Parupeneus","Parupeneus barberinus","fish",,1,,,TRUE,
277814,"Chordata","Teleostei","Mulliformes","Mullidae","Parupeneus","Parupeneus crassilabris","fish",,1,,,TRUE,
218665,"Chordata","Teleostei","Mulliformes","Mullidae","Parupeneus","Parupeneus cyclostomus","fish",,1,,,TRUE,
218658,"Chordata","Teleostei","Mulliformes","Mullidae","Parupeneus","Parupeneus indicus","fish",,1,,,TRUE,
277817,"Chordata","Teleostei","Mulliformes","Mullidae","Parupeneus","Parupeneus macronemus","fish",,1,,,TRUE,
277820,"Chordata","Teleostei","Mulliformes","Mullidae","Parupeneus","Parupeneus multifasciatus","fish",,1,,,TRUE,
218656,"Chordata","Teleostei","Mulliformes","Mullidae","Parupeneus","Parupeneus pleurostigma","fish",,1,,,TRUE,
218664,"Chordata","Teleostei","Mulliformes","Mullidae","Parupeneus","Parupeneus rubescens","fish",,1,,,TRUE,
277826,"Chordata","Teleostei","Mulliformes","Mullidae","Parupeneus","Parupeneus trifasciatus","fish",,1,,,TRUE,
126989,"Chordata","Teleostei","Mulliformes","Mullidae","Upeneus","Upeneus moluccensis","fish",,1,,,TRUE,
217715,"Chordata","Teleostei","Myctophiformes","Myctophidae","Myctophum","Myctophum aurolaternatum","fish",,3,1948,,TRUE,
126626,"Chordata","Teleostei","Myctophiformes","Myctophidae","Myctophum","Myctophum nitidulum","fish",,2,1948,,TRUE,
159289,"Chordata","Teleostei","Ovalentaria incertae sedis","Pomacentridae","Abudefduf","Abudefduf sexfasciatus","fish",,1,,,TRUE,
212879,"Chordata","Teleostei","Ovalentaria incertae sedis","Pomacentridae","Abudefduf","Abudefduf vaigiensis","fish",,1,,,TRUE,
279469,"Chordata","Teleostei","Ovalentaria incertae sedis","Pomacentridae","Acanthochromis","Acanthochromis polyacanthus","fish",,1,,,TRUE,
277595,"Chordata","Teleostei","Ovalentaria incertae sedis","Pomacentridae","Amblyglyphidodon","Amblyglyphidodon aureus","fish",,1,,,TRUE,
277597,"Chordata","Teleostei","Ovalentaria incertae sedis","Pomacentridae","Amblyglyphidodon","Amblyglyphidodon curacao","fish",,1,,,TRUE,
218779,"Chordata","Teleostei","Ovalentaria incertae sedis","Pomacentridae","Amblyglyphidodon","Amblyglyphidodon leucogaster","fish",,1,,,TRUE,
279576,"Chordata","Teleostei","Ovalentaria incertae sedis","Pomacentridae","Amblypomacentrus","Amblypomacentrus breviceps","fish",,1,,,TRUE,
278392,"Chordata","Teleostei","Ovalentaria incertae sedis","Pomacentridae","Amphiprion","Amphiprion akindynos","fish",,1,,,TRUE,
278393,"Chordata","Teleostei","Ovalentaria incertae sedis","Pomacentridae","Amphiprion","Amphiprion chrysopterus","fish",,1,,,TRUE,
212783,"Chordata","Teleostei","Ovalentaria incertae sedis","Pomacentridae","Amphiprion","Amphiprion clarkii","fish",,1,,,TRUE,
278394,"Chordata","Teleostei","Ovalentaria incertae sedis","Pomacentridae","Amphiprion","Amphiprion frenatus","fish",,1,,,TRUE,
278398,"Chordata","Teleostei","Ovalentaria incertae sedis","Pomacentridae","Amphiprion","Amphiprion melanopus","fish",,1,,,TRUE,
278400,"Chordata","Teleostei","Ovalentaria incertae sedis","Pomacentridae","Amphiprion","Amphiprion ocellaris","fish",,1,,,TRUE,
278403,"Chordata","Teleostei","Ovalentaria incertae sedis","Pomacentridae","Amphiprion","Amphiprion perideraion","fish",,1,,,TRUE,
278405,"Chordata","Teleostei","Ovalentaria incertae sedis","Pomacentridae","Amphiprion","Amphiprion sandaracinos","fish",,1,,,TRUE,
212772,"Chordata","Teleostei","Ovalentaria incertae sedis","Pomacentridae","Amphiprion","Amphiprion sebae","fish",,1,,,TRUE,
1605313,"Chordata","Teleostei","Ovalentaria incertae sedis","Pomacentridae","Azurina","Azurina elerae","fish",,1,,,TRUE,
1605312,"Chordata","Teleostei","Ovalentaria incertae sedis","Pomacentridae","Azurina","Azurina lepidolepis","fish",,1,,,TRUE,
273709,"Chordata","Teleostei","Ovalentaria incertae sedis","Pomacentridae","Chromis","Chromis alpha","fish",,1,,,TRUE,
212814,"Chordata","Teleostei","Ovalentaria incertae sedis","Pomacentridae","Chromis","Chromis analis","fish",,1,,,TRUE,
212812,"Chordata","Teleostei","Ovalentaria incertae sedis","Pomacentridae","Chromis","Chromis atripectoralis","fish",,1,,,TRUE,
212824,"Chordata","Teleostei","Ovalentaria incertae sedis","Pomacentridae","Chromis","Chromis chrysura","fish",,1,,,TRUE,
273728,"Chordata","Teleostei","Ovalentaria incertae sedis","Pomacentridae","Chromis","Chromis fumea","fish",,1,,,TRUE,
273744,"Chordata","Teleostei","Ovalentaria incertae sedis","Pomacentridae","Chromis","Chromis nitida","fish",,1,,,TRUE,
273745,"Chordata","Teleostei","Ovalentaria incertae sedis","Pomacentridae","Chromis","Chromis notata","fish",,1,,,TRUE,
212798,"Chordata","Teleostei","Ovalentaria incertae sedis","Pomacentridae","Chromis","Chromis opercularis","fish",,1,,,TRUE,
273755,"Chordata","Teleostei","Ovalentaria incertae sedis","Pomacentridae","Chromis","Chromis scotochiloptera","fish",,1,,,TRUE,
212810,"Chordata","Teleostei","Ovalentaria incertae sedis","Pomacentridae","Chromis","Chromis ternatensis","fish",,1,,,TRUE,
212811,"Chordata","Teleostei","Ovalentaria incertae sedis","Pomacentridae","Chromis","Chromis viridis","fish",,1,,,TRUE,
212817,"Chordata","Teleostei","Ovalentaria incertae sedis","Pomacentridae","Chromis","Chromis weberi","fish",,1,,,TRUE,
273761,"Chordata","Teleostei","Ovalentaria incertae sedis","Pomacentridae","Chromis","Chromis xanthochira","fish",,1,,,TRUE,
212819,"Chordata","Teleostei","Ovalentaria incertae sedis","Pomacentridae","Chromis","Chromis xanthura","fish",,1,,,TRUE,
218784,"Chordata","Teleostei","Ovalentaria incertae sedis","Pomacentridae","Chrysiptera","Chrysiptera biocellata","fish",,1,,,TRUE,
218781,"Chordata","Teleostei","Ovalentaria incertae sedis","Pomacentridae","Chrysiptera","Chrysiptera cyanea","fish",,1,,,TRUE,
218783,"Chordata","Teleostei","Ovalentaria incertae sedis","Pomacentridae","Chrysiptera","Chrysiptera glauca","fish",,1,,,TRUE,
254881,"Chordata","Teleostei","Ovalentaria incertae sedis","Pomacentridae","Chrysiptera","Chrysiptera oxycephala","fish",,1,,,TRUE,
276836,"Chordata","Teleostei","Ovalentaria incertae sedis","Pomacentridae","Chrysiptera","Chrysiptera parasema","fish",,1,,,TRUE,
276839,"Chordata","Teleostei","Ovalentaria incertae sedis","Pomacentridae","Chrysiptera","Chrysiptera rex","fish",,1,,,TRUE,
276840,"Chordata","Teleostei","Ovalentaria incertae sedis","Pomacentridae","Chrysiptera","Chrysiptera rollandi","fish",,1,,,TRUE,
276843,"Chordata","Teleostei","Ovalentaria incertae sedis","Pomacentridae","Chrysiptera","Chrysiptera springeri","fish",,1,,,TRUE,
276845,"Chordata","Teleostei","Ovalentaria incertae sedis","Pomacentridae","Chrysiptera","Chrysiptera talboti","fish",,1,,,TRUE,
276847,"Chordata","Teleostei","Ovalentaria incertae sedis","Pomacentridae","Chrysiptera","Chrysiptera traceyi","fish",,1,,,TRUE,
218782,"Chordata","Teleostei","Ovalentaria incertae sedis","Pomacentridae","Chrysiptera","Chrysiptera unimaculata","fish",,1,,,TRUE,
212843,"Chordata","Teleostei","Ovalentaria incertae sedis","Pomacentridae","Dascyllus","Dascyllus aruanus","fish",,1,,,TRUE,
278451,"Chordata","Teleostei","Ovalentaria incertae sedis","Pomacentridae","Dascyllus","Dascyllus melanurus","fish",,1,,,TRUE,
212844,"Chordata","Teleostei","Ovalentaria incertae sedis","Pomacentridae","Dascyllus","Dascyllus reticulatus","fish",,1,,,TRUE,
212846,"Chordata","Teleostei","Ovalentaria incertae sedis","Pomacentridae","Dascyllus","Dascyllus trimaculatus","fish",,3,1995,,TRUE,
280559,"Chordata","Teleostei","Ovalentaria incertae sedis","Pomacentridae","Dischistodus","Dischistodus chrysopoecilus","fish",,1,,,TRUE,
280562,"Chordata","Teleostei","Ovalentaria incertae sedis","Pomacentridae","Dischistodus","Dischistodus melanotus","fish",,1,,,TRUE,
278812,"Chordata","Teleostei","Ovalentaria incertae sedis","Pomacentridae","Neoglyphidodon","Neoglyphidodon crossi","fish",,1,,,TRUE,
218833,"Chordata","Teleostei","Ovalentaria incertae sedis","Pomacentridae","Neoglyphidodon","Neoglyphidodon melas","fish",,1,,,TRUE,
278813,"Chordata","Teleostei","Ovalentaria incertae sedis","Pomacentridae","Neoglyphidodon","Neoglyphidodon nigroris","fish",,1,,,TRUE,
278814,"Chordata","Teleostei","Ovalentaria incertae sedis","Pomacentridae","Neoglyphidodon","Neoglyphidodon oxyodon","fish",,1,,,TRUE,
278815,"Chordata","Teleostei","Ovalentaria incertae sedis","Pomacentridae","Neoglyphidodon","Neoglyphidodon polyacanthus","fish",,1,,,TRUE,
278816,"Chordata","Teleostei","Ovalentaria incertae sedis","Pomacentridae","Neoglyphidodon","Neoglyphidodon thoracotaeniatus","fish",,1,,,TRUE,
278909,"Chordata","Teleostei","Ovalentaria incertae sedis","Pomacentridae","Neopomacentrus","Neopomacentrus anabatoides","fish",,1,,,TRUE,
218837,"Chordata","Teleostei","Ovalentaria incertae sedis","Pomacentridae","Neopomacentrus","Neopomacentrus azysron","fish",,1,,,TRUE,
218839,"Chordata","Teleostei","Ovalentaria incertae sedis","Pomacentridae","Neopomacentrus","Neopomacentrus cyanomos","fish",,1,,,TRUE,
278912,"Chordata","Teleostei","Ovalentaria incertae sedis","Pomacentridae","Neopomacentrus","Neopomacentrus filamentosus","fish",,1,,,TRUE,
278914,"Chordata","Teleostei","Ovalentaria incertae sedis","Pomacentridae","Neopomacentrus","Neopomacentrus nemurus","fish",,1,,,TRUE,
278916,"Chordata","Teleostei","Ovalentaria incertae sedis","Pomacentridae","Neopomacentrus","Neopomacentrus violascens","fish",,1,,,TRUE,
1605250,"Chordata","Teleostei","Ovalentaria incertae sedis","Pomacentridae","Plectroglyphidodon","Plectroglyphidodon altus","fish",,1,,,TRUE,
1592337,"Chordata","Teleostei","Ovalentaria incertae sedis","Pomacentridae","Plectroglyphidodon","Plectroglyphidodon aureus","fish",,1,,,TRUE,
212855,"Chordata","Teleostei","Ovalentaria incertae sedis","Pomacentridae","Plectroglyphidodon","Plectroglyphidodon dickii","fish","NT",1,,,TRUE,
212856,"Chordata","Teleostei","Ovalentaria incertae sedis","Pomacentridae","Plectroglyphidodon","Plectroglyphidodon imparipennis","fish",,1,,,TRUE,
212859,"Chordata","Teleostei","Ovalentaria incertae sedis","Pomacentridae","Plectroglyphidodon","Plectroglyphidodon johnstonianus","fish",,1,,,TRUE,
212854,"Chordata","Teleostei","Ovalentaria incertae sedis","Pomacentridae","Plectroglyphidodon","Plectroglyphidodon leucozonus","fish",,1,,,TRUE,
212853,"Chordata","Teleostei","Ovalentaria incertae sedis","Pomacentridae","Plectroglyphidodon","Plectroglyphidodon phoenixensis","fish",,1,,,TRUE,
277127,"Chordata","Teleostei","Ovalentaria incertae sedis","Pomacentridae","Pomacentrus","Pomacentrus adelus","fish",,1,,,TRUE,
277130,"Chordata","Teleostei","Ovalentaria incertae sedis","Pomacentridae","Pomacentrus","Pomacentrus alexanderae","fish",,1,,,TRUE,
277132,"Chordata","Teleostei","Ovalentaria incertae sedis","Pomacentridae","Pomacentrus","Pomacentrus amboinensis","fish",,1,,,TRUE,
277134,"Chordata","Teleostei","Ovalentaria incertae sedis","Pomacentridae","Pomacentrus","Pomacentrus armillatus","fish",,1,,,TRUE,
277137,"Chordata","Teleostei","Ovalentaria incertae sedis","Pomacentridae","Pomacentrus","Pomacentrus auriventris","fish",,1,,,TRUE,
212966,"Chordata","Teleostei","Ovalentaria incertae sedis","Pomacentridae","Pomacentrus","Pomacentrus bankanensis","fish",,1,,,TRUE,
212977,"Chordata","Teleostei","Ovalentaria incertae sedis","Pomacentridae","Pomacentrus","Pomacentrus brachialis","fish",,1,,,TRUE,
277142,"Chordata","Teleostei","Ovalentaria incertae sedis","Pomacentridae","Pomacentrus","Pomacentrus burroughi","fish",,1,,,TRUE,
212993,"Chordata","Teleostei","Ovalentaria incertae sedis","Pomacentridae","Pomacentrus","Pomacentrus caeruleus","fish",,1,,,TRUE,
212971,"Chordata","Teleostei","Ovalentaria incertae sedis","Pomacentridae","Pomacentrus","Pomacentrus chrysurus","fish",,1,,,TRUE,
277145,"Chordata","Teleostei","Ovalentaria incertae sedis","Pomacentridae","Pomacentrus","Pomacentrus coelestis","fish",,1,,,TRUE,
277151,"Chordata","Teleostei","Ovalentaria incertae sedis","Pomacentridae","Pomacentrus","Pomacentrus grammorhynchus","fish",,1,,,TRUE,
212985,"Chordata","Teleostei","Ovalentaria incertae sedis","Pomacentridae","Pomacentrus","Pomacentrus indicus","fish",,1,,,TRUE,
277155,"Chordata","Teleostei","Ovalentaria incertae sedis","Pomacentridae","Pomacentrus","Pomacentrus lepidogenys","fish","NT",1,,,TRUE,
277159,"Chordata","Teleostei","Ovalentaria incertae sedis","Pomacentridae","Pomacentrus","Pomacentrus moluccensis","fish",,1,,,TRUE,
277160,"Chordata","Teleostei","Ovalentaria incertae sedis","Pomacentridae","Pomacentrus","Pomacentrus nagasakiensis","fish",,1,,,TRUE,
277161,"Chordata","Teleostei","Ovalentaria incertae sedis","Pomacentridae","Pomacentrus","Pomacentrus nigromanus","fish",,1,,,TRUE,
277162,"Chordata","Teleostei","Ovalentaria incertae sedis","Pomacentridae","Pomacentrus","Pomacentrus nigromarginatus","fish",,1,,,TRUE,
277164,"Chordata","Teleostei","Ovalentaria incertae sedis","Pomacentridae","Pomacentrus","Pomacentrus philippinus","fish",,1,,,TRUE,
277167,"Chordata","Teleostei","Ovalentaria incertae sedis","Pomacentridae","Pomacentrus","Pomacentrus reidi","fish",,1,,,TRUE,
277170,"Chordata","Teleostei","Ovalentaria incertae sedis","Pomacentridae","Pomacentrus","Pomacentrus similis","fish",,1,,,TRUE,
277171,"Chordata","Teleostei","Ovalentaria incertae sedis","Pomacentridae","Pomacentrus","Pomacentrus simsiang","fish",,1,,,TRUE,
277172,"Chordata","Teleostei","Ovalentaria incertae sedis","Pomacentridae","Pomacentrus","Pomacentrus smithi","fish",,1,,,TRUE,
277174,"Chordata","Teleostei","Ovalentaria incertae sedis","Pomacentridae","Pomacentrus","Pomacentrus stigma","fish",,1,,,TRUE,
212968,"Chordata","Teleostei","Ovalentaria incertae sedis","Pomacentridae","Pomacentrus","Pomacentrus tripunctatus","fish",,1,,,TRUE,
277176,"Chordata","Teleostei","Ovalentaria incertae sedis","Pomacentridae","Pomacentrus","Pomacentrus vaiuli","fish",,1,,,TRUE,
277177,"Chordata","Teleostei","Ovalentaria incertae sedis","Pomacentridae","Pomacentrus","Pomacentrus wardi","fish",,1,,,TRUE,
218844,"Chordata","Teleostei","Ovalentaria incertae sedis","Pomacentridae","Pomachromis","Pomachromis richardsoni","fish",,1,,,TRUE,
278166,"Chordata","Teleostei","Ovalentaria incertae sedis","Pseudochromidae","Pseudochromis","Pseudochromis bitaeniatus","fish",,1,,,TRUE,
278171,"Chordata","Teleostei","Ovalentaria incertae sedis","Pseudochromidae","Pseudochromis","Pseudochromis cyanotaenia","fish",,1,,,TRUE,
278179,"Chordata","Teleostei","Ovalentaria incertae sedis","Pseudochromidae","Pseudochromis","Pseudochromis fuscus","fish",,1,,,TRUE,
278188,"Chordata","Teleostei","Ovalentaria incertae sedis","Pseudochromidae","Pseudochromis","Pseudochromis marshallensis","fish",,1,,,TRUE,
1595014,"Chordata","Teleostei","Ovalentaria incertae sedis","Pomacentridae","Pycnochromis","Pycnochromis acares","fish",,1,,,TRUE,
1592293,"Chordata","Teleostei","Ovalentaria incertae sedis","Pomacentridae","Pycnochromis","Pycnochromis agilis","fish",,1,,,TRUE,
1605305,"Chordata","Teleostei","Ovalentaria incertae sedis","Pomacentridae","Pycnochromis","Pycnochromis amboinensis","fish",,1,,,TRUE,
1605306,"Chordata","Teleostei","Ovalentaria incertae sedis","Pomacentridae","Pycnochromis","Pycnochromis atripes","fish",,1,,,TRUE,
1593660,"Chordata","Teleostei","Ovalentaria incertae sedis","Pomacentridae","Pycnochromis","Pycnochromis caudalis","fish",,1,,,TRUE,
1593661,"Chordata","Teleostei","Ovalentaria incertae sedis","Pomacentridae","Pycnochromis","Pycnochromis delta","fish",,1,,,TRUE,
1593662,"Chordata","Teleostei","Ovalentaria incertae sedis","Pomacentridae","Pycnochromis","Pycnochromis flavipectoralis","fish",,1,,,TRUE,
1592380,"Chordata","Teleostei","Ovalentaria incertae sedis","Pomacentridae","Pycnochromis","Pycnochromis iomelas","fish",,1,,,TRUE,
1605308,"Chordata","Teleostei","Ovalentaria incertae sedis","Pomacentridae","Pycnochromis","Pycnochromis leucurus","fish",,1,,,TRUE,
1605309,"Chordata","Teleostei","Ovalentaria incertae sedis","Pomacentridae","Pycnochromis","Pycnochromis lineatus","fish",,1,,,TRUE,
1605310,"Chordata","Teleostei","Ovalentaria incertae sedis","Pomacentridae","Pycnochromis","Pycnochromis margaritifer","fish",,1,,,TRUE,
1605311,"Chordata","Teleostei","Ovalentaria incertae sedis","Pomacentridae","Pycnochromis","Pycnochromis ovatiformis","fish",,1,,,TRUE,
1592353,"Chordata","Teleostei","Ovalentaria incertae sedis","Pomacentridae","Pycnochromis","Pycnochromis retrofasciatus","fish",,1,,,TRUE,
320883,"Chordata","Teleostei","Ovalentaria incertae sedis","Pomacentridae","Pycnochromis","Pycnochromis vanderbilti","fish",,1,,,TRUE,
1551095,"Chordata","Teleostei","Ovalentaria incertae sedis","Pomacentridae","Stegastes","Stegastes lacrymatus","fish",,1,,,TRUE,
218848,"Chordata","Teleostei","Ovalentaria incertae sedis","Pomacentridae","Stegastes","Stegastes lividus","fish",,1,,,TRUE,
218168,"Chordata","Teleostei","Perciformes","Serranidae","Aethaloperca","Aethaloperca rogaa","fish",,1,,,TRUE,
212549,"Chordata","Teleostei","Perciformes","Serranidae","Anyperodon","Anyperodon leucogrammicus","fish",,1,,,TRUE,
218173,"Chordata","Teleostei","Perciformes","Serranidae","Belonoperca","Belonoperca chabanaudi","fish",,1,,,TRUE,
218174,"Chordata","Teleostei","Perciformes","Serranidae","Cephalopholis","Cephalopholis argus","fish",,1,,,TRUE,
218182,"Chordata","Teleostei","Perciformes","Serranidae","Cephalopholis","Cephalopholis boenak","fish",,1,,,TRUE,
279147,"Chordata","Teleostei","Perciformes","Serranidae","Cephalopholis","Cephalopholis cyanostigma","fish",,1,,,TRUE,
218185,"Chordata","Teleostei","Perciformes","Serranidae","Cephalopholis","Cephalopholis leopardus","fish",,1,,,TRUE,
279150,"Chordata","Teleostei","Perciformes","Serranidae","Cephalopholis","Cephalopholis microprion","fish",,1,,,TRUE,
218184,"Chordata","Teleostei","Perciformes","Serranidae","Cephalopholis","Cephalopholis miniata","fish",,1,,,TRUE,
218189,"Chordata","Teleostei","Perciformes","Serranidae","Cephalopholis","Cephalopholis sexmaculata","fish",,1,,,TRUE,
218183,"Chordata","Teleostei","Perciformes","Serranidae","Cephalopholis","Cephalopholis sonnerati","fish",,1,,,TRUE,
218180,"Chordata","Teleostei","Perciformes","Serranidae","Cephalopholis","Cephalopholis spiloparaea","fish",,1,,,TRUE,
218181,"Chordata","Teleostei","Perciformes","Serranidae","Cephalopholis","Cephalopholis urodeta","fish",,1,,,TRUE,
218193,"Chordata","Teleostei","Perciformes","Serranidae","Cromileptes","Cromileptes altivelis","fish",,1,,,TRUE,
280462,"Chordata","Teleostei","Perciformes","Platycephalidae","Cymbacephalus","Cymbacephalus beauforti","fish",,1,,,TRUE,
218053,"Chordata","Teleostei","Perciformes","Scorpaenidae","Dendrochirus","Dendrochirus zebra","fish",,1,,,TRUE,
218204,"Chordata","Teleostei","Perciformes","Serranidae","Epinephelus","Epinephelus areolatus","fish",,1,,,TRUE,
273839,"Chordata","Teleostei","Perciformes","Serranidae","Epinephelus","Epinephelus bontoides","fish",,1,,,TRUE,
218247,"Chordata","Teleostei","Perciformes","Serranidae","Epinephelus","Epinephelus coeruleopunctatus","fish",,1,,,TRUE,
218200,"Chordata","Teleostei","Perciformes","Serranidae","Epinephelus","Epinephelus coioides","fish",,1,,,TRUE,
218207,"Chordata","Teleostei","Perciformes","Serranidae","Epinephelus","Epinephelus fasciatus","fish",,1,,,TRUE,
218218,"Chordata","Teleostei","Perciformes","Serranidae","Epinephelus","Epinephelus fuscoguttatus","fish","VU",1,,,TRUE,
218232,"Chordata","Teleostei","Perciformes","Serranidae","Epinephelus","Epinephelus hexagonatus","fish",,1,,,TRUE,
218224,"Chordata","Teleostei","Perciformes","Serranidae","Epinephelus","Epinephelus lanceolatus","fish",,1,,,TRUE,
218206,"Chordata","Teleostei","Perciformes","Serranidae","Epinephelus","Epinephelus malabaricus","fish",,1,,,TRUE,
218228,"Chordata","Teleostei","Perciformes","Serranidae","Epinephelus","Epinephelus merra","fish",,1,,,TRUE,
218217,"Chordata","Teleostei","Perciformes","Serranidae","Epinephelus","Epinephelus ongus","fish",,1,,,TRUE,
218197,"Chordata","Teleostei","Perciformes","Serranidae","Epinephelus","Epinephelus polyphekadion","fish","VU",1,,,TRUE,
218216,"Chordata","Teleostei","Perciformes","Serranidae","Epinephelus","Epinephelus rivulatus","fish",,1,,,TRUE,
273867,"Chordata","Teleostei","Perciformes","Serranidae","Epinephelus","Epinephelus sexfasciatus","fish",,1,,,TRUE,
218205,"Chordata","Teleostei","Perciformes","Serranidae","Epinephelus","Epinephelus tauvina","fish",,1,,,TRUE,
218255,"Chordata","Teleostei","Perciformes","Serranidae","Gracila","Gracila albomarginata","fish",,1,,,TRUE,
212528,"Chordata","Teleostei","Perciformes","Serranidae","Luzonichthys","Luzonichthys waitei","fish",,1,,,TRUE,
276987,"Chordata","Teleostei","Perciformes","Pinguipedidae","Parapercis","Parapercis clathrata","fish",,1,,,TRUE,
219155,"Chordata","Teleostei","Perciformes","Pinguipedidae","Parapercis","Parapercis cylindrica","fish",,1,,,TRUE,
219159,"Chordata","Teleostei","Perciformes","Pinguipedidae","Parapercis","Parapercis hexophtalma","fish",,1,,,TRUE,
219147,"Chordata","Teleostei","Perciformes","Pinguipedidae","Parapercis","Parapercis millepunctata","fish",,1,,,TRUE,
367286,"Chordata","Teleostei","Perciformes","Pinguipedidae","Parapercis","Parapercis tetracantha","fish",,1,,,TRUE,
218263,"Chordata","Teleostei","Perciformes","Serranidae","Plectropomus","Plectropomus areolatus","fish","VU",1,,,TRUE,
218260,"Chordata","Teleostei","Perciformes","Serranidae","Plectropomus","Plectropomus laevis","fish",,1,,,TRUE,
218261,"Chordata","Teleostei","Perciformes","Serranidae","Plectropomus","Plectropomus leopardus","fish",,1,,,TRUE,
218267,"Chordata","Teleostei","Perciformes","Serranidae","Plectropomus","Plectropomus maculatus","fish",,1,,,TRUE,
277891,"Chordata","Teleostei","Perciformes","Serranidae","Plectropomus","Plectropomus oligacanthus","fish",,1,,,TRUE,
218265,"Chordata","Teleostei","Perciformes","Serranidae","Plectropomus","Plectropomus pessuliferus","fish",,1,,,TRUE,
218276,"Chordata","Teleostei","Perciformes","Serranidae","Pseudanthias","Pseudanthias bicolor","fish",,1,,,TRUE,
218274,"Chordata","Teleostei","Perciformes","Serranidae","Pseudanthias","Pseudanthias bimaculatus","fish",,1,,,TRUE,
218275,"Chordata","Teleostei","Perciformes","Serranidae","Pseudanthias","Pseudanthias cooperi","fish",,1,,,TRUE,
277448,"Chordata","Teleostei","Perciformes","Serranidae","Pseudanthias","Pseudanthias dispar","fish",,1,,,TRUE,
218281,"Chordata","Teleostei","Perciformes","Serranidae","Pseudanthias","Pseudanthias evansi","fish",,1,,,TRUE,
277458,"Chordata","Teleostei","Perciformes","Serranidae","Pseudanthias","Pseudanthias huchtii","fish",,1,,,TRUE,
277460,"Chordata","Teleostei","Perciformes","Serranidae","Pseudanthias","Pseudanthias hypselosoma","fish",,1,,,TRUE,
277463,"Chordata","Teleostei","Perciformes","Serranidae","Pseudanthias","Pseudanthias lori","fish",,1,,,TRUE,
277465,"Chordata","Teleostei","Perciformes","Serranidae","Pseudanthias","Pseudanthias luzonensis","fish",,1,,,TRUE,
218280,"Chordata","Teleostei","Perciformes","Serranidae","Pseudanthias","Pseudanthias parvirostris","fish",,1,,,TRUE,
277471,"Chordata","Teleostei","Perciformes","Serranidae","Pseudanthias","Pseudanthias pascalus","fish",,1,,,TRUE,
277473,"Chordata","Teleostei","Perciformes","Serranidae","Pseudanthias","Pseudanthias pleurotaenia","fish",,1,,,TRUE,
277475,"Chordata","Teleostei","Perciformes","Serranidae","Pseudanthias","Pseudanthias randalli","fish",,1,,,TRUE,
277480,"Chordata","Teleostei","Perciformes","Serranidae","Pseudanthias","Pseudanthias smithvanizi","fish",,1,,,TRUE,
218278,"Chordata","Teleostei","Perciformes","Serranidae","Pseudanthias","Pseudanthias squamipinnis","fish",,1,,,TRUE,
218272,"Chordata","Teleostei","Perciformes","Serranidae","Pseudanthias","Pseudanthias tuka","fish",,1,,,TRUE,
218081,"Chordata","Teleostei","Perciformes","Scorpaenidae","Pterois","Pterois antennata","fish",,1,,,TRUE,
218082,"Chordata","Teleostei","Perciformes","Scorpaenidae","Pterois","Pterois russelii","fish",,1,,,TRUE,
159559,"Chordata","Teleostei","Perciformes","Scorpaenidae","Pterois","Pterois volitans","fish",,1,,,TRUE,
218110,"Chordata","Teleostei","Perciformes","Scorpaenidae","Scorpaenopsis","Scorpaenopsis diabolus","fish",,1,,,TRUE,
218105,"Chordata","Teleostei","Perciformes","Scorpaenidae","Scorpaenopsis","Scorpaenopsis oxycephalus","fish",,1,,,TRUE,
218304,"Chordata","Teleostei","Perciformes","Serranidae","Variola","Variola louti","fish",,1,,,TRUE,
278434,"Chordata","Teleostei","Scombriformes","Scombridae","Grammatorcynus","Grammatorcynus bilineatus","fish",,1,,,TRUE,
219712,"Chordata","Teleostei","Scombriformes","Scombridae","Gymnosarda","Gymnosarda unicolor","fish",,1,,,TRUE,
127024,"Chordata","Teleostei","Scombriformes","Scombridae","Scomberomorus","Scomberomorus commerson","fish","NT",1,,,TRUE,
217659,"Chordata","Teleostei","Siluriformes","Plotosidae","Plotosus","Plotosus lineatus","fish",,1,,,TRUE,
217964,"Chordata","Teleostei","Syngnathiformes","Aulostomidae","Aulostomus","Aulostomus chinensis","fish",,1,,,TRUE,
217966,"Chordata","Teleostei","Syngnathiformes","Fistulariidae","Fistularia","Fistularia commersonii","fish",,1,,,TRUE,
159439,"Chordata","Teleostei","Syngnathiformes","Fistulariidae","Fistularia","Fistularia petimba","fish",,1,,,TRUE,
277766,"Chordata","Teleostei","Tetraodontiformes","Monacanthidae","Acreichthys","Acreichthys radiatus","fish",,1,,,TRUE,
159491,"Chordata","Teleostei","Tetraodontiformes","Monacanthidae","Aluterus","Aluterus scriptus","fish",,1,,,TRUE,
212242,"Chordata","Teleostei","Tetraodontiformes","Monacanthidae","Amanses","Amanses scopas","fish",,1,,,TRUE,
219922,"Chordata","Teleostei","Tetraodontiformes","Tetraodontidae","Arothron","Arothron caeruleopunctatus","fish",,1,,,TRUE,
219925,"Chordata","Teleostei","Tetraodontiformes","Tetraodontidae","Arothron","Arothron hispidus","fish",,1,,,TRUE,
219930,"Chordata","Teleostei","Tetraodontiformes","Tetraodontidae","Arothron","Arothron mappa","fish",,1,,,TRUE,
219926,"Chordata","Teleostei","Tetraodontiformes","Tetraodontidae","Arothron","Arothron meleagris","fish",,1,,,TRUE,
219921,"Chordata","Teleostei","Tetraodontiformes","Tetraodontidae","Arothron","Arothron nigropunctatus","fish",,1,,,TRUE,
219928,"Chordata","Teleostei","Tetraodontiformes","Tetraodontidae","Arothron","Arothron stellatus","fish",,1,,,TRUE,
219874,"Chordata","Teleostei","Tetraodontiformes","Balistidae","Balistapus","Balistapus undulatus","fish",,1,,,TRUE,
127397,"Chordata","Teleostei","Tetraodontiformes","Balistidae","Balistes","Balistes vetula","fish","NT",1,,,TRUE,
219876,"Chordata","Teleostei","Tetraodontiformes","Balistidae","Balistoides","Balistoides conspicillum","fish",,1,,,TRUE,
219875,"Chordata","Teleostei","Tetraodontiformes","Balistidae","Balistoides","Balistoides viridescens","fish",,1,,,TRUE,
276248,"Chordata","Teleostei","Tetraodontiformes","Monacanthidae","Cantherhines","Cantherhines dumerilii","fish",,1,,,TRUE,
220055,"Chordata","Teleostei","Tetraodontiformes","Monacanthidae","Cantherhines","Cantherhines fronticinctus","fish",,1,,,TRUE,
220058,"Chordata","Teleostei","Tetraodontiformes","Monacanthidae","Cantherhines","Cantherhines pardalis","fish",,1,,,TRUE,
127398,"Chordata","Teleostei","Tetraodontiformes","Balistidae","Canthidermis","Canthidermis maculata","fish",,1,,,TRUE,
219935,"Chordata","Teleostei","Tetraodontiformes","Tetraodontidae","Canthigaster","Canthigaster amboinensis","fish",,1,,,TRUE,
219938,"Chordata","Teleostei","Tetraodontiformes","Tetraodontidae","Canthigaster","Canthigaster bennetti","fish",,1,,,TRUE,
275249,"Chordata","Teleostei","Tetraodontiformes","Tetraodontidae","Canthigaster","Canthigaster compressa","fish",,1,,,TRUE,
219936,"Chordata","Teleostei","Tetraodontiformes","Tetraodontidae","Canthigaster","Canthigaster coronata","fish",,1,,,TRUE,
275251,"Chordata","Teleostei","Tetraodontiformes","Tetraodontidae","Canthigaster","Canthigaster epilampra","fish",,1,,,TRUE,
275261,"Chordata","Teleostei","Tetraodontiformes","Tetraodontidae","Canthigaster","Canthigaster ocellicincta","fish",,1,,,TRUE,
275262,"Chordata","Teleostei","Tetraodontiformes","Tetraodontidae","Canthigaster","Canthigaster papua","fish",,1,,,TRUE,
219945,"Chordata","Teleostei","Tetraodontiformes","Tetraodontidae","Canthigaster","Canthigaster solandri","fish",,1,,,TRUE,
219947,"Chordata","Teleostei","Tetraodontiformes","Tetraodontidae","Canthigaster","Canthigaster valentini","fish",,1,,,TRUE,
127403,"Chordata","Teleostei","Tetraodontiformes","Diodontidae","Diodon","Diodon hystrix","fish",,1,,,TRUE,
219970,"Chordata","Teleostei","Tetraodontiformes","Diodontidae","Diodon","Diodon liturosus","fish",,1,,,TRUE,
219882,"Chordata","Teleostei","Tetraodontiformes","Balistidae","Melichthys","Melichthys indicus","fish",,1,,,TRUE,
219881,"Chordata","Teleostei","Tetraodontiformes","Balistidae","Melichthys","Melichthys niger","fish",,1,,,TRUE,
219879,"Chordata","Teleostei","Tetraodontiformes","Balistidae","Melichthys","Melichthys vidua","fish",,1,,,TRUE,
219883,"Chordata","Teleostei","Tetraodontiformes","Balistidae","Odonus","Odonus niger","fish",,1,,,TRUE,
403462,"Chordata","Teleostei","Tetraodontiformes","Ostraciidae","Ostracion","Ostracion cubicum","fish",,1,,,TRUE,
219905,"Chordata","Teleostei","Tetraodontiformes","Ostraciidae","Ostracion","Ostracion meleagris","fish",,1,,,TRUE,
278936,"Chordata","Teleostei","Tetraodontiformes","Ostraciidae","Ostracion","Ostracion solorense","fish",,1,,,TRUE,
220065,"Chordata","Teleostei","Tetraodontiformes","Monacanthidae","Paraluteres","Paraluteres prionurus","fish",,1,,,TRUE,
220073,"Chordata","Teleostei","Tetraodontiformes","Monacanthidae","Pervagor","Pervagor aspricaudus","fish",,1,,,TRUE,
220072,"Chordata","Teleostei","Tetraodontiformes","Monacanthidae","Pervagor","Pervagor janthinosoma","fish",,1,,,TRUE,
219884,"Chordata","Teleostei","Tetraodontiformes","Balistidae","Pseudobalistes","Pseudobalistes flavimarginatus","fish",,1,,,TRUE,
219885,"Chordata","Teleostei","Tetraodontiformes","Balistidae","Pseudobalistes","Pseudobalistes fuscus","fish",,1,,,TRUE,
219890,"Chordata","Teleostei","Tetraodontiformes","Balistidae","Rhinecanthus","Rhinecanthus aculeatus","fish",,1,,,TRUE,
219914,"Chordata","Teleostei","Tetraodontiformes","Ostraciidae","Rhynchostracion","Rhynchostracion nasus","fish",,1,,,TRUE,
219894,"Chordata","Teleostei","Tetraodontiformes","Balistidae","Sufflamen","Sufflamen bursa","fish",,1,,,TRUE,
276851,"Chordata","Teleostei","Tetraodontiformes","Balistidae","Sufflamen","Sufflamen chrysopterum","fish",,1,,,TRUE,
276852,"Chordata","Teleostei","Tetraodontiformes","Balistidae","Sufflamen","Sufflamen fraenatum","fish",,1,,,TRUE,
219897,"Chordata","Teleostei","Tetraodontiformes","Balistidae","Xanthichthys","Xanthichthys auromarginatus","fish",,1,,,TRUE,
343896,"Chordata","Mammalia","Cetartiodactyla","Balaenopteridae","Balaenoptera","Balaenoptera omurai","mammal",,1,,,TRUE,
137096,"Chordata","Mammalia","Cetartiodactyla","Delphinidae","Globicephala","Globicephala macrorhynchus","mammal",,1,,,TRUE,
137098,"Chordata","Mammalia","Cetartiodactyla","Delphinidae","Grampus","Grampus griseus","mammal",,1,,,TRUE,
231418,"Chordata","Mammalia","Cetartiodactyla","Ziphiidae","Indopacetus","Indopacetus pacificus","mammal",,1,,,TRUE,
159025,"Chordata","Mammalia","Cetartiodactyla","Kogiidae","Kogia","Kogia sima","mammal",,1,,,TRUE,
137099,"Chordata","Mammalia","Cetartiodactyla","Delphinidae","Lagenodelphis","Lagenodelphis hosei","mammal",,1,,,TRUE,
137122,"Chordata","Mammalia","Cetartiodactyla","Ziphiidae","Mesoplodon","Mesoplodon densirostris","mammal",,1,,,TRUE,
137102,"Chordata","Mammalia","Cetartiodactyla","Delphinidae","Orcinus","Orcinus orca","mammal",,1,,,TRUE,
137103,"Chordata","Mammalia","Cetartiodactyla","Delphinidae","Peponocephala","Peponocephala electra","mammal",,1,,,TRUE,
137119,"Chordata","Mammalia","Cetartiodactyla","Physeteridae","Physeter","Physeter macrocephalus","mammal","VU",1,,,TRUE,
137104,"Chordata","Mammalia","Cetartiodactyla","Delphinidae","Pseudorca","Pseudorca crassidens","mammal","NT",1,,,TRUE,
137105,"Chordata","Mammalia","Cetartiodactyla","Delphinidae","Stenella","Stenella attenuata","mammal",,1,,,TRUE,
137109,"Chordata","Mammalia","Cetartiodactyla","Delphinidae","Stenella","Stenella longirostris","mammal",,1,,,TRUE,
137111,"Chordata","Mammalia","Cetartiodactyla","Delphinidae","Tursiops","Tursiops truncatus","mammal",,1,,,TRUE,
137206,"Chordata",,"Testudines","Cheloniidae","Chelonia","Chelonia mydas","turtle","EN",3,2016,,TRUE,
