"AphiaID","phylum","class","order","family","genus","species","group","redlist_category","records","max_year","target_gene","source_obis","source_dna"
105789,"Chordata","Elasmobranchii","Carcharhiniformes","Carcharhinidae","Carcharhinus","Carcharhinus falciformis","fish","VU",1,,,TRUE,
271381,"Chordata","Elasmobranchii","Carcharhiniformes","Triakidae","Mustelus","Mustelus californicus","fish",,4,,,TRUE,
271389,"Chordata","Elasmobranchii","Carcharhiniformes","Triakidae","Mustelus","Mustelus lunulatus","fish",,3,,,TRUE,
105816,"Chordata","Elasmobranchii","Carcharhiniformes","Sphyrnidae","Sphyrna","Sphyrna lewini","fish","CR",46,,,TRUE,
105819,"Chordata","Elasmobranchii","Carcharhiniformes","Sphyrnidae","Sphyrna","Sphyrna zygaena","fish","VU",2,,,TRUE,
279060,"Chordata","Elasmobranchii","Carcharhiniformes","Triakidae","Triakis","Triakis semifasciata","fish",,8,,,TRUE,
276694,"Chordata","Elasmobranchii","Heterodontiformes","Heterodontidae","Heterodontus","Heterodontus francisci","fish",,17,,,TRUE,
105839,"Chordata","Elasmobranchii","Lamniformes","Lamnidae","Isurus","Isurus oxyrinchus","fish","EN",1,,,TRUE,
271428,"Chordata","Elasmobranchii","Myliobatiformes","Dasyatidae","Dasyatis","Dasyatis brevis","fish",,2,,,TRUE,
271476,"Chordata","Elasmobranchii","Myliobatiformes","Gymnuridae","Gymnura","Gymnura crebripunctata","fish","NT",2,1954,,TRUE,
271479,"Chordata","Elasmobranchii","Myliobatiformes","Gymnuridae","Gymnura","Gymnura marmorata","fish","NT",7,,,TRUE,
1042857,"Chordata","Elasmobranchii","Myliobatiformes","Dasyatidae","Hypanus","Hypanus dipterurus","fish","VU",4,,,TRUE,
271485,"Chordata","Elasmobranchii","Myliobatiformes","Myliobatidae","Myliobatis","Myliobatis californica","fish",,10,,,TRUE,
283085,"Chordata","Elasmobranchii","Myliobatiformes","Urotrygonidae","Urobatis","Urobatis halleri","fish",,16,,,TRUE,
283087,"Chordata","Elasmobranchii","Myliobatiformes","Urotrygonidae","Urobatis","Urobatis maculatus","fish",,18,,,TRUE,
271576,"Chordata","Elasmobranchii","Rajiformes","Rajidae","Raja","Raja equatorialis","fish",,2,,,TRUE,
282280,"Chordata","Elasmobranchii","Rhinopristiformes","Rhinobatidae","Platyrhinoidis","Platyrhinoidis triseriata","fish",,2,,,TRUE,
1043484,"Chordata","Elasmobranchii","Rhinopristiformes","Rhinobatidae","Pseudobatos","Pseudobatos leucorhynchus","fish","VU",7,,,TRUE,
1043469,"Chordata","Elasmobranchii","Rhinopristiformes","Rhinobatidae","Pseudobatos","Pseudobatos productus","fish","NT",6,,,TRUE,
283213,"Chordata","Elasmobranchii","Rhinopristiformes","Rhinobatidae","Zapteryx","Zapteryx exasperata","fish",,5,,,TRUE,
271667,"Chordata","Elasmobranchii","Squatiniformes","Squatinidae","Squatina","Squatina californica","fish","NT",1,,,TRUE,
275389,"Chordata","Elasmobranchii","Torpediniformes","Narcinidae","Narcine","Narcine entemedor","fish","VU",3,1952,,TRUE,
276412,"Chordata","Teleostei","Acanthuriformes","Ephippidae","Chaetodipterus","Chaetodipterus zonatus","fish",,14,,,TRUE,
273343,"Chordata","Teleostei","Acanthuriformes","Chaetodontidae","Chaetodon","Chaetodon humeralis","fish",,2,,,TRUE,
282884,"Chordata","Teleostei","Acropomatiformes","Polyprionidae","Stereolepis","Stereolepis gigas","fish","CR",2,,,TRUE,
212256,"Chordata","Teleostei","Albuliformes","Albulidae","Albula","Albula vulpes","fish","NT",2,,,TRUE,
126304,"Chordata","Teleostei","Anguilliformes","Nemichthyidae","Avocettina","Avocettina infans","fish",,1,1969,,TRUE,
275489,"Chordata","Teleostei","Anguilliformes","Ophichthidae","Myrichthys","Myrichthys tigrinus","fish",,1,1926,,TRUE,
279800,"Chordata","Teleostei","Atheriniformes","Atherinopsidae","Atherinella","Atherinella eriarcha","fish",,1,1926,,TRUE,
279812,"Chordata","Teleostei","Atheriniformes","Atherinidae","Atherinops","Atherinops affinis","fish",,45,1977,,TRUE,
279813,"Chordata","Teleostei","Atheriniformes","Atherinidae","Atherinopsis","Atherinopsis californiensis","fish",,2,1954,,TRUE,
272132,"Chordata","Teleostei","Aulopiformes","Synodontidae","Synodus","Synodus lucioceps","fish",,1,1954,,TRUE,
272139,"Chordata","Teleostei","Aulopiformes","Synodontidae","Synodus","Synodus scituliceps","fish",,9,1954,,TRUE,
275657,"Chordata","Teleostei","Batrachoidiformes","Batrachoididae","Porichthys","Porichthys myriaster","fish",,1,,,TRUE,
300136,"Chordata","Teleostei","Beloniformes","Exocoetidae","Cheilopogon","Cheilopogon californicus","fish",,5,1941,,TRUE,
280366,"Chordata","Teleostei","Beloniformes","Scomberesocidae","Cololabis","Cololabis saira","fish",,2,1941,,TRUE,
280791,"Chordata","Teleostei","Beloniformes","Exocoetidae","Fodiator","Fodiator acutus","fish",,1,1926,,TRUE,
280792,"Chordata","Teleostei","Beloniformes","Exocoetidae","Fodiator","Fodiator rostratus","fish",,1,,,TRUE,
272195,"Chordata","Teleostei","Beloniformes","Hemiramphidae","Hyporhamphus","Hyporhamphus rosae","fish",,26,,,TRUE,
159281,"Chordata","Teleostei","Beloniformes","Hemiramphidae","Hyporhamphus","Hyporhamphus unifasciatus","fish",,1,1926,,TRUE,
275978,"Chordata","Teleostei","Beloniformes","Belonidae","Strongylura","Strongylura exilis","fish",,5,,,TRUE,
293559,"Chordata","Teleostei","Blenniiformes","Chaenopsidae","Chaenopsis","Chaenopsis alepidota","fish",,1,,,TRUE,
280470,"Chordata","Teleostei","Blenniiformes","Dactyloscopidae","Dactylagnus","Dactylagnus mundus","fish",,1,,,TRUE,
712827,"Chordata","Teleostei","Blenniiformes","Dactyloscopidae","Dactyloscopus","Dactyloscopus heraldi","fish",,2,1946,,TRUE,
280769,"Chordata","Teleostei","Blenniiformes","Labrisomidae","Exerpes","Exerpes asper","fish",,30,1950,,TRUE,
276319,"Chordata","Teleostei","Blenniiformes","Blenniidae","Hypsoblennius","Hypsoblennius brevipinnis","fish",,1,,,TRUE,
276323,"Chordata","Teleostei","Blenniiformes","Blenniidae","Hypsoblennius","Hypsoblennius gentilis","fish",,12,,,TRUE,
281258,"Chordata","Teleostei","Blenniiformes","Labrisomidae","Labrisomus","Labrisomus multiporosus","fish",,2,1946,,TRUE,
281265,"Chordata","Teleostei","Blenniiformes","Labrisomidae","Labrisomus","Labrisomus wigginsi","fish",,4,1946,,TRUE,
281505,"Chordata","Teleostei","Blenniiformes","Labrisomidae","Malacoctenus","Malacoctenus zacae","fish",,2,1946,,TRUE,
282018,"Chordata","Teleostei","Blenniiformes","Labrisomidae","Paraclinus","Paraclinus beebei","fish",,2,1946,,TRUE,
282033,"Chordata","Teleostei","Blenniiformes","Labrisomidae","Paraclinus","Paraclinus sini","fish",,13,1950,,TRUE,
280070,"Chordata","Teleostei","Carangaria incertae sedis","Centropomidae","Centropomus","Centropomus viridis","fish",,1,,,TRUE,
276587,"Chordata","Teleostei","Carangaria incertae sedis","Polynemidae","Polydactylus","Polydactylus approximans","fish",,4,,,TRUE,
273978,"Chordata","Teleostei","Carangaria incertae sedis","Sphyraenidae","Sphyraena","Sphyraena argentea","fish",,3,,,TRUE,
273979,"Chordata","Teleostei","Carangaria incertae sedis","Sphyraenidae","Sphyraena","Sphyraena ensis","fish",,2,1948,,TRUE,
273982,"Chordata","Teleostei","Carangaria incertae sedis","Sphyraenidae","Sphyraena","Sphyraena lucasana","fish",,2,1958,,TRUE,
126811,"Chordata","Teleostei","Carangiformes","Carangidae","Naucrates","Naucrates ductor","fish",,1,1941,,TRUE,
281664,"Chordata","Teleostei","Carangiformes","Nematistiidae","Nematistius","Nematistius pectoralis","fish",,1,,,TRUE,
276355,"Chordata","Teleostei","Carangiformes","Carangidae","Oligoplites","Oligoplites altus","fish",,10,,,TRUE,
159645,"Chordata","Teleostei","Carangiformes","Carangidae","Oligoplites","Oligoplites saurus","fish",,15,,,TRUE,
126853,"Chordata","Teleostei","Carangiformes","Echeneidae","Remora","Remora remora","fish",,2,1948,,TRUE,
159646,"Chordata","Teleostei","Carangiformes","Carangidae","Selar","Selar crumenophthalmus","fish",,1,,,TRUE,
218436,"Chordata","Teleostei","Carangiformes","Carangidae","Seriola","Seriola lalandi","fish",,3,1960,,TRUE,
273296,"Chordata","Teleostei","Carangiformes","Carangidae","Trachinotus","Trachinotus paitensis","fish",,26,,,TRUE,
273297,"Chordata","Teleostei","Carangiformes","Carangidae","Trachinotus","Trachinotus rhodopus","fish",,1,,,TRUE,
273305,"Chordata","Teleostei","Carangiformes","Carangidae","Trachurus","Trachurus symmetricus","fish",,2,1974,,TRUE,
127094,"Chordata","Teleostei","Carangiformes","Xiphiidae","Xiphias","Xiphias gladius","fish","NT",1,1946,,TRUE,
280865,"Chordata","Teleostei","Centrarchiformes","Kyphosidae","Girella","Girella nigricans","fish",,5,,,TRUE,
1019728,"Chordata","Teleostei","Centrarchiformes","Kyphosidae","Kyphosus","Kyphosus azureus","fish",,3,,,TRUE,
275523,"Chordata","Teleostei","Clupeiformes","Engraulidae","Anchoa","Anchoa lucida","fish",,1,,,TRUE,
279608,"Chordata","Teleostei","Clupeiformes","Engraulidae","Anchovia","Anchovia macrolepidota","fish",,1,,,TRUE,
272286,"Chordata","Teleostei","Clupeiformes","Engraulidae","Engraulis","Engraulis mordax","fish",,5,1997,,TRUE,
282303,"Chordata","Teleostei","Clupeiformes","Clupeidae","Pliosteostoma","Pliosteostoma lutipinnis","fish",,2,1946,,TRUE,
217452,"Chordata","Teleostei","Clupeiformes","Alosidae","Sardinops","Sardinops sagax","fish",,7,1956,,TRUE,
276032,"Chordata","Teleostei","Cyprinodontiformes","Fundulidae","Fundulus","Fundulus parvipinnis","fish",,42,,,TRUE,
279617,"Chordata","Teleostei","Eupercaria incertae sedis","Haemulidae","Anisotremus","Anisotremus davidsonii","fish",,9,,,TRUE,
279619,"Chordata","Teleostei","Eupercaria incertae sedis","Haemulidae","Anisotremus","Anisotremus interruptus","fish",,1,,,TRUE,
276071,"Chordata","Teleostei","Eupercaria incertae sedis","Sciaenidae","Bairdiella","Bairdiella icistia","fish",,5,,,TRUE,
1577329,"Chordata","Teleostei","Eupercaria incertae sedis","Haemulidae","Brachygenys","Brachygenys californiensis","fish",,4,,,TRUE,
275967,"Chordata","Teleostei","Eupercaria incertae sedis","Sparidae","Calamus","Calamus brachysomus","fish",,35,,,TRUE,
276085,"Chordata","Teleostei","Eupercaria incertae sedis","Sciaenidae","Cynoscion","Cynoscion parvipinnis","fish",,18,,,TRUE,
276417,"Chordata","Teleostei","Eupercaria incertae sedis","Gerreidae","Eucinostomus","Eucinostomus dowii","fish",,2,1952,,TRUE,
276418,"Chordata","Teleostei","Eupercaria incertae sedis","Gerreidae","Eucinostomus","Eucinostomus entomelas","fish",,1,,,TRUE,
275734,"Chordata","Teleostei","Eupercaria incertae sedis","Haemulidae","Haemulon","Haemulon scudderii","fish",,1,,,TRUE,
275736,"Chordata","Teleostei","Eupercaria incertae sedis","Haemulidae","Haemulon","Haemulon sexfasciatum","fish",,1,,,TRUE,
275781,"Chordata","Teleostei","Eupercaria incertae sedis","Labridae","Halichoeres","Halichoeres notospilus","fish",,2,1946,,TRUE,
275798,"Chordata","Teleostei","Eupercaria incertae sedis","Labridae","Halichoeres","Halichoeres semicinctus","fish",,3,,,TRUE,
281188,"Chordata","Teleostei","Eupercaria incertae sedis","Sciaenidae","Isopisthus","Isopisthus remifer","fish",,2,1954,,TRUE,
276546,"Chordata","Teleostei","Eupercaria incertae sedis","Lutjanidae","Lutjanus","Lutjanus peru","fish",,2,1947,,TRUE,
276146,"Chordata","Teleostei","Eupercaria incertae sedis","Sciaenidae","Menticirrhus","Menticirrhus nasus","fish",,2,,,TRUE,
276149,"Chordata","Teleostei","Eupercaria incertae sedis","Sciaenidae","Menticirrhus","Menticirrhus panamensis","fish",,1,,,TRUE,
276150,"Chordata","Teleostei","Eupercaria incertae sedis","Sciaenidae","Menticirrhus","Menticirrhus undulatus","fish",,10,1948,,TRUE,
281560,"Chordata","Teleostei","Eupercaria incertae sedis","Haemulidae","Microlepidotus","Microlepidotus inornatus","fish",,1,,,TRUE,
275741,"Chordata","Teleostei","Eupercaria incertae sedis","Haemulidae","Orthopristis","Orthopristis chalceus","fish",,21,,,TRUE,
275745,"Chordata","Teleostei","Eupercaria incertae sedis","Haemulidae","Orthopristis","Orthopristis reddingi","fish",,15,,,TRUE,
240727,"Chordata","Teleostei","Eupercaria incertae sedis","Labridae","Oxyjulis","Oxyjulis californica","fish",,1,,,TRUE,
282628,"Chordata","Teleostei","Eupercaria incertae sedis","Sciaenidae","Roncador","Roncador stearnsii","fish",,5,,,TRUE,
276156,"Chordata","Teleostei","Eupercaria incertae sedis","Sciaenidae","Stellifer","Stellifer ericymba","fish",,2,,,TRUE,
273802,"Chordata","Teleostei","Eupercaria incertae sedis","Sciaenidae","Umbrina","Umbrina roncador","fish",,1,,,TRUE,
275676,"Chordata","Teleostei","Gobiesociformes","Gobiesocidae","Gobiesox","Gobiesox papillifer","fish",,2,1946,,TRUE,
280171,"Chordata","Teleostei","Gobiiformes","Gobiidae","Chriolepis","Chriolepis minutilla","fish",,1,,,TRUE,
280215,"Chordata","Teleostei","Gobiiformes","Gobiidae","Clevelandia","Clevelandia ios","fish",,5,,,TRUE,
276489,"Chordata","Teleostei","Gobiiformes","Gobiidae","Ctenogobius","Ctenogobius sagittula","fish",,3,1998,,TRUE,
276408,"Chordata","Teleostei","Gobiiformes","Eleotridae","Dormitator","Dormitator latifrons","fish",,3,1959,,TRUE,
280851,"Chordata","Teleostei","Gobiiformes","Gobiidae","Gillichthys","Gillichthys mirabilis","fish",,17,,,TRUE,
280908,"Chordata","Teleostei","Gobiiformes","Gobiidae","Gobulus","Gobulus crescentalis","fish",,2,,,TRUE,
281174,"Chordata","Teleostei","Gobiiformes","Gobiidae","Ilypnus","Ilypnus gilberti","fish",,5,,,TRUE,
281472,"Chordata","Teleostei","Gobiiformes","Gobiidae","Lythrypnus","Lythrypnus zebra","fish",,1,,,TRUE,
282537,"Chordata","Teleostei","Gobiiformes","Gobiidae","Quietula","Quietula y-cauda","fish",,7,,,TRUE,
217625,"Chordata","Teleostei","Gonorynchiformes","Chanidae","Chanos","Chanos chanos","fish",,3,,,TRUE,
126983,"Chordata","Teleostei","Mugiliformes","Mugilidae","Mugil","Mugil cephalus","fish",,28,,,TRUE,
159416,"Chordata","Teleostei","Mugiliformes","Mugilidae","Mugil","Mugil curema","fish",,23,,,TRUE,
272835,"Chordata","Teleostei","Ophidiiformes","Ophidiidae","Ophidion","Ophidion scrippsae","fish",,4,1969,,TRUE,
273698,"Chordata","Teleostei","Ovalentaria incertae sedis","Pomacentridae","Abudefduf","Abudefduf declivifrons","fish",,2,1946,,TRUE,
159288,"Chordata","Teleostei","Ovalentaria incertae sedis","Pomacentridae","Abudefduf","Abudefduf saxatilis","fish",,2,1946,,TRUE,
276473,"Chordata","Teleostei","Ovalentaria incertae sedis","Opistognathidae","Opistognathus","Opistognathus rhomaleus","fish",,1,,,TRUE,
276680,"Chordata","Teleostei","Ovalentaria incertae sedis","Pomacentridae","Stegastes","Stegastes rectifraenum","fish",,2,1957,,TRUE,
279568,"Chordata","Teleostei","Perciformes","Serranidae","Alphestes","Alphestes immaculatus","fish",,2,,,TRUE,
275976,"Chordata","Teleostei","Perciformes","Uranoscopidae","Astroscopus","Astroscopus zephyreus","fish",,1,,,TRUE,
276277,"Chordata","Teleostei","Perciformes","Triglidae","Bellator","Bellator xenisma","fish",,2,,,TRUE,
276183,"Chordata","Teleostei","Perciformes","Serranidae","Diplectrum","Diplectrum pacificum","fish",,4,1954,,TRUE,
276185,"Chordata","Teleostei","Perciformes","Serranidae","Diplectrum","Diplectrum rostrum","fish",,2,,,TRUE,
276186,"Chordata","Teleostei","Perciformes","Serranidae","Diplectrum","Diplectrum sciurus","fish",,1,1952,,TRUE,
273835,"Chordata","Teleostei","Perciformes","Serranidae","Epinephelus","Epinephelus analogus","fish",,2,1945,,TRUE,
126505,"Chordata","Teleostei","Perciformes","Gasterosteidae","Gasterosteus","Gasterosteus aculeatus","fish",,2,1890,,TRUE,
275989,"Chordata","Teleostei","Perciformes","Uranoscopidae","Kathetostoma","Kathetostoma averruncus","fish",,1,1995,,TRUE,
273879,"Chordata","Teleostei","Perciformes","Serranidae","Mycteroperca","Mycteroperca jordani","fish","EN",8,,,TRUE,
281872,"Chordata","Teleostei","Perciformes","Cottidae","Oligocottus","Oligocottus maculosus","fish",,2,1890,,TRUE,
281874,"Chordata","Teleostei","Perciformes","Cottidae","Oligocottus","Oligocottus rubellio","fish",,2,1949,,TRUE,
282054,"Chordata","Teleostei","Perciformes","Serranidae","Paralabrax","Paralabrax clathratus","fish",,1,,,TRUE,
282058,"Chordata","Teleostei","Perciformes","Serranidae","Paralabrax","Paralabrax maculatofasciatus","fish",,40,,,TRUE,
282059,"Chordata","Teleostei","Perciformes","Serranidae","Paralabrax","Paralabrax nebulifer","fish",,22,,,TRUE,
276291,"Chordata","Teleostei","Perciformes","Triglidae","Prionotus","Prionotus stephanophrys","fish",,2,,,TRUE,
274713,"Chordata","Teleostei","Perciformes","Scorpaenidae","Scorpaena","Scorpaena guttata","fish",,1,,,TRUE,
274736,"Chordata","Teleostei","Perciformes","Scorpaenidae","Scorpaena","Scorpaena sonorae","fish",,2,1954,,TRUE,
274786,"Chordata","Teleostei","Perciformes","Sebastidae","Sebastes","Sebastes dallii","fish",,1,1995,,TRUE,
283209,"Chordata","Teleostei","Perciformes","Hexagrammidae","Zaniolepis","Zaniolepis latipinnis","fish",,2,1969,,TRUE,
279494,"Chordata","Teleostei","Pleuronectiformes","Achiridae","Achirus","Achirus mazatlanus","fish",,8,,,TRUE,
274186,"Chordata","Teleostei","Pleuronectiformes","Bothidae","Bothus","Bothus leopardinus","fish",,1,,,TRUE,
275688,"Chordata","Teleostei","Pleuronectiformes","Paralichthyidae","Citharichthys","Citharichthys gilberti","fish",,1,,,TRUE,
158799,"Chordata","Teleostei","Pleuronectiformes","Paralichthyidae","Etropus","Etropus crossotus","fish",,6,1954,,TRUE,
275823,"Chordata","Teleostei","Pleuronectiformes","Paralichthyidae","Hippoglossina","Hippoglossina bollmani","fish",,1,,,TRUE,
275827,"Chordata","Teleostei","Pleuronectiformes","Paralichthyidae","Hippoglossina","Hippoglossina stomata","fish",,4,,,TRUE,
275807,"Chordata","Teleostei","Pleuronectiformes","Paralichthyidae","Paralichthys","Paralichthys aestuarius","fish",,5,1954,,TRUE,
275809,"Chordata","Teleostei","Pleuronectiformes","Paralichthyidae","Paralichthys","Paralichthys californicus","fish",,19,,,TRUE,
293680,"Chordata","Teleostei","Pleuronectiformes","Pleuronectidae","Pleuronichthys","Pleuronichthys guttulatus","fish",,37,,,TRUE,
282293,"Chordata","Teleostei","Pleuronectiformes","Pleuronectidae","Pleuronichthys","Pleuronichthys ocellatus","fish",,2,1952,,TRUE,
282294,"Chordata","Teleostei","Pleuronectiformes","Pleuronectidae","Pleuronichthys","Pleuronichthys ritteri","fish",,4,,,TRUE,
282295,"Chordata","Teleostei","Pleuronectiformes","Pleuronectidae","Pleuronichthys","Pleuronichthys verticalis","fish",,6,,,TRUE,
275843,"Chordata","Teleostei","Pleuronectiformes","Paralichthyidae","Syacium","Syacium ovale","fish",,2,1952,,TRUE,
274233,"Chordata","Teleostei","Pleuronectiformes","Cynoglossidae","Symphurus","Symphurus atramentatus","fish",,1,1952,,TRUE,
305635,"Chordata","Teleostei","Pleuronectiformes","Cynoglossidae","Symphurus","Symphurus atricauda","fish",,2,,,TRUE,
283199,"Chordata","Teleostei","Pleuronectiformes","Paralichthyidae","Xystreurys","Xystreurys liolepis","fish",,2,,,TRUE,
127182,"Chordata","Teleostei","Salmoniformes","Salmonidae","Oncorhynchus","Oncorhynchus gorbuscha","fish",,1,,,TRUE,
158075,"Chordata","Teleostei","Salmoniformes","Salmonidae","Oncorhynchus","Oncorhynchus tshawytscha","fish",,1,,,TRUE,
126862,"Chordata","Teleostei","Scombriformes","Gempylidae","Gempylus","Gempylus serpens","fish",,1,1941,,TRUE,
276563,"Chordata","Teleostei","Scombriformes","Stromateidae","Peprilus","Peprilus simillimus","fish",,2,,,TRUE,
127022,"Chordata","Teleostei","Scombriformes","Scombridae","Scomber","Scomber japonicus","fish",,9,1941,,TRUE,
273821,"Chordata","Teleostei","Scombriformes","Scombridae","Scomberomorus","Scomberomorus sierra","fish",,2,,,TRUE,
275588,"Chordata","Teleostei","Siluriformes","Ariidae","Bagre","Bagre panamensis","fish",,1,,,TRUE,
293656,"Chordata","Teleostei","Siluriformes","Ariidae","Occidentarius","Occidentarius platypogon","fish",,2,,,TRUE,
293571,"Chordata","Teleostei","Syngnathiformes","Syngnathidae","Cosmocampus","Cosmocampus arctus","fish",,1,,,TRUE,
275197,"Chordata","Teleostei","Syngnathiformes","Syngnathidae","Hippocampus","Hippocampus ingens","fish","VU",8,,,TRUE,
275217,"Chordata","Teleostei","Syngnathiformes","Syngnathidae","Syngnathus","Syngnathus auliscus","fish",,5,,,TRUE,
275218,"Chordata","Teleostei","Syngnathiformes","Syngnathidae","Syngnathus","Syngnathus californiensis","fish",,2,,,TRUE,
275234,"Chordata","Teleostei","Tetraodontiformes","Balistidae","Balistes","Balistes polylepis","fish",,1,,,TRUE,
127403,"Chordata","Teleostei","Tetraodontiformes","Diodontidae","Diodon","Diodon hystrix","fish",,1,,,TRUE,
275272,"Chordata","Teleostei","Tetraodontiformes","Tetraodontidae","Sphoeroides","Sphoeroides annulatus","fish",,54,,,TRUE,
275278,"Chordata","Teleostei","Tetraodontiformes","Tetraodontidae","Sphoeroides","Sphoeroides lispus","fish",,24,,,TRUE,
137112,"Chordata","Mammalia","Cetartiodactyla","Eschrichtiidae","Eschrichtius","Eschrichtius robustus","mammal",,103,2023,,TRUE,
137096,"Chordata","Mammalia","Cetartiodactyla","Delphinidae","Globicephala","Globicephala macrorhynchus","mammal",,1,2019,,TRUE,
137092,"Chordata","Mammalia","Cetartiodactyla","Balaenopteridae","Megaptera","Megaptera novaeangliae","mammal",,22,2023,,TRUE,
254987,"Chordata","Mammalia","Cetartiodactyla","Phocoenidae","Phocoenoides","Phocoenoides dalli","mammal",,1,1973,,TRUE,
137205,"Chordata",,"Testudines","Cheloniidae","Caretta","Caretta caretta","turtle","VU",10,2015,,TRUE,
137206,"Chordata",,"Testudines","Cheloniidae","Chelonia","Chelonia mydas","turtle","EN",4,2022,,TRUE,
137207,"Chordata",,"Testudines","Cheloniidae","Eretmochelys","Eretmochelys imbricata","turtle","CR",3,2009,,TRUE,
220293,"Chordata",,"Testudines","Cheloniidae","Lepidochelys","Lepidochelys olivacea","turtle","VU",7,2018,,TRUE,
