"AphiaID","phylum","class","order","family","genus","species","records","max_year","target_gene","source_obis","source_gbif","source_dna","category","redlist_category","vernacular","group"
149004,"Bacillariophyta","Bacillariophyceae","Bacillariales","Bacillariaceae","Cylindrotheca","Cylindrotheca closterium",,,"COI",FALSE,FALSE,TRUE,,,,"algae"
370512,"Bacillariophyta","Bacillariophyceae","Bacillariales","Bacillariaceae","Pseudo-nitzschia","Pseudo-nitzschia cuspidata",,,"COI",FALSE,FALSE,TRUE,,,,"algae"
172829,"Bacillariophyta","Bacillariophyceae","Naviculales","Naviculaceae","Navicula","Navicula minima",,,"12S",FALSE,FALSE,TRUE,,,,"algae"
376361,"Bacillariophyta","Bacillariophyceae","Thalassiosirales","Skeletonemaceae","Skeletonema","Skeletonema menzelii",,,"COI",FALSE,FALSE,TRUE,,,,"algae"
375916,"Bacillariophyta","Bacillariophyceae","Thalassiosirales","Skeletonemaceae","Skeletonema","Skeletonema pseudocostatum",,,"COI",FALSE,FALSE,TRUE,,,,"algae"
345463,"Chlorophyta","Mamiellophyceae","Dolichomastigales","Dolichomastigaceae","Dolichomastix","Dolichomastix tenuilepis",,,"COI",FALSE,FALSE,TRUE,,,,"algae"
134564,"Chlorophyta","Mamiellophyceae","Mamiellales","Mamiellaceae","Micromonas","Micromonas pusilla",,,"COI",FALSE,FALSE,TRUE,,,,"algae"
375881,"Chlorophyta","Pyramimonadophyceae","Prasinococcales","Prasinococcaceae","Prasinoderma","Prasinoderma coloniale",,,"COI",FALSE,FALSE,TRUE,,,,"algae"
144447,"Chlorophyta","Ulvophyceae","Bryopsidales","Bryopsidaceae","Bryopsis","Bryopsis corymbosa",4,2020,,TRUE,TRUE,FALSE,,,,"algae"
144455,"Chlorophyta","Ulvophyceae","Bryopsidales","Bryopsidaceae","Bryopsis","Bryopsis penicillum",4,2020,,TRUE,TRUE,FALSE,,,,"algae"
144457,"Chlorophyta","Ulvophyceae","Bryopsidales","Bryopsidaceae","Bryopsis","Bryopsis plumosa",4,2021,,TRUE,TRUE,FALSE,,,,"algae"
144467,"Chlorophyta","Ulvophyceae","Bryopsidales","Caulerpaceae","Caulerpa","Caulerpa cupressoides",1,,,TRUE,TRUE,FALSE,,,,"algae"
144468,"Chlorophyta","Ulvophyceae","Bryopsidales","Caulerpaceae","Caulerpa","Caulerpa mexicana",5,2021,,TRUE,TRUE,FALSE,,,,"algae"
373715,"Chlorophyta","Ulvophyceae","Bryopsidales","Codiaceae","Codium","Codium isthmocladum",4,2020,,TRUE,TRUE,FALSE,,,,"algae"
144485,"Chlorophyta","Ulvophyceae","Bryopsidales","Udoteaceae","Pseudochlorodesmis","Pseudochlorodesmis furcellata",4,2020,,TRUE,TRUE,FALSE,,,,"algae"
157103,"Chlorophyta","Ulvophyceae","Cladophorales","Cladophoraceae","Chaetomorpha","Chaetomorpha brachygona",7,2020,,TRUE,TRUE,FALSE,,,,"algae"
373229,"Chlorophyta","Ulvophyceae","Cladophorales","Cladophoraceae","Chaetomorpha","Chaetomorpha nodosa",2,2020,,TRUE,TRUE,FALSE,,,,"algae"
145060,"Chlorophyta","Ulvophyceae","Cladophorales","Cladophoraceae","Cladophora","Cladophora prolifera",4,2020,,TRUE,TRUE,FALSE,,,,"algae"
145070,"Chlorophyta","Ulvophyceae","Cladophorales","Cladophoraceae","Cladophora","Cladophora vagabunda",2,2020,,TRUE,TRUE,FALSE,,,,"algae"
494795,"Chlorophyta","Ulvophyceae","Dasycladales","Polyphysaceae","Acetabularia","Acetabularia acetabulum",1,1991,,TRUE,TRUE,FALSE,,,,"algae"
376334,"Chlorophyta","Ulvophyceae","Dasycladales","Polyphysaceae","Parvocaulis","Parvocaulis parvulus",2,2020,,TRUE,TRUE,FALSE,,,,"algae"
144869,"Chlorophyta","Ulvophyceae","Ulvales","Ulvellaceae","Entocladia","Entocladia major",4,2020,,TRUE,TRUE,FALSE,,,,"algae"
156078,"Chlorophyta","Ulvophyceae","Ulvales","Ulvaceae","Ulva","Ulva clathrata",2,2020,,TRUE,TRUE,FALSE,,,,"algae"
732249,"Chlorophyta","Ulvophyceae","Ulvales","Ulvellaceae","Ulvella","Ulvella inflata",5,2020,,TRUE,TRUE,FALSE,,,,"algae"
144886,"Chlorophyta","Ulvophyceae","Ulvales","Ulvellaceae","Ulvella","Ulvella lens",4,2020,,TRUE,TRUE,FALSE,,,,"algae"
732259,"Chlorophyta","Ulvophyceae","Ulvales","Ulvellaceae","Ulvella","Ulvella viridis",4,,,TRUE,TRUE,FALSE,,,,"algae"
375970,"Ochrophyta","Dictyochophyceae","Dictyochales","Dictyochaceae","Octactis","Octactis octonaria",,,"COI",FALSE,FALSE,TRUE,,,,"algae"
707927,"Ochrophyta","Dictyochophyceae","Dictyochales","Dictyochaceae","Vicicitus","Vicicitus globosus",,,"COI",FALSE,FALSE,TRUE,,,,"algae"
531467,"Ochrophyta","Dictyochophyceae","Florenciellales","Florenciellales incertae sedis","Pseudochattonella","Pseudochattonella farcimen",,,"COI",FALSE,FALSE,TRUE,,,,"algae"
377141,"Ochrophyta","Phaeophyceae","Dictyotales","Dictyotaceae","Canistrocarpus","Canistrocarpus cervicornis",6,2020,"COI",TRUE,TRUE,TRUE,,,,"algae"
145357,"Ochrophyta","Phaeophyceae","Dictyotales","Dictyotaceae","Dictyopteris","Dictyopteris delicatula",2,2020,,TRUE,TRUE,FALSE,,,,"algae"
145360,"Ochrophyta","Phaeophyceae","Dictyotales","Dictyotaceae","Dictyopteris","Dictyopteris polypodioides",7,2020,,TRUE,TRUE,FALSE,,,,"algae"
145365,"Ochrophyta","Phaeophyceae","Dictyotales","Dictyotaceae","Dictyota","Dictyota ciliolata",2,1988,,TRUE,TRUE,FALSE,,,,"algae"
145367,"Ochrophyta","Phaeophyceae","Dictyotales","Dictyotaceae","Dictyota","Dictyota dichotoma",8,2020,,TRUE,TRUE,FALSE,,,,"algae"
381180,"Ochrophyta","Phaeophyceae","Dictyotales","Dictyotaceae","Dictyota","Dictyota dichotoma var. intricata",,,,FALSE,TRUE,FALSE,,,,"algae"
145379,"Ochrophyta","Phaeophyceae","Dictyotales","Dictyotaceae","Dictyota","Dictyota spiralis",1,1977,,TRUE,TRUE,FALSE,,,,"algae"
145381,"Ochrophyta","Phaeophyceae","Dictyotales","Dictyotaceae","Lobophora","Lobophora variegata",6,2020,,TRUE,FALSE,FALSE,,,,"algae"
373190,"Ochrophyta","Phaeophyceae","Dictyotales","Dictyotaceae","Padina","Padina antillarum",1,1977,,TRUE,TRUE,FALSE,,,,"algae"
145384,"Ochrophyta","Phaeophyceae","Dictyotales","Dictyotaceae","Padina","Padina gymnospora",2,2020,,TRUE,TRUE,FALSE,,,,"algae"
220796,"Ochrophyta","Phaeophyceae","Dictyotales","Dictyotaceae","Padina","Padina tetrastromatica",2,2020,,TRUE,FALSE,FALSE,,,,"algae"
145388,"Ochrophyta","Phaeophyceae","Dictyotales","Dictyotaceae","Spatoglossum","Spatoglossum schroederi",2,1911,,TRUE,TRUE,FALSE,,,,"algae"
145857,"Ochrophyta","Phaeophyceae","Ectocarpales","Scytosiphonaceae","Colpomenia","Colpomenia sinuosa",4,2020,,TRUE,TRUE,FALSE,,,,"algae"
214287,"Ochrophyta","Phaeophyceae","Ectocarpales","Acinetosporaceae","Feldmannia","Feldmannia indica",11,1988,,TRUE,TRUE,FALSE,,,,"algae"
375053,"Ochrophyta","Phaeophyceae","Ectocarpales","Chordariaceae","Levringia","Levringia atlantica",2,2020,,TRUE,FALSE,FALSE,,,,"algae"
145005,"Ochrophyta","Phaeophyceae","Ectocarpales","Chordariaceae","Nemacystus","Nemacystus erythraeus",4,2020,,TRUE,TRUE,FALSE,,,,"algae"
145518,"Ochrophyta","Phaeophyceae","Fucales","Sargassaceae","Cystoseira","Cystoseira foeniculacea",2,2020,,TRUE,TRUE,FALSE,,,,"algae"
145520,"Ochrophyta","Phaeophyceae","Fucales","Sargassaceae","Cystoseira","Cystoseira humilis",2,2020,,TRUE,TRUE,FALSE,,,,"algae"
494800,"Ochrophyta","Phaeophyceae","Fucales","Sargassaceae","Sargassum","Sargassum filipendula",6,2020,,TRUE,TRUE,FALSE,,,,"algae"
373207,"Ochrophyta","Phaeophyceae","Fucales","Sargassaceae","Sargassum","Sargassum ramifolium",4,1988,,TRUE,TRUE,FALSE,,,,"algae"
494801,"Ochrophyta","Phaeophyceae","Fucales","Sargassaceae","Sargassum","Sargassum vulgare",4,1987,,TRUE,FALSE,FALSE,,,,"algae"
1465498,"Ochrophyta","Phaeophyceae","Fucales","Sargassaceae","Treptacantha","Treptacantha mauritanica",2,2020,,TRUE,FALSE,FALSE,,,,"algae"
495552,"Ochrophyta","Phaeophyceae","Ralfsiales","Neoralfsiaceae","Neoralfsia","Neoralfsia expansa",2,2020,,TRUE,TRUE,FALSE,,,,"algae"
145902,"Ochrophyta","Phaeophyceae","Sphacelariales","Sphacelariaceae","Sphacelaria","Sphacelaria rigidula",6,2020,,TRUE,TRUE,FALSE,,,,"algae"
145904,"Ochrophyta","Phaeophyceae","Sphacelariales","Sphacelariaceae","Sphacelaria","Sphacelaria tribuloides",6,1977,,TRUE,TRUE,FALSE,,,,"algae"
145913,"Ochrophyta","Phaeophyceae","Sporochnales","Sporochnaceae","Sporochnus","Sporochnus bolleanus",4,2020,,TRUE,TRUE,FALSE,,,,"algae"
233780,"Ochrophyta","Raphidophyceae","Chattonellales","Vacuolariaceae","Chattonella","Chattonella marina",,,"COI",FALSE,FALSE,TRUE,,,,"algae"
246590,"Ochrophyta","Raphidophyceae","Chattonellales","Vacuolariaceae","Chattonella","Chattonella subsalsa",,,"COI",FALSE,FALSE,TRUE,,,,"algae"
233761,"Ochrophyta","Raphidophyceae","Chattonellales","Vacuolariaceae","Fibrocapsa","Fibrocapsa japonica",,,"COI",FALSE,FALSE,TRUE,,,,"algae"
145490,"Rhodophyta","Compsopogonophyceae","Erythropeltales","Erythrotrichiaceae","Erythrotrichia","Erythrotrichia carnea",15,2020,,TRUE,TRUE,FALSE,,,,"algae"
145496,"Rhodophyta","Compsopogonophyceae","Erythropeltales","Erythrotrichiaceae","Erythrotrichia","Erythrotrichia simplex",,,,FALSE,TRUE,FALSE,,,,"algae"
838682,"Rhodophyta","Compsopogonophyceae","Erythropeltales","Erythrotrichiaceae","Erythrotrichia","Erythrotrichia simplex",,,,FALSE,TRUE,FALSE,,,,"algae"
145500,"Rhodophyta","Compsopogonophyceae","Erythropeltales","Erythrotrichiaceae","Porphyrostromium","Porphyrostromium boryanum",2,2020,,TRUE,TRUE,FALSE,,,,"algae"
145502,"Rhodophyta","Compsopogonophyceae","Erythropeltales","Erythrotrichiaceae","Sahlingia","Sahlingia subintegra",4,2020,,TRUE,TRUE,FALSE,,,,"algae"
144368,"Rhodophyta","Florideophyceae","Acrochaetiales","Acrochaetiaceae","Acrochaetium","Acrochaetium microscopicum",2,2020,,TRUE,TRUE,FALSE,,,,"algae"
144377,"Rhodophyta","Florideophyceae","Acrochaetiales","Acrochaetiaceae","Acrochaetium","Acrochaetium parvulum",8,2020,,TRUE,TRUE,FALSE,,,,"algae"
144387,"Rhodophyta","Florideophyceae","Acrochaetiales","Acrochaetiaceae","Acrochaetium","Acrochaetium secundatum",2,2020,,TRUE,TRUE,FALSE,,,,"algae"
144439,"Rhodophyta","Florideophyceae","Bonnemaisoniales","Bonnemaisoniaceae","Asparagopsis","Asparagopsis taxiformis",2,2020,,TRUE,TRUE,FALSE,,,,"algae"
211768,"Rhodophyta","Florideophyceae","Ceramiales","Rhodomelaceae","Acanthophora","Acanthophora spicifera",6,1977,,TRUE,TRUE,FALSE,,,,"algae"
295874,"Rhodophyta","Florideophyceae","Ceramiales","Delesseriaceae","Acrosorium","Acrosorium ciliolatum",6,2020,,TRUE,TRUE,FALSE,,,,"algae"
144501,"Rhodophyta","Florideophyceae","Ceramiales","Callithamniaceae","Aglaothamnion","Aglaothamnion tenuissimum",10,2020,,TRUE,TRUE,FALSE,,,,"algae"
494947,"Rhodophyta","Florideophyceae","Ceramiales","Ceramiaceae","Antithamnion","Antithamnion antillanum",14,2020,,TRUE,TRUE,FALSE,,,,"algae"
144518,"Rhodophyta","Florideophyceae","Ceramiales","Ceramiaceae","Antithamnionella","Antithamnionella boergesenii",2,2020,,TRUE,TRUE,FALSE,,,,"algae"
144519,"Rhodophyta","Florideophyceae","Ceramiales","Ceramiaceae","Antithamnionella","Antithamnionella elegans",2,2020,,TRUE,FALSE,FALSE,,,,"algae"
144531,"Rhodophyta","Florideophyceae","Ceramiales","Ceramiaceae","Centroceras","Centroceras clavulatum",2,2020,,TRUE,TRUE,FALSE,,,,"algae"
144541,"Rhodophyta","Florideophyceae","Ceramiales","Ceramiaceae","Ceramium","Ceramium codii",9,2020,,TRUE,TRUE,FALSE,,,,"algae"
503506,"Rhodophyta","Florideophyceae","Ceramiales","Ceramiaceae","Ceramium","Ceramium cornutum",4,2020,,TRUE,TRUE,FALSE,,,,"algae"
144546,"Rhodophyta","Florideophyceae","Ceramiales","Ceramiaceae","Ceramium","Ceramium diaphanum",4,2020,,TRUE,TRUE,FALSE,,,,"algae"
503507,"Rhodophyta","Florideophyceae","Ceramiales","Ceramiaceae","Ceramium","Ceramium ledermannii",4,2020,,TRUE,FALSE,FALSE,,,,"algae"
373058,"Rhodophyta","Florideophyceae","Ceramiales","Ceramiaceae","Ceramium","Ceramium leptozonum",4,2020,,TRUE,TRUE,FALSE,,,,"algae"
144567,"Rhodophyta","Florideophyceae","Ceramiales","Ceramiaceae","Ceramium","Ceramium tenerrimum",4,2020,,TRUE,TRUE,FALSE,,,,"algae"
144799,"Rhodophyta","Florideophyceae","Ceramiales","Rhodomelaceae","Chondria","Chondria dasyphylla",2,2020,,TRUE,TRUE,FALSE,,,,"algae"
144741,"Rhodophyta","Florideophyceae","Ceramiales","Sarcomeniaceae","Cottoniella","Cottoniella filamentosa",6,2020,,TRUE,TRUE,FALSE,,,,"algae"
144576,"Rhodophyta","Florideophyceae","Ceramiales","Callithamniaceae","Crouania","Crouania francescoi",5,2020,,TRUE,TRUE,FALSE,,,,"algae"
144714,"Rhodophyta","Florideophyceae","Ceramiales","Dasyaceae","Dasya","Dasya baillouviana",6,2020,,TRUE,TRUE,FALSE,,,,"algae"
146356,"Rhodophyta","Florideophyceae","Ceramiales","Dasyaceae","Dasya","Dasya caraibica",4,2020,,TRUE,TRUE,FALSE,,,,"algae"
836896,"Rhodophyta","Florideophyceae","Ceramiales","Dasyaceae","Dasysiphonia","Dasysiphonia japonica",1,1987,,TRUE,TRUE,FALSE,,,,"algae"
377234,"Rhodophyta","Florideophyceae","Ceramiales","Ceramiaceae","Gayliella","Gayliella flaccida",8,2020,,TRUE,TRUE,FALSE,,,,"algae"
214222,"Rhodophyta","Florideophyceae","Ceramiales","Rhodomelaceae","Herposiphonia","Herposiphonia secunda",4,2020,,TRUE,TRUE,FALSE,,,,"algae"
552960,"Rhodophyta","Florideophyceae","Ceramiales","Rhodomelaceae","Laurencia","Laurencia pinnatifida",2,2020,,TRUE,FALSE,FALSE,,,,"algae"
1313152,"Rhodophyta","Florideophyceae","Ceramiales","Rhodomelaceae","Melanothamnus","Melanothamnus gorgoniae",2,2020,,TRUE,TRUE,FALSE,,,,"algae"
144770,"Rhodophyta","Florideophyceae","Ceramiales","Delesseriaceae","Nitophyllum","Nitophyllum punctatum",5,2020,,TRUE,TRUE,FALSE,,,,"algae"
144847,"Rhodophyta","Florideophyceae","Ceramiales","Rhodomelaceae","Osmundea","Osmundea pinnatifida",,,,FALSE,TRUE,FALSE,,,,"algae"
495580,"Rhodophyta","Florideophyceae","Ceramiales","Rhodomelaceae","Palisada","Palisada perforata",5,2020,,TRUE,TRUE,FALSE,,,,"algae"
526644,"Rhodophyta","Florideophyceae","Ceramiales","Rhodomelaceae","Palisada","Palisada thuyoides",2,2020,,TRUE,TRUE,FALSE,,,,"algae"
144600,"Rhodophyta","Florideophyceae","Ceramiales","Ceramiaceae","Pleonosporium","Pleonosporium borreri",1,,,TRUE,TRUE,FALSE,,,,"algae"
214136,"Rhodophyta","Florideophyceae","Ceramiales","Wrangeliaceae","Spermothamnion","Spermothamnion investiens",7,1991,,TRUE,TRUE,FALSE,,,,"algae"
373085,"Rhodophyta","Florideophyceae","Ceramiales","Wrangeliaceae","Spermothamnion","Spermothamnion macromeres",2,2020,,TRUE,FALSE,FALSE,,,,"algae"
144702,"Rhodophyta","Florideophyceae","Ceramiales","Wrangeliaceae","Spermothamnion","Spermothamnion repens",2,1987,,TRUE,TRUE,FALSE,,,,"algae"
371535,"Rhodophyta","Florideophyceae","Ceramiales","Spyridiaceae","Spyridia","Spyridia clavata",2,2020,,TRUE,TRUE,FALSE,,,,"algae"
144706,"Rhodophyta","Florideophyceae","Ceramiales","Spyridiaceae","Spyridia","Spyridia filamentosa",12,2020,,TRUE,TRUE,FALSE,,,,"algae"
144707,"Rhodophyta","Florideophyceae","Ceramiales","Spyridiaceae","Spyridia","Spyridia hypnoides",4,2020,,TRUE,TRUE,FALSE,,,,"algae"
144708,"Rhodophyta","Florideophyceae","Ceramiales","Wrangeliaceae","Tiffaniella","Tiffaniella capitata",4,2020,,TRUE,FALSE,FALSE,,,,"algae"
164103,"Rhodophyta","Florideophyceae","Colaconematales","Colaconemataceae","Colaconema","Colaconema daviesii",8,2020,,TRUE,TRUE,FALSE,,,,"algae"
503115,"Rhodophyta","Florideophyceae","Colaconematales","Colaconemataceae","Colaconema","Colaconema hallandicum",13,2020,,TRUE,TRUE,FALSE,,,,"algae"
624716,"Rhodophyta","Florideophyceae","Colaconematales","Colaconemataceae","Colaconema","Colaconema hypneae",3,2020,,TRUE,TRUE,FALSE,,,,"algae"
373745,"Rhodophyta","Florideophyceae","Colaconematales","Colaconemataceae","Colaconema","Colaconema savianum",4,2020,,TRUE,TRUE,FALSE,,,,"algae"
145097,"Rhodophyta","Florideophyceae","Corallinales","Lithophyllaceae","Amphiroa","Amphiroa beauvoisii",2,2020,"COI",TRUE,TRUE,TRUE,,,,"algae"
145098,"Rhodophyta","Florideophyceae","Corallinales","Lithophyllaceae","Amphiroa","Amphiroa cryptarthrodia",4,2020,,TRUE,TRUE,FALSE,,,,"algae"
145099,"Rhodophyta","Florideophyceae","Corallinales","Lithophyllaceae","Amphiroa","Amphiroa fragilissima",4,2020,,TRUE,TRUE,FALSE,,,,"algae"
732248,"Rhodophyta","Florideophyceae","Corallinales","Corallinaceae","Ellisolandia","Ellisolandia elongata",,,,FALSE,TRUE,FALSE,,,,"algae"
145118,"Rhodophyta","Florideophyceae","Corallinales","Hydrolithaceae","Hydrolithon","Hydrolithon farinosum",3,2020,,TRUE,TRUE,FALSE,,,,"algae"
145123,"Rhodophyta","Florideophyceae","Corallinales","Corallinaceae","Jania","Jania adhaerens",11,2020,,TRUE,TRUE,FALSE,,,,"algae"
145124,"Rhodophyta","Florideophyceae","Corallinales","Corallinaceae","Jania","Jania capillacea",12,2020,,TRUE,TRUE,FALSE,,,,"algae"
374121,"Rhodophyta","Florideophyceae","Corallinales","Corallinaceae","Jania","Jania cubensis",2,2020,,TRUE,TRUE,FALSE,,,,"algae"
145130,"Rhodophyta","Florideophyceae","Corallinales","Corallinaceae","Jania","Jania rubens",2,2020,,TRUE,TRUE,FALSE,,,,"algae"
495068,"Rhodophyta","Florideophyceae","Corallinales","Corallinaceae","Jania","Jania subulata",2,2020,,TRUE,TRUE,FALSE,,,,"algae"
211624,"Rhodophyta","Florideophyceae","Corallinales","Corallinaceae","Jania","Jania verrucosa",8,2020,,TRUE,FALSE,FALSE,,,,"algae"
499546,"Rhodophyta","Florideophyceae","Corallinales","Corallinaceae","Jania","Jania virgata",2,2020,,TRUE,FALSE,FALSE,,,,"algae"
145152,"Rhodophyta","Florideophyceae","Corallinales","Lithophyllaceae","Lithophyllum","Lithophyllum incrustans",2,2020,,TRUE,TRUE,FALSE,,,,"algae"
145182,"Rhodophyta","Florideophyceae","Corallinales","Hapalidiaceae","Melobesia","Melobesia membranacea",2,2020,,TRUE,TRUE,FALSE,,,,"algae"
145199,"Rhodophyta","Florideophyceae","Corallinales","Lithothamniaceae","Phymatolithon","Phymatolithon calcareum",2,,,TRUE,TRUE,FALSE,,,,"algae"
213921,"Rhodophyta","Florideophyceae","Corallinales","Mastoporaceae","Pneophyllum","Pneophyllum confervicola",4,2020,,TRUE,TRUE,FALSE,,,,"algae"
145206,"Rhodophyta","Florideophyceae","Corallinales","Mastoporaceae","Pneophyllum","Pneophyllum fragile",8,2020,,TRUE,TRUE,FALSE,,,,"algae"
145580,"Rhodophyta","Florideophyceae","Gelidiales","Gelidiaceae","Gelidium","Gelidium crinale",2,2020,,TRUE,TRUE,FALSE,,,,"algae"
145590,"Rhodophyta","Florideophyceae","Gelidiales","Gelidiaceae","Gelidium","Gelidium pusillum",2,2020,,TRUE,TRUE,FALSE,,,,"algae"
145613,"Rhodophyta","Florideophyceae","Gigartinales","Cystocloniaceae","Calliblepharis","Calliblepharis ciliata",1,,,TRUE,FALSE,FALSE,,,,"algae"
145623,"Rhodophyta","Florideophyceae","Gigartinales","Gigartinaceae","Chondracanthus","Chondracanthus acicularis",4,2020,,TRUE,TRUE,FALSE,,,,"algae"
145625,"Rhodophyta","Florideophyceae","Gigartinales","Gigartinaceae","Chondrus","Chondrus crispus",2,2020,,TRUE,TRUE,FALSE,,,,"algae"
145657,"Rhodophyta","Florideophyceae","Gigartinales","Phyllophoraceae","Gymnogongrus","Gymnogongrus griffithsiae",2,2020,,TRUE,TRUE,FALSE,,,,"algae"
145628,"Rhodophyta","Florideophyceae","Gigartinales","Cystocloniaceae","Hypnea","Hypnea arbuscula",2,2020,,TRUE,FALSE,FALSE,,,,"algae"
220819,"Rhodophyta","Florideophyceae","Gigartinales","Cystocloniaceae","Hypnea","Hypnea cervicornis",2,2020,,TRUE,TRUE,FALSE,,,,"algae"
145630,"Rhodophyta","Florideophyceae","Gigartinales","Cystocloniaceae","Hypnea","Hypnea cornuta",,,"COI",FALSE,FALSE,TRUE,,,,"algae"
145634,"Rhodophyta","Florideophyceae","Gigartinales","Cystocloniaceae","Hypnea","Hypnea musciformis",6,2020,,TRUE,TRUE,FALSE,,,,"algae"
145617,"Rhodophyta","Florideophyceae","Gigartinales","Cystocloniaceae","Rhodophyllis","Rhodophyllis divaricata",5,2020,,TRUE,TRUE,FALSE,,,,"algae"
232604,"Rhodophyta","Florideophyceae","Gigartinales","Solieriaceae","Solieria","Solieria filiformis",7,1988,,TRUE,TRUE,FALSE,,,,"algae"
376387,"Rhodophyta","Florideophyceae","Gracilariales","Gracilariaceae","Hydropuntia","Hydropuntia rangiferina",2,2020,,TRUE,TRUE,FALSE,,,,"algae"
145241,"Rhodophyta","Florideophyceae","Halymeniales","Halymeniaceae","Cryptonemia","Cryptonemia seminervis",2,2020,,TRUE,TRUE,FALSE,,,,"algae"
547473,"Rhodophyta","Florideophyceae","Halymeniales","Halymeniaceae","Halymenia","Halymenia actinophysa",2,2020,,TRUE,TRUE,FALSE,,,,"algae"
371111,"Rhodophyta","Florideophyceae","Halymeniales","Halymeniaceae","Halymenia","Halymenia floresii",2,2020,,TRUE,TRUE,FALSE,,,,"algae"
145782,"Rhodophyta","Florideophyceae","Plocamiales","Plocamiaceae","Plocamium","Plocamium cartilagineum",8,2020,,TRUE,TRUE,FALSE,,,,"algae"
498200,"Rhodophyta","Florideophyceae","Rhodymeniales","Lomentariaceae","Ceratodictyon","Ceratodictyon variabile",2,2020,,TRUE,TRUE,FALSE,,,,"algae"
145804,"Rhodophyta","Florideophyceae","Rhodymeniales","Champiaceae","Champia","Champia parvula",9,2020,,TRUE,TRUE,FALSE,,,,"algae"
145855,"Rhodophyta","Florideophyceae","Rhodymeniales","Rhodymeniaceae","Rhodymenia","Rhodymenia pseudopalmata",4,1987,,TRUE,TRUE,FALSE,,,,"algae"
145688,"Rhodophyta","Stylonematophyceae","Stylonematales","Stylonemataceae","Stylonema","Stylonema alsidii",10,2020,,TRUE,TRUE,FALSE,,,,"algae"
159377,"Chordata","Aves","Accipitriformes","Pandionidae","Pandion","Pandion haliaetus",,,,FALSE,TRUE,FALSE,"LC","LC","osprey, balbuzard pêcheur","birds"
158943,"Chordata","Aves","Anseriformes","Anatidae","Anas","Anas crecca",,,,FALSE,TRUE,FALSE,"LC","LC","common teal, sarcelle d'hiver","birds"
148791,"Chordata","Aves","Anseriformes","Anatidae","Anas","Anas platyrhynchos",,,"12S",FALSE,FALSE,TRUE,"LC","LC","mallard, canard colvert","birds"
416689,"Chordata","Aves","Anseriformes","Anatidae","Tadorna","Tadorna ferruginea",,,,FALSE,TRUE,FALSE,"LC","LC","ruddy shelduck  , tadorne casarca","birds"
212603,"Chordata","Aves","Charadriiformes","Scolopacidae","Actitis","Actitis hypoleucos",,,,FALSE,TRUE,FALSE,"LC","LC","common sandpiper, chevalier guignette","birds"
137128,"Chordata","Aves","Charadriiformes","Alcidae","Alca","Alca torda",,,,FALSE,TRUE,FALSE,"LC","LC","razorbill, pingouin macroptère","birds"
147431,"Chordata","Aves","Charadriiformes","Scolopacidae","Arenaria","Arenaria interpres",,,,FALSE,TRUE,FALSE,"LC","LC","ruddy turnstone, tournepierre à collier","birds"
416696,"Chordata","Aves","Charadriiformes","Burhinidae","Burhinus","Burhinus oedicnemus",,,,FALSE,TRUE,FALSE,"LC","LC","Eurasian stone-curlew","birds"
225955,"Chordata","Aves","Charadriiformes","Scolopacidae","Calidris","Calidris acuminata",,,,FALSE,TRUE,FALSE,"VU","VU","sharp-tailed sandpiper","birds"
159084,"Chordata","Aves","Charadriiformes","Scolopacidae","Calidris","Calidris alba",,,,FALSE,TRUE,FALSE,"LC","LC","sanderling, bécasseau sanderling","birds"
159047,"Chordata","Aves","Charadriiformes","Scolopacidae","Calidris","Calidris alpina",,,,FALSE,TRUE,FALSE,"LC","LC","dunlin, bécasseau variable","birds"
147433,"Chordata","Aves","Charadriiformes","Scolopacidae","Calidris","Calidris canutus",,,"12S;COI",FALSE,TRUE,TRUE,"NT","NT","red knot, bécasseau maubèche","birds"
159049,"Chordata","Aves","Charadriiformes","Scolopacidae","Calidris","Calidris ferruginea",,,,FALSE,TRUE,FALSE,"NT","NT","curlew sanspiper, bécasseau cocorli","birds"
212600,"Chordata","Aves","Charadriiformes","Scolopacidae","Calidris","Calidris minuta",,,,FALSE,TRUE,FALSE,"LC","LC","little stint, bécasseau minute","birds"
366591,"Chordata","Aves","Charadriiformes","Scolopacidae","Calidris","Calidris temminckii",,,,FALSE,TRUE,FALSE,"LC","LC","Temminck's stint, bécasseau de Temminck","birds"
212611,"Chordata","Aves","Charadriiformes","Charadriidae","Charadrius","Charadrius alexandrinus",,,,FALSE,TRUE,FALSE,"LC","LC","Kentish plover, gravelot à collier interrompu","birds"
212617,"Chordata","Aves","Charadriiformes","Charadriidae","Charadrius","Charadrius dubius",,,,FALSE,TRUE,FALSE,"LC","LC","little plover, petit gravelot","birds"
212619,"Chordata","Aves","Charadriiformes","Charadriidae","Charadrius","Charadrius hiaticula",,,,FALSE,TRUE,FALSE,"LC","LC","common ringed plover, grand gravelot","birds"
137137,"Chordata","Aves","Charadriiformes","Laridae","Chlidonias","Chlidonias niger",,,,FALSE,TRUE,FALSE,"LC","LC","black tern, guifette noire","birds"
1488274,"Chordata","Aves","Charadriiformes","Laridae","Chroicocephalus","Chroicocephalus genei",,,,FALSE,TRUE,FALSE,,,,"birds"
416697,"Chordata","Aves","Charadriiformes","Glareolidae","Cursorius","Cursorius cursor",,,,FALSE,TRUE,FALSE,"LC","LC","cream-colored courser, courvite isabelle","birds"
148798,"Chordata","Aves","Charadriiformes","Laridae","Gelochelidon","Gelochelidon nilotica",,,,FALSE,TRUE,FALSE,"LC","LC","gull-billed tern","birds"
212723,"Chordata","Aves","Charadriiformes","Glareolidae","Glareola","Glareola pratincola",,,,FALSE,TRUE,FALSE,"LC","LC","common pratincole","birds"
147436,"Chordata","Aves","Charadriiformes","Charadriidae","Haematopus","Haematopus ostralegus",,,,FALSE,TRUE,FALSE,"NT","NT","Eurasian oyster catcher, huîtrier pie","birds"
212609,"Chordata","Aves","Charadriiformes","Recurvirostridae","Himantopus","Himantopus himantopus",,,,FALSE,TRUE,FALSE,"LC","LC","black-winged stilt, echasse blanche","birds"
567825,"Chordata","Aves","Charadriiformes","Laridae","Hydroprogne","Hydroprogne caspia",,,,FALSE,TRUE,FALSE,"LC","LC","Caspian tern","birds"
1584284,"Chordata","Aves","Charadriiformes","Laridae","Ichthyaetus","Ichthyaetus melanocephalus",,,,FALSE,TRUE,FALSE,,,,"birds"
137141,"Chordata","Aves","Charadriiformes","Laridae","Larus","Larus canus",,,,FALSE,TRUE,FALSE,"LC","LC","mew gull, goéland cendré","birds"
212624,"Chordata","Aves","Charadriiformes","Laridae","Larus","Larus dominicanus",,,,FALSE,TRUE,FALSE,"LC","LC","kelp gull, goéland dominicain","birds"
137142,"Chordata","Aves","Charadriiformes","Laridae","Larus","Larus fuscus",1109,2020,,TRUE,TRUE,FALSE,"LC","LC","lesser black-backed gull, goéland de la Balqitue","birds"
232052,"Chordata","Aves","Charadriiformes","Laridae","Larus","Larus michahellis",,,,FALSE,TRUE,FALSE,"LC","LC","yellow-legged gull, goéland leucophée","birds"
137149,"Chordata","Aves","Charadriiformes","Laridae","Larus","Larus ridibundus",,,,FALSE,TRUE,FALSE,"LC","LC","common black-headed gull, mouette rieuse","birds"
159034,"Chordata","Aves","Charadriiformes","Scolopacidae","Limosa","Limosa lapponica",,,"12S",FALSE,TRUE,TRUE,"NT","NT","bar-tailed godwit, barge rousse","birds"
159037,"Chordata","Aves","Charadriiformes","Scolopacidae","Numenius","Numenius arquata",,,,FALSE,TRUE,FALSE,"NT","NT","Eurasian curlew, courlis cendré","birds"
159040,"Chordata","Aves","Charadriiformes","Scolopacidae","Numenius","Numenius phaeopus",,,,FALSE,TRUE,FALSE,"LC","LC","whimbrel, courlis corllieu","birds"
567792,"Chordata","Aves","Charadriiformes","Laridae","Onychoprion","Onychoprion anaethetus",21,2011,,TRUE,TRUE,FALSE,"LC","LC","bridled tern","birds"
159137,"Chordata","Aves","Charadriiformes","Charadriidae","Pluvialis","Pluvialis squatarola",,,,FALSE,TRUE,FALSE,"LC","LC","grey plover, pluvier argenté","birds"
212721,"Chordata","Aves","Charadriiformes","Recurvirostridae","Recurvirostra","Recurvirostra avosetta",,,,FALSE,TRUE,FALSE,"LC","LC","avocet, avocette élégante","birds"
137158,"Chordata","Aves","Charadriiformes","Laridae","Sterna","Sterna bengalensis",,,,FALSE,TRUE,FALSE,,,"lesser crested tern, sterne voyageuse","birds"
137160,"Chordata","Aves","Charadriiformes","Laridae","Sterna","Sterna dougallii",,,,FALSE,TRUE,FALSE,"LC","LC","roseate tern, sterne de Dougall","birds"
137162,"Chordata","Aves","Charadriiformes","Laridae","Sterna","Sterna hirundo",,,,FALSE,TRUE,FALSE,"LC","LC","common tern, sterne pierregarin","birds"
137163,"Chordata","Aves","Charadriiformes","Laridae","Sterna","Sterna maxima",,,,FALSE,TRUE,FALSE,,,"royal tern,  sterne royale","birds"
137166,"Chordata","Aves","Charadriiformes","Laridae","Sterna","Sterna sandvicensis",,,,FALSE,TRUE,FALSE,,,"sandwich tern, sterne caugek","birds"
567480,"Chordata","Aves","Charadriiformes","Laridae","Sternula","Sternula albifrons",,,,FALSE,TRUE,FALSE,"LC","LC","little tern","birds"
159029,"Chordata","Aves","Charadriiformes","Scolopacidae","Tringa","Tringa erythropus",,,,FALSE,TRUE,FALSE,"LC","LC","spotted redshank, chevalier arlequin","birds"
158968,"Chordata","Aves","Charadriiformes","Scolopacidae","Tringa","Tringa nebularia",,,,FALSE,TRUE,FALSE,"LC","LC","common greenshank, chevalier aboyeur","birds"
212623,"Chordata","Aves","Charadriiformes","Scolopacidae","Tringa","Tringa stagnatilis",,,,FALSE,TRUE,FALSE,"LC","LC","marsh sandpiper, chevalier stagnatile","birds"
158970,"Chordata","Aves","Charadriiformes","Scolopacidae","Tringa","Tringa totanus",,,,FALSE,TRUE,FALSE,"LC","LC","redshank, chevalier gambette","birds"
212602,"Chordata","Aves","Charadriiformes","Scolopacidae","Xenus","Xenus cinereus",,,,FALSE,TRUE,FALSE,"LC","LC","terek sandpiper","birds"
212668,"Chordata","Aves","Ciconiiformes","Ardeidae","Ardea","Ardea cinerea",,,"12S;COI",FALSE,FALSE,TRUE,"LC","LC",,"birds"
212666,"Chordata","Aves","Ciconiiformes","Ardeidae","Ardea","Ardea goliath",,,,FALSE,TRUE,FALSE,"LC","LC","Goliath heron, héron goliath","birds"
159115,"Chordata","Aves","Ciconiiformes","Ardeidae","Egretta","Egretta garzetta",,,"12S;16S",FALSE,TRUE,TRUE,"LC","LC","little egret, aigrette garzette","birds"
212665,"Chordata","Aves","Ciconiiformes","Ardeidae","Egretta","Egretta gularis",,,,FALSE,TRUE,FALSE,"LC","LC","western reef egret  , aigrette à gorge blanche","birds"
416678,"Chordata","Aves","Ciconiiformes","Threskiornithidae","Platalea","Platalea leucorodia",,,"12S;16S",FALSE,TRUE,TRUE,"LC","LC","Eurasian spoonbill, spatule blanche","birds"
158977,"Chordata","Aves","Ciconiiformes","Threskiornithidae","Plegadis","Plegadis falcinellus",,,,FALSE,TRUE,FALSE,"LC","LC","glossy ibis, ibis falcinelle","birds"
212673,"Chordata","Aves","Ciconiiformes","Threskiornithidae","Threskiornis","Threskiornis aethiopicus",,,,FALSE,TRUE,FALSE,"LC","LC","African sacred ibis,  ibis sacré","birds"
148776,"Chordata","Aves","Pelecaniformes","Sulidae","Morus","Morus bassanus",,,,FALSE,TRUE,FALSE,"LC","LC","northern gannet, fou de bassan","birds"
137176,"Chordata","Aves","Pelecaniformes","Pelecanidae","Pelecanus","Pelecanus onocrotalus",,,,FALSE,TRUE,FALSE,"LC","LC","white pelican, pélican blanc","birds"
137179,"Chordata","Aves","Pelecaniformes","Phalacrocoracidae","Phalacrocorax","Phalacrocorax carbo",,,,FALSE,TRUE,FALSE,"LC","LC","great cormorant, grand cormoran","birds"
212710,"Chordata","Aves","Phoenicopteriformes","Phoenicopteridae","Phoeniconaias","Phoeniconaias minor",,,,FALSE,TRUE,FALSE,"NT","NT","lesser flamingo, flamant nain","birds"
212708,"Chordata","Aves","Phoenicopteriformes","Phoenicopteridae","Phoenicopterus","Phoenicopterus ruber",,,"12S",FALSE,TRUE,TRUE,"LC","LC","greater flamingo, flamant des Caraïbes","birds"
137189,"Chordata","Aves","Procellariiformes","Hydrobatidae","Hydrobates","Hydrobates pelagicus",,,,FALSE,TRUE,FALSE,"LC","LC","European storm-petrel, océanite tempête","birds"
137190,"Chordata","Aves","Procellariiformes","Hydrobatidae","Oceanites","Oceanites oceanicus",,,,FALSE,TRUE,FALSE,"LC","LC","Wilson's storm petrel, océanite de Wilson","birds"
137201,"Chordata","Aves","Procellariiformes","Procellariidae","Puffinus","Puffinus gravis",4,2023,,TRUE,FALSE,FALSE,,,"great shearwater, puffin majeur","birds"
104501,"Arthropoda","Copepoda","Calanoida","Centropagidae","Isias","Isias clavipes",,,"COI",FALSE,FALSE,TRUE,,,,"copepods"
104683,"Arthropoda","Copepoda","Calanoida","Paracalanidae","Paracalanus","Paracalanus indicus",,,"COI",FALSE,FALSE,TRUE,,,,"copepods"
354162,"Arthropoda","Copepoda","Calanoida","Paracalanidae","Paracalanus","Paracalanus quasimodo",,,"COI",FALSE,FALSE,TRUE,,,,"copepods"
104880,"Arthropoda","Copepoda","Calanoida","Temoridae","Temora","Temora turbinata",,,"COI",FALSE,FALSE,TRUE,,,,"copepods"
116162,"Arthropoda","Copepoda","Harpacticoida","Tachidiidae","Euterpina","Euterpina acutifrons",,,"COI",FALSE,FALSE,TRUE,,,,"copepods"
158026,"Arthropoda","Malacostraca","Amphipoda","Ampithoidae","Ampithoe","Ampithoe longimana",,,"COI",FALSE,FALSE,TRUE,,,,"crustaceans"
489530,"Arthropoda","Malacostraca","Amphipoda","Didymocheliidae","Apodidymochelia","Apodidymochelia castellata",1,,,TRUE,FALSE,FALSE,,,,"crustaceans"
225814,"Arthropoda","Malacostraca","Amphipoda","Corophiidae","Monocorophium","Monocorophium acherusicum",,,"COI",FALSE,FALSE,TRUE,,,,"crustaceans"
955160,"Arthropoda","Malacostraca","Decapoda","Ocypodidae","Afruca","Afruca tangeri",1,,,TRUE,TRUE,FALSE,,,,"crustaceans"
557649,"Arthropoda","Malacostraca","Decapoda","Leucosiidae","Atlantophila","Atlantophila cristata",1,2010,,TRUE,TRUE,FALSE,,,,"crustaceans"
107377,"Arthropoda","Malacostraca","Decapoda","Polybiidae","Bathynectes","Bathynectes maravigna",2,1958,,TRUE,TRUE,FALSE,,,,"crustaceans"
241106,"Arthropoda","Malacostraca","Decapoda","Portunidae","Callinectes","Callinectes marginatus",,,"COI",FALSE,FALSE,TRUE,,,,"crustaceans"
107381,"Arthropoda","Malacostraca","Decapoda","Carcinidae","Carcinus","Carcinus maenas",1,,,TRUE,TRUE,FALSE,,,"green crab, crabe enragé","crustaceans"
107197,"Arthropoda","Malacostraca","Decapoda","Diogenidae","Dardanus","Dardanus arrosor",1,1959,,TRUE,TRUE,FALSE,,,"striated hermit crab","crustaceans"
1582183,"Arthropoda","Malacostraca","Decapoda","Diogenidae","Diogenes","Diogenes arguinensis",,,"COI",FALSE,FALSE,TRUE,,,,"crustaceans"
107150,"Arthropoda","Malacostraca","Decapoda","Galatheidae","Galathea","Galathea intermedia",1,1958,,TRUE,TRUE,FALSE,,,,"crustaceans"
107511,"Arthropoda","Malacostraca","Decapoda","Hippolytidae","Hippolyte","Hippolyte inermis",1,2020,,TRUE,TRUE,FALSE,,,"seaweed chameleon prawn, crevette d'herbiers","crustaceans"
107513,"Arthropoda","Malacostraca","Decapoda","Hippolytidae","Hippolyte","Hippolyte leptocerus",,,"COI",FALSE,FALSE,TRUE,,,,"crustaceans"
421777,"Arthropoda","Malacostraca","Decapoda","Hippolytidae","Hippolyte","Hippolyte obliquimanus",1,,,TRUE,TRUE,FALSE,,,,"crustaceans"
107519,"Arthropoda","Malacostraca","Decapoda","Hippolytidae","Latreutes","Latreutes fucorum",,,"COI",FALSE,FALSE,TRUE,,,"slender Sargassum shrimp, crevette des Sargasses","crustaceans"
107396,"Arthropoda","Malacostraca","Decapoda","Polybiidae","Macropipus","Macropipus rugosus",,,,FALSE,TRUE,FALSE,,,,"crustaceans"
107347,"Arthropoda","Malacostraca","Decapoda","Majidae","Maja","Maja brachydactyla",1,,,TRUE,FALSE,FALSE,,,"Atlantic spider crab, grande araignée de mer","crustaceans"
368225,"Arthropoda","Malacostraca","Decapoda","Diogenidae","Paguristes","Paguristes fagei",1,1935,,TRUE,FALSE,FALSE,,,,"crustaceans"
107614,"Arthropoda","Malacostraca","Decapoda","Palaemonidae","Palaemon","Palaemon elegans",1,2020,,TRUE,TRUE,FALSE,,,"rockpool prawn, crevette rose","crustaceans"
107413,"Arthropoda","Malacostraca","Decapoda","Panopeidae","Panopeus","Panopeus africanus",1,,"COI",TRUE,TRUE,TRUE,,,,"crustaceans"
246184,"Arthropoda","Malacostraca","Decapoda","Penaeidae","Penaeus","Penaeus notialis",,,"COI",FALSE,TRUE,TRUE,,,"southern pink shrimp, crevette rose du Sud","crustaceans"
107354,"Arthropoda","Malacostraca","Decapoda","Epialtidae","Pisa","Pisa carinimana",,,,FALSE,TRUE,FALSE,,,,"crustaceans"
107188,"Arthropoda","Malacostraca","Decapoda","Porcellanidae","Pisidia","Pisidia longicornis",1,,,TRUE,FALSE,FALSE,,,"long clawed porcelain crab, crabe porcelaine","crustaceans"
842772,"Arthropoda","Malacostraca","Decapoda","Diogenidae","Pseudopaguristes","Pseudopaguristes marocanus",,,,FALSE,TRUE,FALSE,,,,"crustaceans"
246442,"Arthropoda","Malacostraca","Decapoda","Diogenidae","Pseudopagurus","Pseudopagurus granulimanus",6,1936,,TRUE,FALSE,FALSE,,,,"crustaceans"
557672,"Arthropoda","Malacostraca","Decapoda","Leucosiidae","Pyrhila","Pyrhila pisum",2,,,TRUE,TRUE,FALSE,,,,"crustaceans"
241153,"Arthropoda","Malacostraca","Decapoda","Pilumnidae","Serenepilumnus","Serenepilumnus pisifer",,,,FALSE,TRUE,FALSE,,,,"crustaceans"
107114,"Arthropoda","Malacostraca","Decapoda","Sicyoniidae","Sicyonia","Sicyonia carinata",2,2020,"COI",TRUE,TRUE,TRUE,,,,"crustaceans"
240803,"Arthropoda","Malacostraca","Decapoda","Sicyoniidae","Sicyonia","Sicyonia galeata",,,,FALSE,TRUE,FALSE,,,,"crustaceans"
107242,"Arthropoda","Malacostraca","Decapoda","Paguridae","Spiropagurus","Spiropagurus elegans",1,1936,,TRUE,FALSE,FALSE,,,,"crustaceans"
421957,"Arthropoda","Malacostraca","Decapoda","Inachoididae","Stenorhynchus","Stenorhynchus seticornis",,,,FALSE,TRUE,FALSE,,,"yellowline arrow crab","crustaceans"
107407,"Arthropoda","Malacostraca","Decapoda","Portunidae","Thalamita","Thalamita poissonii",2,2020,,TRUE,TRUE,FALSE,,,,"crustaceans"
107443,"Arthropoda","Malacostraca","Decapoda","Xanthidae","Xantho","Xantho sexdentatus",,,,FALSE,TRUE,FALSE,,,,"crustaceans"
766157,"Arthropoda","Malacostraca","Isopoda","Sphaeromatidae","Cymodoce","Cymodoce waegelei",1,,,TRUE,TRUE,FALSE,,,,"crustaceans"
111158,"Bryozoa","Gymnolaemata","Cheilostomatida","Bugulidae","Bugula","Bugula neritina",,,"COI",FALSE,FALSE,TRUE,,,"Common bugula, Brown bryozoan, bugule brune","filter-feeders"
105796,"Chordata","Elasmobranchii","Carcharhiniformes","Carcharhinidae","Carcharhinus","Carcharhinus obscurus",,,,FALSE,TRUE,FALSE,"EN","EN","dusky shark","fish"
105804,"Chordata","Elasmobranchii","Carcharhiniformes","Leptochariidae","Leptocharias","Leptocharias smithii",1,,,TRUE,TRUE,FALSE,"VU","VU",,"fish"
105822,"Chordata","Elasmobranchii","Carcharhiniformes","Triakidae","Mustelus","Mustelus mustelus",,,,FALSE,TRUE,FALSE,"EN","EN","smooth-hound, émissole lisse","fish"
105823,"Chordata","Elasmobranchii","Carcharhiniformes","Triakidae","Mustelus","Mustelus punctulatus",,,,FALSE,TRUE,FALSE,"VU","VU","blackspotted smoothhound","fish"
105803,"Chordata","Elasmobranchii","Carcharhiniformes","Hemigaleidae","Paragaleus","Paragaleus pectoralis",2,2011,,TRUE,TRUE,FALSE,"EN","EN","Atlantic weasel shark","fish"
105801,"Chordata","Elasmobranchii","Carcharhiniformes","Carcharhinidae","Prionace","Prionace glauca",,,,FALSE,TRUE,FALSE,"NT","NT","blue shark, peau bleue","fish"
105802,"Chordata","Elasmobranchii","Carcharhiniformes","Carcharhinidae","Rhizoprionodon","Rhizoprionodon acutus",1,,"12S;COI",TRUE,TRUE,TRUE,"VU","VU","milk shark","fish"
105814,"Chordata","Elasmobranchii","Carcharhiniformes","Scyliorhinidae","Scyliorhinus","Scyliorhinus canicula",,,,FALSE,TRUE,FALSE,"LC","LC","small-spotted catshark, petite rousette","fish"
105816,"Chordata","Elasmobranchii","Carcharhiniformes","Sphyrnidae","Sphyrna","Sphyrna lewini",,,"16S",FALSE,FALSE,TRUE,"CR","CR","scalloped hammerhead","fish"
105832,"Chordata","Elasmobranchii","Hexanchiformes","Hexanchidae","Heptranchias","Heptranchias perlo",,,,FALSE,TRUE,FALSE,"NT","NT","sharpnose sevengill shark, requin perlon","fish"
105836,"Chordata","Elasmobranchii","Lamniformes","Alopiidae","Alopias","Alopias vulpinus",,,,FALSE,TRUE,FALSE,"VU","VU","thresher shark, renard de mer","fish"
105839,"Chordata","Elasmobranchii","Lamniformes","Lamnidae","Isurus","Isurus oxyrinchus",,,,FALSE,TRUE,FALSE,"EN","EN","shortfin mako, mako à nageoires courtes","fish"
217426,"Chordata","Elasmobranchii","Myliobatiformes","Myliobatidae","Aetobatus","Aetobatus narinari",3,1974,,TRUE,FALSE,FALSE,"EN","EN","spotted eagle ray","fish"
871951,"Chordata","Elasmobranchii","Myliobatiformes","Myliobatidae","Aetomylaeus","Aetomylaeus bovinus",,,"COI",FALSE,TRUE,TRUE,"CR","CR",,"fish"
1017389,"Chordata","Elasmobranchii","Myliobatiformes","Dasyatidae","Bathytoshia","Bathytoshia centroura",6,,,TRUE,TRUE,FALSE,"VU","VU",,"fish"
212250,"Chordata","Elasmobranchii","Myliobatiformes","Dasyatidae","Dasyatis","Dasyatis chrysonota",,,"16S",FALSE,FALSE,TRUE,"NT","NT",,"fish"
271445,"Chordata","Elasmobranchii","Myliobatiformes","Dasyatidae","Dasyatis","Dasyatis marmorata",1110,2020,,TRUE,TRUE,FALSE,"NT","NT",,"fish"
105851,"Chordata","Elasmobranchii","Myliobatiformes","Dasyatidae","Dasyatis","Dasyatis pastinaca",,,,FALSE,TRUE,FALSE,"VU","VU","stingray, pastenague commune","fish"
105852,"Chordata","Elasmobranchii","Myliobatiformes","Dasyatidae","Dasyatis","Dasyatis tortonesei",,,"12S",FALSE,FALSE,TRUE,"DD","DD",,"fish"
1042838,"Chordata","Elasmobranchii","Myliobatiformes","Dasyatidae","Fontitrygon","Fontitrygon margarita",4,2020,,TRUE,TRUE,FALSE,"VU","VU",,"fish"
1042839,"Chordata","Elasmobranchii","Myliobatiformes","Dasyatidae","Fontitrygon","Fontitrygon margaritella",,,,FALSE,TRUE,FALSE,"NT","NT",,"fish"
105856,"Chordata","Elasmobranchii","Myliobatiformes","Gymnuridae","Gymnura","Gymnura altavela",,,"12S;16S",FALSE,TRUE,TRUE,"EN","EN","spiny butterfly ray","fish"
1042856,"Chordata","Elasmobranchii","Myliobatiformes","Dasyatidae","Hypanus","Hypanus americanus",,,"12S;16S;COI",FALSE,FALSE,TRUE,"NT","NT",,"fish"
1042863,"Chordata","Elasmobranchii","Myliobatiformes","Dasyatidae","Hypanus","Hypanus rudis",,,"COI",FALSE,TRUE,TRUE,"CR","CR",,"fish"
158540,"Chordata","Elasmobranchii","Myliobatiformes","Dasyatidae","Pteroplatytrygon","Pteroplatytrygon violacea",,,,FALSE,TRUE,FALSE,"LC","LC","pelagic stingray","fish"
158544,"Chordata","Elasmobranchii","Myliobatiformes","Rhinopteridae","Rhinoptera","Rhinoptera bonasus",,,"12S",FALSE,FALSE,TRUE,"VU","VU","cownose ray","fish"
105862,"Chordata","Elasmobranchii","Myliobatiformes","Myliobatidae","Rhinoptera","Rhinoptera marginata",2,,,TRUE,TRUE,FALSE,"CR","CR","Lusitanian cownose ray","fish"
1605275,"Chordata","Elasmobranchii","Myliobatiformes","Dasyatidae","Taeniurops","Taeniurops grabatus",,,"16S",FALSE,TRUE,TRUE,"NT","NT",,"fish"
105846,"Chordata","Elasmobranchii","Orectolobiformes","Ginglymostomatidae","Ginglymostoma","Ginglymostoma cirratum",,,"16S",FALSE,TRUE,TRUE,"VU","VU","nurse shark, requin nourrice","fish"
1006797,"Chordata","Elasmobranchii","Rajiformes","Rajidae","Raja","Raja parva",,,,FALSE,TRUE,FALSE,"NT","NT",,"fish"
217400,"Chordata","Elasmobranchii","Rajiformes","Rajidae","Raja","Raja straeleni",1,,,TRUE,FALSE,FALSE,"NT","NT",,"fish"
105891,"Chordata","Elasmobranchii","Rajiformes","Rajidae","Raja","Raja undulata",,,,FALSE,TRUE,FALSE,"EN","EN","undulate ray, raie brunette","fish"
1016062,"Chordata","Elasmobranchii","Rhinopristiformes","Glaucostegidae","Glaucostegus","Glaucostegus cemiculus",2,2020,"12S;16S;COI",TRUE,TRUE,TRUE,"CR","CR",,"fish"
105898,"Chordata","Elasmobranchii","Rhinopristiformes","Rhinobatidae","Rhinobatos","Rhinobatos rhinobatos",6,2020,,TRUE,TRUE,FALSE,"CR","CR","guitarshark, guitare commune","fish"
278219,"Chordata","Elasmobranchii","Rhinopristiformes","Rhinobatidae","Rhynchobatus","Rhynchobatus luebberti",1,,,TRUE,FALSE,FALSE,"CR","CR",,"fish"
283210,"Chordata","Elasmobranchii","Rhinopristiformes","Rhinobatidae","Zanobatus","Zanobatus schoenleinii",3,,,TRUE,TRUE,FALSE,"VU","VU",,"fish"
105923,"Chordata","Elasmobranchii","Squaliformes","Squalidae","Squalus","Squalus acanthias",,,,FALSE,TRUE,FALSE,"VU","VU","spiny dogfish, chien dard","fish"
271691,"Chordata","Elasmobranchii","Torpediniformes","Torpedinidae","Torpedo","Torpedo torpedo",1,,,TRUE,TRUE,FALSE,"VU","VU","common torpedo, torpille ocellée","fish"
127419,"Chordata","Teleostei","Acanthuriformes","Caproidae","Capros","Capros aper",7,,,TRUE,FALSE,FALSE,"LC","LC","boar-fish, sanglier","fish"
277898,"Chordata","Teleostei","Acanthuriformes","Drepaneidae","Drepane","Drepane africana",,,"12S;16S",FALSE,FALSE,TRUE,"LC","LC",,"fish"
280692,"Chordata","Teleostei","Acanthuriformes","Ephippidae","Ephippus","Ephippus goreensis",2,,,TRUE,TRUE,FALSE,"LC","LC",,"fish"
126857,"Chordata","Teleostei","Acropomatiformes","Epigonidae","Epigonus","Epigonus denticulatus",1,,,TRUE,FALSE,FALSE,"LC","LC","pencil cardinal","fish"
212256,"Chordata","Teleostei","Albuliformes","Albulidae","Albula","Albula vulpes",1,,,TRUE,TRUE,FALSE,"NT","NT","bonefish","fish"
126283,"Chordata","Teleostei","Anguilliformes","Congridae","Ariosoma","Ariosoma balearicum",2,,,TRUE,FALSE,FALSE,"LC","LC","bandtooth conger, congre des Baléares","fish"
712432,"Chordata","Teleostei","Anguilliformes","Congridae","Bathycongrus","Bathycongrus bertini",1,,,TRUE,FALSE,FALSE,"LC","LC",,"fish"
126285,"Chordata","Teleostei","Anguilliformes","Congridae","Conger","Conger conger",1,,,TRUE,FALSE,FALSE,"LC","LC","conger, congre","fish"
126295,"Chordata","Teleostei","Anguilliformes","Muraenesocidae","Cynoponticus","Cynoponticus ferox",1,2020,,TRUE,TRUE,FALSE,"LC","LC",,"fish"
126313,"Chordata","Teleostei","Anguilliformes","Ophichthidae","Dalophis","Dalophis imberbis",,,"COI",FALSE,FALSE,TRUE,"LC","LC",,"fish"
271813,"Chordata","Teleostei","Anguilliformes","Muraenidae","Gymnothorax","Gymnothorax afer",1,2017,,TRUE,TRUE,FALSE,"LC","LC",,"fish"
272027,"Chordata","Teleostei","Atheriniformes","Atherinidae","Atherina","Atherina boyeri",4,2020,,TRUE,TRUE,FALSE,"LC","LC","big-scale sand-smelt, joel","fish"
272028,"Chordata","Teleostei","Atheriniformes","Atherinidae","Atherina","Atherina hepsetus",,,"12S",FALSE,FALSE,TRUE,,,"Mediterranean sand smelt, siouclet","fish"
272029,"Chordata","Teleostei","Atheriniformes","Atherinidae","Atherina","Atherina lopeziana",1,,,TRUE,TRUE,FALSE,"DD","DD",,"fish"
272030,"Chordata","Teleostei","Atheriniformes","Atherinidae","Atherina","Atherina presbyter",1,,"16S;COI",TRUE,TRUE,TRUE,"LC","LC","sand smelt, athérine","fish"
126342,"Chordata","Teleostei","Aulopiformes","Ipnopidae","Bathypterois","Bathypterois dubius",,,,FALSE,TRUE,FALSE,"LC","LC","spiderfish","fish"
272052,"Chordata","Teleostei","Aulopiformes","Chlorophthalmidae","Chlorophthalmus","Chlorophthalmus atlanticus",2,,,TRUE,FALSE,FALSE,"LC","LC",,"fish"
158884,"Chordata","Teleostei","Aulopiformes","Synodontidae","Trachinocephalus","Trachinocephalus myops",,,,FALSE,TRUE,FALSE,"LC","LC","snakefish","fish"
278665,"Chordata","Teleostei","Batrachoidiformes","Batrachoididae","Batrachoides","Batrachoides liberiensis",1,,,TRUE,TRUE,FALSE,"LC","LC",,"fish"
126374,"Chordata","Teleostei","Batrachoidiformes","Batrachoididae","Halobatrachus","Halobatrachus didactylus",7,2020,"16S;COI",TRUE,TRUE,TRUE,"LC","LC",,"fish"
159246,"Chordata","Teleostei","Beloniformes","Belonidae","Ablennes","Ablennes hians",,,,FALSE,TRUE,FALSE,"LC","LC","flat needlefish","fish"
126375,"Chordata","Teleostei","Beloniformes","Belonidae","Belone","Belone belone",,,"12S;16S",FALSE,FALSE,TRUE,"LC","LC","sea needle, aiquille","fish"
280791,"Chordata","Teleostei","Beloniformes","Exocoetidae","Fodiator","Fodiator acutus",,,,FALSE,TRUE,FALSE,"LC","LC","sharpchin flyingfish","fish"
159278,"Chordata","Teleostei","Beloniformes","Hemiramphidae","Hemiramphus","Hemiramphus balao",,,"COI",FALSE,FALSE,TRUE,"LC","LC","balao","fish"
159279,"Chordata","Teleostei","Beloniformes","Hemiramphidae","Hemiramphus","Hemiramphus brasiliensis",,,"16S",FALSE,TRUE,TRUE,"LC","LC","ballyhoo halfbeak","fish"
126390,"Chordata","Teleostei","Beloniformes","Hemiramphidae","Hyporhamphus","Hyporhamphus picarti",,,,FALSE,TRUE,FALSE,"LC","LC",,"fish"
126378,"Chordata","Teleostei","Beloniformes","Belonidae","Tylosurus","Tylosurus acus",,,"16S;COI",FALSE,TRUE,TRUE,"LC","LC","agujon needlefish","fish"
159259,"Chordata","Teleostei","Beloniformes","Belonidae","Tylosurus","Tylosurus crocodilus",,,"12S",FALSE,FALSE,TRUE,"LC","LC","houndfish","fish"
126844,"Chordata","Teleostei","Blenniiformes","Clinidae","Clinitrachus","Clinitrachus argentatus",,,,FALSE,TRUE,FALSE,"LC","LC",,"fish"
281260,"Chordata","Teleostei","Blenniiformes","Labrisomidae","Labrisomus","Labrisomus nuchipinnis",,,,FALSE,TRUE,FALSE,"LC","LC","hairy blenny","fish"
126997,"Chordata","Teleostei","Carangaria incertae sedis","Polynemidae","Galeoides","Galeoides decadactylus",6,,,TRUE,TRUE,FALSE,"NT","NT","plexiglass, petit capitaine","fish"
127068,"Chordata","Teleostei","Carangaria incertae sedis","Sphyraenidae","Sphyraena","Sphyraena sphyraena",1,,,TRUE,TRUE,FALSE,"LC","LC","barracuda, brochet de mer","fish"
401555,"Chordata","Teleostei","Carangiformes","Carangidae","Alectis","Alectis alexandrina",1,,,TRUE,TRUE,FALSE,"LC","LC",,"fish"
126801,"Chordata","Teleostei","Carangiformes","Carangidae","Campogramma","Campogramma glaycos",1,,,TRUE,TRUE,FALSE,"LC","LC","vadigo, liche lirio","fish"
126802,"Chordata","Teleostei","Carangiformes","Carangidae","Caranx","Caranx crysos",1,,,TRUE,TRUE,FALSE,"LC","LC","blue runner, carangue coubali","fish"
126803,"Chordata","Teleostei","Carangiformes","Carangidae","Caranx","Caranx hippos",1,,,TRUE,TRUE,FALSE,"LC","LC","common jack, carangue crevalle","fish"
126806,"Chordata","Teleostei","Carangiformes","Carangidae","Caranx","Caranx rhonchus",1,,"COI",TRUE,TRUE,TRUE,"LC","LC","false scad, comète coussut","fish"
273274,"Chordata","Teleostei","Carangiformes","Carangidae","Caranx","Caranx senegallus",,,"16S",FALSE,FALSE,TRUE,"LC","LC",,"fish"
159483,"Chordata","Teleostei","Carangiformes","Carangidae","Chloroscombrus","Chloroscombrus chrysurus",1,,"12S;16S;COI",TRUE,TRUE,TRUE,"LC","LC","Atlantic bumper","fish"
126848,"Chordata","Teleostei","Carangiformes","Echeneidae","Echeneis","Echeneis naucrates",,,"12S;16S;COI",FALSE,TRUE,TRUE,"LC","LC","sharksucker","fish"
126810,"Chordata","Teleostei","Carangiformes","Carangidae","Lichia","Lichia amia",1,,,TRUE,TRUE,FALSE,"LC","LC","garrick, liche","fish"
127006,"Chordata","Teleostei","Carangiformes","Rachycentridae","Rachycentron","Rachycentron canadum",,,"12S;16S",FALSE,FALSE,TRUE,"LC","LC","cobia, mafou","fish"
126853,"Chordata","Teleostei","Carangiformes","Echeneidae","Remora","Remora remora",1,,,TRUE,TRUE,FALSE,"LC","LC","remora","fish"
126814,"Chordata","Teleostei","Carangiformes","Carangidae","Selene","Selene dorsalis",,,,FALSE,TRUE,FALSE,"LC","LC",,"fish"
273291,"Chordata","Teleostei","Carangiformes","Carangidae","Trachinotus","Trachinotus goreensis",1,,,TRUE,TRUE,FALSE,"LC","LC",,"fish"
126819,"Chordata","Teleostei","Carangiformes","Carangidae","Trachinotus","Trachinotus ovatus",1,,,TRUE,TRUE,FALSE,"LC","LC","derbio, palomine","fish"
273299,"Chordata","Teleostei","Carangiformes","Carangidae","Trachinotus","Trachinotus teraia",1,,,TRUE,TRUE,FALSE,"LC","LC",,"fish"
126822,"Chordata","Teleostei","Carangiformes","Carangidae","Trachurus","Trachurus trachurus",1,,,TRUE,TRUE,FALSE,"VU","VU","Atlantic horse mackerel, caringue","fish"
1021112,"Chordata","Teleostei","Cichliformes","Cichlidae","Coptodon","Coptodon guineensis",7,2020,"COI",TRUE,TRUE,TRUE,"LC","LC",,"fish"
317356,"Chordata","Teleostei","Cichliformes","Cichlidae","Coptodon","Coptodon zillii",,,"12S",FALSE,FALSE,TRUE,"LC","LC",,"fish"
293732,"Chordata","Teleostei","Cichliformes","Cichlidae","Sarotherodon","Sarotherodon melanotheron",1,,"12S;16S;COI",TRUE,TRUE,TRUE,"LC","LC","blackchin tilapia","fish"
126426,"Chordata","Teleostei","Clupeiformes","Engraulidae","Engraulis","Engraulis encrasicolus",1,,,TRUE,TRUE,FALSE,"LC","LC","anchovy, anchois","fish"
280725,"Chordata","Teleostei","Clupeiformes","Dorosomatidae","Ethmalosa","Ethmalosa fimbriata",5,2020,"12S;16S",TRUE,TRUE,TRUE,"LC","LC","Bonga shad","fish"
281158,"Chordata","Teleostei","Clupeiformes","Pristigasteridae","Ilisha","Ilisha africana",,,,FALSE,TRUE,FALSE,"LC","LC","West African ilisha","fish"
126421,"Chordata","Teleostei","Clupeiformes","Alosidae","Sardina","Sardina pilchardus",,,"12S",FALSE,FALSE,TRUE,"LC","LC","European pilchard, sardine commune","fish"
126422,"Chordata","Teleostei","Clupeiformes","Dorosomatidae","Sardinella","Sardinella aurita",4,2002,,TRUE,TRUE,FALSE,"LC","LC","anchovy, allache","fish"
126423,"Chordata","Teleostei","Clupeiformes","Dorosomatidae","Sardinella","Sardinella maderensis",1,,"12S;16S;COI",TRUE,TRUE,TRUE,"VU","VU","shortbody sardine, grande allache","fish"
127232,"Chordata","Teleostei","Dactylopteriformes","Dactylopteridae","Dactylopterus","Dactylopterus volitans",2,,,TRUE,TRUE,FALSE,"LC","LC","flying gurnard, grondin volant","fish"
127007,"Chordata","Teleostei","Eupercaria incertae sedis","Sciaenidae","Argyrosomus","Argyrosomus regius",2,,,TRUE,TRUE,FALSE,"LC","LC","meagre, maigre","fish"
126958,"Chordata","Teleostei","Eupercaria incertae sedis","Labridae","Bodianus","Bodianus scrofa",,,,FALSE,TRUE,FALSE,"VU","VU","barred hogfish, porceau","fish"
126959,"Chordata","Teleostei","Eupercaria incertae sedis","Labridae","Bodianus","Bodianus speciosus",1,,,TRUE,TRUE,FALSE,"DD","DD",,"fish"
127047,"Chordata","Teleostei","Eupercaria incertae sedis","Sparidae","Boops","Boops boops",2,2002,,TRUE,TRUE,FALSE,"LC","LC","bogue, bogue","fish"
126943,"Chordata","Teleostei","Eupercaria incertae sedis","Haemulidae","Brachydeuterus","Brachydeuterus auritus",1,,,TRUE,TRUE,FALSE,"NT","NT","bigeye grunt","fish"
276741,"Chordata","Teleostei","Eupercaria incertae sedis","Malacanthidae","Branchiostegus","Branchiostegus semifasciatus",1,,,TRUE,TRUE,FALSE,"LC","LC",,"fish"
126963,"Chordata","Teleostei","Eupercaria incertae sedis","Labridae","Coris","Coris julis",1,,,TRUE,TRUE,FALSE,"LC","LC","rainbow wrasse, girelle","fish"
273960,"Chordata","Teleostei","Eupercaria incertae sedis","Sparidae","Dentex","Dentex canariensis",4,1973,,TRUE,TRUE,FALSE,"LC","LC",,"fish"
273964,"Chordata","Teleostei","Eupercaria incertae sedis","Sparidae","Dentex","Dentex gibbosus",3,,,TRUE,TRUE,FALSE,"LC","LC","dente bossu","fish"
273965,"Chordata","Teleostei","Eupercaria incertae sedis","Sparidae","Dentex","Dentex macrophthalmus",1,,,TRUE,FALSE,FALSE,"LC","LC",,"fish"
126976,"Chordata","Teleostei","Eupercaria incertae sedis","Moronidae","Dicentrarchus","Dicentrarchus punctatus",17,2020,"12S;16S",TRUE,TRUE,TRUE,"LC","LC","spotted sea-bass, bar moucheté","fish"
127050,"Chordata","Teleostei","Eupercaria incertae sedis","Sparidae","Diplodus","Diplodus bellottii",7,2020,"16S;COI",TRUE,TRUE,TRUE,"LC","LC",,"fish"
998228,"Chordata","Teleostei","Eupercaria incertae sedis","Sparidae","Diplodus","Diplodus cadenati",3,,,TRUE,TRUE,FALSE,,,,"fish"
127051,"Chordata","Teleostei","Eupercaria incertae sedis","Sparidae","Diplodus","Diplodus cervinus",1,2004,,TRUE,TRUE,FALSE,"LC","LC","zebra seabream, sar tambour","fish"
998229,"Chordata","Teleostei","Eupercaria incertae sedis","Sparidae","Diplodus","Diplodus kotschyi",,,"12S",FALSE,FALSE,TRUE,,,,"fish"
127052,"Chordata","Teleostei","Eupercaria incertae sedis","Sparidae","Diplodus","Diplodus puntazzo",,,"16S",FALSE,FALSE,TRUE,"LC","LC","sharp snout bream, sar à museau pointu","fish"
127053,"Chordata","Teleostei","Eupercaria incertae sedis","Sparidae","Diplodus","Diplodus sargus",13,2020,"16S;COI",TRUE,TRUE,TRUE,"LC","LC","white seabream, sar commun du Maroc","fish"
127054,"Chordata","Teleostei","Eupercaria incertae sedis","Sparidae","Diplodus","Diplodus vulgaris",3,1973,"12S",TRUE,TRUE,TRUE,"LC","LC","two banded sea bream, sar à tête noire","fish"
276423,"Chordata","Teleostei","Eupercaria incertae sedis","Gerreidae","Eucinostomus","Eucinostomus melanopterus",10,2020,"12S;16S",TRUE,TRUE,TRUE,"LC","LC","flagfin mojarra","fish"
127055,"Chordata","Teleostei","Eupercaria incertae sedis","Sparidae","Lithognathus","Lithognathus mormyrus",2,2020,"16S;COI",TRUE,TRUE,TRUE,"LC","LC","striped seabream, marbre","fish"
276538,"Chordata","Teleostei","Eupercaria incertae sedis","Lutjanidae","Lutjanus","Lutjanus goreensis",2,2020,,TRUE,TRUE,FALSE,"DD","DD",,"fish"
159298,"Chordata","Teleostei","Eupercaria incertae sedis","Scaridae","Nicholsina","Nicholsina usta",2,2020,"12S;16S",TRUE,TRUE,TRUE,"LC","LC","emerald parrotfish","fish"
127057,"Chordata","Teleostei","Eupercaria incertae sedis","Sparidae","Pagellus","Pagellus acarne",1,,,TRUE,TRUE,FALSE,"LC","LC","axillary seabream, pageot blanc","fish"
127058,"Chordata","Teleostei","Eupercaria incertae sedis","Sparidae","Pagellus","Pagellus bellottii",2,2020,,TRUE,TRUE,FALSE,"LC","LC","red pandora, pageot à tache rouge","fish"
127059,"Chordata","Teleostei","Eupercaria incertae sedis","Sparidae","Pagellus","Pagellus bogaraveo",,,"12S",FALSE,FALSE,TRUE,"NT","NT","blackspot seabream, daurade rose","fish"
127061,"Chordata","Teleostei","Eupercaria incertae sedis","Sparidae","Pagrus","Pagrus auriga",1,,,TRUE,TRUE,FALSE,"LC","LC","redbanded seabream, sar royal","fish"
127062,"Chordata","Teleostei","Eupercaria incertae sedis","Sparidae","Pagrus","Pagrus caeruleostictus",4,,"12S;16S",TRUE,TRUE,TRUE,"LC","LC","bluespotted seabream, pagre à points bleus","fish"
126945,"Chordata","Teleostei","Eupercaria incertae sedis","Haemulidae","Parapristipoma","Parapristipoma octolineatum",1,,,TRUE,TRUE,FALSE,"LC","LC",,"fish"
126946,"Chordata","Teleostei","Eupercaria incertae sedis","Haemulidae","Plectorhinchus","Plectorhinchus mediterraneus",4,2003,,TRUE,TRUE,FALSE,"DD","DD",,"fish"
126947,"Chordata","Teleostei","Eupercaria incertae sedis","Haemulidae","Pomadasys","Pomadasys incisus",13,2020,"16S;COI",TRUE,TRUE,TRUE,"LC","LC",,"fish"
273507,"Chordata","Teleostei","Eupercaria incertae sedis","Haemulidae","Pomadasys","Pomadasys jubelini",1,,,TRUE,TRUE,FALSE,"LC","LC",,"fish"
273510,"Chordata","Teleostei","Eupercaria incertae sedis","Haemulidae","Pomadasys","Pomadasys perotaei",1,,"16S;COI",TRUE,TRUE,TRUE,"LC","LC",,"fish"
273513,"Chordata","Teleostei","Eupercaria incertae sedis","Haemulidae","Pomadasys","Pomadasys rogerii",5,2020,,TRUE,TRUE,FALSE,"LC","LC",,"fish"
218562,"Chordata","Teleostei","Eupercaria incertae sedis","Haemulidae","Pomadasys","Pomadasys striatus",,,,FALSE,TRUE,FALSE,"LC","LC","striped grunter","fish"
127008,"Chordata","Teleostei","Eupercaria incertae sedis","Sciaenidae","Pseudotolithus","Pseudotolithus senegalensis",2,,,TRUE,TRUE,FALSE,"EN","EN",,"fish"
273787,"Chordata","Teleostei","Eupercaria incertae sedis","Sciaenidae","Pseudotolithus","Pseudotolithus senegallus",1,,"12S",TRUE,TRUE,TRUE,"VU","VU",,"fish"
127064,"Chordata","Teleostei","Eupercaria incertae sedis","Sparidae","Sarpa","Sarpa salpa",1,,,TRUE,TRUE,FALSE,"LC","LC","Saunders's tern  , saupe","fish"
276050,"Chordata","Teleostei","Eupercaria incertae sedis","Scaridae","Scarus","Scarus hoefleri",1,,,TRUE,TRUE,FALSE,"LC","LC",,"fish"
127010,"Chordata","Teleostei","Eupercaria incertae sedis","Sciaenidae","Sciaena","Sciaena umbra",3,,"16S;COI",TRUE,TRUE,TRUE,"NT","NT","brown meagre, maigre","fish"
231441,"Chordata","Teleostei","Eupercaria incertae sedis","Scaridae","Sparisoma","Sparisoma cretense",,,,FALSE,TRUE,FALSE,"LC","LC","European parrotfish, perroquet","fish"
159301,"Chordata","Teleostei","Eupercaria incertae sedis","Scaridae","Sparisoma","Sparisoma rubripinne",1,,,TRUE,TRUE,FALSE,"LC","LC","redfin parrotfish","fish"
151523,"Chordata","Teleostei","Eupercaria incertae sedis","Sparidae","Sparus","Sparus aurata",2,,"12S;16S;COI",TRUE,TRUE,TRUE,"LC","LC","gilthead, dorade royale","fish"
1577356,"Chordata","Teleostei","Eupercaria incertae sedis","Sparidae","Spicara","Spicara altum",1,,,TRUE,TRUE,FALSE,,,,"fish"
127066,"Chordata","Teleostei","Eupercaria incertae sedis","Sparidae","Spondyliosoma","Spondyliosoma cantharus",8,2020,"12S;COI",TRUE,TRUE,TRUE,"LC","LC","Black Sea-bream, brème de mer","fish"
273566,"Chordata","Teleostei","Eupercaria incertae sedis","Labridae","Symphodus","Symphodus bailloni",3,2020,"16S",TRUE,TRUE,TRUE,"LC","LC",,"fish"
273567,"Chordata","Teleostei","Eupercaria incertae sedis","Labridae","Symphodus","Symphodus cinereus",1,2020,,TRUE,TRUE,FALSE,"LC","LC",,"fish"
273575,"Chordata","Teleostei","Eupercaria incertae sedis","Labridae","Symphodus","Symphodus tinca",3,2020,,TRUE,TRUE,FALSE,"LC","LC","East Atlantic peacock wrasse","fish"
127011,"Chordata","Teleostei","Eupercaria incertae sedis","Sciaenidae","Umbrina","Umbrina canariensis",2,,,TRUE,TRUE,FALSE,"LC","LC","Canary drum","fish"
158964,"Chordata","Teleostei","Gadiformes","Moridae","Gadella","Gadella imberbis",1,,,TRUE,FALSE,FALSE,"LC","LC","beardless codling","fish"
158961,"Chordata","Teleostei","Gadiformes","Macrouridae","Hymenocephalus","Hymenocephalus italicus",1,,,TRUE,FALSE,FALSE,"LC","LC","glasshead grenadier","fish"
272473,"Chordata","Teleostei","Gadiformes","Moridae","Laemonema","Laemonema laureysi",2,,,TRUE,FALSE,FALSE,"LC","LC",,"fish"
272457,"Chordata","Teleostei","Gadiformes","Merlucciidae","Merluccius","Merluccius polli",2,,,TRUE,FALSE,FALSE,"LC","LC","Benguela hake, merlu d'Afrique tropicale","fish"
126473,"Chordata","Teleostei","Gadiformes","Macrouridae","Nezumia","Nezumia aequalis",5,,,TRUE,FALSE,FALSE,"LC","LC","common Atlantic grenadier","fish"
126482,"Chordata","Teleostei","Gadiformes","Macrouridae","Trachyrincus","Trachyrincus scabrus",1,,,TRUE,FALSE,FALSE,"LC","LC","roughsnout grenadier","fish"
126513,"Chordata","Teleostei","Gobiesociformes","Gobiesocidae","Diplecogaster","Diplecogaster bimaculata",2,,,TRUE,TRUE,FALSE,"LC","LC","two-spotted clingfish, porte-écuelle","fish"
277418,"Chordata","Teleostei","Gobiiformes","Gobiidae","Awaous","Awaous commersoni",,,,FALSE,TRUE,FALSE,"VU","VU",,"fish"
277623,"Chordata","Teleostei","Gobiiformes","Gobiidae","Bathygobius","Bathygobius casamancus",,,"COI",FALSE,FALSE,TRUE,"LC","LC",,"fish"
126880,"Chordata","Teleostei","Gobiiformes","Gobiidae","Deltentosteus","Deltentosteus quadrimaculatus",1,,,TRUE,FALSE,FALSE,,,,"fish"
126890,"Chordata","Teleostei","Gobiiformes","Gobiidae","Gobius","Gobius gasteveni",1,,,TRUE,FALSE,FALSE,"LC","LC","Steven's goby","fish"
126892,"Chordata","Teleostei","Gobiiformes","Gobiidae","Gobius","Gobius niger",1,,"12S;16S;COI",TRUE,TRUE,TRUE,"LC","LC","black goby, gobie noir","fish"
126893,"Chordata","Teleostei","Gobiiformes","Gobiidae","Gobius","Gobius paganellus",,,"16S",FALSE,FALSE,TRUE,"LC","LC","rock goby, gobie paganel","fish"
273440,"Chordata","Teleostei","Gobiiformes","Gobiidae","Gobius","Gobius senegambiensis",1,,,TRUE,TRUE,FALSE,"LC","LC",,"fish"
159408,"Chordata","Teleostei","Gobiiformes","Microdesmidae","Microdesmus","Microdesmus longipinnis",,,"12S",FALSE,FALSE,TRUE,"LC","LC","pink wormfish","fish"
126927,"Chordata","Teleostei","Gobiiformes","Gobiidae","Pomatoschistus","Pomatoschistus microps",3,2002,"16S;COI",TRUE,TRUE,TRUE,"LC","LC","common goby, gobie buhotte","fish"
126928,"Chordata","Teleostei","Gobiiformes","Gobiidae","Pomatoschistus","Pomatoschistus minutus",2,2002,,TRUE,TRUE,FALSE,"LC","LC","sand goby, gobie buhotte","fish"
126930,"Chordata","Teleostei","Gobiiformes","Gobiidae","Pomatoschistus","Pomatoschistus pictus",1,,,TRUE,TRUE,FALSE,"LC","LC","painted goby, gobie peint","fish"
282320,"Chordata","Teleostei","Gobiiformes","Gobiidae","Porogobius","Porogobius schlegelii",,,"16S",FALSE,FALSE,TRUE,"LC","LC",,"fish"
126540,"Chordata","Teleostei","Lophiiformes","Chaunacidae","Chaunax","Chaunax suttkusi",1,,,TRUE,FALSE,FALSE,"LC","LC",,"fish"
126554,"Chordata","Teleostei","Lophiiformes","Lophiidae","Lophius","Lophius budegassa",1,,,TRUE,FALSE,FALSE,"DD","DD","black-bellied angler, baudroie rousse","fish"
1044127,"Chordata","Teleostei","Mugiliformes","Mugilidae","Chelon","Chelon auratus",3,2020,"12S;16S",TRUE,TRUE,TRUE,"LC","LC",,"fish"
1042829,"Chordata","Teleostei","Mugiliformes","Mugilidae","Chelon","Chelon dumerili",9,2020,"16S;COI",TRUE,TRUE,TRUE,"DD","DD",,"fish"
126977,"Chordata","Teleostei","Mugiliformes","Mugilidae","Chelon","Chelon labrosus",1,,,TRUE,TRUE,FALSE,"LC","LC","thick-lipped grey mullet, muge lippu","fish"
1042830,"Chordata","Teleostei","Mugiliformes","Mugilidae","Chelon","Chelon ramada",1,2020,,TRUE,TRUE,FALSE,"LC","LC",,"fish"
273647,"Chordata","Teleostei","Mugiliformes","Mugilidae","Mugil","Mugil bananensis",,,"12S;16S;COI",FALSE,FALSE,TRUE,"LC","LC",,"fish"
126982,"Chordata","Teleostei","Mugiliformes","Mugilidae","Mugil","Mugil capurrii",13,2020,"12S;16S;COI",TRUE,TRUE,TRUE,"LC","LC",,"fish"
126983,"Chordata","Teleostei","Mugiliformes","Mugilidae","Mugil","Mugil cephalus",4,2002,"12S",TRUE,TRUE,TRUE,"LC","LC","grey mullet, muge","fish"
159416,"Chordata","Teleostei","Mugiliformes","Mugilidae","Mugil","Mugil curema",,,"12S",FALSE,FALSE,TRUE,"LC","LC","silverside mullet","fish"
1042873,"Chordata","Teleostei","Mugiliformes","Mugilidae","Neochelon","Neochelon falcipinnis",3,2002,"12S;16S;COI",TRUE,TRUE,TRUE,"DD","DD",,"fish"
126987,"Chordata","Teleostei","Mulliformes","Mullidae","Pseudupeneus","Pseudupeneus prayensis",,,,FALSE,TRUE,FALSE,"VU","VU","West African goatfish, rouget du Sénégal","fish"
126661,"Chordata","Teleostei","Ophidiiformes","Carapidae","Carapus","Carapus acus",1,,,TRUE,FALSE,FALSE,"LC","LC",,"fish"
275895,"Chordata","Teleostei","Ophidiiformes","Ophidiidae","Dicrolene","Dicrolene introniger",21,,,TRUE,TRUE,FALSE,"LC","LC",,"fish"
126674,"Chordata","Teleostei","Ophidiiformes","Ophidiidae","Monomitopus","Monomitopus metriostoma",2,,,TRUE,TRUE,FALSE,"LC","LC",,"fish"
126675,"Chordata","Teleostei","Ophidiiformes","Ophidiidae","Ophidion","Ophidion barbatum",2,,,TRUE,FALSE,FALSE,"LC","LC",,"fish"
275641,"Chordata","Teleostei","Ophidiiformes","Ophidiidae","Porogadus","Porogadus nudus",3,,,TRUE,TRUE,FALSE,"DD","DD",,"fish"
127261,"Chordata","Teleostei","Perciformes","Triglidae","Chelidonichthys","Chelidonichthys lastoviza",1,,,TRUE,FALSE,FALSE,"LC","LC","streaked gurnard, grondin rouge rayé","fish"
127263,"Chordata","Teleostei","Perciformes","Triglidae","Chelidonichthys","Chelidonichthys obscurus",2,,,TRUE,FALSE,FALSE,"LC","LC","long-finned gurnard","fish"
127032,"Chordata","Teleostei","Perciformes","Serranidae","Epinephelus","Epinephelus aeneus",6,2020,"12S;16S",TRUE,TRUE,TRUE,"NT","NT","white grouper, mérou blanc","fish"
127033,"Chordata","Teleostei","Perciformes","Serranidae","Epinephelus","Epinephelus caninus",1,,,TRUE,TRUE,FALSE,,,"dogtooth grouper, mérou gris","fish"
218207,"Chordata","Teleostei","Perciformes","Serranidae","Epinephelus","Epinephelus fasciatus",1,,,TRUE,TRUE,FALSE,"LC","LC","blacktip grouper, mérou oriflamme","fish"
159353,"Chordata","Teleostei","Perciformes","Serranidae","Epinephelus","Epinephelus itajara",1,,,TRUE,TRUE,FALSE,"VU","VU","itajara","fish"
127036,"Chordata","Teleostei","Perciformes","Serranidae","Epinephelus","Epinephelus marginatus",2,2020,"12S;16S",TRUE,TRUE,TRUE,,,"dusky grouper, mérou noir","fish"
127251,"Chordata","Teleostei","Perciformes","Sebastidae","Helicolenus","Helicolenus dactylopterus",1,,,TRUE,FALSE,FALSE,"LC","LC","bleumouth rockfish, sébaste chèvre","fish"
274886,"Chordata","Teleostei","Perciformes","Triglidae","Lepidotrigla","Lepidotrigla cadmani",1,,,TRUE,FALSE,FALSE,"LC","LC",,"fish"
274888,"Chordata","Teleostei","Perciformes","Triglidae","Lepidotrigla","Lepidotrigla carolae",1,,,TRUE,FALSE,FALSE,"LC","LC",,"fish"
127265,"Chordata","Teleostei","Perciformes","Triglidae","Lepidotrigla","Lepidotrigla dieuzeidei",7,,,TRUE,FALSE,FALSE,"LC","LC",,"fish"
127039,"Chordata","Teleostei","Perciformes","Serranidae","Mycteroperca","Mycteroperca rubra",1,,"16S",TRUE,TRUE,TRUE,"LC","LC","comb grouper, badèche rouge","fish"
275963,"Chordata","Teleostei","Perciformes","Serranidae","Rypticus","Rypticus saponaceus",1,2020,,TRUE,TRUE,FALSE,"LC","LC","greater soapfish","fish"
274698,"Chordata","Teleostei","Perciformes","Scorpaenidae","Scorpaena","Scorpaena angolensis",2,,,TRUE,TRUE,FALSE,"LC","LC",,"fish"
127242,"Chordata","Teleostei","Perciformes","Scorpaenidae","Scorpaena","Scorpaena elongata",1,,,TRUE,FALSE,FALSE,"LC","LC",,"fish"
273887,"Chordata","Teleostei","Perciformes","Serranidae","Serranus","Serranus accraensis",3,1973,,TRUE,TRUE,FALSE,"LC","LC",,"fish"
127041,"Chordata","Teleostei","Perciformes","Serranidae","Serranus","Serranus cabrilla",,,,FALSE,TRUE,FALSE,"LC","LC","comber, serran chevrette","fish"
127043,"Chordata","Teleostei","Perciformes","Serranidae","Serranus","Serranus scriba",7,2020,"16S",TRUE,TRUE,TRUE,"LC","LC","painted comber, serran écriture","fish"
274043,"Chordata","Teleostei","Perciformes","Uranoscopidae","Uranoscopus","Uranoscopus polli",1,,,TRUE,FALSE,FALSE,"LC","LC",,"fish"
127128,"Chordata","Teleostei","Pleuronectiformes","Bothidae","Arnoglossus","Arnoglossus thori",2,,,TRUE,FALSE,FALSE,"DD","DD","Thor's scaldfish","fish"
274297,"Chordata","Teleostei","Pleuronectiformes","Soleidae","Bathysolea","Bathysolea polli",3,2002,,TRUE,TRUE,FALSE,"LC","LC",,"fish"
275695,"Chordata","Teleostei","Pleuronectiformes","Paralichthyidae","Citharichthys","Citharichthys stampflii",2,2020,,TRUE,TRUE,FALSE,"LC","LC",,"fish"
274214,"Chordata","Teleostei","Pleuronectiformes","Cynoglossidae","Cynoglossus","Cynoglossus monodi",,,,FALSE,TRUE,FALSE,"NT","NT",,"fish"
274226,"Chordata","Teleostei","Pleuronectiformes","Cynoglossidae","Cynoglossus","Cynoglossus senegalensis",5,2020,"12S",TRUE,TRUE,TRUE,"NT","NT","Senegalese tonguesole, sole-langue sénégalaise","fish"
403345,"Chordata","Teleostei","Pleuronectiformes","Soleidae","Dagetichthys","Dagetichthys lusitanicus",7,2020,,TRUE,TRUE,FALSE,,,,"fish"
127154,"Chordata","Teleostei","Pleuronectiformes","Soleidae","Dicologlossa","Dicologlossa cuneata",6,,,TRUE,TRUE,FALSE,"LC","LC","wedge sole, céteau","fish"
274298,"Chordata","Teleostei","Pleuronectiformes","Soleidae","Dicologlossa","Dicologlossa hexophthalma",3,1999,,TRUE,TRUE,FALSE,"LC","LC",,"fish"
274300,"Chordata","Teleostei","Pleuronectiformes","Soleidae","Microchirus","Microchirus boscanion",9,,,TRUE,FALSE,FALSE,"DD","DD",,"fish"
274302,"Chordata","Teleostei","Pleuronectiformes","Soleidae","Microchirus","Microchirus ocellatus",1,,,TRUE,FALSE,FALSE,"DD","DD","foureyed sole, sole perdrix ocellée","fish"
1525242,"Chordata","Teleostei","Pleuronectiformes","Soleidae","Monochirus","Monochirus atlanticus",1,,,TRUE,TRUE,FALSE,"DD","DD",,"fish"
127156,"Chordata","Teleostei","Pleuronectiformes","Soleidae","Pegusa","Pegusa lascaris",5,2020,,TRUE,TRUE,FALSE,"LC","LC","sand sole, sole-pole","fish"
274308,"Chordata","Teleostei","Pleuronectiformes","Soleidae","Pegusa","Pegusa triophthalma",4,2020,,TRUE,TRUE,FALSE,,,,"fish"
276823,"Chordata","Teleostei","Pleuronectiformes","Psettodidae","Psettodes","Psettodes belcheri",5,2020,,TRUE,TRUE,FALSE,"DD","DD",,"fish"
276824,"Chordata","Teleostei","Pleuronectiformes","Psettodidae","Psettodes","Psettodes bennettii",1,,"16S;COI",TRUE,TRUE,TRUE,"DD","DD",,"fish"
219788,"Chordata","Teleostei","Pleuronectiformes","Psettodidae","Psettodes","Psettodes erumei",,,"12S",FALSE,FALSE,TRUE,"DD","DD","Indian spiny turbot","fish"
127159,"Chordata","Teleostei","Pleuronectiformes","Soleidae","Solea","Solea senegalensis",17,2020,"12S;16S;COI",TRUE,TRUE,TRUE,"DD","DD","Senegal sole, Sole du Sénégal","fish"
127160,"Chordata","Teleostei","Pleuronectiformes","Soleidae","Solea","Solea solea",3,2002,,TRUE,TRUE,FALSE,"DD","DD","Dover sole, sole","fish"
1577361,"Chordata","Teleostei","Pleuronectiformes","Paralichthyidae","Syacium","Syacium guineense",,,,FALSE,TRUE,FALSE,,,,"fish"
158877,"Chordata","Teleostei","Pleuronectiformes","Paralichthyidae","Syacium","Syacium micrurum",3,,,TRUE,TRUE,FALSE,"LC","LC","channel flounder","fish"
127134,"Chordata","Teleostei","Pleuronectiformes","Cynoglossidae","Symphurus","Symphurus nigrescens",5,,,TRUE,FALSE,FALSE,"LC","LC",,"fish"
151482,"Chordata","Teleostei","Scombriformes","Pomatomidae","Pomatomus","Pomatomus saltatrix",1,,"16S",TRUE,TRUE,TRUE,"VU","VU","blue fish, tassergal","fish"
127025,"Chordata","Teleostei","Scombriformes","Scombridae","Scomberomorus","Scomberomorus tritor",1,,"16S",TRUE,TRUE,TRUE,"LC","LC",,"fish"
712438,"Chordata","Teleostei","Siluriformes","Ariidae","Carlarius","Carlarius heudelotii",5,,,TRUE,TRUE,FALSE,"LC","LC",,"fish"
1525989,"Chordata","Teleostei","Siluriformes","Ariidae","Carlarius","Carlarius latiscutatus",2,2002,"16S",TRUE,TRUE,TRUE,"LC","LC",,"fish"
1020768,"Chordata","Teleostei","Siluriformes","Ariidae","Carlarius","Carlarius parkii",1,,"16S",TRUE,TRUE,TRUE,"LC","LC",,"fish"
280676,"Chordata","Teleostei","Syngnathiformes","Syngnathidae","Enneacampus","Enneacampus kaupi",2,2002,,TRUE,TRUE,FALSE,"LC","LC",,"fish"
159440,"Chordata","Teleostei","Syngnathiformes","Fistulariidae","Fistularia","Fistularia tabacaria",6,2020,"16S",TRUE,TRUE,TRUE,"LC","LC","bluespotted cometfish","fish"
127380,"Chordata","Teleostei","Syngnathiformes","Syngnathidae","Hippocampus","Hippocampus hippocampus",13,2020,,TRUE,TRUE,FALSE,"DD","DD","short-snouted seahorse, hippocampe commum","fish"
212237,"Chordata","Teleostei","Syngnathiformes","Syngnathidae","Hippocampus","Hippocampus kuda",,,"16S",FALSE,FALSE,TRUE,"VU","VU","spotted seahorse","fish"
127378,"Chordata","Teleostei","Syngnathiformes","Centriscidae","Macroramphosus","Macroramphosus scolopax",1,,,TRUE,TRUE,FALSE,"LC","LC","longspine snipefish, bécasse de mer","fish"
127386,"Chordata","Teleostei","Syngnathiformes","Syngnathidae","Syngnathus","Syngnathus abaster",,,,FALSE,TRUE,FALSE,"LC","LC","black-striped pipefish","fish"
127387,"Chordata","Teleostei","Syngnathiformes","Syngnathidae","Syngnathus","Syngnathus acus",,,"16S",FALSE,FALSE,TRUE,"LC","LC","greater pipefish, syngnathe aiguille","fish"
367332,"Chordata","Teleostei","Syngnathiformes","Syngnathidae","Syngnathus","Syngnathus pelagicus",,,,FALSE,TRUE,FALSE,"LC","LC","Sargassum pipefish","fish"
127393,"Chordata","Teleostei","Syngnathiformes","Syngnathidae","Syngnathus","Syngnathus typhle",2,2002,"12S",TRUE,TRUE,TRUE,"LC","LC","deep-snouted pipefish, siphonostome","fish"
219964,"Chordata","Teleostei","Tetraodontiformes","Diodontidae","Chilomycterus","Chilomycterus reticulatus",,,,FALSE,TRUE,FALSE,"LC","LC","spotfin burrfish","fish"
293565,"Chordata","Teleostei","Tetraodontiformes","Diodontidae","Chilomycterus","Chilomycterus spinosus",,,,FALSE,TRUE,FALSE,"LC","LC",,"fish"
127413,"Chordata","Teleostei","Tetraodontiformes","Tetraodontidae","Ephippion","Ephippion guttifer",11,2020,"COI",TRUE,TRUE,TRUE,"LC","LC",,"fish"
158933,"Chordata","Teleostei","Tetraodontiformes","Tetraodontidae","Lagocephalus","Lagocephalus laevigatus",1,,,TRUE,TRUE,FALSE,"LC","LC","smooth puffer","fish"
127416,"Chordata","Teleostei","Tetraodontiformes","Tetraodontidae","Sphoeroides","Sphoeroides marmoratus",1,2019,,TRUE,TRUE,FALSE,"LC","LC",,"fish"
158935,"Chordata","Teleostei","Tetraodontiformes","Tetraodontidae","Sphoeroides","Sphoeroides spengleri",11,2020,"12S;16S;COI",TRUE,TRUE,TRUE,"LC","LC","bandtail puffer","fish"
307126,"Chordata","Teleostei","Tetraodontiformes","Monacanthidae","Stephanolepis","Stephanolepis hispida",12,2020,"16S",TRUE,TRUE,TRUE,,,,"fish"
159500,"Chordata","Teleostei","Tetraodontiformes","Monacanthidae","Stephanolepis","Stephanolepis setifer",,,"12S",FALSE,FALSE,TRUE,"LC","LC","pygmy filefish","fish"
100511,"Ascomycota","Dothideomycetes","Capnodiales","Cladosporiaceae","Cladosporium","Cladosporium herbarum",,,"COI",FALSE,FALSE,TRUE,,,,"fungi"
100808,"Cnidaria","Anthozoa","Actiniaria","Actiniidae","Anemonia","Anemonia viridis",,,,FALSE,TRUE,FALSE,,,"opelet anemone, anémone de mer verte","jellyfish"
135166,"Cnidaria","Anthozoa","Scleractinia","Caryophylliidae","Pourtalosmilia","Pourtalosmilia anthophyllites",1,,,TRUE,TRUE,FALSE,,,,"jellyfish"
117425,"Cnidaria","Hydrozoa","Anthoathecata","Cladonematidae","Cladonema","Cladonema radiatum",,,"COI",FALSE,FALSE,TRUE,,,"aquarium medusa","jellyfish"
117544,"Cnidaria","Hydrozoa","Anthoathecata","Eudendriidae","Eudendrium","Eudendrium capillare",,,"COI",FALSE,FALSE,TRUE,,,,"jellyfish"
117283,"Cnidaria","Hydrozoa","Leptothecata","Aglaopheniidae","Aglaophenia","Aglaophenia pluma",21,2019,"COI",TRUE,TRUE,TRUE,,,"podded hydroid","jellyfish"
117874,"Cnidaria","Hydrozoa","Leptothecata","Sertulariidae","Amphisbetia","Amphisbetia operculata",4,2020,,TRUE,TRUE,FALSE,,,"tamaris de mer","jellyfish"
117364,"Cnidaria","Hydrozoa","Leptothecata","Campanulariidae","Campanularia","Campanularia hincksii",,,"COI",FALSE,FALSE,TRUE,,,,"jellyfish"
117367,"Cnidaria","Hydrozoa","Leptothecata","Campanulariidae","Clytia","Clytia gracilis",,,"COI",FALSE,FALSE,TRUE,,,,"jellyfish"
117372,"Cnidaria","Hydrozoa","Leptothecata","Campanulariidae","Clytia","Clytia noliformis",,,"COI",FALSE,FALSE,TRUE,,,,"jellyfish"
117515,"Cnidaria","Hydrozoa","Leptothecata","Eirenidae","Eutima","Eutima gracilis",,,"COI",FALSE,FALSE,TRUE,,,,"jellyfish"
117379,"Cnidaria","Hydrozoa","Leptothecata","Campanulariidae","Laomedea","Laomedea angulata",,,"COI",FALSE,FALSE,TRUE,,,"sea grass sea fir","jellyfish"
117385,"Cnidaria","Hydrozoa","Leptothecata","Campanulariidae","Obelia","Obelia bidentata",,,"COI",FALSE,FALSE,TRUE,,,"doubletoothed hydroid","jellyfish"
117386,"Cnidaria","Hydrozoa","Leptothecata","Campanulariidae","Obelia","Obelia dichotoma",3,1964,"COI",TRUE,TRUE,TRUE,,,"sea thread hydroid","jellyfish"
285309,"Cnidaria","Hydrozoa","Leptothecata","Plumulariidae","Plumularia","Plumularia vervoorti",2,2016,,TRUE,TRUE,FALSE,,,,"jellyfish"
594569,"Cnidaria","Hydrozoa","Leptothecata","Plumulariidae","Plumularia","Plumularia vervoorti",,,,FALSE,TRUE,FALSE,,,,"jellyfish"
292504,"Cnidaria","Scyphozoa","Semaeostomeae","Pelagiidae","Chrysaora","Chrysaora africana",,,"COI",FALSE,FALSE,TRUE,,,,"jellyfish"
135304,"Cnidaria","Scyphozoa","Semaeostomeae","Pelagiidae","Chrysaora","Chrysaora hysoscella",,,,FALSE,TRUE,FALSE,,,"compass jellyfish, acalèphe rayonnée","jellyfish"
137081,"Chordata","Mammalia","Carnivora","Phocidae","Monachus","Monachus monachus",,,,FALSE,TRUE,FALSE,"EN","EN","monk seal, phoque moine","mammals"
137096,"Chordata","Mammalia","Cetartiodactyla","Delphinidae","Globicephala","Globicephala macrorhynchus",,,,FALSE,TRUE,FALSE,"LC","LC","short-finned pilot whale, globecéphale tropical","mammals"
254970,"Chordata","Mammalia","Cetartiodactyla","Delphinidae","Sousa","Sousa teuszii",,,,FALSE,TRUE,FALSE,"CR","CR","Atlantic humpback dolphin, dauphin à bosse de l'Atlantique","mammals"
137111,"Chordata","Mammalia","Cetartiodactyla","Delphinidae","Tursiops","Tursiops truncatus",,,"12S;16S",FALSE,TRUE,TRUE,"LC","LC","bottlenose dolphin, grand dauphin","mammals"
413618,"Mollusca","Bivalvia","Adapedonta","Pharidae","Phaxas","Phaxas tenellus",,,,FALSE,TRUE,FALSE,,,,"molluscs"
224525,"Mollusca","Bivalvia","Arcida","Noetiidae","Arcopsis","Arcopsis afra",,,,FALSE,TRUE,FALSE,,,,"molluscs"
751816,"Mollusca","Bivalvia","Arcida","Glycymerididae","Glycymeris","Glycymeris rafaelmesai",,,,FALSE,TRUE,FALSE,,,,"molluscs"
181279,"Mollusca","Bivalvia","Arcida","Glycymerididae","Glycymeris","Glycymeris scripta",,,,FALSE,TRUE,FALSE,,,,"molluscs"
225173,"Mollusca","Bivalvia","Arcida","Arcidae","Senilia","Senilia senilis",1,,"COI",TRUE,TRUE,TRUE,,,,"molluscs"
141433,"Mollusca","Bivalvia","Cardiida","Semelidae","Abra","Abra alba",,,"COI",FALSE,FALSE,TRUE,,,"white furrow shell, syndesmye blanche","molluscs"
139008,"Mollusca","Bivalvia","Cardiida","Cardiidae","Parvicardium","Parvicardium exiguum",,,"COI",FALSE,FALSE,TRUE,,,"little cockle","molluscs"
225506,"Mollusca","Bivalvia","Cardiida","Solecurtidae","Tagelus","Tagelus adansonii",,,,FALSE,TRUE,FALSE,,,,"molluscs"
1060582,"Mollusca","Bivalvia","Carditida","Carditidae","Akardita","Akardita monodi",2,1923,,TRUE,FALSE,FALSE,,,,"molluscs"
225375,"Mollusca","Bivalvia","Carditida","Crassatellidae","Crassatina","Crassatina contraria",1,,,TRUE,FALSE,FALSE,,,,"molluscs"
378492,"Mollusca","Bivalvia","Myida","Corbulidae","Varicorbula","Varicorbula gibba",,,"COI",FALSE,FALSE,TRUE,,,"European clam","molluscs"
140471,"Mollusca","Bivalvia","Mytilida","Mytilidae","Musculus","Musculus costulatus",,,,FALSE,TRUE,FALSE,,,,"molluscs"
867271,"Mollusca","Bivalvia","Nuculanida","Nuculanidae","Lembulus","Lembulus bicuspidatus",,,,FALSE,TRUE,FALSE,,,,"molluscs"
867277,"Mollusca","Bivalvia","Nuculanida","Nuculanidae","Lembulus","Lembulus gruveli",,,,FALSE,TRUE,FALSE,,,,"molluscs"
224325,"Mollusca","Bivalvia","Nuculida","Nuculidae","Nucula","Nucula crassicostata",,,,FALSE,TRUE,FALSE,,,,"molluscs"
489077,"Mollusca","Bivalvia","Ostreida","Ostreidae","Ostrea","Ostrea stentina",,,"COI",FALSE,FALSE,TRUE,,,,"molluscs"
236714,"Mollusca","Bivalvia","Pectinida","Pectinidae","Talochlamys","Talochlamys multistriata",,,,FALSE,TRUE,FALSE,,,"tinted scallop","molluscs"
141906,"Mollusca","Bivalvia","Venerida","Veneridae","Callista","Callista chione",,,"COI",FALSE,FALSE,TRUE,,,"brown callista, vernis","molluscs"
225556,"Mollusca","Bivalvia","Venerida","Veneridae","Callista","Callista floridella",2,,,TRUE,TRUE,FALSE,,,,"molluscs"
246150,"Mollusca","Bivalvia","Venerida","Veneridae","Polititapes","Polititapes aureus",,,"COI",FALSE,FALSE,TRUE,,,"golden carpet shell, palourde jaune","molluscs"
446832,"Mollusca","Bivalvia","Venerida","Veneridae","Venus","Venus crebrisulca",1,,,TRUE,FALSE,FALSE,,,,"molluscs"
141936,"Mollusca","Bivalvia","Venerida","Veneridae","Venus","Venus verrucosa",1,,,TRUE,FALSE,FALSE,,,"warty venus, praire","molluscs"
140271,"Mollusca","Cephalopoda","Myopsida","Loliginidae","Loligo","Loligo vulgaris",1,,,TRUE,TRUE,FALSE,"DD","DD","Kalmar common squid, encornet","molluscs"
141442,"Mollusca","Cephalopoda","Sepiida","Sepiidae","Sepia","Sepia bertheloti",,,,FALSE,TRUE,FALSE,"DD","DD","African cuttlefish, Seiche africaine","molluscs"
141444,"Mollusca","Cephalopoda","Sepiida","Sepiidae","Sepia","Sepia officinalis",10,2020,,TRUE,TRUE,FALSE,"LC","LC","cuttlefish, Chakod","molluscs"
138759,"Mollusca","Gastropoda","Aplysiida","Aplysiidae","Bursatella","Bursatella leachii",1,,,TRUE,TRUE,FALSE,,,"blue-spotted sea hare","molluscs"
1055234,"Mollusca","Gastropoda","Cephalaspidea","Aglajidae","Camachoaglaja","Camachoaglaja africana",,,"COI",FALSE,FALSE,TRUE,,,,"molluscs"
140076,"Mollusca","Gastropoda","Cephalaspidea","Haminoeidae","Haminoea","Haminoea orbignyana",,,"COI",FALSE,FALSE,TRUE,,,,"molluscs"
140077,"Mollusca","Gastropoda","Cephalaspidea","Haminoeidae","Haminoea","Haminoea orteai",,,"COI",FALSE,FALSE,TRUE,,,,"molluscs"
141417,"Mollusca","Gastropoda","Lepetellida","Anatomidae","Anatoma","Anatoma crispata",2,2011,,TRUE,TRUE,FALSE,,,"crispate scissurelle","molluscs"
476434,"Mollusca","Gastropoda","Littorinimorpha","Bursidae","Aspa","Aspa marginata",,,,FALSE,TRUE,FALSE,,,,"molluscs"
138965,"Mollusca","Gastropoda","Littorinimorpha","Calyptraeidae","Crepidula","Crepidula porcellana",2,1912,,TRUE,TRUE,FALSE,,,"slipper limpet","molluscs"
224692,"Mollusca","Gastropoda","Littorinimorpha","Tornidae","Cyclostremiscus","Cyclostremiscus calameli",2,1988,,TRUE,TRUE,FALSE,,,,"molluscs"
1449506,"Mollusca","Gastropoda","Littorinimorpha","Tornidae","Discopsis","Discopsis costulata",2,1992,,TRUE,TRUE,FALSE,,,,"molluscs"
225279,"Mollusca","Gastropoda","Littorinimorpha","Naticidae","Natica","Natica fulminea",,,,FALSE,TRUE,FALSE,,,,"molluscs"
151628,"Mollusca","Gastropoda","Littorinimorpha","Hydrobiidae","Peringia","Peringia ulvae",,,"COI",FALSE,FALSE,TRUE,,,"common mudflat snail","molluscs"
1510192,"Mollusca","Gastropoda","Littorinimorpha","Cypraeidae","Schilderina","Schilderina achatidea",1,,,TRUE,TRUE,FALSE,,,,"molluscs"
449148,"Mollusca","Gastropoda","Littorinimorpha","Littorinidae","Tectarius","Tectarius striatus",,,,FALSE,TRUE,FALSE,,,,"molluscs"
761277,"Mollusca","Gastropoda","Littorinimorpha","Teinostomatidae","Teinostoma","Teinostoma cansadoi",2,1908,,TRUE,FALSE,FALSE,,,,"molluscs"
224238,"Mollusca","Gastropoda","Littorinimorpha","Tornidae","Tornus","Tornus leloupi",4,2010,,TRUE,TRUE,FALSE,,,,"molluscs"
743865,"Mollusca","Gastropoda","Littorinimorpha","Xenophoridae","Xenophora","Xenophora senegalensis",,,,FALSE,TRUE,FALSE,,,,"molluscs"
888425,"Mollusca","Gastropoda","Neogastropoda","Pisaniidae","Aplus","Aplus assimilis",,,,FALSE,TRUE,FALSE,,,,"molluscs"
140390,"Mollusca","Gastropoda","Neogastropoda","Muricidae","Bolinus","Bolinus cornutus",1,,,TRUE,TRUE,FALSE,,,"horned murex","molluscs"
345762,"Mollusca","Gastropoda","Neogastropoda","Clavatulidae","Clavatula","Clavatula mystica",1,,,TRUE,TRUE,FALSE,,,,"molluscs"
430458,"Mollusca","Gastropoda","Neogastropoda","Conidae","Conus","Conus byssinus",,,,FALSE,TRUE,FALSE,,,,"molluscs"
215442,"Mollusca","Gastropoda","Neogastropoda","Conidae","Conus","Conus genuanus",1,,,TRUE,TRUE,FALSE,"LC","LC","garter cone","molluscs"
428250,"Mollusca","Gastropoda","Neogastropoda","Conidae","Conus","Conus proximus",,,,FALSE,TRUE,FALSE,"LC","LC",,"molluscs"
224308,"Mollusca","Gastropoda","Neogastropoda","Conidae","Conus","Conus pulcher",1,1863,,TRUE,TRUE,FALSE,"LC","LC","butterfly cone","molluscs"
511733,"Mollusca","Gastropoda","Neogastropoda","Columbellidae","Cotonopsis","Cotonopsis monfilsi",1,,,TRUE,TRUE,FALSE,,,,"molluscs"
224552,"Mollusca","Gastropoda","Neogastropoda","Volutidae","Cymbium","Cymbium cymbium",,,,FALSE,TRUE,FALSE,,,"false elephant's snout volute","molluscs"
384806,"Mollusca","Gastropoda","Neogastropoda","Volutidae","Cymbium","Cymbium pepo",,,,FALSE,TRUE,FALSE,,,"African neptune volute","molluscs"
141966,"Mollusca","Gastropoda","Neogastropoda","Volutidae","Cymbium","Cymbium tritonis",1,2005,,TRUE,TRUE,FALSE,,,,"molluscs"
576817,"Mollusca","Gastropoda","Neogastropoda","Muricidae","Drupella","Drupella margariticola",1,,,TRUE,TRUE,FALSE,,,"shouldered castor bean","molluscs"
141862,"Mollusca","Gastropoda","Neogastropoda","Fusiturridae","Fusiturris","Fusiturris undatiruga",1,1988,,TRUE,TRUE,FALSE,,,,"molluscs"
517265,"Mollusca","Gastropoda","Neogastropoda","Cystiscidae","Gibberula","Gibberula chudeaui",1,1863,,TRUE,FALSE,FALSE,,,,"molluscs"
473795,"Mollusca","Gastropoda","Neogastropoda","Marginellidae","Glabella","Glabella faba",,,,FALSE,TRUE,FALSE,,,,"molluscs"
596154,"Mollusca","Gastropoda","Neogastropoda","Muricidae","Hexaplex","Hexaplex duplex",1,,,TRUE,FALSE,FALSE,,,"duplex murex","molluscs"
1063876,"Mollusca","Gastropoda","Neogastropoda","Mitridae","Isara","Isara turtoni",,,,FALSE,TRUE,FALSE,,,,"molluscs"
434351,"Mollusca","Gastropoda","Neogastropoda","Mangeliidae","Mangelia","Mangelia pontyi",,,,FALSE,TRUE,FALSE,,,,"molluscs"
140322,"Mollusca","Gastropoda","Neogastropoda","Marginellidae","Marginella","Marginella glabella",1,,,TRUE,FALSE,FALSE,,,"shiny marginella","molluscs"
473861,"Mollusca","Gastropoda","Neogastropoda","Marginellidae","Marginella","Marginella irrorata",1,1897,,TRUE,FALSE,FALSE,,,,"molluscs"
140325,"Mollusca","Gastropoda","Neogastropoda","Marginellidae","Marginella","Marginella limbata",,,,FALSE,TRUE,FALSE,,,,"molluscs"
473890,"Mollusca","Gastropoda","Neogastropoda","Marginellidae","Marginella","Marginella sebastiani",1,,,TRUE,TRUE,FALSE,,,,"molluscs"
140411,"Mollusca","Gastropoda","Neogastropoda","Muricidae","Orania","Orania fusulus",,,,FALSE,TRUE,FALSE,,,,"molluscs"
434557,"Mollusca","Gastropoda","Neogastropoda","Clathurellidae","Paraclathurella","Paraclathurella densegranosa",,,,FALSE,TRUE,FALSE,,,,"molluscs"
448478,"Mollusca","Gastropoda","Neogastropoda","Fasciolariidae","Peristernia","Peristernia pulchella",1,,,TRUE,TRUE,FALSE,,,,"molluscs"
224735,"Mollusca","Gastropoda","Neogastropoda","Cystiscidae","Persicula","Persicula cingulata",,,,FALSE,TRUE,FALSE,,,"belted margin shell","molluscs"
473945,"Mollusca","Gastropoda","Neogastropoda","Marginellidae","Prunum","Prunum amygdalum",3,1912,,TRUE,TRUE,FALSE,,,,"molluscs"
225028,"Mollusca","Gastropoda","Neogastropoda","Melongenidae","Pugilina","Pugilina morio",,,,FALSE,TRUE,FALSE,,,"giant hairy melongena","molluscs"
434860,"Mollusca","Gastropoda","Neogastropoda","Raphitomidae","Raphitoma","Raphitoma christfriedi",1,1992,,TRUE,TRUE,FALSE,,,,"molluscs"
876858,"Mollusca","Gastropoda","Neogastropoda","Nassariidae","Tritia","Tritia conspersa",,,,FALSE,TRUE,FALSE,,,,"molluscs"
876827,"Mollusca","Gastropoda","Neogastropoda","Nassariidae","Tritia","Tritia cuvierii",6,2009,,TRUE,TRUE,FALSE,,,,"molluscs"
876841,"Mollusca","Gastropoda","Neogastropoda","Nassariidae","Tritia","Tritia miga",2,1912,,TRUE,FALSE,FALSE,,,,"molluscs"
876859,"Mollusca","Gastropoda","Neogastropoda","Nassariidae","Tritia","Tritia pfeifferi",3,1912,,TRUE,TRUE,FALSE,,,,"molluscs"
474031,"Mollusca","Gastropoda","Neogastropoda","Marginellidae","Volvarina","Volvarina exilis",1,1863,,TRUE,FALSE,FALSE,,,,"molluscs"
146862,"Mollusca","Gastropoda","Nudibranchia","Facelinidae","Cratena","Cratena peregrina",,,"COI",FALSE,FALSE,TRUE,,,,"molluscs"
139516,"Mollusca","Gastropoda","Nudibranchia","Dendrodorididae","Dendrodoris","Dendrodoris grandiflora",1,,,TRUE,TRUE,FALSE,,,"doris grande fleur","molluscs"
139517,"Mollusca","Gastropoda","Nudibranchia","Dendrodorididae","Dendrodoris","Dendrodoris herytra",1,,,TRUE,TRUE,FALSE,,,,"molluscs"
140831,"Mollusca","Gastropoda","Nudibranchia","Polyceridae","Polycera","Polycera aurantiomarginata",,,"COI",FALSE,FALSE,TRUE,,,,"molluscs"
141815,"Mollusca","Gastropoda","Trochida","Trochidae","Jujubinus","Jujubinus striatus",,,"COI",FALSE,FALSE,TRUE,,,"grooved top-shell","molluscs"
689178,"Mollusca","Gastropoda","Trochida","Trochidae","Phorcus","Phorcus sauciatus",1,,,TRUE,TRUE,FALSE,,,,"molluscs"
1039850,"Mollusca","Gastropoda","Trochida","Trochidae","Steromphala","Steromphala umbilicalis",1,,,TRUE,TRUE,FALSE,,,,"molluscs"
1039840,"Mollusca","Gastropoda","Trochida","Trochidae","Steromphala","Steromphala umbilicaris",,,"16S;COI",FALSE,FALSE,TRUE,,,,"molluscs"
139054,"Mollusca","Gastropoda","[unassigned] Caenogastropoda","Cerithiidae","Bittium","Bittium reticulatum",,,"COI",FALSE,FALSE,TRUE,,,"needle whelk","molluscs"
120664,"Amoebozoa","Discosea","Dactylopodida","Vexilliferidae","Neoparamoeba","Neoparamoeba aestuarina",,,"COI",FALSE,FALSE,TRUE,,,,"single-cell"
376147,"Cercozoa","Chlorarachnea","Chlorachniida","Chlorarachniaceae","Chlorarachnion","Chlorarachnion reptans",,,"COI",FALSE,FALSE,TRUE,,,,"single-cell"
110152,"Myzozoa","Dinophyceae","Peridiniales","Heterocapsaceae","Heterocapsa","Heterocapsa rotundata",,,"COI",FALSE,FALSE,TRUE,,,,"single-cell"
840029,"Myzozoa","Dinophyceae","Suessiales","Biecheleriaceae","Biecheleria","Biecheleria cincta",,,"COI",FALSE,FALSE,TRUE,,,,"single-cell"
164868,"Porifera","Demospongiae","Dendroceratida","Darwinellidae","Chelonaplysilla","Chelonaplysilla delicata",,,"COI",FALSE,FALSE,TRUE,,,,"sponges"
167563,"Porifera","Demospongiae","Poecilosclerida","Microcionidae","Clathria","Clathria (Clathria) prolifera",,,"COI",FALSE,FALSE,TRUE,,,,"sponges"
536611,"Porifera","Demospongiae","Scopalinida","Scopalinidae","Scopalina","Scopalina canariensis",,,"COI",FALSE,FALSE,TRUE,,,,"sponges"
165801,"Porifera","Demospongiae","Suberitida","Halichondriidae","Halichondria","Halichondria (Halichondria) bowerbanki",,,"COI",FALSE,FALSE,TRUE,,,"Bowerbank's halichondria","sponges"
1041930,"Porifera","Demospongiae","Suberitida","Suberitidae","Terpios","Terpios gelatinosus",,,"COI",FALSE,FALSE,TRUE,,,,"sponges"
123803,"Echinodermata","Asteroidea","Forcipulatida","Asteriidae","Marthasterias","Marthasterias glacialis",1,1936,,TRUE,FALSE,FALSE,,,"spiny starfish, astérie","starfish"
178644,"Echinodermata","Asteroidea","Paxillosida","Astropectinidae","Astropecten","Astropecten africanus",,,"12S;16S",FALSE,FALSE,TRUE,,,,"starfish"
123867,"Echinodermata","Asteroidea","Paxillosida","Astropectinidae","Astropecten","Astropecten irregularis",,,,FALSE,TRUE,FALSE,,,"sand star, étoile-peigne","starfish"
345409,"Echinodermata","Asteroidea","Paxillosida","Astropectinidae","Astropecten","Astropecten michaelseni",1,1936,,TRUE,FALSE,FALSE,,,,"starfish"
125064,"Echinodermata","Ophiuroidea","Amphilepidida","Amphiuridae","Amphipholis","Amphipholis squamata",,,"16S",FALSE,FALSE,TRUE,,,"dwarf brittle star","starfish"
137205,"Chordata",,"Testudines","Cheloniidae","Caretta","Caretta caretta",16,2010,,TRUE,TRUE,FALSE,"VU","VU","logerhead sea turtle, tortue Caouanne","turtles"
137206,"Chordata",,"Testudines","Cheloniidae","Chelonia","Chelonia mydas",3,,"COI",TRUE,TRUE,TRUE,"EN","EN","green turtle, tortue verte","turtles"
370654,"Annelida","Clitellata","Rhynchobdellida","Ozobranchidae","Ozobranchus","Ozobranchus branchiatus",,,"COI",FALSE,FALSE,TRUE,,,,"worms"
130460,"Annelida","Polychaeta","Eunicida","Onuphidae","Diopatra","Diopatra neapolitana",,,"COI",FALSE,FALSE,TRUE,,,,"worms"
130075,"Annelida","Polychaeta","Eunicida","Eunicidae","Marphysa","Marphysa sanguinea",,,"COI",FALSE,FALSE,TRUE,,,"red rock worm","worms"
130417,"Annelida","Polychaeta","Phyllodocida","Nereididae","Platynereis","Platynereis dumerilii",,,"COI",FALSE,FALSE,TRUE,,,"comb-toothed nereid","worms"
766393,"Annelida","Polychaeta","Phyllodocida","Syllidae","Syllis","Syllis mauretanica",1,1988,,TRUE,TRUE,FALSE,,,,"worms"
131002,"Annelida","Polychaeta","Sabellida","Serpulidae","Hydroides","Hydroides elegans",,,"COI",FALSE,TRUE,TRUE,,,,"worms"
131048,"Annelida","Polychaeta","Sabellida","Serpulidae","Serpula","Serpula concharum",,,,FALSE,TRUE,FALSE,,,,"worms"
131542,"Annelida","Polychaeta","Terebellida","Terebellidae","Terebella","Terebella lapidaria",,,"COI",FALSE,FALSE,TRUE,,,,"worms"
129876,"Annelida","Polychaeta",,"Capitellidae","Capitella","Capitella capitata",,,"COI",FALSE,FALSE,TRUE,,,"gallery worm","worms"
130861,"Annelida","Polychaeta",,"Sabellariidae","Lygdamis","Lygdamis muratus",,,"COI",FALSE,FALSE,TRUE,,,,"worms"
106272,"Arthropoda","Branchiopoda","Ctenopoda","Sididae","Penilia","Penilia avirostris",,,"COI",FALSE,FALSE,TRUE,,,,
865848,"Arthropoda","Hexapoda","Odonata","Libellulidae","Pantala","Pantala flavescens",,,,FALSE,TRUE,FALSE,"LC","LC","wandering glider",
451279,"Arthropoda","Ostracoda","Myodocopida","Rutidermatidae","Alternochelata","Alternochelata nealei",264,2021,,TRUE,TRUE,FALSE,,,,
421137,"Arthropoda","Thecostraca","Balanomorpha","Balanidae","Amphibalanus","Amphibalanus amphitrite",,,"COI",FALSE,FALSE,TRUE,,,,
106223,"Arthropoda","Thecostraca","Balanomorpha","Balanidae","Balanus","Balanus trigonus",,,"COI",FALSE,FALSE,TRUE,,,,
252289,"Chordata","Ascidiacea","Stolidobranchia","Styelidae","Botrylloides","Botrylloides niger",,,"COI",FALSE,TRUE,TRUE,,,"Black synascidia , Synascidie noire",
111806,"Entoprocta",,,"Pedicellinidae","Pedicellina","Pedicellina cernua",,,"COI",FALSE,FALSE,TRUE,,,,
145793,"Tracheophyta","Magnoliopsida","Alismatales","Cymodoceaceae","Cymodocea","Cymodocea nodosa",2,,,TRUE,TRUE,FALSE,"LC","LC",,
208925,"Tracheophyta","Magnoliopsida","Alismatales","Cymodoceaceae","Halodule","Halodule wrightii",5,,,TRUE,TRUE,FALSE,"LC","LC",,
495082,"Tracheophyta","Magnoliopsida","Alismatales","Zosteraceae","Zostera","Zostera noltei",4,,,TRUE,FALSE,FALSE,,,,
1546829,"Tracheophyta","Magnoliopsida","Brassicales","Salvadoraceae","Salvadora","Salvadora persica",,,,FALSE,TRUE,FALSE,"LC","LC",,
211508,"Tracheophyta","Magnoliopsida","Caryophyllales","Aizoaceae","Sesuvium","Sesuvium portulacastrum",,,,FALSE,TRUE,FALSE,"LC","LC","sea purslane",
425938,"Tracheophyta","Magnoliopsida","Caryophyllales","Amaranthaceae","Suaeda","Suaeda maritima",,,,FALSE,TRUE,FALSE,,,"sea blite",
235037,"Tracheophyta","Magnoliopsida","Lamiales","Acanthaceae","Avicennia","Avicennia germinans",2,2020,,TRUE,TRUE,FALSE,"LC","LC","black mangrove",
381112,"Tracheophyta","Magnoliopsida","Poales","Poaceae","Aeluropus","Aeluropus lagopoides",,,,FALSE,TRUE,FALSE,,,,
