"AphiaID","phylum","class","order","family","genus","species","remove","records","reads","asvs","max_year","target_gene","source_obis","source_gbif","source_dna","category","redlist_category","vernacular","group"
145078,"Chlorophyta","Ulvophyceae","Bryopsidales","Codiaceae","Codium","Codium adhaerens",FALSE,,,,,,FALSE,TRUE,FALSE,,,,"algae"
145086,"Chlorophyta","Ulvophyceae","Bryopsidales","Codiaceae","Codium","Codium fragile",FALSE,,,,,,FALSE,TRUE,FALSE,,,,"algae"
145033,"Chlorophyta","Ulvophyceae","Cladophorales","Cladophoraceae","Cladophora","Cladophora albida",FALSE,,,,,,FALSE,TRUE,FALSE,,,,"algae"
211757,"Chlorophyta","Ulvophyceae","Cladophorales","Cladophoraceae","Cladophora","Cladophora flagelliformis",FALSE,,,,,,FALSE,TRUE,FALSE,,,,"algae"
145064,"Chlorophyta","Ulvophyceae","Cladophorales","Cladophoraceae","Cladophora","Cladophora rupestris",FALSE,,,,,,FALSE,TRUE,FALSE,,,,"algae"
145065,"Chlorophyta","Ulvophyceae","Cladophorales","Cladophoraceae","Cladophora","Cladophora sericea",FALSE,,,,,,FALSE,TRUE,FALSE,,,,"algae"
1311360,"Chlorophyta","Ulvophyceae","Cladophorales","Cladophoraceae","Lychaete","Lychaete pellucida",FALSE,,,,,,FALSE,TRUE,FALSE,,,,"algae"
145950,"Chlorophyta","Ulvophyceae","Ulvales","Kornmanniaceae","Blidingia","Blidingia minima",FALSE,,,,,,FALSE,TRUE,FALSE,,,,"algae"
376341,"Chlorophyta","Ulvophyceae","Ulvales","Ulvaceae","Ulva","Ulva hookeriana",FALSE,,,,,,FALSE,TRUE,FALSE,,,,"algae"
145984,"Chlorophyta","Ulvophyceae","Ulvales","Ulvaceae","Ulva","Ulva lactuca",FALSE,,,,,,FALSE,TRUE,FALSE,,,,"algae"
145990,"Chlorophyta","Ulvophyceae","Ulvales","Ulvaceae","Ulva","Ulva rigida",FALSE,,,,,,FALSE,TRUE,FALSE,,,,"algae"
732259,"Chlorophyta","Ulvophyceae","Ulvales","Ulvellaceae","Ulvella","Ulvella viridis",FALSE,,,,,,FALSE,TRUE,FALSE,,,,"algae"
145410,"Ochrophyta","Phaeophyceae","Ectocarpales","Ectocarpaceae","Ectocarpus","Ectocarpus siliculosus",FALSE,,,,,,FALSE,TRUE,FALSE,,,,"algae"
156093,"Ochrophyta","Phaeophyceae","Ectocarpales","Acinetosporaceae","Feldmannia","Feldmannia globifera",FALSE,,,,,,FALSE,TRUE,FALSE,,,,"algae"
699648,"Ochrophyta","Phaeophyceae","Ectocarpales","Acinetosporaceae","Feldmannia","Feldmannia mitchelliae",FALSE,,,,,,FALSE,TRUE,FALSE,,,,"algae"
145421,"Ochrophyta","Phaeophyceae","Ectocarpales","Acinetosporaceae","Feldmannia","Feldmannia simplex",FALSE,,,,,,FALSE,TRUE,FALSE,,,,"algae"
145433,"Ochrophyta","Phaeophyceae","Ectocarpales","Acinetosporaceae","Hincksia","Hincksia granulosa",FALSE,,,,,,FALSE,TRUE,FALSE,,,,"algae"
145863,"Ochrophyta","Phaeophyceae","Ectocarpales","Scytosiphonaceae","Petalonia","Petalonia fascia",FALSE,,,,,,FALSE,TRUE,FALSE,,,,"algae"
145869,"Ochrophyta","Phaeophyceae","Ectocarpales","Scytosiphonaceae","Scytosiphon","Scytosiphon lomentaria",FALSE,,,,,,FALSE,TRUE,FALSE,,,,"algae"
373370,"Ochrophyta","Phaeophyceae","Fucales","Durvillaeaceae","Durvillaea","Durvillaea antarctica",FALSE,,,,,,FALSE,TRUE,FALSE,,,,"algae"
221158,"Ochrophyta","Phaeophyceae","Scytothamnales","Splachnidiaceae","Splachnidium","Splachnidium rugosum",FALSE,,,,,,FALSE,TRUE,FALSE,,,,"algae"
498350,"Ochrophyta","Phaeophyceae","Sphacelariales","Stypocaulaceae","Halopteris","Halopteris funicularis",FALSE,,,,,,FALSE,TRUE,FALSE,,,,"algae"
145902,"Ochrophyta","Phaeophyceae","Sphacelariales","Sphacelariaceae","Sphacelaria","Sphacelaria rigidula",FALSE,,,,,,FALSE,TRUE,FALSE,,,,"algae"
157261,"Rhodophyta","Bangiophyceae","Bangiales","Bangiaceae","Bangia","Bangia fuscopurpurea",FALSE,,,,,,FALSE,TRUE,FALSE,,,,"algae"
144387,"Rhodophyta","Florideophyceae","Acrochaetiales","Acrochaetiaceae","Acrochaetium","Acrochaetium secundatum",FALSE,,,,,,FALSE,TRUE,FALSE,,,,"algae"
144404,"Rhodophyta","Florideophyceae","Acrochaetiales","Rhodochortonaceae","Rhodochorton","Rhodochorton purpureum",FALSE,,,,,,FALSE,TRUE,FALSE,,,,"algae"
371757,"Rhodophyta","Florideophyceae","Ceramiales","Rhodomelaceae","Bostrychia","Bostrychia intricata",FALSE,,,,,,FALSE,TRUE,FALSE,,,,"algae"
371336,"Rhodophyta","Florideophyceae","Ceramiales","Ceramiaceae","Callithamniella","Callithamniella flexilis",FALSE,,,,,,FALSE,TRUE,FALSE,,,,"algae"
144531,"Rhodophyta","Florideophyceae","Ceramiales","Ceramiaceae","Centroceras","Centroceras clavulatum",FALSE,,,,,,FALSE,TRUE,FALSE,,,,"algae"
144562,"Rhodophyta","Florideophyceae","Ceramiales","Ceramiaceae","Ceramium","Ceramium secundatum",FALSE,,,,,,FALSE,TRUE,FALSE,,,,"algae"
144809,"Rhodophyta","Florideophyceae","Ceramiales","Rhodomelaceae","Dipterosiphonia","Dipterosiphonia dendritica",FALSE,,,,,,FALSE,TRUE,FALSE,,,,"algae"
838029,"Rhodophyta","Florideophyceae","Ceramiales","Delesseriaceae","Paraglossum","Paraglossum larsenii",FALSE,,,,,,FALSE,TRUE,FALSE,,,,"algae"
373901,"Rhodophyta","Florideophyceae","Ceramiales","Delesseriaceae","Pseudophycodrys","Pseudophycodrys pulcherrima",FALSE,,,,,,FALSE,TRUE,FALSE,,,,"algae"
1313048,"Rhodophyta","Florideophyceae","Ceramiales","Rhodomelaceae","Wilsonosiphonia","Wilsonosiphonia howei",FALSE,,,,,,FALSE,TRUE,FALSE,,,,"algae"
145108,"Rhodophyta","Florideophyceae","Corallinales","Corallinaceae","Corallina","Corallina officinalis",FALSE,,,,,,FALSE,TRUE,FALSE,,,,"algae"
838900,"Rhodophyta","Florideophyceae","Corallinales","Hapalidiaceae","Synarthrophyton","Synarthrophyton neglectum",FALSE,,,,,,FALSE,TRUE,FALSE,,,,"algae"
162919,"Rhodophyta","Florideophyceae","Gigartinales","Kallymeniaceae","Callophyllis","Callophyllis variegata",FALSE,,,,,,FALSE,TRUE,FALSE,,,,"algae"
374382,"Rhodophyta","Florideophyceae","Gigartinales","Gigartinaceae","Iridaea","Iridaea undulosa",FALSE,,,,,,FALSE,TRUE,FALSE,,,,"algae"
1313630,"Rhodophyta","Florideophyceae","Gigartinales","Kallymeniaceae","Leniea","Leniea kylinii",FALSE,,,,,,FALSE,TRUE,FALSE,,,,"algae"
371711,"Rhodophyta","Florideophyceae","Gigartinales","Gigartinaceae","Mazzaella","Mazzaella laminarioides",FALSE,,,,,,FALSE,TRUE,FALSE,,,,"algae"
221157,"Rhodophyta","Florideophyceae","Gigartinales","Gigartinaceae","Sarcothalia","Sarcothalia stiriata",FALSE,,,,,,FALSE,TRUE,FALSE,,,,"algae"
145673,"Rhodophyta","Florideophyceae","Nemastomatales","Schizymeniaceae","Schizymenia","Schizymenia dubyi",FALSE,,,,,,FALSE,TRUE,FALSE,,,,"algae"
145771,"Rhodophyta","Florideophyceae","Palmariales","Palmariaceae","Palmaria","Palmaria palmata",FALSE,,,,,,FALSE,TRUE,FALSE,,,,"algae"
212629,"Chordata","Aves","Charadriiformes","Laridae","Anous","Anous stolidus",FALSE,1,,,1982,,TRUE,TRUE,FALSE,"LC","LC","common noddy, Noddi brun","birds"
567471,"Chordata","Aves","Charadriiformes","Stercorariidae","Stercorarius","Stercorarius antarcticus",FALSE,10,,,1992,,TRUE,TRUE,FALSE,,,"brown skua, labbe antarctique","birds"
137165,"Chordata","Aves","Charadriiformes","Laridae","Sterna","Sterna paradisaea",FALSE,,,,,,FALSE,TRUE,FALSE,"LC","LC","Arctic tern, sterne à longue queue","birds"
225766,"Chordata","Aves","Charadriiformes","Laridae","Sterna","Sterna vittata",FALSE,1,,,1992,,TRUE,TRUE,FALSE,"LC","LC","Antarctic tern, Sterne couronnée","birds"
344020,"Chordata","Aves","Procellariiformes","Procellariidae","Aphrodroma","Aphrodroma brevirostris",FALSE,,,,,,FALSE,TRUE,FALSE,"LC","LC","Kerguelen petrel, pétrel de Kerguelen","birds"
137194,"Chordata","Aves","Procellariiformes","Procellariidae","Calonectris","Calonectris diomedea",FALSE,,,,,,FALSE,TRUE,FALSE,"LC","LC","Cory's shearwater, puffin cendré","birds"
212640,"Chordata","Aves","Procellariiformes","Procellariidae","Daption","Daption capense",FALSE,,,,,,FALSE,TRUE,FALSE,"LC","LC","Cape petrel, damier du Cap","birds"
379381,"Chordata","Aves","Procellariiformes","Diomedeidae","Diomedea","Diomedea dabbenena",FALSE,,,,,,FALSE,TRUE,FALSE,"CR","CR","Tristan albatross, albatros de Tristan da Cunha","birds"
344000,"Chordata","Aves","Procellariiformes","Diomedeidae","Diomedea","Diomedea epomophora",FALSE,,,,,,FALSE,TRUE,FALSE,"VU","VU","southern royal albatross, albatros royal","birds"
212583,"Chordata","Aves","Procellariiformes","Diomedeidae","Diomedea","Diomedea exulans",FALSE,1474,,,1998,,TRUE,TRUE,FALSE,"VU","VU","wandering albatross, albatros hurleur","birds"
212695,"Chordata","Aves","Procellariiformes","Hydrobatidae","Fregetta","Fregetta grallaria",FALSE,2,,,1990,,TRUE,TRUE,FALSE,"LC","LC","white-bellied storm petrel, océanite à ventre blanc","birds"
212696,"Chordata","Aves","Procellariiformes","Hydrobatidae","Fregetta","Fregetta tropica",FALSE,,,,,,FALSE,TRUE,FALSE,"LC","LC","black-bellied storm-petrel, océanite à ventre noir","birds"
212638,"Chordata","Aves","Procellariiformes","Procellariidae","Fulmarus","Fulmarus glacialoides",FALSE,,,,,,FALSE,TRUE,FALSE,"LC","LC","southern fulmar, fulmar argenté","birds"
293022,"Chordata","Aves","Procellariiformes","Hydrobatidae","Garrodia","Garrodia nereis",FALSE,1,,,1993,,TRUE,TRUE,FALSE,"LC","LC","grey-backed storm petrel, Océanite néréide","birds"
212636,"Chordata","Aves","Procellariiformes","Procellariidae","Macronectes","Macronectes giganteus",FALSE,75,,,2003,,TRUE,TRUE,FALSE,"LC","LC","southern giant petrel, pétrel géant","birds"
212637,"Chordata","Aves","Procellariiformes","Procellariidae","Macronectes","Macronectes halli",FALSE,,,,,,FALSE,TRUE,FALSE,"LC","LC","northern giant petrel, pétrel de Hall","birds"
137190,"Chordata","Aves","Procellariiformes","Hydrobatidae","Oceanites","Oceanites oceanicus",FALSE,,,,,,FALSE,TRUE,FALSE,"LC","LC","Wilson's storm petrel, océanite de Wilson","birds"
212649,"Chordata","Aves","Procellariiformes","Procellariidae","Pachyptila","Pachyptila desolata",FALSE,,,,,,FALSE,TRUE,FALSE,"LC","LC","Antarctic prion","birds"
225961,"Chordata","Aves","Procellariiformes","Procellariidae","Pachyptila","Pachyptila salvini",FALSE,,,,,,FALSE,TRUE,FALSE,"LC","LC","Salvin's prion, prion de salvin","birds"
212647,"Chordata","Aves","Procellariiformes","Procellariidae","Pachyptila","Pachyptila vittata",FALSE,33,,,1993,,TRUE,TRUE,FALSE,"LC","LC","broad-billed prion, prion de Forster","birds"
212700,"Chordata","Aves","Procellariiformes","Hydrobatidae","Pelagodroma","Pelagodroma marina",FALSE,1,,,1992,,TRUE,TRUE,FALSE,"LC","LC","white-faced storm petrel, océanite frégate","birds"
344007,"Chordata","Aves","Procellariiformes","Pelecanoididae","Pelecanoides","Pelecanoides urinatrix",FALSE,1,,,1993,,TRUE,TRUE,FALSE,"LC","LC","comma diving-petrel, puffinure plongeur","birds"
212632,"Chordata","Aves","Procellariiformes","Diomedeidae","Phoebetria","Phoebetria fusca",FALSE,23,,,1992,,TRUE,TRUE,FALSE,"EN","EN","sooty albatross, albatros brun","birds"
212631,"Chordata","Aves","Procellariiformes","Diomedeidae","Phoebetria","Phoebetria palpebrata",FALSE,,,,,,FALSE,TRUE,FALSE,"NT","NT","light-mantled sooty albatross, albatros fuligineux","birds"
212651,"Chordata","Aves","Procellariiformes","Procellariidae","Procellaria","Procellaria aequinoctialis",FALSE,1,,,1992,,TRUE,TRUE,FALSE,"VU","VU","white-chinned petrel, puffin à menton blanc","birds"
212652,"Chordata","Aves","Procellariiformes","Procellariidae","Procellaria","Procellaria cinerea",FALSE,,,,,,FALSE,TRUE,FALSE,"NT","NT","grey petrel, puffin gris","birds"
405096,"Chordata","Aves","Procellariiformes","Procellariidae","Procellaria","Procellaria conspicillata",FALSE,,,,,,FALSE,TRUE,FALSE,"VU","VU","spectacled petrel, pétrel à lunettes","birds"
212641,"Chordata","Aves","Procellariiformes","Procellariidae","Pterodroma","Pterodroma incerta",FALSE,,,,,,FALSE,TRUE,FALSE,"EN","EN","Schlegel's petrel, pétrel de Schlegel","birds"
212642,"Chordata","Aves","Procellariiformes","Procellariidae","Pterodroma","Pterodroma lessonii",FALSE,,,,,,FALSE,TRUE,FALSE,"LC","LC","white-headed petrel, Pétrel de Lesson","birds"
212644,"Chordata","Aves","Procellariiformes","Procellariidae","Pterodroma","Pterodroma macroptera",FALSE,,,,,,FALSE,TRUE,FALSE,"LC","LC","great-winged petrel, pétrel noir","birds"
137199,"Chordata","Aves","Procellariiformes","Procellariidae","Pterodroma","Pterodroma mollis",FALSE,5,,,1982,,TRUE,TRUE,FALSE,"LC","LC","soft-plumaged petrel, Pétrel soyeux","birds"
137200,"Chordata","Aves","Procellariiformes","Procellariidae","Puffinus","Puffinus assimilis",FALSE,,,,,,FALSE,TRUE,FALSE,"LC","LC","dusky shearwater, puffin semblable","birds"
137201,"Chordata","Aves","Procellariiformes","Procellariidae","Puffinus","Puffinus gravis",FALSE,25,,,2020,,TRUE,TRUE,FALSE,,,"great shearwater, puffin majeur","birds"
137202,"Chordata","Aves","Procellariiformes","Procellariidae","Puffinus","Puffinus griseus",FALSE,,,,,,FALSE,TRUE,FALSE,,,"sooty shearwater, puffin fuligineux","birds"
225758,"Chordata","Aves","Procellariiformes","Diomedeidae","Thalassarche","Thalassarche carteri",FALSE,1,,,1992,,TRUE,TRUE,FALSE,"EN","EN","Indian yellow-nosed albatross, Albatros de l'océan indien","birds"
225902,"Chordata","Aves","Procellariiformes","Diomedeidae","Thalassarche","Thalassarche cauta",FALSE,,,,,,FALSE,TRUE,FALSE,"NT","NT","shy albatross, Albatros timide","birds"
159069,"Chordata","Aves","Procellariiformes","Diomedeidae","Thalassarche","Thalassarche chlororhynchos",FALSE,384,,,1999,,TRUE,TRUE,FALSE,"EN","EN","yellow-nosed albatross, albatros à nez jaune","birds"
225760,"Chordata","Aves","Procellariiformes","Diomedeidae","Thalassarche","Thalassarche chrysostoma",FALSE,,,,,,FALSE,TRUE,FALSE,"EN","EN","grey-headed albatross, albatros à tête grise","birds"
343995,"Chordata","Aves","Procellariiformes","Diomedeidae","Thalassarche","Thalassarche melanophris",FALSE,1,,,1938,,TRUE,TRUE,FALSE,"LC","LC","black-browed albatross","birds"
212657,"Chordata","Aves","Sphenisciformes","Spheniscidae","Eudyptes","Eudyptes chrysocome",FALSE,8,,,1988,,TRUE,TRUE,FALSE,"VU","VU","western rockhopper penguin, gorfou sauteur","birds"
212658,"Chordata","Aves","Sphenisciformes","Spheniscidae","Eudyptes","Eudyptes chrysolophus",FALSE,,,,,,FALSE,TRUE,FALSE,"VU","VU","Macaroni penguin, gorfou doré","birds"
405087,"Chordata","Aves","Sphenisciformes","Spheniscidae","Eudyptes","Eudyptes moseleyi",FALSE,,,,,,FALSE,TRUE,FALSE,"EN","EN","northern rockhopper penguin, gorfou de Moseley","birds"
592940,"Cnidaria","Anthozoa","Actiniaria","Sagartiidae","Anthothoe","Anthothoe stimpsonii",FALSE,2,,,,,TRUE,TRUE,FALSE,,,,"cnidarians"
283386,"Cnidaria","Anthozoa","Actiniaria","Actiniidae","Bunodactis","Bunodactis bunodiformis",FALSE,1,,,,,TRUE,TRUE,FALSE,,,,"cnidarians"
289544,"Cnidaria","Anthozoa","Actiniaria","Halcampoididae","Calamactinia","Calamactinia goughiensis",FALSE,2,,,1949,,TRUE,TRUE,FALSE,,,,"cnidarians"
290672,"Cnidaria","Anthozoa","Actiniaria","Actiniidae","Parantheopsis","Parantheopsis cruentata",FALSE,2,,,,,TRUE,TRUE,FALSE,,,,"cnidarians"
283750,"Cnidaria","Anthozoa","Actiniaria","Phelliidae","Phellia","Phellia aucklandica",FALSE,2,,,,,TRUE,TRUE,FALSE,,,,"cnidarians"
283833,"Cnidaria","Anthozoa","Corallimorpharia","Corallimorphidae","Corynactis","Corynactis annulata",FALSE,4,,,,,TRUE,TRUE,FALSE,,,,"cnidarians"
286384,"Cnidaria","Anthozoa","Malacalcyonacea","Paramuriceidae","Paramuricea","Paramuricea robusta",FALSE,1,,,1904,,TRUE,TRUE,FALSE,,,,"cnidarians"
135138,"Cnidaria","Anthozoa","Scleractinia","Caryophylliidae","Caryophyllia","Caryophyllia (Caryophyllia) cyathus",FALSE,2,,,1930,,TRUE,TRUE,FALSE,,,,"cnidarians"
173023,"Cnidaria","Anthozoa","Scleractinia","Caryophylliidae","Caryophyllia","Caryophyllia (Caryophyllia) profunda",FALSE,3,,,1933,,TRUE,TRUE,FALSE,,,,"cnidarians"
1726271,"Cnidaria","Anthozoa","Scleractinia","Caryophylliidae","Caryophyllia","Caryophyllia cyathus",FALSE,,,,,,FALSE,TRUE,FALSE,,,,"cnidarians"
1245747,"Cnidaria","Anthozoa","Scleractinia","Caryophylliidae","Desmophyllum","Desmophyllum pertusum",FALSE,1,,,,,TRUE,TRUE,FALSE,,,,"cnidarians"
286564,"Cnidaria","Anthozoa","Scleralcyonacea","Primnoidae","Thouarella","Thouarella (Euthouarella) laxa",FALSE,,,,,,FALSE,TRUE,FALSE,,,,"cnidarians"
286554,"Cnidaria","Anthozoa","Scleralcyonacea","Primnoidae","Thouarella","Thouarella (Thouarella) brucei",FALSE,1,,,1904,,TRUE,TRUE,FALSE,,,,"cnidarians"
743679,"Cnidaria","Anthozoa","Scleralcyonacea","Primnoidae","Thouarella","Thouarella regularis",FALSE,1,,,1904,,TRUE,TRUE,FALSE,,,,"cnidarians"
101054,"Cnidaria","Anthozoa","Zoantharia","Parazoanthidae","Parazoanthus","Parazoanthus anguicomus",FALSE,1,,,,,TRUE,TRUE,FALSE,,,"white cluster anemone","cnidarians"
815616,"Cnidaria","Anthozoa","Zoantharia","Parazoanthidae","Parazoanthus","Parazoanthus hertwigi",FALSE,3,,,,,TRUE,FALSE,FALSE,,,,"cnidarians"
117270,"Cnidaria","Hydrozoa","Leptothecata","Aequoreidae","Aequorea","Aequorea forskalea",FALSE,1,,,1933,,TRUE,TRUE,FALSE,,,"many-ribbed jellyfish","cnidarians"
284816,"Cnidaria","Hydrozoa","Leptothecata","Halopterididae","Antennella","Antennella quadriaurita",FALSE,1,,,1904,,TRUE,TRUE,FALSE,,,,"cnidarians"
117606,"Cnidaria","Hydrozoa","Leptothecata","Haleciidae","Halecium","Halecium tenellum",FALSE,1,,,1904,,TRUE,TRUE,FALSE,,,,"cnidarians"
117388,"Cnidaria","Hydrozoa","Leptothecata","Campanulariidae","Obelia","Obelia geniculata",FALSE,1,,,1904,,TRUE,TRUE,FALSE,,,"knotted thread hydroid, obélie","cnidarians"
117389,"Cnidaria","Hydrozoa","Leptothecata","Campanulariidae","Obelia","Obelia longissima",FALSE,1,,,1903,,TRUE,TRUE,FALSE,,,"hydroid","cnidarians"
290680,"Cnidaria","Hydrozoa","Leptothecata","Thyroscyphidae","Parascyphus","Parascyphus simplex",FALSE,1,,,1904,,TRUE,FALSE,FALSE,,,,"cnidarians"
117902,"Cnidaria","Hydrozoa","Leptothecata","Sertularellidae","Sertularella","Sertularella gayi",FALSE,1,,,1904,,TRUE,TRUE,FALSE,,,,"cnidarians"
225738,"Cnidaria","Hydrozoa","Leptothecata","Campanulariidae","Silicularia","Silicularia rosea",FALSE,1,,,1904,,TRUE,TRUE,FALSE,,,,"cnidarians"
292445,"Cnidaria","Hydrozoa","Leptothecata","Thyroscyphidae","Thyroscyphus","Thyroscyphus torresii",FALSE,,,,,,FALSE,TRUE,FALSE,,,,"cnidarians"
220582,"Cnidaria","Hydrozoa","Leptothecata","Zygophylacidae","Zygophylax","Zygophylax armata",FALSE,1,,,1904,,TRUE,TRUE,FALSE,,,,"cnidarians"
117942,"Cnidaria","Hydrozoa","Narcomedusae","Solmarisidae","Pegantha","Pegantha clara",FALSE,1,,,1927,,TRUE,TRUE,FALSE,,,,"cnidarians"
117622,"Cnidaria","Hydrozoa","Trachymedusae","Halicreatidae","Halitrephes","Halitrephes maasi",FALSE,1,,,1927,,TRUE,TRUE,FALSE,,,,"cnidarians"
117865,"Cnidaria","Hydrozoa","Trachymedusae","Rhopalonematidae","Rhopalonema","Rhopalonema velatum",FALSE,1,,,1927,,TRUE,TRUE,FALSE,,,"veiled medusa","cnidarians"
348697,"Arthropoda","Copepoda","Harpacticoida","Miraciidae","Amonardia","Amonardia tristanensis",FALSE,,,,,,FALSE,TRUE,FALSE,,,,"copepods"
115906,"Arthropoda","Copepoda","Harpacticoida","Miraciidae","Amphiascopsis","Amphiascopsis cinctus",FALSE,,,,,,FALSE,TRUE,FALSE,,,,"copepods"
116906,"Arthropoda","Copepoda","Harpacticoida","Dactylopusiidae","Dactylopusia","Dactylopusia vulgaris vulgaris",FALSE,,,,,,FALSE,TRUE,FALSE,,,,"copepods"
361966,"Arthropoda","Copepoda","Harpacticoida","Porcellidiidae","Dilatatiocauda","Dilatatiocauda tristanensis",FALSE,,,,,,FALSE,TRUE,FALSE,,,,"copepods"
116041,"Arthropoda","Copepoda","Harpacticoida","Ectinosomatidae","Ectinosoma","Ectinosoma melaniceps",FALSE,,,,,,FALSE,TRUE,FALSE,,,,"copepods"
351828,"Arthropoda","Copepoda","Harpacticoida","Peltidiidae","Eupelte","Eupelte tristanensis",FALSE,,,,,,FALSE,TRUE,FALSE,,,,"copepods"
293181,"Arthropoda","Copepoda","Harpacticoida","Peltidiidae","Eupelte","Eupelte villosa",FALSE,,,,,,FALSE,TRUE,FALSE,,,,"copepods"
116259,"Arthropoda","Copepoda","Harpacticoida","Laophontidae","Laophonte","Laophonte cornuta",FALSE,,,,,,FALSE,TRUE,FALSE,,,,"copepods"
116896,"Arthropoda","Copepoda","Harpacticoida","Parastenheliidae","Parastenhelia","Parastenhelia spinosa spinosa",FALSE,,,,,,FALSE,TRUE,FALSE,,,,"copepods"
354582,"Arthropoda","Copepoda","Harpacticoida","Thalestridae","Parathalestris","Parathalestris similis",FALSE,,,,,,FALSE,TRUE,FALSE,,,,"copepods"
293141,"Arthropoda","Copepoda","Harpacticoida","Harpacticidae","Zausopsis","Zausopsis mirabilis",FALSE,,,,,,FALSE,TRUE,FALSE,,,,"copepods"
353751,"Arthropoda","Copepoda","Siphonostomatoida","Artotrogidae","Neopontius","Neopontius sivertseni",FALSE,,,,,,FALSE,TRUE,FALSE,,,,"copepods"
237692,"Arthropoda","Malacostraca","Amphipoda","Conicostomatidae","Acontiostoma","Acontiostoma marionis",FALSE,3,,,,,TRUE,TRUE,FALSE,,,,"crustaceans"
146895,"Arthropoda","Malacostraca","Amphipoda","Aoridae","Aora","Aora typica",FALSE,2,,,,,TRUE,TRUE,FALSE,,,,"crustaceans"
237121,"Arthropoda","Malacostraca","Amphipoda","Hyalidae","Apohyale","Apohyale grandicornis",FALSE,3,,,,,TRUE,TRUE,FALSE,,,,"crustaceans"
237496,"Arthropoda","Malacostraca","Amphipoda","Hyalidae","Apohyale","Apohyale hirtipalma",FALSE,5,,,,,TRUE,TRUE,FALSE,,,,"crustaceans"
236950,"Arthropoda","Malacostraca","Amphipoda","Hyalidae","Apohyale","Apohyale media",FALSE,,,,,,FALSE,TRUE,FALSE,,,,"crustaceans"
101846,"Arthropoda","Malacostraca","Amphipoda","Caprellidae","Caprella","Caprella penantis",FALSE,2,,,,,TRUE,TRUE,FALSE,,,,"crustaceans"
237256,"Arthropoda","Malacostraca","Amphipoda","Maeridae","Ceradocopsis","Ceradocopsis tristanensis",FALSE,1,,,,,TRUE,TRUE,FALSE,,,,"crustaceans"
236980,"Arthropoda","Malacostraca","Amphipoda","Photidae","Gammaropsis","Gammaropsis (Gammaropsis) remipes",FALSE,1,,,,,TRUE,FALSE,FALSE,,,,"crustaceans"
237126,"Arthropoda","Malacostraca","Amphipoda","Amphilochidae","Gitanopsis","Gitanopsis squamosa",FALSE,1,,,,,TRUE,TRUE,FALSE,,,,"crustaceans"
237442,"Arthropoda","Malacostraca","Amphipoda","Pontogeneiidae","Gondogeneia","Gondogeneia tristanensis",FALSE,5,,,,,TRUE,TRUE,FALSE,,,,"crustaceans"
1466473,"Arthropoda","Malacostraca","Amphipoda","Talitridae","Gondwanorchestia","Gondwanorchestia scutigerula",FALSE,,,,,,FALSE,TRUE,FALSE,,,,"crustaceans"
237472,"Arthropoda","Malacostraca","Amphipoda","Ischyroceridae","Ischyrocerus","Ischyrocerus longimanus",FALSE,2,,,,,TRUE,FALSE,FALSE,,,,"crustaceans"
102431,"Arthropoda","Malacostraca","Amphipoda","Ischyroceridae","Jassa","Jassa falcata",FALSE,,,,,,FALSE,TRUE,FALSE,,,"mottled tube-maker","crustaceans"
102433,"Arthropoda","Malacostraca","Amphipoda","Ischyroceridae","Jassa","Jassa marmorata",FALSE,,,,,,FALSE,TRUE,FALSE,,,,"crustaceans"
537211,"Arthropoda","Malacostraca","Amphipoda","Melitidae","Melita","Melita gayi",FALSE,,,,,,FALSE,TRUE,FALSE,,,,"crustaceans"
237262,"Arthropoda","Malacostraca","Amphipoda","Melitidae","Melita","Melita tristanensis",FALSE,2,,,,,TRUE,TRUE,FALSE,,,,"crustaceans"
1728899,"Arthropoda","Malacostraca","Amphipoda","Ischyroceridae","Neoischyrocerus","Neoischyrocerus longimanus",FALSE,,,,,,FALSE,TRUE,FALSE,,,,"crustaceans"
237513,"Arthropoda","Malacostraca","Amphipoda","Pontogeneiidae","Paramoera","Paramoera brachyura",FALSE,,,,,,FALSE,TRUE,FALSE,,,,"crustaceans"
237377,"Arthropoda","Malacostraca","Amphipoda","Pontogeneiidae","Paramoera","Paramoera gregaria",FALSE,1,,,,,TRUE,TRUE,FALSE,,,,"crustaceans"
550365,"Arthropoda","Malacostraca","Amphipoda","Pontogeneiidae","Paramoera","Paramoera stephenseni",FALSE,,,,,,FALSE,TRUE,FALSE,,,,"crustaceans"
237048,"Arthropoda","Malacostraca","Amphipoda","Pontogeneiidae","Paramoera","Paramoera tristanensis",FALSE,4,,,,,TRUE,TRUE,FALSE,,,,"crustaceans"
237015,"Arthropoda","Malacostraca","Amphipoda","Melitidae","Parapherusa","Parapherusa crassipes",FALSE,,,,,,FALSE,TRUE,FALSE,,,,"crustaceans"
237720,"Arthropoda","Malacostraca","Amphipoda","Lysianassidae","Parawaldeckia","Parawaldeckia kidderi",FALSE,2,,,,,TRUE,TRUE,FALSE,,,,"crustaceans"
103217,"Arthropoda","Malacostraca","Amphipoda","Talitridae","Platorchestia","Platorchestia platensis",FALSE,1,,,1904,,TRUE,TRUE,FALSE,,,,"crustaceans"
237488,"Arthropoda","Malacostraca","Amphipoda","Hyalidae","Ptilohyale","Ptilohyale tristanensis",FALSE,1,,,,,TRUE,TRUE,FALSE,,,,"crustaceans"
889831,"Arthropoda","Malacostraca","Amphipoda","Ischyroceridae","Ruffojassa","Ruffojassa tristanensis",FALSE,,,,,,FALSE,TRUE,FALSE,,,,"crustaceans"
237506,"Arthropoda","Malacostraca","Amphipoda","Stenothoidae","Stenothoe","Stenothoe sivertseni",FALSE,2,,,,,TRUE,TRUE,FALSE,,,,"crustaceans"
1007411,"Arthropoda","Malacostraca","Amphipoda","Ampithoidae","Sunamphitoe","Sunamphitoe femorata",FALSE,1,,,,,TRUE,TRUE,FALSE,,,,"crustaceans"
491801,"Arthropoda","Malacostraca","Amphipoda","Ischyroceridae","Ventojassa","Ventojassa frequens",FALSE,,,,,,FALSE,TRUE,FALSE,,,,"crustaceans"
246322,"Arthropoda","Malacostraca","Decapoda","Palinuridae","Jasus","Jasus lalandii",FALSE,1,,,,,TRUE,FALSE,FALSE,"LC","LC","Cape rock crawfish, langouste du Cap","crustaceans"
246323,"Arthropoda","Malacostraca","Decapoda","Palinuridae","Jasus","Jasus paulensis",FALSE,,,,,,FALSE,TRUE,FALSE,"DD","DD","St. Paul rock lobster","crustaceans"
241119,"Arthropoda","Malacostraca","Decapoda","Mathildellidae","Neopilumnoplax","Neopilumnoplax heterochir",FALSE,1,,,,,TRUE,FALSE,FALSE,,,,"crustaceans"
258052,"Arthropoda","Malacostraca","Isopoda","Janiridae","Iais","Iais elongata",FALSE,1,,,1989,,TRUE,TRUE,FALSE,,,,"crustaceans"
174995,"Arthropoda","Malacostraca","Isopoda","Janiridae","Iais","Iais pubescens",FALSE,1,,,1909,,TRUE,TRUE,FALSE,,,,"crustaceans"
255989,"Arthropoda","Malacostraca","Isopoda","Janiridae","Ianiropsis","Ianiropsis longipes",FALSE,,,,,,FALSE,TRUE,FALSE,,,,"crustaceans"
258062,"Arthropoda","Malacostraca","Isopoda","Janiridae","Iathrippa","Iathrippa tristani",FALSE,,,,,,FALSE,TRUE,FALSE,,,,"crustaceans"
119047,"Arthropoda","Malacostraca","Isopoda","Idoteidae","Idotea","Idotea metallica",FALSE,1,,,1909,,TRUE,FALSE,FALSE,,,"metallic marine isopod","crustaceans"
258379,"Arthropoda","Malacostraca","Isopoda","Sphaeromatidae","Isocladus","Isocladus tristense",FALSE,1,,,1909,,TRUE,TRUE,FALSE,,,,"crustaceans"
256070,"Arthropoda","Malacostraca","Isopoda","Joeropsididae","Joeropsis","Joeropsis paulensis",FALSE,,,,,,FALSE,TRUE,FALSE,,,,"crustaceans"
256084,"Arthropoda","Malacostraca","Isopoda","Joeropsididae","Joeropsis","Joeropsis vibicaria",FALSE,,,,,,FALSE,TRUE,FALSE,,,,"crustaceans"
260937,"Arthropoda","Malacostraca","Isopoda","Serolidae","Leptoserolis","Leptoserolis orbiculata",FALSE,1,,,1933,,TRUE,TRUE,FALSE,,,,"crustaceans"
256197,"Arthropoda","Malacostraca","Isopoda","Munnidae","Munna","Munna aculeata",FALSE,,,,,,FALSE,TRUE,FALSE,,,,"crustaceans"
256234,"Arthropoda","Malacostraca","Isopoda","Munnidae","Munna","Munna neozelanica",FALSE,,,,,,FALSE,TRUE,FALSE,,,,"crustaceans"
256251,"Arthropoda","Malacostraca","Isopoda","Munnidae","Munna","Munna varians",FALSE,,,,,,FALSE,TRUE,FALSE,,,,"crustaceans"
258065,"Arthropoda","Malacostraca","Isopoda","Janiridae","Neojaera","Neojaera hirsuta",FALSE,,,,,,FALSE,TRUE,FALSE,,,,"crustaceans"
257356,"Arthropoda","Malacostraca","Isopoda","Idoteidae","Paridotea","Paridotea apposita",FALSE,,,,,,FALSE,TRUE,FALSE,,,,"crustaceans"
119052,"Arthropoda","Malacostraca","Isopoda","Idoteidae","Paridotea","Paridotea ungulata",FALSE,1,,,1927,,TRUE,TRUE,FALSE,,,,"crustaceans"
256347,"Arthropoda","Malacostraca","Isopoda","Paramunnidae","Pleurogonium","Pleurogonium minutum",FALSE,,,,,,FALSE,TRUE,FALSE,,,,"crustaceans"
258436,"Arthropoda","Malacostraca","Isopoda","Santiidae","Santia","Santia hispida",FALSE,,,,,,FALSE,TRUE,FALSE,,,,"crustaceans"
256260,"Arthropoda","Malacostraca","Isopoda","Munnidae","Uromunna","Uromunna nana",FALSE,,,,,,FALSE,TRUE,FALSE,,,,"crustaceans"
535002,"Arthropoda","Thecostraca","Balanomorpha","Balanidae","Austromegabalanus","Austromegabalanus cylindricus",FALSE,,,,,,FALSE,TRUE,FALSE,,,,"crustaceans"
535003,"Arthropoda","Thecostraca","Balanomorpha","Balanidae","Austromegabalanus","Austromegabalanus isolde",FALSE,,,,,,FALSE,TRUE,FALSE,,,,"crustaceans"
172666,"Echinodermata","Asteroidea","Forcipulatida","Asteriidae","Lysasterias","Lysasterias perrieri",FALSE,1,,,2004,,TRUE,TRUE,FALSE,,,,"echinoderms"
178805,"Echinodermata","Asteroidea","Forcipulatida","Asteriidae","Sclerasterias","Sclerasterias eustyla",FALSE,1,,,2004,,TRUE,TRUE,FALSE,,,,"echinoderms"
178021,"Echinodermata","Asteroidea","Valvatida","Poraniidae","Poraniopsis","Poraniopsis echinaster",FALSE,1,,,1930,,TRUE,TRUE,FALSE,,,,"echinoderms"
160786,"Echinodermata","Echinoidea","Arbacioida","Arbaciidae","Arbacia","Arbacia dufresnii",FALSE,,,,,,FALSE,TRUE,FALSE,,,,"echinoderms"
414217,"Echinodermata","Echinoidea","Camarodonta","Temnopleuridae","Pseudechinus","Pseudechinus albocinctus",FALSE,1,,,,,TRUE,TRUE,FALSE,,,,"echinoderms"
160822,"Echinodermata","Echinoidea","Camarodonta","Temnopleuridae","Pseudechinus","Pseudechinus magellanicus",FALSE,2,,,,,TRUE,TRUE,FALSE,,,,"echinoderms"
125064,"Echinodermata","Ophiuroidea","Amphilepidida","Amphiuridae","Amphipholis","Amphipholis squamata",FALSE,5,,,1933,,TRUE,TRUE,FALSE,,,"dwarf brittle star","echinoderms"
125083,"Echinodermata","Ophiuroidea","Amphilepidida","Amphiuridae","Amphiura","Amphiura (Amphiura) grandisquama",FALSE,1,,,1930,,TRUE,TRUE,FALSE,,,,"echinoderms"
224130,"Echinodermata","Ophiuroidea","Amphilepidida","Amphiuridae","Amphiura","Amphiura (Amphiura) grandisquama",FALSE,1,,,1930,,TRUE,FALSE,FALSE,,,,"echinoderms"
243045,"Echinodermata","Ophiuroidea","Amphilepidida","Amphiuridae","Amphiura","Amphiura (Amphiura) magellanica",FALSE,3,,,1930,,TRUE,TRUE,FALSE,,,,"echinoderms"
242922,"Echinodermata","Ophiuroidea","Amphilepidida","Amphiuridae","Amphiura","Amphiura dacunhae",FALSE,1,,,1933,,TRUE,TRUE,FALSE,,,,"echinoderms"
125119,"Echinodermata","Ophiuroidea","Amphilepidida","Ophiactidae","Ophiactis","Ophiactis nidarosiensis",FALSE,2,,,1930,,TRUE,TRUE,FALSE,,,,"echinoderms"
243467,"Echinodermata","Ophiuroidea","Amphilepidida","Ophiactidae","Ophiactis","Ophiactis seminuda",FALSE,1,,,1933,,TRUE,TRUE,FALSE,,,,"echinoderms"
1589841,"Echinodermata","Ophiuroidea","Ophiacanthida","Ophiacanthidae","Ophiosemnotes","Ophiosemnotes ingrata",FALSE,3,,,1930,,TRUE,TRUE,FALSE,,,,"echinoderms"
105801,"Chordata","Elasmobranchii","Carcharhiniformes","Carcharhinidae","Prionace","Prionace glauca",FALSE,2,,,1989,,TRUE,TRUE,FALSE,"NT","NT","blue shark, peau bleue","fish"
105833,"Chordata","Elasmobranchii","Hexanchiformes","Hexanchidae","Hexanchus","Hexanchus griseus",FALSE,1,,,1989,,TRUE,TRUE,FALSE,"NT","NT","bluntnose sixgill shark, griset","fish"
217628,"Chordata","Elasmobranchii","Hexanchiformes","Hexanchidae","Notorynchus","Notorynchus cepedianus",FALSE,4,,,1988,,TRUE,TRUE,FALSE,"VU","VU","broadnose sevengill shark, requin à sept branchies","fish"
105839,"Chordata","Elasmobranchii","Lamniformes","Lamnidae","Isurus","Isurus oxyrinchus",FALSE,1,,,1988,,TRUE,TRUE,FALSE,"EN","EN","shortfin mako, mako à nageoires courtes","fish"
321911,"Chordata","Elasmobranchii","Torpediniformes","Torpedinidae","Tetronarce","Tetronarce nobiliana",FALSE,1,,,,,TRUE,TRUE,FALSE,"LC","LC","electric ray, torpille noire","fish"
313240,"Chordata","Teleostei","Acropomatiformes","Pentacerotidae","Pentaceros","Pentaceros richardsoni",FALSE,2,,,1990,,TRUE,TRUE,FALSE,,,"pelagic armorhead","fish"
126998,"Chordata","Teleostei","Acropomatiformes","Polyprionidae","Polyprion","Polyprion americanus",FALSE,1,,,,,TRUE,TRUE,FALSE,"DD","DD","wreck-fish, cernia","fish"
313889,"Chordata","Teleostei","Anguilliformes","Congridae","Bassanago","Bassanago albescens",FALSE,4,,,1990,,TRUE,TRUE,FALSE,"LC","LC",,"fish"
217548,"Chordata","Teleostei","Anguilliformes","Congridae","Gnathophis","Gnathophis capensis",FALSE,1,,,,,TRUE,TRUE,FALSE,"LC","LC",,"fish"
126306,"Chordata","Teleostei","Anguilliformes","Nemichthyidae","Nemichthys","Nemichthys scolopaceus",FALSE,1,,,1927,,TRUE,TRUE,FALSE,"LC","LC","slender snipe eel, avocette ruban","fish"
126319,"Chordata","Teleostei","Anguilliformes","Serrivomeridae","Serrivomer","Serrivomer beanii",FALSE,,,,,,FALSE,TRUE,FALSE,"LC","LC","stout sawpalate, serrivomer trapu","fish"
234631,"Chordata","Teleostei","Argentiniformes","Bathylagidae","Bathylagus","Bathylagus antarcticus",FALSE,,,,,,FALSE,TRUE,FALSE,,,,"fish"
126721,"Chordata","Teleostei","Argentiniformes","Bathylagidae","Melanolagus","Melanolagus bericoides",FALSE,,,,,,FALSE,TRUE,FALSE,"LC","LC","Bigscale deepsea smelt","fish"
1021948,"Chordata","Teleostei","Beloniformes","Exocoetidae","Cheilopogon","Cheilopogon altipennis",FALSE,1,,,,,TRUE,TRUE,FALSE,,,,"fish"
126383,"Chordata","Teleostei","Beloniformes","Exocoetidae","Cheilopogon","Cheilopogon pinnatibarbatus",FALSE,1,,,,,TRUE,FALSE,FALSE,"LC","LC","smallhead flyingfish","fish"
280366,"Chordata","Teleostei","Beloniformes","Scomberesocidae","Cololabis","Cololabis saira",FALSE,1,,,,,TRUE,TRUE,FALSE,,,"Pacific saury, balaou japonais","fish"
126386,"Chordata","Teleostei","Beloniformes","Exocoetidae","Hirundichthys","Hirundichthys rondeletii",FALSE,1,,,,,TRUE,TRUE,FALSE,"LC","LC","blackwing flyingfish, poisson volant","fish"
126392,"Chordata","Teleostei","Beloniformes","Scomberesocidae","Scomberesox","Scomberesox saurus",FALSE,,,,,,FALSE,TRUE,FALSE,"LC","LC","saury, aiguille de mer","fish"
1013882,"Chordata","Teleostei","Beloniformes","Scomberesocidae","Scomberesox","Scomberesox scombroides",FALSE,1,,,1990,,TRUE,TRUE,FALSE,,,,"fish"
126394,"Chordata","Teleostei","Beryciformes","Berycidae","Beryx","Beryx decadactylus",FALSE,,,,,,FALSE,TRUE,FALSE,"LC","LC","Broad alfonsino, béryx commun","fish"
234692,"Chordata","Teleostei","Beryciformes","Melamphaidae","Sio","Sio nordenskjoldii",FALSE,,,,,,FALSE,TRUE,FALSE,"LC","LC",,"fish"
126811,"Chordata","Teleostei","Carangiformes","Carangidae","Naucrates","Naucrates ductor",FALSE,,,,,,FALSE,TRUE,FALSE,"LC","LC","pilotfish, poisson pilote","fish"
126853,"Chordata","Teleostei","Carangiformes","Echeneidae","Remora","Remora remora",FALSE,1,,,,,TRUE,TRUE,FALSE,"LC","LC","remora","fish"
218444,"Chordata","Teleostei","Carangiformes","Carangidae","Trachurus","Trachurus capensis",FALSE,1,,,,,TRUE,TRUE,FALSE,"LC","LC","Cape horse mackerel","fish"
234648,"Chordata","Teleostei","Carangiformes","Carangidae","Trachurus","Trachurus longimanus",FALSE,8,,,1990,,TRUE,TRUE,FALSE,"LC","LC","Crozet scad","fish"
126822,"Chordata","Teleostei","Carangiformes","Carangidae","Trachurus","Trachurus trachurus",FALSE,1,,,,,TRUE,TRUE,FALSE,"VU","VU","Atlantic horse mackerel, caringue","fish"
218870,"Chordata","Teleostei","Centrarchiformes","Cheilodactylidae","Chirodactylus","Chirodactylus grandis",FALSE,,,,,,FALSE,TRUE,FALSE,,,,"fish"
281280,"Chordata","Teleostei","Centrarchiformes","Latridae","Latris","Latris lineata",FALSE,2,,,,,TRUE,TRUE,FALSE,,,,"fish"
281549,"Chordata","Teleostei","Centrarchiformes","Latridae","Mendosoma","Mendosoma lineatum",FALSE,9,,,1989,,TRUE,TRUE,FALSE,,,,"fish"
281654,"Chordata","Teleostei","Centrarchiformes","Cheilodactylidae","Nemadactylus","Nemadactylus monodactylus",FALSE,29,,,1994,,TRUE,TRUE,FALSE,,,,"fish"
218465,"Chordata","Teleostei","Eupercaria incertae sedis","Emmelichthyidae","Emmelichthys","Emmelichthys nitidus",FALSE,2,,,1989,,TRUE,TRUE,FALSE,"LC","LC",,"fish"
1017257,"Chordata","Teleostei","Eupercaria incertae sedis","Labridae","Suezichthys","Suezichthys ornatus",FALSE,13,,,1989,,TRUE,TRUE,FALSE,,,,"fish"
221401,"Chordata","Teleostei","Gadiformes","Lotidae","Gaidropsarus","Gaidropsarus insularum",FALSE,16,,,1989,,TRUE,TRUE,FALSE,,,,"fish"
272497,"Chordata","Teleostei","Gadiformes","Moridae","Physiculus","Physiculus karrerae",FALSE,1,,,1990,,TRUE,TRUE,FALSE,"LC","LC","codling","fish"
272528,"Chordata","Teleostei","Lampriformes","Lophotidae","Lophotus","Lophotus capellei",FALSE,,,,,,FALSE,TRUE,FALSE,"LC","LC","North Pacific crestfish","fish"
126556,"Chordata","Teleostei","Lophiiformes","Melanocetidae","Melanocetus","Melanocetus johnsonii",FALSE,,,,,,FALSE,TRUE,FALSE,"LC","LC","Humpback anglerfish","fish"
234779,"Chordata","Teleostei","Myctophiformes","Myctophidae","Electrona","Electrona paucirastra",FALSE,1,,,1980,,TRUE,TRUE,FALSE,"LC","LC",,"fish"
126601,"Chordata","Teleostei","Myctophiformes","Myctophidae","Gonichthys","Gonichthys cocco",FALSE,1,,,1927,,TRUE,TRUE,FALSE,"LC","LC",,"fish"
234733,"Chordata","Teleostei","Myctophiformes","Myctophidae","Hintonia","Hintonia candens",FALSE,,,,,,FALSE,TRUE,FALSE,"LC","LC",,"fish"
126605,"Chordata","Teleostei","Myctophiformes","Myctophidae","Hygophum","Hygophum taaningi",FALSE,,,,,,FALSE,TRUE,FALSE,"LC","LC",,"fish"
126607,"Chordata","Teleostei","Myctophiformes","Myctophidae","Lampadena","Lampadena chavesi",FALSE,1,,,,,TRUE,TRUE,FALSE,"LC","LC",,"fish"
217707,"Chordata","Teleostei","Myctophiformes","Myctophidae","Lampanyctus","Lampanyctus achirus",FALSE,,,,,,FALSE,TRUE,FALSE,"LC","LC",,"fish"
279329,"Chordata","Teleostei","Myctophiformes","Myctophidae","Metelectrona","Metelectrona herwigi",FALSE,,,,,,FALSE,TRUE,FALSE,"LC","LC",,"fish"
234757,"Chordata","Teleostei","Myctophiformes","Myctophidae","Protomyctophum","Protomyctophum luciferum",FALSE,,,,,,FALSE,TRUE,FALSE,"LC","LC",,"fish"
272781,"Chordata","Teleostei","Ophidiiformes","Carapidae","Echiodon","Echiodon atopus",FALSE,,,,,,FALSE,TRUE,FALSE,"DD","DD",,"fish"
279374,"Chordata","Teleostei","Perciformes","Bovichtidae","Bovichtus","Bovichtus diacanthus",FALSE,16,,,1994,,TRUE,TRUE,FALSE,,,,"fish"
280634,"Chordata","Teleostei","Perciformes","Eleginopidae","Eleginops","Eleginops maclovinus",FALSE,,,,,,FALSE,TRUE,FALSE,,,,"fish"
127251,"Chordata","Teleostei","Perciformes","Sebastidae","Helicolenus","Helicolenus dactylopterus",FALSE,,,,,,FALSE,TRUE,FALSE,"LC","LC","bleumouth rockfish, sébaste chèvre","fish"
274769,"Chordata","Teleostei","Perciformes","Sebastidae","Helicolenus","Helicolenus mouchezi",FALSE,20,,,2004,,TRUE,TRUE,FALSE,,,,"fish"
281298,"Chordata","Teleostei","Perciformes","Serranidae","Lepidoperca","Lepidoperca coatsii",FALSE,7,,,2004,,TRUE,TRUE,FALSE,,,,"fish"
234679,"Chordata","Teleostei","Perciformes","Nototheniidae","Notothenia","Notothenia coriiceps",FALSE,,,,,,FALSE,TRUE,FALSE,,,"yellowbelly rockcod","fish"
219156,"Chordata","Teleostei","Perciformes","Pinguipedidae","Parapercis","Parapercis robinsoni",FALSE,1,,,,,TRUE,TRUE,FALSE,,,"smallscale sandsmelt","fish"
221446,"Chordata","Teleostei","Perciformes","Sebastidae","Sebastes","Sebastes capensis",FALSE,31,,,2004,,TRUE,TRUE,FALSE,"LC","LC",,"fish"
234802,"Chordata","Teleostei","Perciformes","Nototheniidae","Trematomus","Trematomus bernacchii",FALSE,1,,,1978,,TRUE,TRUE,FALSE,,,"emerald rockcod","fish"
219791,"Chordata","Teleostei","Pleuronectiformes","Bothidae","Arnoglossus","Arnoglossus capensis",FALSE,4,,,2004,,TRUE,TRUE,FALSE,"LC","LC",,"fish"
219707,"Chordata","Teleostei","Scombriformes","Scombridae","Allothunnus","Allothunnus fallai",FALSE,1,,,1989,,TRUE,TRUE,FALSE,"LC","LC","slender tuna","fish"
126783,"Chordata","Teleostei","Scombriformes","Bramidae","Brama","Brama brama",FALSE,2,,,1988,,TRUE,TRUE,FALSE,"LC","LC","Ray's bream, castagnole","fish"
219737,"Chordata","Teleostei","Scombriformes","Centrolophidae","Hyperoglyphe","Hyperoglyphe antarctica",FALSE,12,,,1990,,TRUE,TRUE,FALSE,,,,"fish"
127088,"Chordata","Teleostei","Scombriformes","Trichiuridae","Lepidopus","Lepidopus caudatus",FALSE,1,,,1989,,TRUE,TRUE,FALSE,"DD","DD","silver scabbardfish, sabre argenté","fish"
126834,"Chordata","Teleostei","Scombriformes","Centrolophidae","Schedophilus","Schedophilus ovalis",FALSE,2,,,1988,,TRUE,TRUE,FALSE,,,"imperial blackfish, rouffe impérial","fish"
219697,"Chordata","Teleostei","Scombriformes","Gempylidae","Thyrsites","Thyrsites atun",FALSE,4,,,1989,,TRUE,TRUE,FALSE,,,"snoek","fish"
127309,"Chordata","Teleostei","Stomiiformes","Sternoptychidae","Argyropelecus","Argyropelecus hemigymnus",FALSE,,,,,,FALSE,TRUE,FALSE,"LC","LC","short silver hatchetfish","fish"
127292,"Chordata","Teleostei","Stomiiformes","Gonostomatidae","Diplophos","Diplophos taenia",FALSE,,,,,,FALSE,TRUE,FALSE,"LC","LC","Pacific portholefish","fish"
127312,"Chordata","Teleostei","Stomiiformes","Sternoptychidae","Maurolicus","Maurolicus muelleri",FALSE,,,,,,FALSE,TRUE,FALSE,"LC","LC","Muller's pearlsides, maurolique de Müller","fish"
127374,"Chordata","Teleostei","Stomiiformes","Stomiidae","Stomias","Stomias boa",FALSE,,,,,,FALSE,TRUE,FALSE,"LC","LC","boa dragonfish, dragon-boa","fish"
127302,"Chordata","Teleostei","Stomiiformes","Phosichthyidae","Vinciguerria","Vinciguerria attenuata",FALSE,,,,,,FALSE,TRUE,FALSE,"LC","LC","slender lightfish","fish"
127304,"Chordata","Teleostei","Stomiiformes","Phosichthyidae","Vinciguerria","Vinciguerria poweriae",FALSE,1,,,1989,,TRUE,TRUE,FALSE,"LC","LC","Power's deep-water bristle-mouth fish","fish"
217969,"Chordata","Teleostei","Syngnathiformes","Centriscidae","Centriscops","Centriscops humerosus",FALSE,1,,,,,TRUE,TRUE,FALSE,"LC","LC",,"fish"
278994,"Chordata","Teleostei","Syngnathiformes","Centriscidae","Notopogon","Notopogon fernandezianus",FALSE,,,,,,FALSE,TRUE,FALSE,"LC","LC",,"fish"
217973,"Chordata","Teleostei","Syngnathiformes","Centriscidae","Notopogon","Notopogon lilliei",FALSE,7,,,2004,,TRUE,TRUE,FALSE,"LC","LC",,"fish"
217975,"Chordata","Teleostei","Syngnathiformes","Centriscidae","Notopogon","Notopogon macrosolen",FALSE,2,,,,,TRUE,TRUE,FALSE,"LC","LC",,"fish"
437865,"Ascomycota","Eurotiomycetes","Verrucariales","Verrucariaceae","Verrucaria","Verrucaria durietzii",FALSE,,,,,,FALSE,TRUE,FALSE,,,,"fungi"
147749,"Ascomycota","Lecanoromycetes","Lecanorales","Lecanoraceae","Lecanora","Lecanora helicopis",FALSE,,,,,,FALSE,TRUE,FALSE,,,,"fungi"
147713,"Ascomycota","Lecanoromycetes","Lecanorales","Ramalinaceae","Ramalina","Ramalina siliquosa",FALSE,,,,,,FALSE,TRUE,FALSE,,,"sea ivory","fungi"
438957,"Ascomycota","Lecanoromycetes","Lecanorales","Mycoblastaceae","Tephromela","Tephromela atra var. atra",FALSE,,,,,,FALSE,TRUE,FALSE,,,,"fungi"
231432,"Chordata","Mammalia","Carnivora","Otariidae","Arctocephalus","Arctocephalus tropicalis",FALSE,21,,,1989,,TRUE,TRUE,FALSE,"LC","LC","subantarctic fur seal","mammals"
231417,"Chordata","Mammalia","Carnivora","Phocidae","Hydrurga","Hydrurga leptonyx",FALSE,,,,,,FALSE,TRUE,FALSE,"LC","LC","leopard seal","mammals"
231413,"Chordata","Mammalia","Carnivora","Phocidae","Mirounga","Mirounga leonina",FALSE,4,,,1987,,TRUE,TRUE,FALSE,"LC","LC","southern elephant seal","mammals"
220222,"Chordata","Mammalia","Cetartiodactyla","Balaenidae","Eubalaena","Eubalaena australis",FALSE,3,,,1849,,TRUE,TRUE,FALSE,"LC","LC","southern right whale, baleine du Cap","mammals"
231434,"Chordata","Mammalia","Cetartiodactyla","Delphinidae","Lagenorhynchus","Lagenorhynchus obscurus",FALSE,,,,,,FALSE,TRUE,FALSE,"LC","LC","dusky dolphin, dauphin obscur","mammals"
231433,"Chordata","Mammalia","Cetartiodactyla","Ziphiidae","Tasmacetus","Tasmacetus shepherdi",FALSE,,,,,,FALSE,TRUE,FALSE,"DD","DD","Shepherd's beaked whale, tasmacete","mammals"
140103,"Mollusca","Bivalvia","Adapedonta","Hiatellidae","Hiatella","Hiatella arctica",FALSE,1,,,1903,,TRUE,TRUE,FALSE,,,"Arctic hiatella","molluscs"
140737,"Mollusca","Bivalvia","Adapedonta","Pharidae","Phaxas","Phaxas pellucidus",FALSE,,,,,,FALSE,TRUE,FALSE,,,"razor shell","molluscs"
504747,"Mollusca","Bivalvia","Arcida","Philobryidae","Philobrya","Philobrya insularis",FALSE,,,,,,FALSE,TRUE,FALSE,,,,"molluscs"
504748,"Mollusca","Bivalvia","Arcida","Philobryidae","Philobrya","Philobrya sivertseni",FALSE,,,,,,FALSE,TRUE,FALSE,,,,"molluscs"
504753,"Mollusca","Bivalvia","Arcida","Philobryidae","Verticipronus","Verticipronus tristanensis",FALSE,,,,,,FALSE,TRUE,FALSE,,,,"molluscs"
879714,"Mollusca","Bivalvia","Cardiida","Tellinidae","Asbjornsenia","Asbjornsenia pygmaea",FALSE,1,,,1904,,TRUE,TRUE,FALSE,,,"dwarf tellin","molluscs"
1055919,"Mollusca","Bivalvia","Cardiida","Tellinidae","Moerella","Moerella analogica",FALSE,,,,,,FALSE,TRUE,FALSE,,,,"molluscs"
504965,"Mollusca","Bivalvia","Carditida","Carditidae","Carditella","Carditella exulata",FALSE,1,,,1927,,TRUE,TRUE,FALSE,,,,"molluscs"
876522,"Mollusca","Bivalvia","Galeommatida","Lasaeidae","Borniola","Borniola variabilis",FALSE,,,,,,FALSE,TRUE,FALSE,,,,"molluscs"
178911,"Mollusca","Bivalvia","Galeommatida","Lasaeidae","Lasaea","Lasaea adansoni",FALSE,,,,,,FALSE,TRUE,FALSE,,,,"molluscs"
140176,"Mollusca","Bivalvia","Galeommatida","Lasaeidae","Lasaea","Lasaea rubra",FALSE,,,,,,FALSE,TRUE,FALSE,,,,"molluscs"
505453,"Mollusca","Bivalvia","Limida","Limidae","Escalima","Escalima goughensis",FALSE,3,,,1930,,TRUE,TRUE,FALSE,,,,"molluscs"
140242,"Mollusca","Bivalvia","Limida","Limidae","Limatula","Limatula subauriculata",FALSE,,,,,,FALSE,TRUE,FALSE,,,,"molluscs"
393605,"Mollusca","Bivalvia","Pectinida","Pectinidae","Talochlamys","Talochlamys multicolor",FALSE,2,,,1930,,TRUE,TRUE,FALSE,,,,"molluscs"
507635,"Mollusca","Bivalvia","Venerida","Veneridae","Dosinia","Dosinia labiosa",FALSE,,,,,,FALSE,TRUE,FALSE,,,,"molluscs"
216570,"Mollusca","Bivalvia","Venerida","Veneridae","Dosinia","Dosinia pubescens",FALSE,,,,,,FALSE,TRUE,FALSE,,,,"molluscs"
507914,"Mollusca","Bivalvia","Venerida","Veneridae","Tawera","Tawera philomela",FALSE,4,,,1933,,TRUE,TRUE,FALSE,,,,"molluscs"
325300,"Mollusca","Cephalopoda","Oegopsida","Gonatidae","Gonatus","Gonatus antarcticus",FALSE,,,,,,FALSE,TRUE,FALSE,"LC","LC",,"molluscs"
341864,"Mollusca","Cephalopoda","Oegopsida","Histioteuthidae","Histioteuthis","Histioteuthis atlantica",FALSE,,,,,,FALSE,TRUE,FALSE,"LC","LC",,"molluscs"
342374,"Mollusca","Cephalopoda","Oegopsida","Onychoteuthidae","Notonykia","Notonykia africanae",FALSE,,,,,,FALSE,TRUE,FALSE,"DD","DD",,"molluscs"
181379,"Mollusca","Cephalopoda","Oegopsida","Octopoteuthidae","Octopoteuthis","Octopoteuthis sicula",FALSE,,,,,,FALSE,TRUE,FALSE,"DD","DD","Ruppell's octopus squid","molluscs"
157031,"Mollusca","Cephalopoda","Oegopsida","Pyroteuthidae","Pyroteuthis","Pyroteuthis margaritifera",FALSE,,,,,,FALSE,TRUE,FALSE,"LC","LC","Jewel enope squid","molluscs"
575081,"Mollusca","Gastropoda","Ellobiida","Ellobiidae","Marinula","Marinula pepita",FALSE,1,,,1904,,TRUE,TRUE,FALSE,,,,"molluscs"
397137,"Mollusca","Gastropoda","Ellobiida","Ellobiidae","Marinula","Marinula tristanensis",FALSE,,,,,,FALSE,TRUE,FALSE,,,,"molluscs"
600500,"Mollusca","Gastropoda","Lepetellida","Scissurellidae","Sinezona","Sinezona subantarctica",FALSE,,,,,,FALSE,TRUE,FALSE,,,,"molluscs"
532779,"Mollusca","Gastropoda","Littorinimorpha","Eatoniellidae","Eatoniella","Eatoniella lineata",FALSE,5,,,1938,,TRUE,TRUE,FALSE,,,,"molluscs"
532783,"Mollusca","Gastropoda","Littorinimorpha","Eatoniellidae","Eatoniella","Eatoniella tristanensis",FALSE,3,,,1938,,TRUE,TRUE,FALSE,,,,"molluscs"
532784,"Mollusca","Gastropoda","Littorinimorpha","Eatoniellidae","Eatoniella","Eatoniella trochiformis",FALSE,9,,,1938,,TRUE,TRUE,FALSE,,,,"molluscs"
533221,"Mollusca","Gastropoda","Littorinimorpha","Rissoidae","Onoba","Onoba crassicordata",FALSE,1,,,1938,,TRUE,TRUE,FALSE,,,,"molluscs"
533228,"Mollusca","Gastropoda","Littorinimorpha","Rissoidae","Onoba","Onoba merelinoides",FALSE,1,,,1930,,TRUE,TRUE,FALSE,,,,"molluscs"
533331,"Mollusca","Gastropoda","Littorinimorpha","Rissoidae","Powellisetia","Powellisetia philomelae",FALSE,1,,,1930,,TRUE,TRUE,FALSE,,,,"molluscs"
197512,"Mollusca","Gastropoda","Neogastropoda","Muricidae","Trophon","Trophon geversianus",FALSE,1,,,1933,,TRUE,TRUE,FALSE,,,,"molluscs"
399477,"Mollusca","Gastropoda","Neogastropoda","Muricidae","Xymenopsis","Xymenopsis muriciformis",FALSE,1,,,1933,,TRUE,TRUE,FALSE,,,,"molluscs"
759134,"Mollusca","Gastropoda","Siphonariida","Siphonariidae","Siphonaria","Siphonaria lateralis",FALSE,,,,,,FALSE,TRUE,FALSE,,,,"molluscs"
599257,"Mollusca","Gastropoda","Siphonariida","Siphonariidae","Siphonaria","Siphonaria redimiculum",FALSE,1,,,1904,,TRUE,TRUE,FALSE,,,,"molluscs"
533296,"Mollusca","Gastropoda","Trochida","Calliostomatidae","Photinula","Photinula coerulescens",FALSE,1,,,1933,,TRUE,TRUE,FALSE,,,,"molluscs"
386750,"Mollusca","Polyplacophora","Chitonida","Chaetopleuridae","Chaetopleura","Chaetopleura pomarium",FALSE,1,,,1937,,TRUE,FALSE,FALSE,,,,"molluscs"
848040,"Mollusca","Polyplacophora","Chitonida","Ischnochitonidae","Ischnochiton","Ischnochiton bergoti",FALSE,4,,,1937,,TRUE,TRUE,FALSE,,,,"molluscs"
817223,"Mollusca","Polyplacophora","Chitonida","Mopaliidae","Plaxiphora","Plaxiphora aurata",FALSE,10,,,1977,,TRUE,TRUE,FALSE,,,,"molluscs"
111062,"Bryozoa","Gymnolaemata","Cheilostomatida","Aeteidae","Aetea","Aetea anguina",FALSE,5,,,1933,,TRUE,TRUE,FALSE,,,"snake's head coralline","moss animals"
471130,"Bryozoa","Gymnolaemata","Cheilostomatida","Candidae","Amastigia","Amastigia benemunita",FALSE,4,,,1930,,TRUE,TRUE,FALSE,,,,"moss animals"
172913,"Bryozoa","Gymnolaemata","Cheilostomatida","Arachnopusiidae","Arachnopusia","Arachnopusia inchoata",FALSE,1,,,1929,,TRUE,TRUE,FALSE,,,,"moss animals"
173077,"Bryozoa","Gymnolaemata","Cheilostomatida","Candidae","Caberea","Caberea darwinii",FALSE,2,,,1930,,TRUE,TRUE,FALSE,,,,"moss animals"
469388,"Bryozoa","Gymnolaemata","Cheilostomatida","Candidae","Caberea","Caberea rostrata",FALSE,3,,,1933,,TRUE,TRUE,FALSE,,,,"moss animals"
469632,"Bryozoa","Gymnolaemata","Cheilostomatida","Chaperiidae","Chaperiopsis","Chaperiopsis cervicornis",FALSE,1,,,1930,,TRUE,TRUE,FALSE,,,,"moss animals"
470007,"Bryozoa","Gymnolaemata","Cheilostomatida","Fenestrulinidae","Fenestrulina","Fenestrulina amplissima",FALSE,1,,,1927,,TRUE,TRUE,FALSE,,,,"moss animals"
470042,"Bryozoa","Gymnolaemata","Cheilostomatida","Microporellidae","Microporella","Microporella personata",FALSE,1,,,1927,,TRUE,TRUE,FALSE,,,,"moss animals"
760334,"Bryozoa","Gymnolaemata","Cheilostomatida","Candidae","Scrupocaberea","Scrupocaberea ornithorhyncus",FALSE,2,,,1930,,TRUE,TRUE,FALSE,,,,"moss animals"
470504,"Bryozoa","Gymnolaemata","Cheilostomatida","Smittinidae","Smittina","Smittina insulata",FALSE,1,,,1927,,TRUE,TRUE,FALSE,,,,"moss animals"
470505,"Bryozoa","Gymnolaemata","Cheilostomatida","Smittinidae","Smittina","Smittina jacobensis",FALSE,1,,,1927,,TRUE,TRUE,FALSE,,,,"moss animals"
173145,"Bryozoa","Gymnolaemata","Cheilostomatida","Candidae","Tricellaria","Tricellaria aculeata",FALSE,1,,,1933,,TRUE,TRUE,FALSE,,,,"moss animals"
173958,"Bryozoa","Stenolaemata","Cyclostomatida","Crisiidae","Bicrisia","Bicrisia biciliata",FALSE,,,,,,FALSE,TRUE,FALSE,,,,"moss animals"
173982,"Bryozoa","Stenolaemata","Cyclostomatida","Lichenoporidae","Disporella","Disporella fimbriata",FALSE,,,,,,FALSE,TRUE,FALSE,,,,"moss animals"
173244,"Chordata","Ascidiacea","Aplousobranchia","Didemnidae","Didemnum","Didemnum studeri",FALSE,1,,,1930,,TRUE,TRUE,FALSE,,,,"sea squirts"
173399,"Chordata","Ascidiacea","Aplousobranchia","Holozoidae","Sycozoa","Sycozoa sigillinoides",FALSE,1,,,1933,,TRUE,TRUE,FALSE,,,,"sea squirts"
173223,"Chordata","Ascidiacea","Phlebobranchia","Corellidae","Corella","Corella eumyota",FALSE,,,,,,FALSE,TRUE,FALSE,,,"Orange-tipped sea squirt","sea squirts"
173978,"Chordata","Ascidiacea","Stolidobranchia","Styelidae","Alloeocarpa","Alloeocarpa incrustans",FALSE,1,,,1933,,TRUE,TRUE,FALSE,,,,"sea squirts"
250862,"Chordata","Ascidiacea","Stolidobranchia","Molgulidae","Molgula","Molgula antiborealis",FALSE,,,,,,FALSE,TRUE,FALSE,,,,"sea squirts"
250972,"Chordata","Ascidiacea","Stolidobranchia","Molgulidae","Paramolgula","Paramolgula gregaria",FALSE,1,,,1933,,TRUE,TRUE,FALSE,,,,"sea squirts"
251197,"Chordata","Ascidiacea","Stolidobranchia","Styelidae","Polyzoa","Polyzoa insularis",FALSE,,,,,,FALSE,TRUE,FALSE,,,,"sea squirts"
173973,"Chordata","Ascidiacea","Stolidobranchia","Styelidae","Polyzoa","Polyzoa opuntia",FALSE,1,,,1933,,TRUE,TRUE,FALSE,,,,"sea squirts"
253673,"Chordata","Ascidiacea","Stolidobranchia","Styelidae","Polyzoa","Polyzoa reticulata",FALSE,1,,,1933,,TRUE,TRUE,FALSE,,,,"sea squirts"
165656,"Porifera","Demospongiae","Bubarida","Dictyonellidae","Acanthella","Acanthella erecta",FALSE,2,,,1873,,TRUE,TRUE,FALSE,,,,"sponges"
165631,"Porifera","Demospongiae","Bubarida","Bubaridae","Bubaris","Bubaris murrayi",FALSE,4,,,1904,,TRUE,TRUE,FALSE,,,,"sponges"
167518,"Porifera","Demospongiae","Poecilosclerida","Microcionidae","Clathria","Clathria (Clathria) discreta",FALSE,2,,,1904,,TRUE,TRUE,FALSE,,,,"sponges"
167613,"Porifera","Demospongiae","Poecilosclerida","Microcionidae","Clathria","Clathria (Microciona) antarctica",FALSE,4,,,1904,,TRUE,FALSE,FALSE,,,,"sponges"
167419,"Porifera","Demospongiae","Poecilosclerida","Acarnidae","Iophon","Iophon proximum",FALSE,3,,,1927,,TRUE,TRUE,FALSE,,,,"sponges"
134224,"Porifera","Demospongiae","Polymastiida","Polymastiidae","Tentorium","Tentorium semisuberites",FALSE,3,,,2019,,TRUE,TRUE,FALSE,,,"pavilion horny sponge, éponge voisine","sponges"
165749,"Porifera","Demospongiae","Suberitida","Halichondriidae","Axinyssa","Axinyssa paradoxa",FALSE,3,,,1873,,TRUE,TRUE,FALSE,,,,"sponges"
170805,"Porifera","Demospongiae","Suberitida","Suberitidae","Pseudosuberites","Pseudosuberites exalbicans",FALSE,3,,,1904,,TRUE,TRUE,FALSE,,,,"sponges"
134078,"Porifera","Demospongiae","Tetractinellida","Pachastrellidae","Pachastrella","Pachastrella monilifera",FALSE,3,,,2019,,TRUE,TRUE,FALSE,,,,"sponges"
134083,"Porifera","Demospongiae","Tetractinellida","Vulcanellidae","Poecillastra","Poecillastra compressa",FALSE,3,,,2019,,TRUE,TRUE,FALSE,,,,"sponges"
877813,"Porifera","Demospongiae","Tetractinellida","Vulcanellidae","Poecillastra","Poecillastra compressa",FALSE,1,,,1904,,TRUE,FALSE,FALSE,,,,"sponges"
170261,"Porifera","Demospongiae","Tetractinellida","Vulcanellidae","Poecillastra","Poecillastra incrustans",FALSE,2,,,1904,,TRUE,TRUE,FALSE,,,,"sponges"
475666,"Annelida","Clitellata","Enchytraeida","Enchytraeidae","Enchytraeus","Enchytraeus australis",FALSE,,,,,,FALSE,TRUE,FALSE,,,,"worms"
209831,"Annelida","Polychaeta","Eunicida","Eunicidae","Marphysa","Marphysa corallina",FALSE,,,,,,FALSE,TRUE,FALSE,,,,"worms"
131246,"Annelida","Polychaeta","Phyllodocida","Syllidae","Amblyosyllis","Amblyosyllis granosa",FALSE,,,,,,FALSE,TRUE,FALSE,,,,"worms"
327483,"Annelida","Polychaeta","Phyllodocida","Chrysopetalidae","Dysponetus","Dysponetus bidentatus",FALSE,,,,,,FALSE,TRUE,FALSE,,,,"worms"
174206,"Annelida","Polychaeta","Phyllodocida","Phyllodocidae","Eulalia","Eulalia subulifera",FALSE,,,,,,FALSE,TRUE,FALSE,,,,"worms"
174843,"Annelida","Polychaeta","Phyllodocida","Syllidae","Exogone","Exogone heterosetosa",FALSE,,,,,,FALSE,TRUE,FALSE,,,,"worms"
174468,"Annelida","Polychaeta","Phyllodocida","Polynoidae","Harmothoe","Harmothoe magellanica",FALSE,,,,,,FALSE,TRUE,FALSE,,,,"worms"
334177,"Annelida","Polychaeta","Phyllodocida","Nereididae","Nereis","Nereis callaona",FALSE,1,,,1930,,TRUE,TRUE,FALSE,,,,"worms"
329696,"Annelida","Polychaeta","Phyllodocida","Nereididae","Nereis","Nereis monroi",FALSE,,,,,,FALSE,TRUE,FALSE,,,,"worms"
334440,"Annelida","Polychaeta","Phyllodocida","Nereididae","Perinereis","Perinereis falklandica",FALSE,,,,,,FALSE,TRUE,FALSE,,,,"worms"
195986,"Annelida","Polychaeta","Phyllodocida","Syllidae","Salvatoria","Salvatoria clavata",FALSE,,,,,,FALSE,TRUE,FALSE,,,,"worms"
131436,"Annelida","Polychaeta","Phyllodocida","Syllidae","Syllis","Syllis hyalina",FALSE,,,,,,FALSE,TRUE,FALSE,,,,"worms"
334894,"Annelida","Polychaeta","Phyllodocida","Syllidae","Syllis","Syllis prolixa",FALSE,,,,,,FALSE,TRUE,FALSE,,,,"worms"
238216,"Annelida","Polychaeta","Phyllodocida","Syllidae","Syllis","Syllis valida",FALSE,1,,,1927,,TRUE,TRUE,FALSE,,,,"worms"
334945,"Annelida","Polychaeta","Phyllodocida","Tomopteridae","Tomopteris","Tomopteris (Johnstonella) apsteini",FALSE,1,,,1927,,TRUE,TRUE,FALSE,,,,"worms"
131558,"Annelida","Polychaeta","Phyllodocida","Tomopteridae","Tomopteris","Tomopteris ligulata",FALSE,1,,,1927,,TRUE,TRUE,FALSE,,,,"worms"
131562,"Annelida","Polychaeta","Phyllodocida","Tomopteridae","Tomopteris","Tomopteris nisseni",FALSE,1,,,1927,,TRUE,TRUE,FALSE,,,,"worms"
131566,"Annelida","Polychaeta","Phyllodocida","Tomopteridae","Tomopteris","Tomopteris planktonis",FALSE,1,,,1927,,TRUE,TRUE,FALSE,,,,"worms"
129765,"Annelida","Polychaeta","Phyllodocida","Phyllodocidae","Vanadis","Vanadis formosa",FALSE,,,,,,FALSE,TRUE,FALSE,,,,"worms"
1612041,"Annelida","Polychaeta","Sabellida","Sabellidae","Amphicorina","Amphicorina tristanensis",FALSE,,,,,,FALSE,TRUE,FALSE,,,,"worms"
131009,"Annelida","Polychaeta","Sabellida","Serpulidae","Hydroides","Hydroides norvegica",FALSE,,,,,,FALSE,TRUE,FALSE,,,,"worms"
597478,"Annelida","Polychaeta","Sabellida","Serpulidae","Romanchella","Romanchella perrieri",FALSE,,,,,,FALSE,TRUE,FALSE,,,,"worms"
131038,"Annelida","Polychaeta","Sabellida","Serpulidae","Salmacina","Salmacina dysteri",FALSE,,,,,,FALSE,TRUE,FALSE,,,"coral worm","worms"
174663,"Annelida","Polychaeta","Sabellida","Serpulidae","Serpula","Serpula narconensis",FALSE,1,,,1927,,TRUE,TRUE,FALSE,,,,"worms"
131051,"Annelida","Polychaeta","Sabellida","Serpulidae","Serpula","Serpula vermicularis",FALSE,1,,,1930,,TRUE,TRUE,FALSE,,,"plume worm, petite serpule","worms"
555935,"Annelida","Polychaeta","Sabellida","Serpulidae","Spirobranchus","Spirobranchus triqueter",FALSE,,,,,,FALSE,TRUE,FALSE,,,,"worms"
129943,"Annelida","Polychaeta","Terebellida","Cirratulidae","Caulleriella","Caulleriella alata",FALSE,,,,,,FALSE,TRUE,FALSE,,,,"worms"
209871,"Annelida","Polychaeta","Terebellida","Cirratulidae","Cirriformia","Cirriformia filigera",FALSE,,,,,,FALSE,TRUE,FALSE,,,,"worms"
174918,"Annelida","Polychaeta","Terebellida","Terebellidae","Terebella","Terebella ehlersi",FALSE,,,,,,FALSE,TRUE,FALSE,,,,"worms"
334925,"Annelida","Polychaeta","Terebellida","Terebellidae","Thelepus","Thelepus comatus",FALSE,,,,,,FALSE,TRUE,FALSE,,,,"worms"
129914,"Annelida","Polychaeta",,"Chaetopteridae","Chaetopterus","Chaetopterus variopedatus",FALSE,1,,,1927,,TRUE,TRUE,FALSE,,,"parchment worm, grand chétoptère","worms"
244665,"Annelida","Polychaeta",,"Orbiniidae","Orbiniella","Orbiniella minuta",FALSE,,,,,,FALSE,TRUE,FALSE,,,,"worms"
329921,"Annelida","Polychaeta",,"Orbiniidae","Proscoloplos","Proscoloplos cygnochaetus",FALSE,,,,,,FALSE,TRUE,FALSE,,,,"worms"
156311,"Nemertea","Hoplonemertea","Monostilifera","Amphiporidae","Amphiporus","Amphiporus spinosus",FALSE,,,,,,FALSE,TRUE,FALSE,,,,"worms"
162352,"Nemertea","Hoplonemertea","Monostilifera","Tetrastemmatidae","Tetrastemma","Tetrastemma georgianum",FALSE,,,,,,FALSE,TRUE,FALSE,,,,"worms"
341187,"Acanthocephala","Palaeacanthocephala","Polymorphida","Polymorphidae","Corynosoma","Corynosoma australe",FALSE,,,,,,FALSE,TRUE,FALSE,,,,
407036,"Arthropoda","Arachnida","Trombidiformes","Halacaridae","Lobohalacarus","Lobohalacarus weberi",FALSE,,,,,,FALSE,TRUE,FALSE,,,,
127773,"Arthropoda","Ostracoda","Halocyprida","Halocyprididae","Conchoecia","Conchoecia magna",FALSE,1,,,1927,,TRUE,FALSE,FALSE,,,,
127776,"Arthropoda","Ostracoda","Halocyprida","Halocyprididae","Conchoecilla","Conchoecilla daphnoides",FALSE,1,,,1927,,TRUE,FALSE,FALSE,,,,
127794,"Arthropoda","Ostracoda","Halocyprida","Halocyprididae","Halocypris","Halocypris inflata",FALSE,1,,,1927,,TRUE,FALSE,FALSE,,,,
127819,"Arthropoda","Ostracoda","Halocyprida","Halocyprididae","Mikroconchoecia","Mikroconchoecia acuticosta",FALSE,1,,,1927,,TRUE,FALSE,FALSE,,,,
127830,"Arthropoda","Ostracoda","Halocyprida","Halocyprididae","Orthoconchoecia","Orthoconchoecia bispinosa",FALSE,1,,,1927,,TRUE,FALSE,FALSE,,,,
127831,"Arthropoda","Ostracoda","Halocyprida","Halocyprididae","Orthoconchoecia","Orthoconchoecia haddoni",FALSE,1,,,1927,,TRUE,FALSE,FALSE,,,,
172858,"Arthropoda","Pycnogonida","Pantopoda","Ammotheidae","Achelia","Achelia communis",FALSE,1,,,,,TRUE,TRUE,FALSE,,,,
173550,"Arthropoda","Pycnogonida","Pantopoda","Phoxichilidiidae","Anoplodactylus","Anoplodactylus australis",FALSE,1,,,,,TRUE,TRUE,FALSE,,,,
240093,"Arthropoda","Pycnogonida","Pantopoda","Austrodecidae","Austrodecus","Austrodecus goughense",FALSE,1,,,1930,,TRUE,TRUE,FALSE,,,,
240209,"Arthropoda","Pycnogonida","Pantopoda","Austrodecidae","Austrodecus","Austrodecus tristanense",FALSE,1,,,,,TRUE,TRUE,FALSE,,,,
239421,"Arthropoda","Pycnogonida","Pantopoda","Pycnogonidae","Pycnogonum","Pycnogonum magellanicum",FALSE,2,,,1930,,TRUE,TRUE,FALSE,,,,
239871,"Arthropoda","Pycnogonida","Pantopoda","Pycnogonidae","Pycnogonum","Pycnogonum sivertseni",FALSE,2,,,1930,,TRUE,TRUE,FALSE,,,,
172994,"Arthropoda","Pycnogonida","Pantopoda","Ammotheidae","Tanystylum","Tanystylum neorhetum",FALSE,4,,,1927,,TRUE,TRUE,FALSE,,,,
239731,"Arthropoda","Pycnogonida","Pantopoda","Ammotheidae","Tanystylum","Tanystylum pfefferi",FALSE,,,,,,FALSE,TRUE,FALSE,,,,
137272,"Chordata","Thaliacea","Salpida","Salpidae","Salpa","Salpa fusiformis",FALSE,,,,,,FALSE,TRUE,FALSE,,,"common salp",
266548,"Chordata","Thaliacea","Salpida","Salpidae","Thalia","Thalia longicauda",FALSE,,,,,,FALSE,TRUE,FALSE,,,,
211903,"Cyanobacteria","Cyanophyceae","Chroococcales","Chroococcaceae","Entophysalis","Entophysalis deusta",FALSE,,,,,,FALSE,TRUE,FALSE,,,,
625763,"Cyanobacteria","Cyanophyceae","Nostocales","Scytonemataceae","Scytonematopsis","Scytonematopsis crustacea",FALSE,,,,,,FALSE,TRUE,FALSE,,,,
828457,"Nematoda","Chromadorea","Rhabditida","Anisakidae","Contracaecum","Contracaecum australe",FALSE,,,,,,FALSE,TRUE,FALSE,,,,
1611005,"Nematoda","Chromadorea","Rhabditida","Acuariidae","Seuratia","Seuratia shipleyi",FALSE,,,,,,FALSE,TRUE,FALSE,,,,
1051898,"Platyhelminthes","Cestoda","Tetrabothriidea","Tetrabothriidae","Tetrabothrius","Tetrabothrius (Culmenamniculus) laccocephalus",FALSE,,,,,,FALSE,TRUE,FALSE,,,,
1053040,"Platyhelminthes","Cestoda","Tetrabothriidea","Tetrabothriidae","Tetrabothrius","Tetrabothrius (Oriana) filiformis",FALSE,,,,,,FALSE,TRUE,FALSE,,,,
1057677,"Platyhelminthes","Cestoda","Tetrabothriidea","Tetrabothriidae","Tetrabothrius","Tetrabothrius (Tetrabothrius) diomedea",FALSE,,,,,,FALSE,TRUE,FALSE,,,,
731161,"Platyhelminthes","Trematoda","Diplostomida","Strigeidae","Cardiocephaloides","Cardiocephaloides physalis",FALSE,,,,,,FALSE,TRUE,FALSE,,,,
481577,"Platyhelminthes",,"Tricladida","Bdellouridae","Palombiella","Palombiella stephensoni",FALSE,,,,,,FALSE,TRUE,FALSE,,,,
481648,"Platyhelminthes",,"Tricladida","Procerodidae","Procerodes","Procerodes variabilis",FALSE,,,,,,FALSE,TRUE,FALSE,,,,
