"AphiaID","phylum","class","order","family","genus","species","remove","records","reads","asvs","max_year","target_gene","source_obis","source_gbif","source_dna","category","redlist_category","vernacular","group"
159377,"Chordata","Aves","Accipitriformes","Pandionidae","Pandion","Pandion haliaetus",FALSE,,,,,,FALSE,TRUE,FALSE,"LC","LC","osprey, balbuzard pêcheur","birds"
212603,"Chordata","Aves","Charadriiformes","Scolopacidae","Actitis","Actitis hypoleucos",FALSE,,,,,,FALSE,TRUE,FALSE,"LC","LC","common sandpiper, chevalier guignette","birds"
212661,"Chordata","Aves","Ciconiiformes","Ardeidae","Butorides","Butorides striata",FALSE,,,,,,FALSE,TRUE,FALSE,"LC","LC","green-backed heron, héron strié","birds"
446493,"Chordata","Aves","Ciconiiformes","Ardeidae","Egretta","Egretta sacra",FALSE,,,,,,FALSE,TRUE,FALSE,"LC","LC","blue reef heron, aigrette sacrée","birds"
554830,"Arthropoda","Malacostraca","Amphipoda","Seborgiidae","Seborgia","Seborgia vietnamica",FALSE,,,,,,FALSE,TRUE,FALSE,,,,"crustaceans"
217364,"Chordata","Elasmobranchii","Carcharhiniformes","Carcharhinidae","Scoliodon","Scoliodon laticaudus",FALSE,1,,,,,TRUE,FALSE,FALSE,"NT","NT","spadenose shark","fish"
1042846,"Chordata","Elasmobranchii","Myliobatiformes","Dasyatidae","Hemitrygon","Hemitrygon bennettii",FALSE,2,,,2016,,TRUE,FALSE,FALSE,,,,"fish"
1013687,"Chordata","Elasmobranchii","Myliobatiformes","Dasyatidae","Telatrygon","Telatrygon zugei",FALSE,1,,,,,TRUE,FALSE,FALSE,"VU","VU",,"fish"
218730,"Chordata","Teleostei","Acanthuriformes","Chaetodontidae","Chaetodon","Chaetodon auriga",FALSE,1,,,2002,,TRUE,TRUE,FALSE,"LC","LC","threadfin butterflyfish","fish"
273328,"Chordata","Teleostei","Acanthuriformes","Chaetodontidae","Chaetodon","Chaetodon baronessa",FALSE,1,,,2002,,TRUE,TRUE,FALSE,"LC","LC",,"fish"
218734,"Chordata","Teleostei","Acanthuriformes","Chaetodontidae","Chaetodon","Chaetodon lineolatus",FALSE,1,,,2015,,TRUE,FALSE,FALSE,"LC","LC","lined butterflyfish","fish"
218746,"Chordata","Teleostei","Acanthuriformes","Chaetodontidae","Chaetodon","Chaetodon octofasciatus",FALSE,3,,,2014,,TRUE,TRUE,FALSE,"LC","LC","eightband butterflyfish","fish"
218719,"Chordata","Teleostei","Acanthuriformes","Chaetodontidae","Chaetodon","Chaetodon trifascialis",FALSE,1,,,2002,,TRUE,TRUE,FALSE,"NT","NT","chevron butterflyfish","fish"
273366,"Chordata","Teleostei","Acanthuriformes","Chaetodontidae","Chaetodon","Chaetodon wiebeli",FALSE,4,,,2015,,TRUE,TRUE,FALSE,"LC","LC",,"fish"
218758,"Chordata","Teleostei","Acanthuriformes","Chaetodontidae","Chelmon","Chelmon rostratus",FALSE,4,,,2016,,TRUE,TRUE,FALSE,"LC","LC","copperband butterflyfish","fish"
1524092,"Chordata","Teleostei","Acanthuriformes","Leiognathidae","Deveximentum","Deveximentum megalolepis",FALSE,9,,,2016,,TRUE,FALSE,FALSE,,,,"fish"
218759,"Chordata","Teleostei","Acanthuriformes","Chaetodontidae","Forcipiger","Forcipiger longirostris",FALSE,1,,,2002,,TRUE,TRUE,FALSE,"LC","LC","longnose butterflyfish","fish"
218462,"Chordata","Teleostei","Acanthuriformes","Leiognathidae","Leiognathus","Leiognathus berbis",FALSE,2,,,2016,,TRUE,TRUE,FALSE,,,"Berber ponyfish","fish"
398531,"Chordata","Teleostei","Acanthuriformes","Leiognathidae","Nuchequula","Nuchequula gerreoides",FALSE,3,,,2016,,TRUE,FALSE,FALSE,,,,"fish"
398533,"Chordata","Teleostei","Acanthuriformes","Leiognathidae","Nuchequula","Nuchequula longicornis",FALSE,2,,,2016,,TRUE,FALSE,FALSE,,,,"fish"
398535,"Chordata","Teleostei","Acanthuriformes","Leiognathidae","Nuchequula","Nuchequula nuchalis",FALSE,7,,,2016,,TRUE,TRUE,FALSE,,,,"fish"
218711,"Chordata","Teleostei","Acanthuriformes","Ephippidae","Platax","Platax orbicularis",FALSE,2,,,2015,,TRUE,FALSE,FALSE,"LC","LC","circular spadefish","fish"
276970,"Chordata","Teleostei","Acanthuriformes","Scatophagidae","Scatophagus","Scatophagus argus",FALSE,2,,,2015,,TRUE,TRUE,FALSE,"LC","LC",,"fish"
219686,"Chordata","Teleostei","Acanthuriformes","Siganidae","Siganus","Siganus argenteus",FALSE,1,,,2002,,TRUE,TRUE,FALSE,"LC","LC","forktail rabbitfish","fish"
219687,"Chordata","Teleostei","Acanthuriformes","Siganidae","Siganus","Siganus canaliculatus",FALSE,1,,,2002,,TRUE,TRUE,FALSE,"LC","LC","white-spotted spinefoot","fish"
273912,"Chordata","Teleostei","Acanthuriformes","Siganidae","Siganus","Siganus fuscescens",FALSE,12,,,2016,,TRUE,TRUE,FALSE,"LC","LC",,"fish"
273913,"Chordata","Teleostei","Acanthuriformes","Siganidae","Siganus","Siganus guttatus",FALSE,1,,,2016,,TRUE,FALSE,FALSE,"LC","LC",,"fish"
220048,"Chordata","Teleostei","Acropomatiformes","Acropomatidae","Acropoma","Acropoma japonicum",FALSE,1,,,,,TRUE,FALSE,FALSE,,,"glow-belly","fish"
277063,"Chordata","Teleostei","Acropomatiformes","Pempheridae","Pempheris","Pempheris nyctereutes",FALSE,1,,,,,TRUE,FALSE,FALSE,,,,"fish"
271853,"Chordata","Teleostei","Anguilliformes","Muraenidae","Gymnothorax","Gymnothorax minor",FALSE,1,,,2016,,TRUE,FALSE,FALSE,"LC","LC",,"fish"
271881,"Chordata","Teleostei","Anguilliformes","Muraenidae","Gymnothorax","Gymnothorax reevesii",FALSE,3,,,2016,,TRUE,FALSE,FALSE,"LC","LC",,"fish"
217508,"Chordata","Teleostei","Anguilliformes","Muraenidae","Gymnothorax","Gymnothorax undulatus",FALSE,1,,,2002,,TRUE,TRUE,FALSE,"LC","LC","undulated moray","fish"
126296,"Chordata","Teleostei","Anguilliformes","Muraenesocidae","Muraenesox","Muraenesox cinereus",FALSE,3,,,2016,,TRUE,TRUE,FALSE,"LC","LC","daggertooth pike conger","fish"
217594,"Chordata","Teleostei","Anguilliformes","Ophichthidae","Pisodonophis","Pisodonophis cancrivorus",FALSE,2,,,2016,,TRUE,FALSE,FALSE,"LC","LC","longfin snake-eel","fish"
217556,"Chordata","Teleostei","Anguilliformes","Congridae","Uroconger","Uroconger lepturus",FALSE,10,,,2016,,TRUE,FALSE,FALSE,"LC","LC","slender conger","fish"
742164,"Chordata","Teleostei","Atheriniformes","Atherinidae","Atherinomorus","Atherinomorus pinguis",FALSE,14,,,2016,,TRUE,FALSE,FALSE,,,,"fish"
217883,"Chordata","Teleostei","Atheriniformes","Atherinidae","Hypoatherina","Hypoatherina temminckii",FALSE,1,,,2002,,TRUE,TRUE,FALSE,,,"Samoan silverside","fish"
277726,"Chordata","Teleostei","Atheriniformes","Atherinidae","Hypoatherina","Hypoatherina valenciennei",FALSE,18,,,2016,,TRUE,FALSE,FALSE,,,,"fish"
217661,"Chordata","Teleostei","Aulopiformes","Synodontidae","Harpadon","Harpadon nehereus",FALSE,2,,,2015,,TRUE,FALSE,FALSE,"NT","NT","Bombay-duck","fish"
272108,"Chordata","Teleostei","Aulopiformes","Synodontidae","Saurida","Saurida argentea",FALSE,24,,,2016,,TRUE,FALSE,FALSE,"LC","LC",,"fish"
217663,"Chordata","Teleostei","Aulopiformes","Synodontidae","Saurida","Saurida tumbil",FALSE,7,,,2016,,TRUE,FALSE,FALSE,"LC","LC","greater lizardfish","fish"
272120,"Chordata","Teleostei","Aulopiformes","Synodontidae","Saurida","Saurida umeyoshii",FALSE,12,,,2016,,TRUE,FALSE,FALSE,"LC","LC",,"fish"
217668,"Chordata","Teleostei","Aulopiformes","Synodontidae","Synodus","Synodus hoshinonis",FALSE,4,,,2016,,TRUE,FALSE,FALSE,"LC","LC","blackear lizardfish","fish"
217670,"Chordata","Teleostei","Aulopiformes","Synodontidae","Synodus","Synodus variegatus",FALSE,1,,,2015,,TRUE,FALSE,FALSE,"LC","LC","common lizardfish","fish"
158884,"Chordata","Teleostei","Aulopiformes","Synodontidae","Trachinocephalus","Trachinocephalus myops",FALSE,1,,,2002,,TRUE,TRUE,FALSE,"LC","LC","snakefish","fish"
308682,"Chordata","Teleostei","Aulopiformes","Synodontidae","Trachinocephalus","Trachinocephalus trachinus",FALSE,3,,,2016,,TRUE,FALSE,FALSE,"LC","LC",,"fish"
217867,"Chordata","Teleostei","Beloniformes","Exocoetidae","Cypselurus","Cypselurus oligolepis",FALSE,1,,,2016,,TRUE,FALSE,FALSE,,,,"fish"
126389,"Chordata","Teleostei","Beloniformes","Hemiramphidae","Hemiramphus","Hemiramphus far",FALSE,1,,,,,TRUE,FALSE,FALSE,,,"spotted halfbeak","fish"
272185,"Chordata","Teleostei","Beloniformes","Hemiramphidae","Hyporhamphus","Hyporhamphus limbatus",FALSE,4,,,2016,,TRUE,FALSE,FALSE,"LC","LC",,"fish"
272192,"Chordata","Teleostei","Beloniformes","Hemiramphidae","Hyporhamphus","Hyporhamphus quoyi",FALSE,1,,,,,TRUE,FALSE,FALSE,"LC","LC",,"fish"
159259,"Chordata","Teleostei","Beloniformes","Belonidae","Tylosurus","Tylosurus crocodilus",FALSE,1,,,2002,,TRUE,TRUE,FALSE,"LC","LC","houndfish","fish"
219303,"Chordata","Teleostei","Blenniiformes","Blenniidae","Istiblennius","Istiblennius dussumieri",FALSE,1,,,2002,,TRUE,TRUE,FALSE,"LC","LC","streaky rockskipper","fish"
219305,"Chordata","Teleostei","Blenniiformes","Blenniidae","Laiphognathus","Laiphognathus multimaculatus",FALSE,1,,,2002,,TRUE,TRUE,FALSE,"LC","LC","spotty blenny","fish"
219317,"Chordata","Teleostei","Blenniiformes","Blenniidae","Omobranchus","Omobranchus elongatus",FALSE,1,,,2002,,TRUE,TRUE,FALSE,"LC","LC","cloister blenny","fish"
219331,"Chordata","Teleostei","Blenniiformes","Blenniidae","Petroscirtes","Petroscirtes breviceps",FALSE,1,,,2002,,TRUE,TRUE,FALSE,"LC","LC",,"fish"
219332,"Chordata","Teleostei","Blenniiformes","Blenniidae","Petroscirtes","Petroscirtes variabilis",FALSE,1,,,2002,,TRUE,TRUE,FALSE,"LC","LC","variable sabretooth blenny","fish"
273174,"Chordata","Teleostei","Callionymiformes","Callionymidae","Callionymus","Callionymus curvicornis",FALSE,15,,,2016,,TRUE,FALSE,FALSE,,,,"fish"
273191,"Chordata","Teleostei","Callionymiformes","Callionymidae","Callionymus","Callionymus japonicus",FALSE,2,,,2016,,TRUE,FALSE,FALSE,"LC","LC",,"fish"
273212,"Chordata","Teleostei","Callionymiformes","Callionymidae","Callionymus","Callionymus octostigmatus",FALSE,3,,,2016,,TRUE,FALSE,FALSE,,,,"fish"
282567,"Chordata","Teleostei","Callionymiformes","Callionymidae","Repomucenus","Repomucenus virgis",FALSE,1,,,2016,,TRUE,FALSE,FALSE,,,,"fish"
218381,"Chordata","Teleostei","Carangaria incertae sedis","Lactariidae","Lactarius","Lactarius lactarius",FALSE,4,,,2016,,TRUE,FALSE,FALSE,,,"false trevally","fish"
218450,"Chordata","Teleostei","Carangaria incertae sedis","Menidae","Mene","Mene maculata",FALSE,1,,,2015,,TRUE,FALSE,FALSE,,,"moonfish","fish"
345843,"Chordata","Teleostei","Carangaria incertae sedis","Sphyraenidae","Sphyraena","Sphyraena barracuda",FALSE,1,,,2002,,TRUE,TRUE,FALSE,"LC","LC","great barracuda","fish"
212047,"Chordata","Teleostei","Carangaria incertae sedis","Sphyraenidae","Sphyraena","Sphyraena forsteri",FALSE,4,,,2016,,TRUE,FALSE,FALSE,,,"bigeye barracuda","fish"
401562,"Chordata","Teleostei","Carangiformes","Carangidae","Alectis","Alectis indica",FALSE,1,,,2016,,TRUE,FALSE,FALSE,"LC","LC",,"fish"
126800,"Chordata","Teleostei","Carangiformes","Carangidae","Alepes","Alepes djedaba",FALSE,1,,,2016,,TRUE,FALSE,FALSE,"LC","LC","shrimp scad","fish"
273268,"Chordata","Teleostei","Carangiformes","Carangidae","Alepes","Alepes kleinii",FALSE,6,,,2016,,TRUE,FALSE,FALSE,"LC","LC",,"fish"
273269,"Chordata","Teleostei","Carangiformes","Carangidae","Alepes","Alepes melanoptera",FALSE,2,,,2016,,TRUE,FALSE,FALSE,"LC","LC",,"fish"
218383,"Chordata","Teleostei","Carangiformes","Carangidae","Alepes","Alepes vari",FALSE,1,,,,,TRUE,FALSE,FALSE,"LC","LC","herring scad","fish"
279823,"Chordata","Teleostei","Carangiformes","Carangidae","Atropus","Atropus atropos",FALSE,3,,,2016,,TRUE,FALSE,FALSE,"LC","LC",,"fish"
218384,"Chordata","Teleostei","Carangiformes","Carangidae","Atule","Atule mate",FALSE,12,,,2016,,TRUE,FALSE,FALSE,"LC","LC","yellowtail scad","fish"
218397,"Chordata","Teleostei","Carangiformes","Carangidae","Carangoides","Carangoides malabaricus",FALSE,2,,,2016,,TRUE,FALSE,FALSE,"LC","LC","Malabar trevally","fish"
218404,"Chordata","Teleostei","Carangiformes","Carangidae","Caranx","Caranx sexfasciatus",FALSE,1,,,2002,,TRUE,TRUE,FALSE,"LC","LC","bigeye trevally","fish"
218427,"Chordata","Teleostei","Carangiformes","Carangidae","Decapterus","Decapterus russelli",FALSE,3,,,2016,,TRUE,FALSE,FALSE,"LC","LC","Indian scad","fish"
218430,"Chordata","Teleostei","Carangiformes","Carangidae","Megalaspis","Megalaspis cordyla",FALSE,22,,,2016,,TRUE,FALSE,FALSE,"LC","LC","torpedo scad","fish"
218431,"Chordata","Teleostei","Carangiformes","Carangidae","Parastromateus","Parastromateus niger",FALSE,10,,,2016,,TRUE,FALSE,FALSE,"LC","LC","black pomfret","fish"
126812,"Chordata","Teleostei","Carangiformes","Carangidae","Pseudocaranx","Pseudocaranx dentex",FALSE,3,,,2016,,TRUE,FALSE,FALSE,"LC","LC","guelly jack, carangue dentue","fish"
159646,"Chordata","Teleostei","Carangiformes","Carangidae","Selar","Selar crumenophthalmus",FALSE,6,,,2016,,TRUE,FALSE,FALSE,"LC","LC","bigeye scad","fish"
273302,"Chordata","Teleostei","Carangiformes","Carangidae","Trachurus","Trachurus japonicus",FALSE,3,,,2016,,TRUE,FALSE,FALSE,"NT","NT","Japanese jack mackerel","fish"
218708,"Chordata","Teleostei","Centrarchiformes","Kyphosidae","Kyphosus","Kyphosus cinerascens",FALSE,1,,,2015,,TRUE,FALSE,FALSE,"LC","LC","snubnose chub","fish"
127077,"Chordata","Teleostei","Centrarchiformes","Terapontidae","Pelates","Pelates quadrilineatus",FALSE,1,,,2002,,TRUE,TRUE,FALSE,,,"fourlined terapon","fish"
218350,"Chordata","Teleostei","Centrarchiformes","Terapontidae","Terapon","Terapon jarbua",FALSE,1,,,2016,,TRUE,FALSE,FALSE,"LC","LC","Jarbua terapon","fish"
218349,"Chordata","Teleostei","Centrarchiformes","Terapontidae","Terapon","Terapon theraps",FALSE,5,,,2016,,TRUE,TRUE,FALSE,"LC","LC","largescaled therapon","fish"
279082,"Chordata","Teleostei","Clupeiformes","Engraulidae","Coilia","Coilia mystus",FALSE,7,,,2016,,TRUE,FALSE,FALSE,"EN","EN",,"fish"
126419,"Chordata","Teleostei","Clupeiformes","Dussumieriidae","Dussumieria","Dussumieria acuta",FALSE,5,,,2016,,TRUE,FALSE,FALSE,"LC","LC","rainbow sardine","fish"
219980,"Chordata","Teleostei","Clupeiformes","Engraulidae","Encrasicholina","Encrasicholina heteroloba",FALSE,9,,,2016,,TRUE,FALSE,FALSE,"LC","LC","shorthead anchovy","fish"
280714,"Chordata","Teleostei","Clupeiformes","Dorosomatidae","Escualosa","Escualosa thoracata",FALSE,6,,,2014,,TRUE,FALSE,FALSE,"LC","LC",,"fish"
212278,"Chordata","Teleostei","Clupeiformes","Dorosomatidae","Hilsa","Hilsa kelee",FALSE,1,,,2016,,TRUE,FALSE,FALSE,"LC","LC","Kelee shad","fish"
281160,"Chordata","Teleostei","Clupeiformes","Pristigasteridae","Ilisha","Ilisha elongata",FALSE,1,,,2016,,TRUE,FALSE,FALSE,"LC","LC","elongate ilisha","fish"
281167,"Chordata","Teleostei","Clupeiformes","Pristigasteridae","Ilisha","Ilisha melastoma",FALSE,8,,,2016,,TRUE,FALSE,FALSE,"LC","LC",,"fish"
281225,"Chordata","Teleostei","Clupeiformes","Dorosomatidae","Konosirus","Konosirus punctatus",FALSE,8,,,2016,,TRUE,FALSE,FALSE,"LC","LC","dotted gizzard shad","fish"
278456,"Chordata","Teleostei","Clupeiformes","Dorosomatidae","Nematalosa","Nematalosa japonica",FALSE,1,,,2015,,TRUE,FALSE,FALSE,"DD","DD",,"fish"
217450,"Chordata","Teleostei","Clupeiformes","Dorosomatidae","Nematalosa","Nematalosa nasus",FALSE,2,,,2016,,TRUE,FALSE,FALSE,"LC","LC",,"fish"
212268,"Chordata","Teleostei","Clupeiformes","Dorosomatidae","Sardinella","Sardinella albella",FALSE,7,,,2016,,TRUE,FALSE,FALSE,"LC","LC","white sardinella","fish"
212277,"Chordata","Teleostei","Clupeiformes","Dorosomatidae","Sardinella","Sardinella gibbosa",FALSE,18,,,2016,,TRUE,TRUE,FALSE,"LC","LC","goldstripe sardinella","fish"
272273,"Chordata","Teleostei","Clupeiformes","Dorosomatidae","Sardinella","Sardinella lemuru",FALSE,9,,,2016,,TRUE,FALSE,FALSE,"NT","NT","Bali sardinella","fish"
212263,"Chordata","Teleostei","Clupeiformes","Spratelloididae","Spratelloides","Spratelloides gracilis",FALSE,2,,,2016,,TRUE,TRUE,FALSE,"LC","LC","silverstriped round herring","fish"
275321,"Chordata","Teleostei","Clupeiformes","Engraulidae","Stolephorus","Stolephorus chinensis",FALSE,14,,,2016,,TRUE,TRUE,FALSE,"LC","LC",,"fish"
212280,"Chordata","Teleostei","Clupeiformes","Engraulidae","Stolephorus","Stolephorus indicus",FALSE,14,,,2016,,TRUE,TRUE,FALSE,"LC","LC","Indian anchovy","fish"
212284,"Chordata","Teleostei","Clupeiformes","Engraulidae","Stolephorus","Stolephorus insularis",FALSE,425,,,2016,,TRUE,FALSE,FALSE,,,"Hardenberg's anchovy","fish"
212282,"Chordata","Teleostei","Clupeiformes","Engraulidae","Stolephorus","Stolephorus waitei",FALSE,6,,,2016,,TRUE,FALSE,FALSE,"DD","DD",,"fish"
278570,"Chordata","Teleostei","Clupeiformes","Dorosomatidae","Tenualosa","Tenualosa reevesii",FALSE,1,,,2002,,TRUE,TRUE,FALSE,"DD","DD",,"fish"
275555,"Chordata","Teleostei","Clupeiformes","Engraulidae","Thryssa","Thryssa hamiltonii",FALSE,15,,,2016,,TRUE,FALSE,FALSE,"LC","LC",,"fish"
212289,"Chordata","Teleostei","Clupeiformes","Engraulidae","Thryssa","Thryssa setirostris",FALSE,2,,,2016,,TRUE,FALSE,FALSE,"LC","LC","longjaw thryssa","fish"
278762,"Chordata","Teleostei","Eupercaria incertae sedis","Cepolidae","Acanthocepola","Acanthocepola abbreviata",FALSE,11,,,2016,,TRUE,FALSE,FALSE,,,,"fish"
218587,"Chordata","Teleostei","Eupercaria incertae sedis","Sparidae","Acanthopagrus","Acanthopagrus latus",FALSE,5,,,2016,,TRUE,FALSE,FALSE,"DD","DD",,"fish"
293534,"Chordata","Teleostei","Eupercaria incertae sedis","Sparidae","Acanthopagrus","Acanthopagrus schlegelii",FALSE,2,,,1995,,TRUE,TRUE,FALSE,"LC","LC",,"fish"
279074,"Chordata","Teleostei","Eupercaria incertae sedis","Sparidae","Acanthopagrus","Acanthopagrus sivicolus",FALSE,2,,,2016,,TRUE,FALSE,FALSE,"VU","VU",,"fish"
276732,"Chordata","Teleostei","Eupercaria incertae sedis","Malacanthidae","Branchiostegus","Branchiostegus albus",FALSE,6,,,2016,,TRUE,FALSE,FALSE,,,,"fish"
219995,"Chordata","Teleostei","Eupercaria incertae sedis","Caesionidae","Caesio","Caesio caerulaurea",FALSE,1,,,2016,,TRUE,FALSE,FALSE,"LC","LC","blue and gold fusilier","fish"
278536,"Chordata","Teleostei","Eupercaria incertae sedis","Caesionidae","Caesio","Caesio cuning",FALSE,2,,,2016,,TRUE,TRUE,FALSE,"LC","LC",,"fish"
219996,"Chordata","Teleostei","Eupercaria incertae sedis","Caesionidae","Caesio","Caesio teres",FALSE,1,,,2002,,TRUE,TRUE,FALSE,"LC","LC","yellow and blueback fusilier","fish"
218941,"Chordata","Teleostei","Eupercaria incertae sedis","Labridae","Cheilinus","Cheilinus chlorourus",FALSE,3,,,2016,,TRUE,FALSE,FALSE,"LC","LC","floral wrasse","fish"
277263,"Chordata","Teleostei","Eupercaria incertae sedis","Labridae","Choerodon","Choerodon azurio",FALSE,1,,,2015,,TRUE,FALSE,FALSE,"DD","DD",,"fish"
218951,"Chordata","Teleostei","Eupercaria incertae sedis","Labridae","Choerodon","Choerodon schoenleinii",FALSE,1,,,2002,,TRUE,TRUE,FALSE,"NT","NT",,"fish"
280499,"Chordata","Teleostei","Eupercaria incertae sedis","Sciaenidae","Dendrophysa","Dendrophysa russelii",FALSE,1,,,,,TRUE,FALSE,FALSE,"LC","LC",,"fish"
280766,"Chordata","Teleostei","Eupercaria incertae sedis","Sparidae","Evynnis","Evynnis cardinalis",FALSE,8,,,2016,,TRUE,FALSE,FALSE,"EN","EN",,"fish"
218524,"Chordata","Teleostei","Eupercaria incertae sedis","Gerreidae","Gerres","Gerres filamentosus",FALSE,5,,,2016,,TRUE,TRUE,FALSE,"LC","LC","whipfin silver-biddy","fish"
218535,"Chordata","Teleostei","Eupercaria incertae sedis","Gerreidae","Gerres","Gerres oyena",FALSE,2,,,2016,,TRUE,TRUE,FALSE,"LC","LC","slenderspine mojarra","fish"
398541,"Chordata","Teleostei","Eupercaria incertae sedis","Gerreidae","Gerres","Gerres shima",FALSE,41,,,2016,,TRUE,FALSE,FALSE,,,,"fish"
275750,"Chordata","Teleostei","Eupercaria incertae sedis","Labridae","Halichoeres","Halichoeres bicolor",FALSE,1,,,2002,,TRUE,TRUE,FALSE,"LC","LC",,"fish"
275770,"Chordata","Teleostei","Eupercaria incertae sedis","Labridae","Halichoeres","Halichoeres leucoxanthus",FALSE,1,,,2002,,TRUE,TRUE,FALSE,"LC","LC",,"fish"
218986,"Chordata","Teleostei","Eupercaria incertae sedis","Labridae","Halichoeres","Halichoeres nebulosus",FALSE,1,,,2002,,TRUE,TRUE,FALSE,"LC","LC","nebulous wrasse","fish"
218995,"Chordata","Teleostei","Eupercaria incertae sedis","Labridae","Halichoeres","Halichoeres nigrescens",FALSE,1,,,2002,,TRUE,TRUE,FALSE,"LC","LC",,"fish"
275783,"Chordata","Teleostei","Eupercaria incertae sedis","Labridae","Halichoeres","Halichoeres ornatissimus",FALSE,1,,,2002,,TRUE,TRUE,FALSE,"LC","LC",,"fish"
312551,"Chordata","Teleostei","Eupercaria incertae sedis","Labridae","Iniistius","Iniistius dea",FALSE,1,,,2016,,TRUE,FALSE,FALSE,"LC","LC",,"fish"
475094,"Chordata","Teleostei","Eupercaria incertae sedis","Labridae","Iniistius","Iniistius trivittatus",FALSE,46,,,2016,,TRUE,FALSE,FALSE,"DD","DD",,"fish"
276099,"Chordata","Teleostei","Eupercaria incertae sedis","Sciaenidae","Johnius","Johnius belangerii",FALSE,4,,,2016,,TRUE,FALSE,FALSE,"LC","LC",,"fish"
276102,"Chordata","Teleostei","Eupercaria incertae sedis","Sciaenidae","Johnius","Johnius carouna",FALSE,8,,,2016,,TRUE,FALSE,FALSE,"LC","LC",,"fish"
276112,"Chordata","Teleostei","Eupercaria incertae sedis","Sciaenidae","Johnius","Johnius heterolepis",FALSE,2,,,2016,,TRUE,FALSE,FALSE,"DD","DD",,"fish"
276125,"Chordata","Teleostei","Eupercaria incertae sedis","Sciaenidae","Johnius","Johnius trewavasae",FALSE,1,,,2016,,TRUE,FALSE,FALSE,"LC","LC",,"fish"
281271,"Chordata","Teleostei","Eupercaria incertae sedis","Sciaenidae","Larimichthys","Larimichthys crocea",FALSE,7,,,2016,,TRUE,FALSE,FALSE,"CR","CR","large yellow croaker","fish"
212061,"Chordata","Teleostei","Eupercaria incertae sedis","Lethrinidae","Lethrinus","Lethrinus lentjan",FALSE,1,,,2002,,TRUE,TRUE,FALSE,"LC","LC","redspot emperor","fish"
212081,"Chordata","Teleostei","Eupercaria incertae sedis","Lethrinidae","Lethrinus","Lethrinus nebulosus",FALSE,1,,,2016,,TRUE,FALSE,FALSE,"LC","LC","spangled emperor","fish"
276530,"Chordata","Teleostei","Eupercaria incertae sedis","Lutjanidae","Lutjanus","Lutjanus decussatus",FALSE,1,,,2002,,TRUE,TRUE,FALSE,"LC","LC",,"fish"
218490,"Chordata","Teleostei","Eupercaria incertae sedis","Lutjanidae","Lutjanus","Lutjanus fulviflamma",FALSE,1,,,2016,,TRUE,FALSE,FALSE,"LC","LC","dory snapper","fish"
218496,"Chordata","Teleostei","Eupercaria incertae sedis","Lutjanidae","Lutjanus","Lutjanus johnii",FALSE,3,,,2016,,TRUE,FALSE,FALSE,"LC","LC","John's snapper","fish"
218495,"Chordata","Teleostei","Eupercaria incertae sedis","Lutjanidae","Lutjanus","Lutjanus lutjanus",FALSE,1,,,2016,,TRUE,FALSE,FALSE,"LC","LC","bigeye snapper","fish"
218481,"Chordata","Teleostei","Eupercaria incertae sedis","Lutjanidae","Lutjanus","Lutjanus malabaricus",FALSE,1,,,2015,,TRUE,FALSE,FALSE,"LC","LC",,"fish"
218473,"Chordata","Teleostei","Eupercaria incertae sedis","Lutjanidae","Lutjanus","Lutjanus russellii",FALSE,5,,,2016,,TRUE,TRUE,FALSE,"LC","LC",,"fish"
276550,"Chordata","Teleostei","Eupercaria incertae sedis","Lutjanidae","Lutjanus","Lutjanus stellatus",FALSE,1,,,2016,,TRUE,FALSE,FALSE,,,,"fish"
218695,"Chordata","Teleostei","Eupercaria incertae sedis","Monodactylidae","Monodactylus","Monodactylus argenteus",FALSE,1,,,2015,,TRUE,FALSE,FALSE,"LC","LC","mono","fish"
278120,"Chordata","Teleostei","Eupercaria incertae sedis","Nemipteridae","Nemipterus","Nemipterus bathybius",FALSE,1,,,2016,,TRUE,FALSE,FALSE,"LC","LC",,"fish"
278122,"Chordata","Teleostei","Eupercaria incertae sedis","Nemipteridae","Nemipterus","Nemipterus furcosus",FALSE,4,,,2016,,TRUE,FALSE,FALSE,"LC","LC",,"fish"
218515,"Chordata","Teleostei","Eupercaria incertae sedis","Nemipteridae","Nemipterus","Nemipterus japonicus",FALSE,24,,,2016,,TRUE,FALSE,FALSE,"LC","LC","Japanese threadfin bream","fish"
278126,"Chordata","Teleostei","Eupercaria incertae sedis","Nemipteridae","Nemipterus","Nemipterus marginatus",FALSE,3,,,2016,,TRUE,FALSE,FALSE,"LC","LC",,"fish"
218522,"Chordata","Teleostei","Eupercaria incertae sedis","Nemipteridae","Nemipterus","Nemipterus nemurus",FALSE,27,,,2016,,TRUE,TRUE,FALSE,"LC","LC","redspine threadfin bream","fish"
278133,"Chordata","Teleostei","Eupercaria incertae sedis","Nemipteridae","Nemipterus","Nemipterus virgatus",FALSE,2,,,2016,,TRUE,FALSE,FALSE,"VU","VU","golden threadfin bream","fish"
218519,"Chordata","Teleostei","Eupercaria incertae sedis","Nemipteridae","Nemipterus","Nemipterus zysron",FALSE,24,,,2016,,TRUE,FALSE,FALSE,"LC","LC","slender threadfin bream","fish"
281747,"Chordata","Teleostei","Eupercaria incertae sedis","Sciaenidae","Nibea","Nibea albiflora",FALSE,1,,,2016,,TRUE,FALSE,FALSE,"LC","LC",,"fish"
281755,"Chordata","Teleostei","Eupercaria incertae sedis","Sciaenidae","Nibea","Nibea soldado",FALSE,1,,,2016,,TRUE,FALSE,FALSE,"LC","LC",,"fish"
273976,"Chordata","Teleostei","Eupercaria incertae sedis","Sparidae","Pagrus","Pagrus major",FALSE,2,,,2016,,TRUE,FALSE,FALSE,"LC","LC",,"fish"
1577346,"Chordata","Teleostei","Eupercaria incertae sedis","Sciaenidae","Pennahia","Pennahia aneus",FALSE,46,,,2016,,TRUE,FALSE,FALSE,,,,"fish"
282196,"Chordata","Teleostei","Eupercaria incertae sedis","Sciaenidae","Pennahia","Pennahia argentata",FALSE,6,,,2016,,TRUE,FALSE,FALSE,"LC","LC","Roncador","fish"
282210,"Chordata","Teleostei","Eupercaria incertae sedis","Nemipteridae","Pentapodus","Pentapodus setosus",FALSE,2,,,2016,,TRUE,TRUE,FALSE,"LC","LC",,"fish"
273483,"Chordata","Teleostei","Eupercaria incertae sedis","Haemulidae","Plectorhinchus","Plectorhinchus chaetodonoides",FALSE,1,,,2002,,TRUE,TRUE,FALSE,,,,"fish"
273489,"Chordata","Teleostei","Eupercaria incertae sedis","Haemulidae","Plectorhinchus","Plectorhinchus lineatus",FALSE,1,,,2002,,TRUE,TRUE,FALSE,,,,"fish"
218566,"Chordata","Teleostei","Eupercaria incertae sedis","Haemulidae","Pomadasys","Pomadasys kaakan",FALSE,1,,,2016,,TRUE,FALSE,FALSE,"LC","LC","javelin grunter","fish"
273768,"Chordata","Teleostei","Eupercaria incertae sedis","Priacanthidae","Priacanthus","Priacanthus tayenus",FALSE,1,,,2015,,TRUE,FALSE,FALSE,"LC","LC",,"fish"
213657,"Chordata","Teleostei","Eupercaria incertae sedis","Caesionidae","Pterocaesio","Pterocaesio digramma",FALSE,2,,,2015,,TRUE,FALSE,FALSE,"LC","LC","double-lined fusilier","fish"
213661,"Chordata","Teleostei","Eupercaria incertae sedis","Caesionidae","Pterocaesio","Pterocaesio marri",FALSE,2,,,2016,,TRUE,FALSE,FALSE,"LC","LC","Marr's fusilier","fish"
218621,"Chordata","Teleostei","Eupercaria incertae sedis","Sparidae","Rhabdosargus","Rhabdosargus sarba",FALSE,8,,,2016,,TRUE,FALSE,FALSE,"LC","LC","yellowfin bream","fish"
219127,"Chordata","Teleostei","Eupercaria incertae sedis","Scaridae","Scarus","Scarus ghobban",FALSE,4,,,2015,,TRUE,FALSE,FALSE,"LC","LC","bluechin parrotfish","fish"
209219,"Chordata","Teleostei","Eupercaria incertae sedis","Nemipteridae","Scolopsis","Scolopsis bilineata",FALSE,1,,,2002,,TRUE,TRUE,FALSE,"LC","LC",,"fish"
276788,"Chordata","Teleostei","Eupercaria incertae sedis","Nemipteridae","Scolopsis","Scolopsis monogramma",FALSE,8,,,2016,,TRUE,FALSE,FALSE,"LC","LC",,"fish"
276789,"Chordata","Teleostei","Eupercaria incertae sedis","Nemipteridae","Scolopsis","Scolopsis taenioptera",FALSE,2,,,2016,,TRUE,FALSE,FALSE,"LC","LC",,"fish"
209217,"Chordata","Teleostei","Eupercaria incertae sedis","Nemipteridae","Scolopsis","Scolopsis vosmeri",FALSE,2,,,2016,,TRUE,FALSE,FALSE,"LC","LC","whitecheek monocle bream","fish"
1021365,"Chordata","Teleostei","Eupercaria incertae sedis","Sillaginidae","Sillaginops","Sillaginops macrolepis",FALSE,1,,,2002,,TRUE,TRUE,FALSE,,,,"fish"
218370,"Chordata","Teleostei","Eupercaria incertae sedis","Sillaginidae","Sillago","Sillago aeolus",FALSE,12,,,2016,,TRUE,FALSE,FALSE,,,"Oriental sillago","fish"
273941,"Chordata","Teleostei","Eupercaria incertae sedis","Sillaginidae","Sillago","Sillago indica",FALSE,6,,,2016,,TRUE,FALSE,FALSE,"DD","DD",,"fish"
127046,"Chordata","Teleostei","Eupercaria incertae sedis","Sillaginidae","Sillago","Sillago sihama",FALSE,10,,,2016,,TRUE,FALSE,FALSE,"LC","LC","silver sillago","fish"
219063,"Chordata","Teleostei","Eupercaria incertae sedis","Labridae","Stethojulis","Stethojulis interrupta",FALSE,1,,,2002,,TRUE,TRUE,FALSE,"LC","LC","cutribbon wrasse","fish"
278742,"Chordata","Teleostei","Eupercaria incertae sedis","Labridae","Suezichthys","Suezichthys gracilis",FALSE,1,,,2015,,TRUE,FALSE,FALSE,"LC","LC",,"fish"
212209,"Chordata","Teleostei","Eupercaria incertae sedis","Labridae","Thalassoma","Thalassoma lunare",FALSE,1,,,2016,,TRUE,FALSE,FALSE,"LC","LC","moon wrasse","fish"
283196,"Chordata","Teleostei","Eupercaria incertae sedis","Labridae","Xiphocheilus","Xiphocheilus typus",FALSE,7,,,2016,,TRUE,FALSE,FALSE,"LC","LC",,"fish"
219372,"Chordata","Teleostei","Gobiiformes","Gobiidae","Acentrogobius","Acentrogobius caninus",FALSE,26,,,2016,,TRUE,FALSE,FALSE,"LC","LC","tropical sand goby","fish"
278782,"Chordata","Teleostei","Gobiiformes","Gobiidae","Acentrogobius","Acentrogobius janthinopterus",FALSE,1,,,2002,,TRUE,TRUE,FALSE,"LC","LC",,"fish"
219369,"Chordata","Teleostei","Gobiiformes","Gobiidae","Acentrogobius","Acentrogobius viridipunctatus",FALSE,2,,,2016,,TRUE,FALSE,FALSE,"LC","LC",,"fish"
278651,"Chordata","Teleostei","Gobiiformes","Gobiidae","Amblygobius","Amblygobius decussatus",FALSE,1,,,2002,,TRUE,TRUE,FALSE,"LC","LC",,"fish"
278655,"Chordata","Teleostei","Gobiiformes","Gobiidae","Amblygobius","Amblygobius phalaena",FALSE,4,,,1997,,TRUE,FALSE,FALSE,"LC","LC",,"fish"
279687,"Chordata","Teleostei","Gobiiformes","Gobiidae","Arcygobius","Arcygobius baliurus",FALSE,1,,,,,TRUE,FALSE,FALSE,"DD","DD",,"fish"
279838,"Chordata","Teleostei","Gobiiformes","Gobiidae","Aulopareia","Aulopareia unicolor",FALSE,3,,,2016,,TRUE,FALSE,FALSE,"LC","LC",,"fish"
277626,"Chordata","Teleostei","Gobiiformes","Gobiidae","Bathygobius","Bathygobius hongkongensis",FALSE,1,,,2002,,TRUE,TRUE,FALSE,,,,"fish"
219352,"Chordata","Teleostei","Gobiiformes","Eleotridae","Butis","Butis koilomatodon",FALSE,1,,,,,TRUE,FALSE,FALSE,"LC","LC","mud sleeper","fish"
278334,"Chordata","Teleostei","Gobiiformes","Gobiidae","Cryptocentrus","Cryptocentrus leptocephalus",FALSE,1,,,2002,,TRUE,TRUE,FALSE,"LC","LC",,"fish"
219434,"Chordata","Teleostei","Gobiiformes","Gobiidae","Cryptocentrus","Cryptocentrus octofasciatus",FALSE,1,,,2002,,TRUE,TRUE,FALSE,,,"blue-speckled prawn goby","fish"
219447,"Chordata","Teleostei","Gobiiformes","Gobiidae","Drombus","Drombus triangularis",FALSE,1,,,2002,,TRUE,TRUE,FALSE,"LC","LC",,"fish"
277788,"Chordata","Teleostei","Gobiiformes","Gobiidae","Gobiopsis","Gobiopsis macrostoma",FALSE,1,,,2015,,TRUE,FALSE,FALSE,,,,"fish"
281597,"Chordata","Teleostei","Gobiiformes","Gobiidae","Myersina","Myersina filifer",FALSE,4,,,2016,,TRUE,FALSE,FALSE,"LC","LC",,"fish"
273454,"Chordata","Teleostei","Gobiiformes","Gobiidae","Oxyurichthys","Oxyurichthys auchenolepis",FALSE,3,,,2015,,TRUE,FALSE,FALSE,,,,"fish"
273467,"Chordata","Teleostei","Gobiiformes","Gobiidae","Oxyurichthys","Oxyurichthys uronema",FALSE,1,,,,,TRUE,FALSE,FALSE,,,,"fish"
219534,"Chordata","Teleostei","Gobiiformes","Gobiidae","Parachaeturichthys","Parachaeturichthys polynema",FALSE,13,,,2016,,TRUE,FALSE,FALSE,"LC","LC",,"fish"
277122,"Chordata","Teleostei","Gobiiformes","Microdesmidae","Ptereleotris","Ptereleotris hanae",FALSE,1,,,2002,,TRUE,TRUE,FALSE,"LC","LC",,"fish"
402817,"Chordata","Teleostei","Gobiiformes","Gobiidae","Tomiyamichthys","Tomiyamichthys russus",FALSE,1,,,2015,,TRUE,FALSE,FALSE,,,,"fish"
219593,"Chordata","Teleostei","Gobiiformes","Gobiidae","Trypauchen","Trypauchen vagina",FALSE,16,,,2016,,TRUE,FALSE,FALSE,"LC","LC",,"fish"
219596,"Chordata","Teleostei","Gobiiformes","Gobiidae","Valenciennea","Valenciennea wardii",FALSE,1,,,2016,,TRUE,FALSE,FALSE,"LC","LC","Ward's sleeper","fish"
217928,"Chordata","Teleostei","Holocentriformes","Holocentridae","Myripristis","Myripristis hexagona",FALSE,3,,,2016,,TRUE,FALSE,FALSE,"LC","LC","blacktip soldierfish","fish"
217945,"Chordata","Teleostei","Holocentriformes","Holocentridae","Sargocentron","Sargocentron praslin",FALSE,1,,,2002,,TRUE,TRUE,FALSE,"LC","LC","brownspot squirrelfish","fish"
126400,"Chordata","Teleostei","Holocentriformes","Holocentridae","Sargocentron","Sargocentron rubrum",FALSE,3,,,2016,,TRUE,TRUE,FALSE,"LC","LC","redcoat","fish"
217950,"Chordata","Teleostei","Holocentriformes","Holocentridae","Sargocentron","Sargocentron spiniferum",FALSE,1,,,2002,,TRUE,TRUE,FALSE,"LC","LC","sabre squirrelfish","fish"
217949,"Chordata","Teleostei","Holocentriformes","Holocentridae","Sargocentron","Sargocentron tiereoides",FALSE,1,,,2002,,TRUE,TRUE,FALSE,"LC","LC",,"fish"
209308,"Chordata","Teleostei","Kurtiformes","Apogonidae","Apogon","Apogon crassiceps",FALSE,1,,,2002,,TRUE,TRUE,FALSE,"LC","LC",,"fish"
475088,"Chordata","Teleostei","Kurtiformes","Apogonidae","Apogonichthyoides","Apogonichthyoides niger",FALSE,2,,,2016,,TRUE,FALSE,FALSE,"LC","LC",,"fish"
209391,"Chordata","Teleostei","Kurtiformes","Apogonidae","Apogonichthyoides","Apogonichthyoides taeniatus",FALSE,1,,,2002,,TRUE,TRUE,FALSE,"LC","LC",,"fish"
209371,"Chordata","Teleostei","Kurtiformes","Apogonidae","Cheilodipterus","Cheilodipterus quinquelineatus",FALSE,3,,,2015,,TRUE,TRUE,FALSE,"LC","LC","fivelined cardinalfish","fish"
209401,"Chordata","Teleostei","Kurtiformes","Apogonidae","Fowleria","Fowleria aurita",FALSE,1,,,2002,,TRUE,TRUE,FALSE,"LC","LC","crosseyed cardinalfish","fish"
1059799,"Chordata","Teleostei","Kurtiformes","Apogonidae","Jaydia","Jaydia poeciloptera",FALSE,2,,,2016,,TRUE,FALSE,FALSE,,,,"fish"
1010651,"Chordata","Teleostei","Kurtiformes","Apogonidae","Jaydia","Jaydia striatodes",FALSE,1,,,2015,,TRUE,FALSE,FALSE,,,,"fish"
713309,"Chordata","Teleostei","Kurtiformes","Apogonidae","Jaydia","Jaydia truncata",FALSE,13,,,2016,,TRUE,FALSE,FALSE,,,"flagfin cardinalfish","fish"
712649,"Chordata","Teleostei","Kurtiformes","Apogonidae","Ostorhinchus","Ostorhinchus cavitensis",FALSE,1,,,2002,,TRUE,TRUE,FALSE,,,,"fish"
713303,"Chordata","Teleostei","Kurtiformes","Apogonidae","Ostorhinchus","Ostorhinchus doederleini",FALSE,1,,,2002,,TRUE,TRUE,FALSE,"LC","LC",,"fish"
712656,"Chordata","Teleostei","Kurtiformes","Apogonidae","Ostorhinchus","Ostorhinchus fasciatus",FALSE,7,,,2016,,TRUE,FALSE,FALSE,"LC","LC",,"fish"
712683,"Chordata","Teleostei","Kurtiformes","Apogonidae","Ostorhinchus","Ostorhinchus pleuron",FALSE,57,,,2016,,TRUE,FALSE,FALSE,,,,"fish"
1010872,"Chordata","Teleostei","Kurtiformes","Apogonidae","Taeniamia","Taeniamia fucata",FALSE,1,,,2002,,TRUE,TRUE,FALSE,"LC","LC",,"fish"
1043477,"Chordata","Teleostei","Mugiliformes","Mugilidae","Crenimugil","Crenimugil seheli",FALSE,1,,,2014,,TRUE,FALSE,FALSE,"LC","LC",,"fish"
126983,"Chordata","Teleostei","Mugiliformes","Mugilidae","Mugil","Mugil cephalus",FALSE,1,,,2002,,TRUE,TRUE,FALSE,"LC","LC","grey mullet, muge","fish"
1043605,"Chordata","Teleostei","Mugiliformes","Mugilidae","Osteomugil","Osteomugil perusii",FALSE,2,,,2016,,TRUE,FALSE,FALSE,"LC","LC",,"fish"
1043422,"Chordata","Teleostei","Mugiliformes","Mugilidae","Planiliza","Planiliza affinis",FALSE,8,,,2014,,TRUE,FALSE,FALSE,,,,"fish"
1043426,"Chordata","Teleostei","Mugiliformes","Mugilidae","Planiliza","Planiliza subviridis",FALSE,3,,,2016,,TRUE,FALSE,FALSE,"LC","LC",,"fish"
218657,"Chordata","Teleostei","Mulliformes","Mullidae","Parupeneus","Parupeneus heptacanthus",FALSE,1,,,2016,,TRUE,FALSE,FALSE,"LC","LC","cinnabar goatfish, rouget-barbet cinnabare","fish"
218658,"Chordata","Teleostei","Mulliformes","Mullidae","Parupeneus","Parupeneus indicus",FALSE,2,,,2016,,TRUE,TRUE,FALSE,"LC","LC","Indian goatfish, rouget-barbet indien","fish"
273669,"Chordata","Teleostei","Mulliformes","Mullidae","Upeneus","Upeneus luzonius",FALSE,2,,,2016,,TRUE,FALSE,FALSE,,,,"fish"
218690,"Chordata","Teleostei","Mulliformes","Mullidae","Upeneus","Upeneus sulphureus",FALSE,4,,,2016,,TRUE,FALSE,FALSE,"LC","LC","sulphur goatfish","fish"
273673,"Chordata","Teleostei","Mulliformes","Mullidae","Upeneus","Upeneus sundaicus",FALSE,14,,,2016,,TRUE,TRUE,FALSE,"LC","LC",,"fish"
218689,"Chordata","Teleostei","Mulliformes","Mullidae","Upeneus","Upeneus tragula",FALSE,2,,,2016,,TRUE,TRUE,FALSE,"LC","LC","freckled goatfish","fish"
475074,"Chordata","Teleostei","Ophidiiformes","Bythitidae","Alionematichthys","Alionematichthys riukiuensis",FALSE,1,,,2002,,TRUE,TRUE,FALSE,"LC","LC",,"fish"
217797,"Chordata","Teleostei","Ophidiiformes","Ophidiidae","Brotula","Brotula multibarbata",FALSE,2,,,2015,,TRUE,FALSE,FALSE,"LC","LC","goatsbeard brotula","fish"
282811,"Chordata","Teleostei","Ophidiiformes","Ophidiidae","Sirembo","Sirembo jerdoni",FALSE,10,,,2016,,TRUE,FALSE,FALSE,"LC","LC",,"fish"
212885,"Chordata","Teleostei","Ovalentaria incertae sedis","Pomacentridae","Abudefduf","Abudefduf bengalensis",FALSE,3,,,2014,,TRUE,TRUE,FALSE,"LC","LC",,"fish"
159288,"Chordata","Teleostei","Ovalentaria incertae sedis","Pomacentridae","Abudefduf","Abudefduf saxatilis",FALSE,1,,,2002,,TRUE,TRUE,FALSE,"LC","LC","sergeant major","fish"
212879,"Chordata","Teleostei","Ovalentaria incertae sedis","Pomacentridae","Abudefduf","Abudefduf vaigiensis",FALSE,1,,,,,TRUE,FALSE,FALSE,"LC","LC","Indo-Pacific sergeant","fish"
277740,"Chordata","Teleostei","Ovalentaria incertae sedis","Ambassidae","Ambassis","Ambassis vachellii",FALSE,3,,,2016,,TRUE,FALSE,FALSE,"LC","LC",,"fish"
277597,"Chordata","Teleostei","Ovalentaria incertae sedis","Pomacentridae","Amblyglyphidodon","Amblyglyphidodon curacao",FALSE,1,,,2002,,TRUE,TRUE,FALSE,"LC","LC",,"fish"
273761,"Chordata","Teleostei","Ovalentaria incertae sedis","Pomacentridae","Chromis","Chromis xanthochira",FALSE,1,,,2002,,TRUE,TRUE,FALSE,"LC","LC",,"fish"
280379,"Chordata","Teleostei","Ovalentaria incertae sedis","Pseudochromidae","Congrogadus","Congrogadus subducens",FALSE,1,,,2002,,TRUE,TRUE,FALSE,"LC","LC",,"fish"
278451,"Chordata","Teleostei","Ovalentaria incertae sedis","Pomacentridae","Dascyllus","Dascyllus melanurus",FALSE,1,,,2002,,TRUE,TRUE,FALSE,"LC","LC",,"fish"
218833,"Chordata","Teleostei","Ovalentaria incertae sedis","Pomacentridae","Neoglyphidodon","Neoglyphidodon melas",FALSE,1,,,2002,,TRUE,TRUE,FALSE,"LC","LC",,"fish"
278911,"Chordata","Teleostei","Ovalentaria incertae sedis","Pomacentridae","Neopomacentrus","Neopomacentrus bankieri",FALSE,2,,,2015,,TRUE,TRUE,FALSE,"LC","LC",,"fish"
276464,"Chordata","Teleostei","Ovalentaria incertae sedis","Opistognathidae","Opistognathus","Opistognathus macrolepis",FALSE,1,,,2015,,TRUE,FALSE,FALSE,,,,"fish"
1605250,"Chordata","Teleostei","Ovalentaria incertae sedis","Pomacentridae","Plectroglyphidodon","Plectroglyphidodon altus",FALSE,1,,,2014,,TRUE,FALSE,FALSE,,,,"fish"
221449,"Chordata","Teleostei","Perciformes","Tetrarogidae","Ablabys","Ablabys taenianotus",FALSE,1,,,2016,,TRUE,FALSE,FALSE,,,,"fish"
221440,"Chordata","Teleostei","Perciformes","Apistidae","Apistus","Apistus carinatus",FALSE,11,,,2016,,TRUE,FALSE,FALSE,"LC","LC","ocellated waspfish","fish"
279987,"Chordata","Teleostei","Perciformes","Scorpaenidae","Brachypterois","Brachypterois serrulata",FALSE,2,,,2016,,TRUE,FALSE,FALSE,,,,"fish"
218174,"Chordata","Teleostei","Perciformes","Serranidae","Cephalopholis","Cephalopholis argus",FALSE,1,,,2002,,TRUE,TRUE,FALSE,"LC","LC","peacock grouper","fish"
218182,"Chordata","Teleostei","Perciformes","Serranidae","Cephalopholis","Cephalopholis boenak",FALSE,9,,,2016,,TRUE,TRUE,FALSE,"LC","LC","chocolate hind","fish"
277235,"Chordata","Teleostei","Perciformes","Serranidae","Diploprion","Diploprion bifasciatum",FALSE,2,,,2016,,TRUE,TRUE,FALSE,"LC","LC",,"fish"
398454,"Chordata","Teleostei","Perciformes","Platycephalidae","Elates","Elates ransonnettii",FALSE,2,,,2016,,TRUE,FALSE,FALSE,,,,"fish"
273833,"Chordata","Teleostei","Perciformes","Serranidae","Epinephelus","Epinephelus akaara",FALSE,1,,,2002,,TRUE,TRUE,FALSE,"EN","EN",,"fish"
218204,"Chordata","Teleostei","Perciformes","Serranidae","Epinephelus","Epinephelus areolatus",FALSE,2,,,2016,,TRUE,FALSE,FALSE,"LC","LC","areolate grouper","fish"
218217,"Chordata","Teleostei","Perciformes","Serranidae","Epinephelus","Epinephelus ongus",FALSE,1,,,2002,,TRUE,TRUE,FALSE,"LC","LC","white-streaked grouper","fish"
218252,"Chordata","Teleostei","Perciformes","Serranidae","Epinephelus","Epinephelus quoyanus",FALSE,14,,,2016,,TRUE,TRUE,FALSE,"LC","LC","longfin grouper","fish"
273867,"Chordata","Teleostei","Perciformes","Serranidae","Epinephelus","Epinephelus sexfasciatus",FALSE,28,,,2016,,TRUE,TRUE,FALSE,"LC","LC",,"fish"
278548,"Chordata","Teleostei","Perciformes","Platycephalidae","Grammoplites","Grammoplites scaber",FALSE,2,,,2016,,TRUE,FALSE,FALSE,,,,"fish"
281179,"Chordata","Teleostei","Perciformes","Platycephalidae","Inegocia","Inegocia japonica",FALSE,16,,,2016,,TRUE,FALSE,FALSE,"LC","LC",,"fish"
218141,"Chordata","Teleostei","Perciformes","Platycephalidae","Kumococius","Kumococius rodericensis",FALSE,1,,,2002,,TRUE,TRUE,FALSE,"LC","LC",,"fish"
274880,"Chordata","Teleostei","Perciformes","Triglidae","Lepidotrigla","Lepidotrigla alata",FALSE,8,,,2016,,TRUE,FALSE,FALSE,,,,"fish"
215615,"Chordata","Teleostei","Perciformes","Synanceiidae","Minous","Minous monodactylus",FALSE,2,,,2015,,TRUE,FALSE,FALSE,"LC","LC","grey stingfish","fish"
278479,"Chordata","Teleostei","Perciformes","Platycephalidae","Onigocia","Onigocia spinosa",FALSE,5,,,2016,,TRUE,FALSE,FALSE,"LC","LC",,"fish"
277237,"Chordata","Teleostei","Perciformes","Tetrarogidae","Paracentropogon","Paracentropogon rubripinnis",FALSE,1,,,2002,,TRUE,TRUE,FALSE,,,,"fish"
219155,"Chordata","Teleostei","Perciformes","Pinguipedidae","Parapercis","Parapercis cylindrica",FALSE,1,,,2002,,TRUE,TRUE,FALSE,"LC","LC","cylindrical sandperch","fish"
276994,"Chordata","Teleostei","Perciformes","Pinguipedidae","Parapercis","Parapercis filamentosa",FALSE,11,,,2016,,TRUE,FALSE,FALSE,,,,"fish"
712808,"Chordata","Teleostei","Perciformes","Pinguipedidae","Parapercis","Parapercis lutevittata",FALSE,10,,,2016,,TRUE,FALSE,FALSE,,,,"fish"
277008,"Chordata","Teleostei","Perciformes","Pinguipedidae","Parapercis","Parapercis ommatura",FALSE,3,,,2016,,TRUE,FALSE,FALSE,,,,"fish"
219148,"Chordata","Teleostei","Perciformes","Pinguipedidae","Parapercis","Parapercis pulchella",FALSE,5,,,2016,,TRUE,FALSE,FALSE,"LC","LC","harlequin sandsmelt","fish"
277014,"Chordata","Teleostei","Perciformes","Pinguipedidae","Parapercis","Parapercis sexfasciata",FALSE,1,,,2016,,TRUE,FALSE,FALSE,,,,"fish"
218065,"Chordata","Teleostei","Perciformes","Scorpaenidae","Parascorpaena","Parascorpaena aurita",FALSE,1,,,2002,,TRUE,TRUE,FALSE,"LC","LC",,"fish"
274656,"Chordata","Teleostei","Perciformes","Platycephalidae","Platycephalus","Platycephalus cultellatus",FALSE,1,,,2016,,TRUE,FALSE,FALSE,,,,"fish"
218082,"Chordata","Teleostei","Perciformes","Scorpaenidae","Pterois","Pterois russelii",FALSE,3,,,2016,,TRUE,FALSE,FALSE,"LC","LC",,"fish"
218150,"Chordata","Teleostei","Perciformes","Platycephalidae","Rogadius","Rogadius asper",FALSE,1,,,,,TRUE,FALSE,FALSE,"LC","LC",,"fish"
277520,"Chordata","Teleostei","Perciformes","Scorpaenidae","Scorpaenopsis","Scorpaenopsis cirrosa",FALSE,1,,,2002,,TRUE,TRUE,FALSE,,,,"fish"
277527,"Chordata","Teleostei","Perciformes","Scorpaenidae","Scorpaenopsis","Scorpaenopsis macrochir",FALSE,1,,,2016,,TRUE,FALSE,FALSE,"LC","LC",,"fish"
277537,"Chordata","Teleostei","Perciformes","Scorpaenidae","Scorpaenopsis","Scorpaenopsis ramaraoi",FALSE,3,,,2016,,TRUE,FALSE,FALSE,"LC","LC",,"fish"
282738,"Chordata","Teleostei","Perciformes","Sebastidae","Sebastiscus","Sebastiscus marmoratus",FALSE,3,,,2016,,TRUE,FALSE,FALSE,,,,"fish"
278240,"Chordata","Teleostei","Perciformes","Platycephalidae","Sorsogona","Sorsogona tuberculata",FALSE,5,,,2016,,TRUE,FALSE,FALSE,"LC","LC",,"fish"
218157,"Chordata","Teleostei","Perciformes","Platycephalidae","Thysanophrys","Thysanophrys celebica",FALSE,1,,,2002,,TRUE,TRUE,FALSE,"LC","LC",,"fish"
283026,"Chordata","Teleostei","Perciformes","Synanceiidae","Trachicephalus","Trachicephalus uranoscopus",FALSE,28,,,2016,,TRUE,FALSE,FALSE,"LC","LC",,"fish"
274028,"Chordata","Teleostei","Perciformes","Uranoscopidae","Uranoscopus","Uranoscopus affinis",FALSE,1,,,,,TRUE,FALSE,FALSE,,,,"fish"
283146,"Chordata","Teleostei","Perciformes","Tetrarogidae","Vespicula","Vespicula trachinoides",FALSE,2,,,2015,,TRUE,FALSE,FALSE,,,,"fish"
219819,"Chordata","Teleostei","Pleuronectiformes","Soleidae","Aesopia","Aesopia cornuta",FALSE,7,,,2016,,TRUE,FALSE,FALSE,"LC","LC","unicorn sole","fish"
274179,"Chordata","Teleostei","Pleuronectiformes","Bothidae","Arnoglossus","Arnoglossus tenuis",FALSE,3,,,2016,,TRUE,FALSE,FALSE,"LC","LC",,"fish"
279726,"Chordata","Teleostei","Pleuronectiformes","Soleidae","Aseraggodes","Aseraggodes kobensis",FALSE,5,,,2016,,TRUE,FALSE,FALSE,"LC","LC",,"fish"
279967,"Chordata","Teleostei","Pleuronectiformes","Soleidae","Brachirus","Brachirus orientalis",FALSE,1,,,2015,,TRUE,FALSE,FALSE,"LC","LC",,"fish"
279986,"Chordata","Teleostei","Pleuronectiformes","Citharidae","Brachypleura","Brachypleura novaezeelandiae",FALSE,11,,,2016,,TRUE,FALSE,FALSE,"LC","LC",,"fish"
274193,"Chordata","Teleostei","Pleuronectiformes","Cynoglossidae","Cynoglossus","Cynoglossus arel",FALSE,31,,,2016,,TRUE,FALSE,FALSE,"DD","DD",,"fish"
219846,"Chordata","Teleostei","Pleuronectiformes","Cynoglossidae","Cynoglossus","Cynoglossus bilineatus",FALSE,7,,,2016,,TRUE,FALSE,FALSE,,,"fourlined tonguesole","fish"
274198,"Chordata","Teleostei","Pleuronectiformes","Cynoglossidae","Cynoglossus","Cynoglossus cynoglossus",FALSE,39,,,2016,,TRUE,FALSE,FALSE,"LC","LC",,"fish"
274204,"Chordata","Teleostei","Pleuronectiformes","Cynoglossidae","Cynoglossus","Cynoglossus itinus",FALSE,1,,,2002,,TRUE,TRUE,FALSE,"LC","LC",,"fish"
219856,"Chordata","Teleostei","Pleuronectiformes","Cynoglossidae","Cynoglossus","Cynoglossus kopsii",FALSE,3,,,2015,,TRUE,FALSE,FALSE,"LC","LC",,"fish"
274212,"Chordata","Teleostei","Pleuronectiformes","Cynoglossidae","Cynoglossus","Cynoglossus maculipinnis",FALSE,1,,,2014,,TRUE,FALSE,FALSE,"LC","LC",,"fish"
398702,"Chordata","Teleostei","Pleuronectiformes","Cynoglossidae","Cynoglossus","Cynoglossus ochiaii",FALSE,11,,,2016,,TRUE,FALSE,FALSE,"LC","LC",,"fish"
274217,"Chordata","Teleostei","Pleuronectiformes","Cynoglossidae","Cynoglossus","Cynoglossus ogilbyi",FALSE,14,,,2016,,TRUE,FALSE,FALSE,"LC","LC",,"fish"
219802,"Chordata","Teleostei","Pleuronectiformes","Bothidae","Engyprosopon","Engyprosopon grandisquama",FALSE,36,,,2016,,TRUE,FALSE,FALSE,"LC","LC","largescale flounder","fish"
281348,"Chordata","Teleostei","Pleuronectiformes","Soleidae","Liachirus","Liachirus melanospilos",FALSE,2,,,2016,,TRUE,FALSE,FALSE,"LC","LC",,"fish"
219810,"Chordata","Teleostei","Pleuronectiformes","Bothidae","Neolaeops","Neolaeops microphthalmus",FALSE,1,,,2016,,TRUE,FALSE,FALSE,"LC","LC",,"fish"
219858,"Chordata","Teleostei","Pleuronectiformes","Cynoglossidae","Paraplagusia","Paraplagusia bilineata",FALSE,21,,,2016,,TRUE,FALSE,FALSE,"LC","LC",,"fish"
278143,"Chordata","Teleostei","Pleuronectiformes","Bothidae","Psettina","Psettina tosana",FALSE,1,,,2002,,TRUE,TRUE,FALSE,"LC","LC",,"fish"
277082,"Chordata","Teleostei","Pleuronectiformes","Paralichthyidae","Pseudorhombus","Pseudorhombus malayanus",FALSE,2,,,2016,,TRUE,FALSE,FALSE,"LC","LC",,"fish"
277088,"Chordata","Teleostei","Pleuronectiformes","Paralichthyidae","Pseudorhombus","Pseudorhombus pentophthalmus",FALSE,3,,,2016,,TRUE,FALSE,FALSE,"LC","LC",,"fish"
274311,"Chordata","Teleostei","Pleuronectiformes","Soleidae","Solea","Solea ovata",FALSE,15,,,2016,,TRUE,FALSE,FALSE,"LC","LC",,"fish"
282929,"Chordata","Teleostei","Pleuronectiformes","Paralichthyidae","Tarphops","Tarphops elegans",FALSE,1,,,2016,,TRUE,FALSE,FALSE,"LC","LC",,"fish"
282930,"Chordata","Teleostei","Pleuronectiformes","Paralichthyidae","Tarphops","Tarphops oligolepis",FALSE,5,,,2016,,TRUE,FALSE,FALSE,"LC","LC",,"fish"
277581,"Chordata","Teleostei","Pleuronectiformes","Soleidae","Zebrias","Zebrias crossolepis",FALSE,1,,,2016,,TRUE,FALSE,FALSE,"DD","DD",,"fish"
219838,"Chordata","Teleostei","Pleuronectiformes","Soleidae","Zebrias","Zebrias quagga",FALSE,6,,,2015,,TRUE,FALSE,FALSE,"LC","LC",,"fish"
277592,"Chordata","Teleostei","Pleuronectiformes","Soleidae","Zebrias","Zebrias zebrinus",FALSE,2,,,2016,,TRUE,FALSE,FALSE,"DD","DD",,"fish"
219752,"Chordata","Teleostei","Scombriformes","Ariommatidae","Ariomma","Ariomma indica",FALSE,5,,,,,TRUE,FALSE,FALSE,,,"Indian ariomma","fish"
127015,"Chordata","Teleostei","Scombriformes","Scombridae","Auxis","Auxis rochei",FALSE,1,,,2015,,TRUE,FALSE,FALSE,"LC","LC","Bonito, bonite","fish"
219708,"Chordata","Teleostei","Scombriformes","Scombridae","Euthynnus","Euthynnus affinis",FALSE,2,,,2016,,TRUE,FALSE,FALSE,"LC","LC","kawakawa, thonine orientale","fish"
281334,"Chordata","Teleostei","Scombriformes","Trichiuridae","Lepturacanthus","Lepturacanthus savala",FALSE,6,,,2016,,TRUE,FALSE,FALSE,,,,"fish"
277902,"Chordata","Teleostei","Scombriformes","Centrolophidae","Psenopsis","Psenopsis anomala",FALSE,9,,,2016,,TRUE,FALSE,FALSE,"LC","LC","Pacific rudderfish","fish"
127020,"Chordata","Teleostei","Scombriformes","Scombridae","Rastrelliger","Rastrelliger kanagurta",FALSE,18,,,2016,,TRUE,FALSE,FALSE,"DD","DD","Indian mackerel","fish"
219715,"Chordata","Teleostei","Scombriformes","Scombridae","Scomber","Scomber australasicus",FALSE,1,,,2016,,TRUE,FALSE,FALSE,"LC","LC","spotted chub mackerel","fish"
127022,"Chordata","Teleostei","Scombriformes","Scombridae","Scomber","Scomber japonicus",FALSE,2,,,2016,,TRUE,FALSE,FALSE,"LC","LC","Atlantic chub mackerel, maquereaux blanc","fish"
127024,"Chordata","Teleostei","Scombriformes","Scombridae","Scomberomorus","Scomberomorus commerson",FALSE,4,,,2016,,TRUE,FALSE,FALSE,"NT","NT","narrow-barred Spanish mackerel","fish"
219722,"Chordata","Teleostei","Scombriformes","Scombridae","Thunnus","Thunnus tonggol",FALSE,1,,,2015,,TRUE,FALSE,FALSE,"DD","DD","longtail tuna, thon mignon","fish"
275569,"Chordata","Teleostei","Siluriformes","Ariidae","Arius","Arius arius",FALSE,2,,,,,TRUE,FALSE,FALSE,"LC","LC",,"fish"
275578,"Chordata","Teleostei","Siluriformes","Ariidae","Arius","Arius maculatus",FALSE,2,,,2016,,TRUE,FALSE,FALSE,,,,"fish"
282296,"Chordata","Teleostei","Siluriformes","Ariidae","Plicofollis","Plicofollis argyropleuron",FALSE,1,,,2016,,TRUE,FALSE,FALSE,,,,"fish"
217659,"Chordata","Teleostei","Siluriformes","Plotosidae","Plotosus","Plotosus lineatus",FALSE,1,,,2002,,TRUE,TRUE,FALSE,,,"striped eel catfish","fish"
127407,"Chordata","Teleostei","Tetraodontiformes","Monacanthidae","Aluterus","Aluterus monoceros",FALSE,3,,,2016,,TRUE,FALSE,FALSE,"LC","LC","unicorn leatherjacket","fish"
219925,"Chordata","Teleostei","Tetraodontiformes","Tetraodontidae","Arothron","Arothron hispidus",FALSE,1,,,2002,,TRUE,TRUE,FALSE,"LC","LC","bristly puffer","fish"
127415,"Chordata","Teleostei","Tetraodontiformes","Tetraodontidae","Lagocephalus","Lagocephalus spadiceus",FALSE,7,,,2016,,TRUE,FALSE,FALSE,"LC","LC",,"fish"
276256,"Chordata","Teleostei","Tetraodontiformes","Monacanthidae","Monacanthus","Monacanthus chinensis",FALSE,4,,,2016,,TRUE,TRUE,FALSE,"LC","LC",,"fish"
278927,"Chordata","Teleostei","Tetraodontiformes","Monacanthidae","Paramonacanthus","Paramonacanthus otisensis",FALSE,1,,,2015,,TRUE,FALSE,FALSE,"LC","LC",,"fish"
278928,"Chordata","Teleostei","Tetraodontiformes","Monacanthidae","Paramonacanthus","Paramonacanthus pusillus",FALSE,1,,,2016,,TRUE,FALSE,FALSE,"LC","LC",,"fish"
278423,"Chordata","Teleostei","Tetraodontiformes","Tetraodontidae","Takifugu","Takifugu poecilonotus",FALSE,1,,,2016,,TRUE,FALSE,FALSE,"LC","LC",,"fish"
1289433,"Cnidaria","Scyphozoa","Semaeostomeae","Pelagiidae","Chrysaora","Chrysaora chinensis",FALSE,,,,,,FALSE,TRUE,FALSE,,,,"jellyfish"
220226,"Chordata","Mammalia","Cetartiodactyla","Delphinidae","Sousa","Sousa chinensis",FALSE,,,,,,FALSE,TRUE,FALSE,"VU","VU","Indo-Pacific humpback dolphin, dauphin à bosse de l'Indo-Pacifique","mammals"
207777,"Mollusca","Bivalvia","Arcida","Arcidae","Barbatia","Barbatia virescens",FALSE,1,,,2014,,TRUE,FALSE,FALSE,,,,"molluscs"
1442981,"Mollusca","Gastropoda","Architaenioglossa","Cyclophoridae","Japonia","Japonia mariei",FALSE,1,,,1998,,TRUE,FALSE,FALSE,,,,"molluscs"
527224,"Mollusca","Gastropoda","Ellobiida","Ellobiidae","Allochroa","Allochroa layardi",FALSE,1,,,1998,,TRUE,FALSE,FALSE,,,,"molluscs"
872444,"Mollusca","Gastropoda","Ellobiida","Ellobiidae","Laemodonta","Laemodonta minuta",FALSE,1,,,1998,,TRUE,FALSE,FALSE,,,,"molluscs"
764337,"Mollusca","Gastropoda","Ellobiida","Ellobiidae","Laemodonta","Laemodonta typica",FALSE,1,,,1998,,TRUE,FALSE,FALSE,,,,"molluscs"
882004,"Mollusca","Gastropoda","Ellobiida","Ellobiidae","Melampus","Melampus pulchellus",FALSE,1,,,1998,,TRUE,TRUE,FALSE,,,,"molluscs"
580834,"Mollusca","Gastropoda","Ellobiida","Ellobiidae","Microtralia","Microtralia alba",FALSE,1,,,1998,,TRUE,TRUE,FALSE,,,,"molluscs"
532183,"Mollusca","Gastropoda","Littorinimorpha","Strombidae","Canarium","Canarium urceus",FALSE,1,,,2014,,TRUE,FALSE,FALSE,,,,"molluscs"
437369,"Mollusca","Gastropoda","Littorinimorpha","Littorinidae","Echinolittorina","Echinolittorina malaccana",FALSE,1,,,1871,,TRUE,FALSE,FALSE,,,,"molluscs"
208934,"Mollusca","Gastropoda","Littorinimorpha","Littorinidae","Littoraria","Littoraria undulata",FALSE,1,,,1871,,TRUE,FALSE,FALSE,"LC","LC","robust shell","molluscs"
216877,"Mollusca","Gastropoda","Littorinimorpha","Cypraeidae","Palmadusta","Palmadusta ziczac",FALSE,1,,,2014,,TRUE,FALSE,FALSE,,,,"molluscs"
527748,"Mollusca","Gastropoda","Neogastropoda","Costellariidae","Vexillum","Vexillum stainforthii",FALSE,1,,,2003,,TRUE,FALSE,FALSE,,,,"molluscs"
446437,"Mollusca","Gastropoda","[unassigned] Caenogastropoda","Batillariidae","Batillaria","Batillaria sordida",FALSE,1,,,1871,,TRUE,FALSE,FALSE,,,,"molluscs"
216719,"Mollusca","Gastropoda","[unassigned] Caenogastropoda","Planaxidae","Planaxis","Planaxis sulcatus",FALSE,1,,,1871,,TRUE,FALSE,FALSE,,,"tropical periwinkle","molluscs"
1698100,"Porifera","Demospongiae","Haplosclerida","Chalinidae","Cladocroce","Cladocroce pansinii",FALSE,1,,,2003,,TRUE,FALSE,FALSE,,,,"sponges"
1546345,"Porifera","Demospongiae","Spongillida","Spongillidae","Spongilla","Spongilla manconiae",FALSE,2,,,2018,,TRUE,TRUE,FALSE,,,,"sponges"
