"AphiaID","phylum","class","order","family","genus","species","records","max_year","target_gene","source_obis","source_gbif","source_dna","category","redlist_category","vernacular","group"
549192,"Bacillariophyta","Bacillariophyceae","Chaetocerotanae incertae sedis","Chaetocerotaceae","Chaetoceros","Chaetoceros dicladia",,,,FALSE,TRUE,FALSE,,,,"algae"
376341,"Chlorophyta","Ulvophyceae","Ulvales","Ulvaceae","Ulva","Ulva hookeriana",,,,FALSE,TRUE,FALSE,,,,"algae"
373370,"Ochrophyta","Phaeophyceae","Fucales","Durvillaeaceae","Durvillaea","Durvillaea antarctica",,,,FALSE,TRUE,FALSE,,,,"algae"
145724,"Ochrophyta","Phaeophyceae","Laminariales","Laminariaceae","Laminaria","Laminaria digitata",2,1990,,TRUE,FALSE,FALSE,,,,"algae"
373468,"Ochrophyta","Phaeophyceae","Laminariales","Lessoniaceae","Lessonia","Lessonia brevifolia",,,,FALSE,TRUE,FALSE,,,,"algae"
499773,"Ochrophyta","Phaeophyceae","Laminariales","Lessoniaceae","Lessonia","Lessonia flavicans",,,,FALSE,TRUE,FALSE,,,,"algae"
626037,"Rhodophyta","Bangiophyceae","Bangiales","Bangiaceae","Pyropia","Pyropia columbina",,,,FALSE,TRUE,FALSE,,,,"algae"
214079,"Rhodophyta","Florideophyceae","Balliales","Balliaceae","Ballia","Ballia callitricha",,,,FALSE,TRUE,FALSE,,,,"algae"
325495,"Rhodophyta","Florideophyceae","Bonnemaisoniales","Bonnemaisoniaceae","Delisea","Delisea pulchra",,,,FALSE,TRUE,FALSE,,,,"algae"
373645,"Rhodophyta","Florideophyceae","Ceramiales","Rhodomelaceae","Bostrychia","Bostrychia vaga",,,,FALSE,TRUE,FALSE,,,,"algae"
373644,"Rhodophyta","Florideophyceae","Ceramiales","Delesseriaceae","Schizoseris","Schizoseris condensata",,,,FALSE,TRUE,FALSE,,,,"algae"
371618,"Rhodophyta","Florideophyceae","Ceramiales","Delesseriaceae","Schizoseris","Schizoseris dichotoma",,,,FALSE,TRUE,FALSE,,,,"algae"
325421,"Rhodophyta","Florideophyceae","Gigartinales","Cystocloniaceae","Acanthococcus","Acanthococcus antarcticus",,,,FALSE,TRUE,FALSE,,,,"algae"
325522,"Rhodophyta","Florideophyceae","Gigartinales","Gigartinaceae","Iridaea","Iridaea cordata",1,,,TRUE,TRUE,FALSE,,,,"algae"
373489,"Rhodophyta","Florideophyceae","Nemaliales","Scinaiaceae","Nothogenia","Nothogenia fastigiata",,,,FALSE,TRUE,FALSE,,,,"algae"
325542,"Rhodophyta","Florideophyceae","Palmariales","Palmariaceae","Palmaria","Palmaria decipiens",,,,FALSE,TRUE,FALSE,,,,"algae"
325541,"Rhodophyta","Florideophyceae","Palmariales","Palmariaceae","Palmaria","Palmaria georgica",,,,FALSE,TRUE,FALSE,,,,"algae"
325552,"Rhodophyta","Florideophyceae","Plocamiales","Plocamiaceae","Plocamium","Plocamium hookeri",,,,FALSE,TRUE,FALSE,,,,"algae"
225778,"Chordata","Aves","Anseriformes","Anatidae","Anas","Anas eatoni",,,,FALSE,TRUE,FALSE,"VU","VU","Eaton's pintail, canard d'Eaton","birds"
225982,"Chordata","Aves","Charadriiformes","Chionidae","Chionis","Chionis minor",4,2005,,TRUE,TRUE,FALSE,"LC","LC","black-faced sheathbill, Petit Chionis","birds"
212624,"Chordata","Aves","Charadriiformes","Laridae","Larus","Larus dominicanus",17,2016,,TRUE,TRUE,FALSE,"LC","LC","kelp gull, goéland dominicain","birds"
567471,"Chordata","Aves","Charadriiformes","Stercorariidae","Stercorarius","Stercorarius antarcticus",153,2016,,TRUE,TRUE,FALSE,,,"brown skua, labbe antarctique","birds"
422607,"Chordata","Aves","Charadriiformes","Stercorariidae","Stercorarius","Stercorarius maccormicki",5,1949,,TRUE,TRUE,FALSE,,,"South Polar skua, labbe de McCormick","birds"
137174,"Chordata","Aves","Charadriiformes","Stercorariidae","Stercorarius","Stercorarius skua",232,1955,,TRUE,TRUE,FALSE,,,"great skua, stercoraire brun","birds"
137165,"Chordata","Aves","Charadriiformes","Laridae","Sterna","Sterna paradisaea",,,,FALSE,TRUE,FALSE,"LC","LC","Arctic tern, sterne à longue queue","birds"
225766,"Chordata","Aves","Charadriiformes","Laridae","Sterna","Sterna vittata",18,2016,,TRUE,TRUE,FALSE,"LC","LC","Antarctic tern, Sterne couronnée","birds"
1603882,"Chordata","Aves","Pelecaniformes","Phalacrocoracidae","Leucocarbo","Leucocarbo atriceps",,,,FALSE,TRUE,FALSE,"LC","LC",,"birds"
225759,"Chordata","Aves","Pelecaniformes","Phalacrocoracidae","Phalacrocorax","Phalacrocorax atriceps",23,1997,,TRUE,FALSE,FALSE,,,"imperial shag, Cormoran impérial","birds"
226011,"Chordata","Aves","Pelecaniformes","Phalacrocoracidae","Phalacrocorax","Phalacrocorax atriceps",37,2016,,TRUE,FALSE,FALSE,,,"heard shag","birds"
344020,"Chordata","Aves","Procellariiformes","Procellariidae","Aphrodroma","Aphrodroma brevirostris",27,2016,,TRUE,TRUE,FALSE,"LC","LC","Kerguelen petrel, pétrel de Kerguelen","birds"
212640,"Chordata","Aves","Procellariiformes","Procellariidae","Daption","Daption capense",817,2016,,TRUE,TRUE,FALSE,"LC","LC","Cape petrel, damier du Cap","birds"
344000,"Chordata","Aves","Procellariiformes","Diomedeidae","Diomedea","Diomedea epomophora",13,2016,,TRUE,TRUE,FALSE,"VU","VU","southern royal albatross, albatros royal","birds"
212583,"Chordata","Aves","Procellariiformes","Diomedeidae","Diomedea","Diomedea exulans",143,2016,,TRUE,TRUE,FALSE,"VU","VU","wandering albatross, albatros hurleur","birds"
212695,"Chordata","Aves","Procellariiformes","Hydrobatidae","Fregetta","Fregetta grallaria",1,1985,,TRUE,TRUE,FALSE,"LC","LC","white-bellied storm petrel, océanite à ventre blanc","birds"
212696,"Chordata","Aves","Procellariiformes","Hydrobatidae","Fregetta","Fregetta tropica",7,2016,,TRUE,TRUE,FALSE,"LC","LC","black-bellied storm-petrel, océanite à ventre noir","birds"
212638,"Chordata","Aves","Procellariiformes","Procellariidae","Fulmarus","Fulmarus glacialoides",30,2005,,TRUE,TRUE,FALSE,"LC","LC","southern fulmar, fulmar argenté","birds"
293022,"Chordata","Aves","Procellariiformes","Hydrobatidae","Garrodia","Garrodia nereis",,,,FALSE,TRUE,FALSE,"LC","LC","grey-backed storm petrel, Océanite néréide","birds"
212645,"Chordata","Aves","Procellariiformes","Procellariidae","Halobaena","Halobaena caerulea",58,2016,,TRUE,TRUE,FALSE,"LC","LC","blue petrel, prion bleu","birds"
212636,"Chordata","Aves","Procellariiformes","Procellariidae","Macronectes","Macronectes giganteus",2520,2016,,TRUE,TRUE,FALSE,"LC","LC","southern giant petrel, pétrel géant","birds"
212637,"Chordata","Aves","Procellariiformes","Procellariidae","Macronectes","Macronectes halli",89,2016,,TRUE,TRUE,FALSE,"LC","LC","northern giant petrel, pétrel de Hall","birds"
137190,"Chordata","Aves","Procellariiformes","Hydrobatidae","Oceanites","Oceanites oceanicus",616,2016,,TRUE,TRUE,FALSE,"LC","LC","Wilson's storm petrel, océanite de Wilson","birds"
212646,"Chordata","Aves","Procellariiformes","Procellariidae","Pachyptila","Pachyptila belcheri",13,2016,,TRUE,TRUE,FALSE,"LC","LC","slender-billed prion, prion de belcher","birds"
212649,"Chordata","Aves","Procellariiformes","Procellariidae","Pachyptila","Pachyptila desolata",220,2004,,TRUE,TRUE,FALSE,"LC","LC","Antarctic prion","birds"
225961,"Chordata","Aves","Procellariiformes","Procellariidae","Pachyptila","Pachyptila salvini",34,1997,,TRUE,TRUE,FALSE,"LC","LC","Salvin's prion, prion de salvin","birds"
212648,"Chordata","Aves","Procellariiformes","Procellariidae","Pachyptila","Pachyptila turtur",161,2016,,TRUE,TRUE,FALSE,"LC","LC","fairy prion, prion colombe","birds"
212647,"Chordata","Aves","Procellariiformes","Procellariidae","Pachyptila","Pachyptila vittata",,,,FALSE,TRUE,FALSE,"LC","LC","broad-billed prion, prion de Forster","birds"
225780,"Chordata","Aves","Procellariiformes","Pelecanoididae","Pelecanoides","Pelecanoides georgicus",173,2016,,TRUE,TRUE,FALSE,"LC","LC","South Georgian diving-petrel, puffinure de Géorgie du Sud","birds"
344007,"Chordata","Aves","Procellariiformes","Pelecanoididae","Pelecanoides","Pelecanoides urinatrix",130,2016,,TRUE,TRUE,FALSE,"LC","LC","comma diving-petrel, puffinure plongeur","birds"
212632,"Chordata","Aves","Procellariiformes","Diomedeidae","Phoebetria","Phoebetria fusca",,,,FALSE,TRUE,FALSE,"EN","EN","sooty albatross, albatros brun","birds"
212631,"Chordata","Aves","Procellariiformes","Diomedeidae","Phoebetria","Phoebetria palpebrata",872,2016,,TRUE,TRUE,FALSE,"NT","NT","light-mantled sooty albatross, albatros fuligineux","birds"
212651,"Chordata","Aves","Procellariiformes","Procellariidae","Procellaria","Procellaria aequinoctialis",270,2016,,TRUE,TRUE,FALSE,"VU","VU","white-chinned petrel, puffin à menton blanc","birds"
212652,"Chordata","Aves","Procellariiformes","Procellariidae","Procellaria","Procellaria cinerea",4,2016,,TRUE,TRUE,FALSE,"NT","NT","grey petrel, puffin gris","birds"
225761,"Chordata","Aves","Procellariiformes","Procellariidae","Pterodroma","Pterodroma inexpectata",,,,FALSE,TRUE,FALSE,"NT","NT","Peale's petrel, Pétrel maculé","birds"
212642,"Chordata","Aves","Procellariiformes","Procellariidae","Pterodroma","Pterodroma lessonii",17,2016,,TRUE,TRUE,FALSE,"LC","LC","white-headed petrel, Pétrel de Lesson","birds"
212644,"Chordata","Aves","Procellariiformes","Procellariidae","Pterodroma","Pterodroma macroptera",2,1992,,TRUE,TRUE,FALSE,"LC","LC","great-winged petrel, pétrel noir","birds"
137199,"Chordata","Aves","Procellariiformes","Procellariidae","Pterodroma","Pterodroma mollis",13,2016,,TRUE,TRUE,FALSE,"LC","LC","soft-plumaged petrel, Pétrel soyeux","birds"
137202,"Chordata","Aves","Procellariiformes","Procellariidae","Puffinus","Puffinus griseus",4,2016,,TRUE,TRUE,FALSE,,,"sooty shearwater, puffin fuligineux","birds"
225758,"Chordata","Aves","Procellariiformes","Diomedeidae","Thalassarche","Thalassarche carteri",1,1992,,TRUE,TRUE,FALSE,"EN","EN","Indian yellow-nosed albatross, Albatros de l'océan indien","birds"
159069,"Chordata","Aves","Procellariiformes","Diomedeidae","Thalassarche","Thalassarche chlororhynchos",,,,FALSE,TRUE,FALSE,"EN","EN","yellow-nosed albatross, albatros à nez jaune","birds"
225760,"Chordata","Aves","Procellariiformes","Diomedeidae","Thalassarche","Thalassarche chrysostoma",11,2016,,TRUE,TRUE,FALSE,"EN","EN","grey-headed albatross, albatros à tête grise","birds"
343995,"Chordata","Aves","Procellariiformes","Diomedeidae","Thalassarche","Thalassarche melanophris",5940,2016,,TRUE,TRUE,FALSE,"LC","LC","black-browed albatross","birds"
212639,"Chordata","Aves","Procellariiformes","Procellariidae","Thalassoica","Thalassoica antarctica",7,1990,,TRUE,TRUE,FALSE,"LC","LC","Antarctic petrel, Pétrel antarctique","birds"
212656,"Chordata","Aves","Sphenisciformes","Spheniscidae","Aptenodytes","Aptenodytes patagonicus",5399,2016,,TRUE,TRUE,FALSE,"LC","LC","king penguin, manchot royal","birds"
212657,"Chordata","Aves","Sphenisciformes","Spheniscidae","Eudyptes","Eudyptes chrysocome",95,2016,,TRUE,TRUE,FALSE,"VU","VU","western rockhopper penguin, gorfou sauteur","birds"
212658,"Chordata","Aves","Sphenisciformes","Spheniscidae","Eudyptes","Eudyptes chrysolophus",7240,2016,,TRUE,TRUE,FALSE,"VU","VU","Macaroni penguin, gorfou doré","birds"
1348499,"Chordata","Aves","Sphenisciformes","Spheniscidae","Eudyptes","Eudyptes filholi",,,,FALSE,TRUE,FALSE,,,"Southern rockhopper penguin, Gorfou de Filhol","birds"
225926,"Chordata","Aves","Sphenisciformes","Spheniscidae","Eudyptes","Eudyptes schlegeli",24,1986,,TRUE,TRUE,FALSE,"LC","LC","royal penguin, gorfou de Schlegel","birds"
225987,"Chordata","Aves","Sphenisciformes","Spheniscidae","Eudyptes","Eudyptes sclateri",,,,FALSE,TRUE,FALSE,"EN","EN","erect-crested penguin, gorfou huppé","birds"
225783,"Chordata","Aves","Sphenisciformes","Spheniscidae","Pygoscelis","Pygoscelis antarcticus",1,1949,,TRUE,TRUE,FALSE,"LC","LC","chinstrap penguin, manchot à jugulaire","birds"
225777,"Chordata","Aves","Sphenisciformes","Spheniscidae","Pygoscelis","Pygoscelis papua",55,2016,,TRUE,TRUE,FALSE,"LC","LC","gentoo penguin, Manchot papou","birds"
104688,"Arthropoda","Copepoda","Calanoida","Phaennidae","Cephalophanes","Cephalophanes frigidus",1,1971,,TRUE,FALSE,FALSE,,,,"copepods"
342448,"Arthropoda","Copepoda","Calanoida","Phaennidae","Cornucalanus","Cornucalanus robustus",1,1971,,TRUE,FALSE,FALSE,,,,"copepods"
104794,"Arthropoda","Copepoda","Calanoida","Scolecitrichidae","Scaphocalanus","Scaphocalanus elongatus",1,1971,,TRUE,FALSE,FALSE,,,,"copepods"
357792,"Arthropoda","Copepoda","Cyclopoida","Chondracanthidae","Chondracanthodes","Chondracanthodes tuberofurcatus",1,,,TRUE,FALSE,FALSE,,,,"copepods"
358314,"Arthropoda","Copepoda","Cyclopoida","Chondracanthidae","Diocus","Diocus semilunaris",1,,,TRUE,FALSE,FALSE,,,,"copepods"
135842,"Arthropoda","Copepoda","Siphonostomatoida","Lernaeopodidae","Clavella","Clavella adunca",1,,,TRUE,FALSE,FALSE,,,,"copepods"
358506,"Arthropoda","Copepoda","Siphonostomatoida","Lernaeopodidae","Eubrachiella","Eubrachiella antarctica",1,,,TRUE,FALSE,FALSE,,,,"copepods"
363301,"Arthropoda","Copepoda","Siphonostomatoida","Lernaeopodidae","Eubrachiella","Eubrachiella gaini",1,,,TRUE,FALSE,FALSE,,,,"copepods"
136010,"Arthropoda","Copepoda","Siphonostomatoida","Sphyriidae","Sphyrion","Sphyrion lumpi",2,1990,,TRUE,TRUE,FALSE,,,,"copepods"
237496,"Arthropoda","Malacostraca","Amphipoda","Hyalidae","Apohyale","Apohyale hirtipalma",3,1988,,TRUE,TRUE,FALSE,,,,"crustaceans"
431117,"Arthropoda","Malacostraca","Amphipoda","Caprellidae","Caprellinoides","Caprellinoides tristanensis",1,,,TRUE,TRUE,FALSE,,,,"crustaceans"
237120,"Arthropoda","Malacostraca","Amphipoda","Maeridae","Ceradocopsis","Ceradocopsis kergueleni",1,1985,,TRUE,TRUE,FALSE,,,,"crustaceans"
237210,"Arthropoda","Malacostraca","Amphipoda","Caprellidae","Dodecas","Dodecas elongata",1,,,TRUE,TRUE,FALSE,,,,"crustaceans"
214780,"Arthropoda","Malacostraca","Amphipoda","Pontogeneiidae","Eusiroides","Eusiroides monoculoides",1,,,TRUE,TRUE,FALSE,,,,"crustaceans"
237126,"Arthropoda","Malacostraca","Amphipoda","Amphilochidae","Gitanopsis","Gitanopsis squamosa",1,1988,,TRUE,TRUE,FALSE,,,,"crustaceans"
237188,"Arthropoda","Malacostraca","Amphipoda","Pontogeneiidae","Gondogeneia","Gondogeneia chosroides",1,,,TRUE,TRUE,FALSE,,,,"crustaceans"
103254,"Arthropoda","Malacostraca","Amphipoda","Hyperiidae","Hyperia","Hyperia spinigera",1,,,TRUE,TRUE,FALSE,,,,"crustaceans"
237158,"Arthropoda","Malacostraca","Amphipoda","Iphimediidae","Labriphimedia","Labriphimedia pulchridentata",2,,,TRUE,TRUE,FALSE,,,,"crustaceans"
211357,"Arthropoda","Malacostraca","Amphipoda","Liljeborgiidae","Liljeborgia","Liljeborgia consanguinea",2,,,TRUE,TRUE,FALSE,,,,"crustaceans"
237203,"Arthropoda","Malacostraca","Amphipoda","Ischyroceridae","Notopoma","Notopoma oppositus",2,1988,,TRUE,TRUE,FALSE,,,,"crustaceans"
237222,"Arthropoda","Malacostraca","Amphipoda","Calliopiidae","Oradarea","Oradarea tridentata",1,1988,,TRUE,TRUE,FALSE,,,,"crustaceans"
868477,"Arthropoda","Malacostraca","Amphipoda","Tryphosidae","Orchomenella","Orchomenella cavimanus",1,,,TRUE,TRUE,FALSE,,,,"crustaceans"
237142,"Arthropoda","Malacostraca","Amphipoda","Pontogeneiidae","Paramoera","Paramoera kergueleni",2,1988,,TRUE,TRUE,FALSE,,,,"crustaceans"
237461,"Arthropoda","Malacostraca","Amphipoda","Stenothoidae","Probolisca","Probolisca ovata",2,1988,,TRUE,TRUE,FALSE,,,,"crustaceans"
237350,"Arthropoda","Malacostraca","Amphipoda","Caprellidae","Protellopsis","Protellopsis kergueleni",2,,,TRUE,TRUE,FALSE,,,,"crustaceans"
237117,"Arthropoda","Malacostraca","Amphipoda","Pontogeneiidae","Schraderia","Schraderia gracilis",2,1988,,TRUE,TRUE,FALSE,,,,"crustaceans"
870682,"Arthropoda","Malacostraca","Amphipoda","Tryphosidae","Tasmanosa","Tasmanosa barbatipes",1,,,TRUE,TRUE,FALSE,,,,"crustaceans"
325384,"Arthropoda","Malacostraca","Amphipoda","Hyperiidae","Themisto","Themisto gaudichaudii",2,,,TRUE,TRUE,FALSE,,,,"crustaceans"
237144,"Arthropoda","Malacostraca","Amphipoda","Uristidae","Uristes","Uristes gigas",2,1952,,TRUE,TRUE,FALSE,,,,"crustaceans"
181999,"Arthropoda","Malacostraca","Cumacea","Diastylidae","Diastylopsis","Diastylopsis annulata",1,,,TRUE,TRUE,FALSE,,,,"crustaceans"
236217,"Arthropoda","Malacostraca","Euphausiacea","Euphausiidae","Euphausia","Euphausia superba",1,1998,,TRUE,TRUE,FALSE,"LC","LC","Antarctic krill, krill antarctique","crustaceans"
259520,"Arthropoda","Malacostraca","Isopoda","Janiridae","Caecianiropsis","Caecianiropsis ectiformis",2,1988,,TRUE,TRUE,FALSE,,,,"crustaceans"
259633,"Arthropoda","Malacostraca","Isopoda","Paranthuridae","Califanthura","Califanthura pingouin",2,1988,,TRUE,TRUE,FALSE,,,,"crustaceans"
175200,"Arthropoda","Malacostraca","Isopoda","Sphaeromatidae","Cassidinopsis","Cassidinopsis emarginata",4,1988,,TRUE,TRUE,FALSE,,,,"crustaceans"
256881,"Arthropoda","Malacostraca","Isopoda","Limnoriidae","Limnoria","Limnoria carptora",1,1988,,TRUE,TRUE,FALSE,,,,"crustaceans"
261311,"Arthropoda","Malacostraca","Isopoda","Sphaeromatidae","Moruloidea","Moruloidea darwinii",1,1988,,TRUE,FALSE,FALSE,,,,"crustaceans"
258443,"Arthropoda","Malacostraca","Isopoda","Santiidae","Santia","Santia marmorata",2,1988,,TRUE,TRUE,FALSE,,,,"crustaceans"
244630,"Arthropoda","Malacostraca","Tanaidacea","Apseudidae","Apseudes","Apseudes spectabilis",1,,,TRUE,TRUE,FALSE,,,,"crustaceans"
247703,"Arthropoda","Malacostraca","Tanaidacea","Tanaididae","Langitanais","Langitanais bifidirostris",2,,,TRUE,TRUE,FALSE,,,,"crustaceans"
244606,"Arthropoda","Malacostraca","Tanaidacea","Nototanaidae","Nototanais","Nototanais dimorphus",2,1988,,TRUE,TRUE,FALSE,,,,"crustaceans"
247735,"Arthropoda","Malacostraca","Tanaidacea","Tanaididae","Pancoloides","Pancoloides litoralis",3,,,TRUE,TRUE,FALSE,,,,"crustaceans"
244637,"Arthropoda","Malacostraca","Tanaidacea","Apseudidae","Pugiodactylus","Pugiodactylus antarcticus",1,1988,,TRUE,TRUE,FALSE,,,,"crustaceans"
819922,"Arthropoda","Malacostraca","Tanaidacea","Tanaididae","Zeuxo","Zeuxo phytalensis",1,1988,,TRUE,TRUE,FALSE,,,,"crustaceans"
247730,"Arthropoda","Malacostraca","Tanaidacea","Tanaididae","Zeuxoides","Zeuxoides pseudolitoralis",2,1988,,TRUE,TRUE,FALSE,,,,"crustaceans"
111071,"Bryozoa","Gymnolaemata","Cheilostomatida","Beaniidae","Beania","Beania magellanica",,,,FALSE,TRUE,FALSE,,,,"filter-feeders"
471582,"Bryozoa","Gymnolaemata","Cheilostomatida","Membraniporidae","Biflustra","Biflustra perfragilis",,,,FALSE,TRUE,FALSE,,,,"filter-feeders"
172961,"Bryozoa","Gymnolaemata","Cheilostomatida","Bugulidae","Bugula","Bugula longissima",,,,FALSE,TRUE,FALSE,,,,"filter-feeders"
469901,"Bryozoa","Gymnolaemata","Cheilostomatida","Lanceoporidae","Calyptotheca","Calyptotheca triangula",,,,FALSE,TRUE,FALSE,,,,"filter-feeders"
173352,"Bryozoa","Gymnolaemata","Cheilostomatida","Cellariidae","Cellaria","Cellaria clavata",1,1985,,TRUE,TRUE,FALSE,,,,"filter-feeders"
394867,"Bryozoa","Gymnolaemata","Cheilostomatida","Celleporidae","Celleporaria","Celleporaria albirostris",,,,FALSE,TRUE,FALSE,,,,"filter-feeders"
172989,"Bryozoa","Gymnolaemata","Cheilostomatida","Bugulidae","Cornucopina","Cornucopina pectogemma",,,,FALSE,TRUE,FALSE,,,,"filter-feeders"
573191,"Bryozoa","Gymnolaemata","Cheilostomatida","Catenicellidae","Costaticella","Costaticella bicuspis",,,,FALSE,TRUE,FALSE,,,,"filter-feeders"
111208,"Bryozoa","Gymnolaemata","Cheilostomatida","Calloporidae","Crassimarginatella","Crassimarginatella crassimarginata",,,,FALSE,TRUE,FALSE,,,,"filter-feeders"
472078,"Bryozoa","Gymnolaemata","Cheilostomatida","Candidae","Eupaxia","Eupaxia quadrata",,,,FALSE,TRUE,FALSE,,,,"filter-feeders"
111318,"Bryozoa","Gymnolaemata","Cheilostomatida","Cribrilinidae","Figularia","Figularia figularis",,,,FALSE,TRUE,FALSE,,,,"filter-feeders"
111400,"Bryozoa","Gymnolaemata","Cheilostomatida","Hippothoidae","Hippothoa","Hippothoa flagellum",,,,FALSE,TRUE,FALSE,,,,"filter-feeders"
174343,"Bryozoa","Gymnolaemata","Cheilostomatida","Leiosalpingidae","Leiosalpinx","Leiosalpinx inornata",,,,FALSE,TRUE,FALSE,,,,"filter-feeders"
471909,"Bryozoa","Gymnolaemata","Cheilostomatida","Calwelliidae","Malakosaria","Malakosaria sinclairii",5,1985,,TRUE,TRUE,FALSE,,,,"filter-feeders"
472579,"Bryozoa","Gymnolaemata","Cheilostomatida",,"Ogivalia","Ogivalia elegans",,,,FALSE,TRUE,FALSE,,,,"filter-feeders"
146780,"Bryozoa","Gymnolaemata","Cheilostomatida","Celleporidae","Osthimosia","Osthimosia bicornis",1,1874,,TRUE,TRUE,FALSE,,,,"filter-feeders"
1026542,"Bryozoa","Stenolaemata","Cyclostomatida","Idmoneidae","Idmonea","Idmonea marionensis",,,,FALSE,TRUE,FALSE,,,,"filter-feeders"
174160,"Bryozoa","Stenolaemata","Cyclostomatida","Cerioporidae","Neofungella","Neofungella claviformis",1,1971,,TRUE,FALSE,FALSE,,,,"filter-feeders"
174162,"Bryozoa","Stenolaemata","Cyclostomatida","Diaperoeciidae","Nevianipora","Nevianipora milneana",,,,FALSE,TRUE,FALSE,,,,"filter-feeders"
234813,"Chordata","Elasmobranchii","Rajiformes","Arhynchobatidae","Bathyraja","Bathyraja eatonii",28,1992,,TRUE,TRUE,FALSE,"LC","LC","Eaton's skate","fish"
234763,"Chordata","Elasmobranchii","Rajiformes","Arhynchobatidae","Bathyraja","Bathyraja murrayi",99,1992,,TRUE,TRUE,FALSE,"LC","LC","Murray's skate","fish"
215605,"Chordata","Elasmobranchii","Squaliformes","Etmopteridae","Etmopterus","Etmopterus bigelowi",1,,,TRUE,TRUE,FALSE,"LC","LC","blurred lantern shark","fish"
126352,"Chordata","Teleostei","Aulopiformes","Paralepididae","Arctozenus","Arctozenus risso",1,1999,,TRUE,TRUE,FALSE,"LC","LC","white barracudina, lussion blanc","fish"
1526062,"Chordata","Teleostei","Aulopiformes","Paralepididae","Notolepis","Notolepis coatsorum",6,2004,,TRUE,TRUE,FALSE,"LC","LC",,"fish"
234831,"Chordata","Teleostei","Gadiformes","Macrouridae","Macrourus","Macrourus holotrachys",4,1987,,TRUE,TRUE,FALSE,,,"bigeye grenadier","fish"
313346,"Chordata","Teleostei","Gadiformes","Muraenolepididae","Muraenolepis","Muraenolepis marmorata",3,1987,,TRUE,TRUE,FALSE,,,,"fish"
217697,"Chordata","Teleostei","Myctophiformes","Myctophidae","Electrona","Electrona antarctica",110,2004,,TRUE,TRUE,FALSE,"LC","LC",,"fish"
234729,"Chordata","Teleostei","Myctophiformes","Myctophidae","Gymnoscopelus","Gymnoscopelus bolini",2,2004,,TRUE,TRUE,FALSE,"LC","LC",,"fish"
234642,"Chordata","Teleostei","Myctophiformes","Myctophidae","Gymnoscopelus","Gymnoscopelus braueri",141,2004,,TRUE,TRUE,FALSE,"LC","LC",,"fish"
234657,"Chordata","Teleostei","Myctophiformes","Myctophidae","Gymnoscopelus","Gymnoscopelus fraseri",14,2004,,TRUE,TRUE,FALSE,"LC","LC",,"fish"
234656,"Chordata","Teleostei","Myctophiformes","Myctophidae","Gymnoscopelus","Gymnoscopelus hintonoides",,,,FALSE,TRUE,FALSE,"LC","LC",,"fish"
234821,"Chordata","Teleostei","Myctophiformes","Myctophidae","Gymnoscopelus","Gymnoscopelus nicholsi",19,2004,,TRUE,TRUE,FALSE,"LC","LC",,"fish"
234641,"Chordata","Teleostei","Myctophiformes","Myctophidae","Krefftichthys","Krefftichthys anderssoni",73,2004,,TRUE,TRUE,FALSE,"LC","LC",,"fish"
234737,"Chordata","Teleostei","Myctophiformes","Myctophidae","Protomyctophum","Protomyctophum andriashevi",,,,FALSE,TRUE,FALSE,"LC","LC",,"fish"
234714,"Chordata","Teleostei","Myctophiformes","Myctophidae","Protomyctophum","Protomyctophum bolini",59,2004,,TRUE,TRUE,FALSE,"LC","LC",,"fish"
234794,"Chordata","Teleostei","Perciformes","Bathydraconidae","Bathydraco","Bathydraco antarcticus",2,1985,,TRUE,FALSE,FALSE,,,,"fish"
234797,"Chordata","Teleostei","Perciformes","Channichthyidae","Champsocephalus","Champsocephalus gunnari",16,1992,,TRUE,TRUE,FALSE,,,"mackerel icefish","fish"
234619,"Chordata","Teleostei","Perciformes","Channichthyidae","Channichthys","Channichthys rhinoceratus",271,1992,,TRUE,TRUE,FALSE,,,"unicorn icefish","fish"
234700,"Chordata","Teleostei","Perciformes","Nototheniidae","Dissostichus","Dissostichus eleginoides",12,1992,,TRUE,TRUE,FALSE,,,"Patagonian toothfish, légine australe","fish"
234624,"Chordata","Teleostei","Perciformes","Nototheniidae","Gobionotothen","Gobionotothen acuta",40,1992,,TRUE,TRUE,FALSE,,,"triangular notothen","fish"
234706,"Chordata","Teleostei","Perciformes","Harpagiferidae","Harpagifer","Harpagifer kerguelensis",2,,,TRUE,TRUE,FALSE,,,"Kerguelen spiny plunderfish","fish"
234788,"Chordata","Teleostei","Perciformes","Nototheniidae","Lepidonotothen","Lepidonotothen squamifrons",20,1990,,TRUE,TRUE,FALSE,,,"grey rockcod","fish"
318860,"Chordata","Teleostei","Perciformes","Nototheniidae","Lindbergichthys","Lindbergichthys mizops",6,1974,,TRUE,FALSE,FALSE,,,,"fish"
234679,"Chordata","Teleostei","Perciformes","Nototheniidae","Notothenia","Notothenia coriiceps",14,1990,,TRUE,TRUE,FALSE,,,"yellowbelly rockcod","fish"
234840,"Chordata","Teleostei","Perciformes","Nototheniidae","Notothenia","Notothenia rossii",10,1992,,TRUE,TRUE,FALSE,,,"marbled rockcod","fish"
313400,"Chordata","Teleostei","Perciformes","Nototheniidae","Nototheniops","Nototheniops larseni",3,1985,,TRUE,TRUE,FALSE,,,,"fish"
234645,"Chordata","Teleostei","Perciformes","Nototheniidae","Paranotothenia","Paranotothenia magellanica",2,1990,,TRUE,TRUE,FALSE,,,"Maori cod","fish"
234683,"Chordata","Teleostei","Perciformes","Congiopodidae","Zanclorhynchus","Zanclorhynchus spinifer",47,1992,,TRUE,TRUE,FALSE,"LC","LC","spiny horsefish","fish"
234783,"Chordata","Teleostei","Pleuronectiformes","Achiropsettidae","Mancopsetta","Mancopsetta maculata",3,1987,,TRUE,TRUE,FALSE,"LC","LC",,"fish"
234723,"Chordata","Teleostei","Scombriformes","Centrolophidae","Icichthys","Icichthys australis",2,2004,,TRUE,TRUE,FALSE,,,"southern driftfish","fish"
217961,"Chordata","Teleostei","Zeiformes","Oreosomatidae","Oreosoma","Oreosoma atlanticum",1,,,TRUE,TRUE,FALSE,,,,"fish"
438957,"Ascomycota","Lecanoromycetes","Lecanorales","Mycoblastaceae","Tephromela","Tephromela atra var. atra",,,,FALSE,TRUE,FALSE,,,,"fungi"
877663,"Ascomycota","Lecanoromycetes","Teloschistales","Teloschistaceae","Austroplaca","Austroplaca cirrochrooides",,,,FALSE,TRUE,FALSE,,,,"fungi"
987141,"Ascomycota","Lecanoromycetes","Teloschistales","Teloschistaceae","Austroplaca","Austroplaca lucens",,,,FALSE,TRUE,FALSE,,,,"fungi"
987145,"Ascomycota","Lecanoromycetes","Teloschistales","Teloschistaceae","Gondwania","Gondwania sublobulata",,,,FALSE,TRUE,FALSE,,,,"fungi"
437733,"Ascomycota","Pezizomycotina incertae sedis",,"Mastodiaceae","Mastodia","Mastodia tessellata",,,,FALSE,TRUE,FALSE,,,,"fungi"
172941,"Cnidaria","Anthozoa","Actiniaria","Actinostolidae","Actinostola","Actinostola crassicornis",1,1990,,TRUE,FALSE,FALSE,,,,"jellyfish"
172929,"Cnidaria","Anthozoa","Actiniaria","Anthosactinidae","Hormosoma","Hormosoma scotti",4,1992,,TRUE,TRUE,FALSE,,,,"jellyfish"
231819,"Cnidaria","Anthozoa","Malacalcyonacea","Alcyoniidae","Alcyonium","Alcyonium antarcticum",3,1874,,TRUE,TRUE,FALSE,,,,"jellyfish"
286556,"Cnidaria","Anthozoa","Scleralcyonacea","Primnoidae","Thouarella","Thouarella (Epithouarella) chilensis",1,1985,,TRUE,TRUE,FALSE,,,,"jellyfish"
231567,"Cnidaria","Hydrozoa","Anthoathecata","Stylasteridae","Errina","Errina kerguelensis",1,1874,,TRUE,TRUE,FALSE,,,,"jellyfish"
174507,"Cnidaria","Hydrozoa","Leptothecata","Symplectoscyphidae","Antarctoscyphus","Antarctoscyphus elongatus",2,,,TRUE,TRUE,FALSE,,,,"jellyfish"
174516,"Cnidaria","Hydrozoa","Leptothecata","Symplectoscyphidae","Antarctoscyphus","Antarctoscyphus mawsoni",,,,FALSE,TRUE,FALSE,,,,"jellyfish"
599763,"Cnidaria","Hydrozoa","Leptothecata","Campanulariidae","Orthopyxis","Orthopyxis norvegiae",,,,FALSE,TRUE,FALSE,,,,"jellyfish"
174700,"Cnidaria","Hydrozoa","Leptothecata","Schizotrichidae","Schizotricha","Schizotricha multifurcata",2,1874,,TRUE,TRUE,FALSE,,,,"jellyfish"
174706,"Cnidaria","Hydrozoa","Leptothecata","Schizotrichidae","Schizotricha","Schizotricha unifurcata",,,,FALSE,TRUE,FALSE,,,,"jellyfish"
174628,"Cnidaria","Hydrozoa","Leptothecata","Staurothecidae","Staurotheca","Staurotheca vanhoeffeni",1,1971,,TRUE,FALSE,FALSE,,,,"jellyfish"
231404,"Chordata","Mammalia","Carnivora","Otariidae","Arctocephalus","Arctocephalus gazella",3138,2006,,TRUE,TRUE,FALSE,"LC","LC","Antarctic fur seal","mammals"
231432,"Chordata","Mammalia","Carnivora","Otariidae","Arctocephalus","Arctocephalus tropicalis",11,1988,,TRUE,TRUE,FALSE,"LC","LC","subantarctic fur seal","mammals"
231417,"Chordata","Mammalia","Carnivora","Phocidae","Hydrurga","Hydrurga leptonyx",351,1988,,TRUE,TRUE,FALSE,"LC","LC","leopard seal","mammals"
344008,"Chordata","Mammalia","Carnivora","Phocidae","Lobodon","Lobodon carcinophagus",3,1950,,TRUE,TRUE,FALSE,,,"crabeater seal","mammals"
231413,"Chordata","Mammalia","Carnivora","Phocidae","Mirounga","Mirounga leonina",8116,2012,,TRUE,TRUE,FALSE,"LC","LC","southern elephant seal","mammals"
231405,"Chordata","Mammalia","Cetartiodactyla","Balaenopteridae","Balaenoptera","Balaenoptera bonaerensis",,,,FALSE,TRUE,FALSE,"NT","NT","Antarctic minke whale","mammals"
137097,"Chordata","Mammalia","Cetartiodactyla","Delphinidae","Globicephala","Globicephala melas",3,1985,,TRUE,TRUE,FALSE,"LC","LC","long-finned pilot whale, globicéphale noir","mammals"
343900,"Chordata","Mammalia","Cetartiodactyla","Ziphiidae","Hyperoodon","Hyperoodon planifrons",3,1992,,TRUE,TRUE,FALSE,"LC","LC","southern bottlenose whale, hyperodon antarctique","mammals"
231429,"Chordata","Mammalia","Cetartiodactyla","Ziphiidae","Mesoplodon","Mesoplodon layardii",8,2004,,TRUE,TRUE,FALSE,"LC","LC","strap-toothed whale, mesoplodon de Layard","mammals"
254993,"Chordata","Mammalia","Cetartiodactyla","Ziphiidae","Mesoplodon","Mesoplodon traversii",,,,FALSE,TRUE,FALSE,"DD","DD","spade-toothed beaked whale, baleine à bec de Travers","mammals"
254971,"Chordata","Mammalia","Cetartiodactyla","Phocoenidae","Phocoena","Phocoena dioptrica",2,1985,,TRUE,TRUE,FALSE,"LC","LC","spectacled porpoise, marsouin de Lahille","mammals"
137119,"Chordata","Mammalia","Cetartiodactyla","Physeteridae","Physeter","Physeter macrocephalus",1,1985,,TRUE,FALSE,FALSE,"VU","VU","sperm whale, cachalot à dents pointues","mammals"
1571884,"Chordata","Mammalia","Cetartiodactyla","Delphinidae","Sagmatias","Sagmatias australis",,,,FALSE,TRUE,FALSE,,,,"mammals"
539875,"Mollusca","Bivalvia","Arcida","Philobryidae","Hochstetteria","Hochstetteria aviculoides",,,,FALSE,TRUE,FALSE,,,,"molluscs"
197240,"Mollusca","Bivalvia","Arcida","Philobryidae","Lissarca","Lissarca miliaris",2,1987,,TRUE,TRUE,FALSE,,,,"molluscs"
197241,"Mollusca","Bivalvia","Arcida","Philobryidae","Lissarca","Lissarca notorcadensis",1,1971,,TRUE,FALSE,FALSE,,,,"molluscs"
532975,"Mollusca","Bivalvia","Arcida","Philobryidae","Lissarca","Lissarca rubrofusca",2,1988,,TRUE,FALSE,FALSE,,,,"molluscs"
504750,"Mollusca","Bivalvia","Arcida","Philobryidae","Philobrya","Philobrya laevis",6,1950,,TRUE,TRUE,FALSE,,,,"molluscs"
197365,"Mollusca","Bivalvia","Arcida","Philobryidae","Philobrya","Philobrya sublaevis",,,,FALSE,TRUE,FALSE,,,,"molluscs"
197185,"Mollusca","Bivalvia",,"Gaimardiidae","Gaimardia","Gaimardia trapesina",,,,FALSE,TRUE,FALSE,,,,"molluscs"
197198,"Mollusca","Bivalvia",,"Gaimardiidae","Kidderia","Kidderia bicolor",1,1949,,TRUE,TRUE,FALSE,,,,"molluscs"
884007,"Mollusca","Cephalopoda","Octopoda","Enteroctopodidae","Muusoctopus","Muusoctopus levis",1,,,TRUE,TRUE,FALSE,"LC","LC",,"molluscs"
325300,"Mollusca","Cephalopoda","Oegopsida","Gonatidae","Gonatus","Gonatus antarcticus",2,,,TRUE,TRUE,FALSE,"LC","LC",,"molluscs"
1452502,"Mollusca","Cephalopoda","Oegopsida","Onychoteuthidae","Moroteuthopsis","Moroteuthopsis ingens",1,1992,,TRUE,TRUE,FALSE,,,,"molluscs"
197148,"Mollusca","Gastropoda","Littorinimorpha","Eatoniellidae","Eatoniella","Eatoniella caliginosa",4,1988,,TRUE,TRUE,FALSE,,,,"molluscs"
140533,"Mollusca","Gastropoda","Littorinimorpha","Naticidae","Euspira","Euspira montagui",,,,FALSE,TRUE,FALSE,,,"unspotted moonsnail","molluscs"
197207,"Mollusca","Gastropoda","Littorinimorpha","Littorinidae","Laevilitorina","Laevilitorina hamiltoni",5,1988,,TRUE,TRUE,FALSE,,,,"molluscs"
197208,"Mollusca","Gastropoda","Littorinimorpha","Littorinidae","Laevilitorina","Laevilitorina heardensis",8,1988,,TRUE,TRUE,FALSE,,,,"molluscs"
197351,"Mollusca","Gastropoda","Littorinimorpha","Littorinidae","Pellilitorina","Pellilitorina setosa",3,1988,,TRUE,TRUE,FALSE,,,,"molluscs"
197352,"Mollusca","Gastropoda","Littorinimorpha","Struthiolariidae","Perissodonta","Perissodonta mirabilis",,,,FALSE,TRUE,FALSE,,,,"molluscs"
607735,"Mollusca","Gastropoda","Littorinimorpha","Cingulopsidae","Skenella","Skenella sinapi",1,1988,,TRUE,TRUE,FALSE,,,,"molluscs"
464638,"Mollusca","Gastropoda","Neogastropoda","Cancellariidae","Admete","Admete specularis",,,,FALSE,TRUE,FALSE,,,,"molluscs"
593481,"Mollusca","Gastropoda","Neogastropoda","Volutidae","Amoria","Amoria turneri",,,,FALSE,TRUE,FALSE,,,,"molluscs"
515781,"Mollusca","Gastropoda","Neogastropoda","Cancellariidae","Cancellaria","Cancellaria reticulata",,,,FALSE,TRUE,FALSE,,,"common nutmeg","molluscs"
197112,"Mollusca","Gastropoda","Neogastropoda","Prosiphonidae","Chlanidota","Chlanidota vestita",2,1949,,TRUE,TRUE,FALSE,,,,"molluscs"
197303,"Mollusca","Gastropoda","Neogastropoda","Prosiphonidae","Neobuccinum","Neobuccinum eatoni",2,1949,,TRUE,TRUE,FALSE,,,,"molluscs"
197502,"Mollusca","Gastropoda","Neogastropoda","Muricidae","Trophon","Trophon albolabratus",2,1960,,TRUE,TRUE,FALSE,,,,"molluscs"
197512,"Mollusca","Gastropoda","Neogastropoda","Muricidae","Trophon","Trophon geversianus",,,,FALSE,TRUE,FALSE,,,,"molluscs"
435175,"Mollusca","Gastropoda","Neogastropoda","Borsoniidae","Typhlomangelia","Typhlomangelia fluctuosa",,,,FALSE,TRUE,FALSE,,,,"molluscs"
876700,"Mollusca","Gastropoda","Trochida","Trochidae","Roseaplagis","Roseaplagis rufozona",1,1985,,TRUE,TRUE,FALSE,,,,"molluscs"
197455,"Mollusca","Gastropoda","Trochida","Solariellidae","Solariella","Solariella charopa",,,,FALSE,TRUE,FALSE,,,,"molluscs"
719792,"Mollusca","Gastropoda","[unassigned] Caenogastropoda","Turritellidae","Banzarecolpus","Banzarecolpus austrinus",,,,FALSE,TRUE,FALSE,,,,"molluscs"
197297,"Mollusca","Gastropoda",,"Nacellidae","Nacella","Nacella kerguelenensis",7,2000,,TRUE,TRUE,FALSE,,,,"molluscs"
197298,"Mollusca","Gastropoda",,"Nacellidae","Nacella","Nacella macquariensis",5,2000,,TRUE,TRUE,FALSE,,,,"molluscs"
456658,"Mollusca","Gastropoda",,"Nacellidae","Nacella","Nacella mytilina",,,,FALSE,TRUE,FALSE,,,,"molluscs"
533208,"Mollusca","Gastropoda",,"Omalogyridae","Omalogyra","Omalogyra antarctica",,,,FALSE,TRUE,FALSE,,,,"molluscs"
140616,"Mollusca","Gastropoda",,"Omalogyridae","Omalogyra","Omalogyra atomus",3,1988,,TRUE,TRUE,FALSE,,,"Aaom snail","molluscs"
386603,"Mollusca","Polyplacophora","Chitonida","Hemiarthridae","Hemiarthrum","Hemiarthrum setulosum",1,1988,,TRUE,TRUE,FALSE,,,,"molluscs"
174302,"Porifera","Calcarea","Baerida","Baeriidae","Leuconia","Leuconia joubini",6,1929,,TRUE,TRUE,FALSE,,,,"sponges"
164760,"Porifera","Calcarea","Clathrinida","Leucettidae","Leucetta","Leucetta primigenia",3,1929,,TRUE,TRUE,FALSE,,,"ferruginous sponge","sponges"
164883,"Porifera","Demospongiae","Dendroceratida","Darwinellidae","Dendrilla","Dendrilla membranosa",2,1929,,TRUE,TRUE,FALSE,,,,"sponges"
166488,"Porifera","Demospongiae","Haplosclerida","Chalinidae","Haliclona","Haliclona (Reniera) topsenti",2,1929,,TRUE,TRUE,FALSE,,,,"sponges"
166459,"Porifera","Demospongiae","Haplosclerida","Chalinidae","Haliclona","Haliclona similis",2,1929,,TRUE,TRUE,FALSE,,,,"sponges"
150225,"Porifera","Demospongiae","Poecilosclerida","Esperiopsidae","Amphilectus","Amphilectus fucorum",2,1929,,TRUE,TRUE,FALSE,,,"shredded carrot sponge, éponge mousse de carotte","sponges"
168897,"Porifera","Demospongiae","Poecilosclerida","Coelosphaeridae","Inflatella","Inflatella belli",2,,,TRUE,TRUE,FALSE,,,,"sponges"
167428,"Porifera","Demospongiae","Poecilosclerida","Acarnidae","Iophon","Iophon unicorne",2,1929,,TRUE,TRUE,FALSE,,,,"sponges"
168450,"Porifera","Demospongiae","Poecilosclerida","Isodictyidae","Isodictya","Isodictya delicata",,,,FALSE,TRUE,FALSE,,,,"sponges"
168460,"Porifera","Demospongiae","Poecilosclerida","Isodictyidae","Isodictya","Isodictya kerguelenensis",4,1974,,TRUE,TRUE,FALSE,,,,"sponges"
168477,"Porifera","Demospongiae","Poecilosclerida","Isodictyidae","Isodictya","Isodictya verrucosa",4,1974,,TRUE,TRUE,FALSE,,,,"sponges"
169429,"Porifera","Demospongiae","Poecilosclerida","Myxillidae","Myxilla","Myxilla (Ectyomyxilla) chilensis",3,1929,,TRUE,TRUE,FALSE,,,,"sponges"
165853,"Porifera","Demospongiae","Suberitida","Halichondriidae","Halichondria","Halichondria (Halichondria) panicea",2,1929,,TRUE,TRUE,FALSE,,,"breadcrumb sponge","sponges"
165893,"Porifera","Demospongiae","Suberitida","Halichondriidae","Hymeniacidon","Hymeniacidon fernandezi",2,1929,,TRUE,TRUE,FALSE,,,,"sponges"
170767,"Porifera","Demospongiae","Suberitida","Suberitidae","Plicatellopsis","Plicatellopsis antarctica",2,1974,,TRUE,TRUE,FALSE,,,,"sponges"
170813,"Porifera","Demospongiae","Suberitida","Suberitidae","Pseudosuberites","Pseudosuberites sulcatus",,,,FALSE,TRUE,FALSE,,,,"sponges"
885825,"Porifera","Demospongiae","Tetractinellida","Tetillidae","Antarctotetilla","Antarctotetilla leptoderma",2,,,TRUE,TRUE,FALSE,,,,"sponges"
169659,"Porifera","Demospongiae","Verongiida","Aplysinidae","Aplysina","Aplysina minima",2,1929,,TRUE,TRUE,FALSE,,,,"sponges"
234867,"Echinodermata","Asteroidea","Forcipulatida","Asteriidae","Anasterias","Anasterias mawsoni",9,1988,,TRUE,TRUE,FALSE,,,,"starfish"
172650,"Echinodermata","Asteroidea","Forcipulatida","Asteriidae","Diplasterias","Diplasterias brucei",2,1971,,TRUE,FALSE,FALSE,,,,"starfish"
172653,"Echinodermata","Asteroidea","Forcipulatida","Asteriidae","Diplasterias","Diplasterias meridionalis",15,1985,,TRUE,TRUE,FALSE,,,,"starfish"
234924,"Echinodermata","Asteroidea","Forcipulatida","Heliasteridae","Labidiaster","Labidiaster annulatus",17,1992,,TRUE,TRUE,FALSE,,,,"starfish"
178810,"Echinodermata","Asteroidea","Forcipulatida","Heliasteridae","Labidiaster","Labidiaster radiosus",4,1971,,TRUE,FALSE,FALSE,,,,"starfish"
172700,"Echinodermata","Asteroidea","Forcipulatida","Stichasteridae","Smilasterias","Smilasterias scalprifera",7,,,TRUE,FALSE,FALSE,,,,"starfish"
172702,"Echinodermata","Asteroidea","Forcipulatida","Stichasteridae","Smilasterias","Smilasterias triremis",24,1985,,TRUE,TRUE,FALSE,,,,"starfish"
172715,"Echinodermata","Asteroidea","Paxillosida","Astropectinidae","Bathybiaster","Bathybiaster loripes",7,1985,,TRUE,TRUE,FALSE,,,,"starfish"
123881,"Echinodermata","Asteroidea","Paxillosida","Astropectinidae","Bathybiaster","Bathybiaster vexillifer",1,1985,,TRUE,TRUE,FALSE,,,,"starfish"
152501,"Echinodermata","Asteroidea","Paxillosida","Astropectinidae","Leptychaster","Leptychaster kerguelenensis",5,1985,,TRUE,TRUE,FALSE,,,,"starfish"
172769,"Echinodermata","Asteroidea","Valvatida","Odontasteridae","Acodontaster","Acodontaster elongatus",9,1985,,TRUE,TRUE,FALSE,,,,"starfish"
172768,"Echinodermata","Asteroidea","Valvatida","Odontasteridae","Acodontaster","Acodontaster hodgsoni",2,1971,,TRUE,FALSE,FALSE,,,,"starfish"
172748,"Echinodermata","Asteroidea","Valvatida","Asterinidae","Cycethra","Cycethra verrucosa",6,1992,,TRUE,TRUE,FALSE,,,,"starfish"
178005,"Echinodermata","Asteroidea","Valvatida","Poraniidae","Glabraster","Glabraster antarctica",19,1992,,TRUE,TRUE,FALSE,,,,"starfish"
124043,"Echinodermata","Asteroidea","Valvatida","Goniasteridae","Hippasteria","Hippasteria phrygiana",,,,FALSE,TRUE,FALSE,,,"Arctic cushion star","starfish"
172774,"Echinodermata","Asteroidea","Valvatida","Odontasteridae","Odontaster","Odontaster meridionalis",18,1992,,TRUE,TRUE,FALSE,,,,"starfish"
172789,"Echinodermata","Asteroidea","Valvatida","Solasteridae","Paralophaster","Paralophaster antarcticus",4,1985,,TRUE,TRUE,FALSE,,,,"starfish"
172790,"Echinodermata","Asteroidea","Valvatida","Solasteridae","Paralophaster","Paralophaster godfroyi",2,,,TRUE,FALSE,FALSE,,,,"starfish"
172792,"Echinodermata","Asteroidea","Valvatida","Solasteridae","Solaster","Solaster regularis",2,1985,,TRUE,TRUE,FALSE,,,,"starfish"
172780,"Echinodermata","Asteroidea","Velatida","Pterasteridae","Pteraster","Pteraster affinis",4,1985,,TRUE,TRUE,FALSE,,,,"starfish"
234950,"Echinodermata","Asteroidea","Velatida","Pterasteridae","Pteraster","Pteraster rugatus",2,,,TRUE,FALSE,FALSE,,,,"starfish"
173885,"Echinodermata","Crinoidea","Comatulida","Notocrinidae","Notocrinus","Notocrinus virilis",1,1985,,TRUE,TRUE,FALSE,,,,"starfish"
173830,"Echinodermata","Crinoidea","Comatulida","Antedonidae","Promachocrinus","Promachocrinus kerguelensis",6,1992,,TRUE,TRUE,FALSE,,,,"starfish"
173988,"Echinodermata","Crinoidea","Comatulida","Antedonidae","Solanometra","Solanometra antarctica",,,,FALSE,TRUE,FALSE,,,,"starfish"
160828,"Echinodermata","Echinoidea","Camarodonta","Echinidae","Sterechinus","Sterechinus antarcticus",3,,,TRUE,FALSE,FALSE,,,,"starfish"
160830,"Echinodermata","Echinoidea","Camarodonta","Echinidae","Sterechinus","Sterechinus diadema",31,,,TRUE,TRUE,FALSE,,,,"starfish"
160831,"Echinodermata","Echinoidea","Camarodonta","Echinidae","Sterechinus","Sterechinus neumayeri",5,,,TRUE,TRUE,FALSE,,,,"starfish"
513636,"Echinodermata","Echinoidea","Cidaroida","Ctenocidaridae","Ctenocidaris","Ctenocidaris (Eurocidaris) nutrix",13,,,TRUE,TRUE,FALSE,,,,"starfish"
160825,"Echinodermata","Echinoidea","Cidaroida","Ctenocidaridae","Rhynchocidaris","Rhynchocidaris triplopora",15,,,TRUE,TRUE,FALSE,,,,"starfish"
160763,"Echinodermata","Echinoidea","Spatangoida","Schizasteridae","Abatus","Abatus cordatus",17,,,TRUE,TRUE,FALSE,,,,"starfish"
160790,"Echinodermata","Echinoidea","Spatangoida","Schizasteridae","Brisaster","Brisaster antarcticus",4,,,TRUE,TRUE,FALSE,,,,"starfish"
570123,"Echinodermata","Echinoidea","Spatangoida","Paleopneustina incertae sedis A","Schizocosmus","Schizocosmus abatoides",6,1985,,TRUE,TRUE,FALSE,,,,"starfish"
174052,"Echinodermata","Holothuroidea","Apodida","Synaptidae","Anapta","Anapta fallax",,,,FALSE,TRUE,FALSE,,,,"starfish"
173998,"Echinodermata","Holothuroidea","Apodida","Chiridotidae","Paradota","Paradota weddellensis",2,1992,,TRUE,TRUE,FALSE,,,,"starfish"
866505,"Echinodermata","Holothuroidea","Dendrochirotida","Cucumariidae","Calcamariina","Calcamariina moorea",,,,FALSE,TRUE,FALSE,,,,"starfish"
529568,"Echinodermata","Holothuroidea","Dendrochirotida","Psolidae","Neopsolidium","Neopsolidium kerguelensis",1,1985,,TRUE,TRUE,FALSE,,,,"starfish"
866524,"Echinodermata","Holothuroidea","Dendrochirotida","Cucumariidae","Pentactella","Pentactella intermedia",,,,FALSE,TRUE,FALSE,,,,"starfish"
530503,"Echinodermata","Holothuroidea","Dendrochirotida","Cucumariidae","Pentactella","Pentactella laevigata",6,1992,,TRUE,TRUE,FALSE,,,,"starfish"
124656,"Echinodermata","Holothuroidea","Dendrochirotida","Cucumariidae","Pseudocnus","Pseudocnus dubiosus",1,1971,,TRUE,FALSE,FALSE,,,,"starfish"
529649,"Echinodermata","Holothuroidea","Dendrochirotida","Psolidae","Psolidium","Psolidium poriferum",,,,FALSE,TRUE,FALSE,,,,"starfish"
529038,"Echinodermata","Holothuroidea","Dendrochirotida","Psolidae","Psolidium","Psolidium tenue",1,1971,,TRUE,FALSE,FALSE,,,,"starfish"
529180,"Echinodermata","Holothuroidea","Dendrochirotida","Psolidae","Psolus","Psolus ephippifer",,,,FALSE,TRUE,FALSE,,,,"starfish"
528780,"Echinodermata","Holothuroidea","Dendrochirotida","Psolidae","Psolus","Psolus paradubiosus",,,,FALSE,TRUE,FALSE,,,,"starfish"
325442,"Echinodermata","Holothuroidea","Dendrochirotida","Cucumariidae","Staurocucumis","Staurocucumis liouvillei",8,1992,,TRUE,TRUE,FALSE,,,,"starfish"
529710,"Echinodermata","Holothuroidea","Dendrochirotida","Cucumariidae","Trachythyone","Trachythyone lechleri",3,1992,,TRUE,TRUE,FALSE,,,,"starfish"
530430,"Echinodermata","Holothuroidea","Molpadida","Molpadiidae","Molpadia","Molpadia violacea",1,1967,,TRUE,TRUE,FALSE,,,,"starfish"
173100,"Echinodermata","Ophiuroidea","Amphilepidida","Amphiuridae","Amphiura","Amphiura (Amphiura) angularis",2,1992,,TRUE,TRUE,FALSE,,,,"starfish"
173173,"Echinodermata","Ophiuroidea","Euryalida","Gorgonocephalidae","Gorgonocephalus","Gorgonocephalus chilensis",9,1992,,TRUE,TRUE,FALSE,,,,"starfish"
243362,"Echinodermata","Ophiuroidea","Ophiacanthida","Ophiacanthidae","Ophiacantha","Ophiacantha imago",2,1985,,TRUE,TRUE,FALSE,,,,"starfish"
1574978,"Echinodermata","Ophiuroidea","Ophiacanthida","Ophiacanthidae","Ophiosabine","Ophiosabine vivipara",10,1992,,TRUE,FALSE,FALSE,,,,"starfish"
214622,"Echinodermata","Ophiuroidea","Ophiurida","Astrophiuridae","Astrophiura","Astrophiura permira",1,,,TRUE,FALSE,FALSE,,,,"starfish"
173591,"Echinodermata","Ophiuroidea","Ophiurida","Ophiuridae","Ophionotus","Ophionotus hexactis",10,1985,,TRUE,TRUE,FALSE,,,,"starfish"
322562,"Echinodermata","Ophiuroidea","Ophiurida","Ophiopyrgidae","Ophioplinthus","Ophioplinthus carinata",20,1992,,TRUE,TRUE,FALSE,,,,"starfish"
236028,"Echinodermata","Ophiuroidea","Ophiurida","Ophiopyrgidae","Ophiuroglypha","Ophiuroglypha ambigua",6,1992,,TRUE,TRUE,FALSE,,,,"starfish"
1421335,"Echinodermata","Ophiuroidea","Ophiurida","Ophiopyrgidae","Ophiuroglypha","Ophiuroglypha brevispinosa",4,1985,,TRUE,TRUE,FALSE,,,,"starfish"
137438,"Annelida","Clitellata","Enchytraeida","Enchytraeidae","Lumbricillus","Lumbricillus lineatus",3,1929,,TRUE,TRUE,FALSE,,,,"worms"
476256,"Annelida","Clitellata","Enchytraeida","Enchytraeidae","Lumbricillus","Lumbricillus macquariensis",1,1929,,TRUE,FALSE,FALSE,,,,"worms"
370643,"Annelida","Clitellata","Rhynchobdellida","Piscicolidae","Notobdella","Notobdella nototheniae",11,1988,,TRUE,TRUE,FALSE,,,,"worms"
331690,"Annelida","Polychaeta","Eunicida","Dorvilleidae","Schistomeringos","Schistomeringos filiforma",1,1988,,TRUE,FALSE,FALSE,,,,"worms"
173673,"Annelida","Polychaeta","Phyllodocida","Nephtyidae","Aglaophamus","Aglaophamus macroura",,,,FALSE,TRUE,FALSE,,,,"worms"
173693,"Annelida","Polychaeta","Phyllodocida","Nephtyidae","Aglaophamus","Aglaophamus trissophyllus",,,,FALSE,TRUE,FALSE,,,,"worms"
327616,"Annelida","Polychaeta","Phyllodocida","Phyllodocidae","Eumida","Eumida fuscoculata",1,1985,,TRUE,TRUE,FALSE,,,,"worms"
129846,"Annelida","Polychaeta","Phyllodocida","Aphroditidae","Laetmonice","Laetmonice producta",1,1990,,TRUE,TRUE,FALSE,,,,"worms"
329477,"Annelida","Polychaeta","Phyllodocida","Nereididae","Neanthes","Neanthes uniseriata",1,1992,,TRUE,FALSE,FALSE,,,,"worms"
173742,"Annelida","Polychaeta","Phyllodocida","Nereididae","Nicon","Nicon maculata",,,,FALSE,TRUE,FALSE,,,,"worms"
174663,"Annelida","Polychaeta","Sabellida","Serpulidae","Serpula","Serpula narconensis",,,,FALSE,TRUE,FALSE,,,,"worms"
174830,"Annelida","Polychaeta","Spionida","Spionidae","Rhynchospio","Rhynchospio glutaea",,,,FALSE,TRUE,FALSE,,,,"worms"
129955,"Annelida","Polychaeta","Terebellida","Cirratulidae","Chaetozone","Chaetozone setosa",,,,FALSE,TRUE,FALSE,,,,"worms"
172939,"Annelida","Polychaeta","Terebellida","Ampharetidae","Phyllocomus","Phyllocomus crocea",,,,FALSE,TRUE,FALSE,,,,"worms"
156311,"Nemertea","Hoplonemertea","Monostilifera","Amphiporidae","Amphiporus","Amphiporus spinosus",1,,,TRUE,TRUE,FALSE,,,,"worms"
155836,"Nemertea","Pilidiophora","Heteronemertea","Lineidae","Parborlasia","Parborlasia corrugatus",1,,,TRUE,TRUE,FALSE,,,,"worms"
341181,"Acanthocephala","Palaeacanthocephala","Echinorhynchida","Heteracanthocephalidae","Aspersentis","Aspersentis zanclorhynchi",2,1990,,TRUE,TRUE,FALSE,,,,
989851,"Arthropoda","Hexapoda","Coleoptera","Hydraenidae","Meropathus","Meropathus chuni",1,1905,,TRUE,FALSE,FALSE,,,,
503324,"Arthropoda","Hexapoda","Coleoptera","Curculionidae","Palirhoeus","Palirhoeus eatoni",,,,FALSE,TRUE,FALSE,,,,
391220,"Arthropoda","Ostracoda","Podocopida","Bairdiidae","Bairdoppilata","Bairdoppilata simplex",1,,,TRUE,FALSE,FALSE,,,,
173003,"Arthropoda","Pycnogonida","Pantopoda","Austrodecidae","Austrodecus","Austrodecus breviceps",,,,FALSE,TRUE,FALSE,,,,
173010,"Arthropoda","Pycnogonida","Pantopoda","Austrodecidae","Austrodecus","Austrodecus crenatum",,,,FALSE,TRUE,FALSE,,,,
239817,"Arthropoda","Pycnogonida","Pantopoda","Austrodecidae","Austrodecus","Austrodecus simulans",,,,FALSE,TRUE,FALSE,,,,
239812,"Arthropoda","Pycnogonida","Pantopoda","Callipallenidae","Oropallene","Oropallene dimorpha",,,,FALSE,TRUE,FALSE,,,,
239564,"Arthropoda","Pycnogonida","Pantopoda","Rhynchothoracidae","Rhynchothorax","Rhynchothorax oblongus",,,,FALSE,TRUE,FALSE,,,,
172994,"Arthropoda","Pycnogonida","Pantopoda","Ammotheidae","Tanystylum","Tanystylum neorhetum",,,,FALSE,TRUE,FALSE,,,,
240215,"Arthropoda","Pycnogonida","Pantopoda","Ammotheidae","Tanystylum","Tanystylum ornatum",,,,FALSE,TRUE,FALSE,,,,
733349,"Arthropoda","Thecostraca","Scalpellomorpha","Lepadidae","Lepas","Lepas (Lepas) australis",,,,FALSE,TRUE,FALSE,,,,
235433,"Brachiopoda","Rhynchonellata","Rhynchonellida","Hemithirididae","Pemphixina","Pemphixina pyxidata",2,,,TRUE,TRUE,FALSE,,,,
426103,"Bryophyta","Bryopsida","Pottiales","Pottiaceae","Hennediella","Hennediella heimii",,,,FALSE,TRUE,FALSE,,,"Heim's pottia",
173244,"Chordata","Ascidiacea","Aplousobranchia","Didemnidae","Didemnum","Didemnum studeri",1,1949,,TRUE,TRUE,FALSE,,,,
250706,"Chordata","Ascidiacea","Aplousobranchia","Holozoidae","Hypsistozoa","Hypsistozoa fasmeriana",1,1929,,TRUE,TRUE,FALSE,,,,
173399,"Chordata","Ascidiacea","Aplousobranchia","Holozoidae","Sycozoa","Sycozoa sigillinoides",,,,FALSE,TRUE,FALSE,,,,
173973,"Chordata","Ascidiacea","Stolidobranchia","Styelidae","Polyzoa","Polyzoa opuntia",5,1940,,TRUE,TRUE,FALSE,,,,
113171,"Foraminifera","Globothalamea","Rotaliida","Rosalinidae","Rosalina","Rosalina globularis",1,,,TRUE,FALSE,FALSE,,,,
114063,"Foraminifera","Tubothalamea","Miliolida","Miliamminidae","Miliammina","Miliammina arenacea",1,,,TRUE,FALSE,FALSE,,,,
583084,"Nematoda","Enoplea","Enoplida","Oncholaimidae","Adoncholaimus","Adoncholaimus crassicaudus",2,,,TRUE,FALSE,FALSE,,,,
160908,"Nematoda","Enoplea","Enoplida","Anticomidae","Anticoma","Anticoma columba",3,,,TRUE,TRUE,FALSE,,,,
160910,"Nematoda","Enoplea","Enoplida","Anticomidae","Anticoma","Anticoma kerguelensis",2,,,TRUE,FALSE,FALSE,,,,
160914,"Nematoda","Enoplea","Enoplida","Anticomidae","Anticoma","Anticoma subsimilis",1,,,TRUE,TRUE,FALSE,,,,
160994,"Nematoda","Enoplea","Enoplida","Enchelidiidae","Calyptronema","Calyptronema mawsoni",2,,,TRUE,FALSE,FALSE,,,,
161282,"Nematoda","Enoplea","Enoplida","Leptosomatidae","Deontostoma","Deontostoma antarcticum",1,,,TRUE,TRUE,FALSE,,,,
160880,"Nematoda","Enoplea","Enoplida","Enoplidae","Enoplus","Enoplus heardensis",1,,,TRUE,TRUE,FALSE,,,,
121793,"Nematoda","Enoplea","Enoplida","Enoplidae","Enoplus","Enoplus michaelseni",2,,,TRUE,FALSE,FALSE,,,,
121795,"Nematoda","Enoplea","Enoplida","Enoplidae","Enoplus","Enoplus paralittoralis",1,,,TRUE,TRUE,FALSE,,,,
160996,"Nematoda","Enoplea","Enoplida","Enchelidiidae","Eurystomina","Eurystomina fenestella",3,,,TRUE,TRUE,FALSE,,,,
227885,"Nematoda","Enoplea","Enoplida","Oxystominidae","Halalaimus","Halalaimus comatus",1,,,TRUE,TRUE,FALSE,,,,
423483,"Nematoda","Enoplea","Enoplida","Leptosomatidae","Leptosomatides","Leptosomatides arcticus",1,,,TRUE,TRUE,FALSE,,,,
160893,"Nematoda","Enoplea","Enoplida","Thoracostomopsidae","Mesacanthion","Mesacanthion kerguelense",1,,,TRUE,TRUE,FALSE,,,,
160955,"Nematoda","Enoplea","Enoplida","Oncholaimidae","Oncholaimus","Oncholaimus leptos",1,,,TRUE,TRUE,FALSE,,,,
160968,"Nematoda","Enoplea","Enoplida","Oncholaimidae","Pontonema","Pontonema serratodentatum",1,,,TRUE,TRUE,FALSE,,,,
160933,"Nematoda","Enoplea","Enoplida","Leptosomatidae","Thoracostoma","Thoracostoma angustifissulatum",1,,,TRUE,TRUE,FALSE,,,,
160934,"Nematoda","Enoplea","Enoplida","Leptosomatidae","Thoracostoma","Thoracostoma anocellatum",1,,,TRUE,TRUE,FALSE,,,,
717820,"Platyhelminthes","Monogenea","Capsalidea","Capsalidae","Pseudobenedenia","Pseudobenedenia dissostichi",1,,,TRUE,FALSE,FALSE,,,,
414347,"Platyhelminthes","Monogenea","Capsalidea","Capsalidae","Pseudobenedenia","Pseudobenedenia nototheniae",2,1990,,TRUE,TRUE,FALSE,,,,
718236,"Platyhelminthes","Monogenea","Gyrodactylidea","Tetraonchoididae","Neopavlovskioides","Neopavlovskioides dissostichi",1,,,TRUE,FALSE,FALSE,,,,
886996,"Rotifera","Eurotatoria","Collothecaceae","Collothecidae","Collotheca","Collotheca ornata",1,,,TRUE,TRUE,FALSE,,,,
135039,"Rotifera","Eurotatoria","Ploima","Notommatidae","Cephalodella","Cephalodella gibba",1,,,TRUE,TRUE,FALSE,,,,
1390706,"Rotifera","Eurotatoria","Ploima","Notommatidae","Cephalodella","Cephalodella sterea",1,,,TRUE,FALSE,FALSE,,,,
1390708,"Rotifera","Eurotatoria","Ploima","Notommatidae","Cephalodella","Cephalodella ventripes",1,,,TRUE,TRUE,FALSE,,,,
134986,"Rotifera","Eurotatoria","Ploima","Lepadellidae","Colurella","Colurella colurus",,,,FALSE,TRUE,FALSE,,,,
886596,"Rotifera","Eurotatoria","Ploima","Lepadellidae","Colurella","Colurella colurus",1,,,TRUE,FALSE,FALSE,,,,
886971,"Rotifera","Eurotatoria","Ploima","Dicranophoridae","Encentrum","Encentrum mustela",2,,,TRUE,FALSE,FALSE,,,,
886991,"Rotifera","Eurotatoria","Ploima","Dicranophoridae","Encentrum","Encentrum uncinatum",1,,,TRUE,FALSE,FALSE,,,,
886570,"Rotifera","Eurotatoria","Ploima","Epiphanidae","Epiphanes","Epiphanes senta",2,,,TRUE,FALSE,FALSE,,,,
1390804,"Rotifera","Eurotatoria","Ploima","Lepadellidae","Lepadella","Lepadella triptera",2,,,TRUE,FALSE,FALSE,,,,
886578,"Rotifera","Eurotatoria","Ploima","Lindiidae","Lindia","Lindia torulosa",1,,,TRUE,TRUE,FALSE,,,,
886555,"Rotifera","Eurotatoria","Ploima","Brachionidae","Notholca","Notholca hollowdayi",2,,,TRUE,FALSE,FALSE,,,,
886567,"Rotifera","Eurotatoria","Ploima","Notommatidae","Notommata","Notommata glyphura",1,,,TRUE,TRUE,FALSE,,,,
887003,"Rotifera","Eurotatoria","Ploima","Notommatidae","Resticula","Resticula gelida",1,,,TRUE,FALSE,FALSE,,,,
148339,"Rotifera","Eurotatoria","Ploima","Trichocercidae","Trichocerca","Trichocerca brachyura",2,,,TRUE,TRUE,FALSE,,,,
1390723,"Rotifera","Eurotatoria",,"Habrotrochidae","Habrotrocha","Habrotrocha constricta",1,,,TRUE,FALSE,FALSE,,,,
431954,"Rotifera","Eurotatoria",,"Philodinidae","Rotaria","Rotaria rotatoria",1,,,TRUE,FALSE,FALSE,,,,
577519,"Tracheophyta","Magnoliopsida","Poales","Poaceae","Phleum","Phleum pratense",,,,FALSE,TRUE,FALSE,,,"common timothy",
