"AphiaID","phylum","class","order","family","genus","species","remove","records","reads","asvs","max_year","target_gene","source_obis","source_gbif","source_dna","category","redlist_category","vernacular","group"
148990,"Bacillariophyta","Bacillariophyceae","Achnanthales","Cocconeidaceae","Cocconeis","Cocconeis placentula",FALSE,5,,,2021,,TRUE,FALSE,FALSE,,,,"algae"
163873,"Bacillariophyta","Bacillariophyceae","Achnanthales","Cocconeidaceae","Cocconeis","Cocconeis placentula",FALSE,4,,,2016,,TRUE,FALSE,FALSE,,,,"algae"
149004,"Bacillariophyta","Bacillariophyceae","Bacillariales","Bacillariaceae","Cylindrotheca","Cylindrotheca closterium",FALSE,295,,,2021,,TRUE,TRUE,FALSE,,,,"algae"
172418,"Bacillariophyta","Bacillariophyceae","Bacillariales","Bacillariaceae","Fragilariopsis","Fragilariopsis cylindrus",FALSE,29,,,2021,,TRUE,TRUE,FALSE,,,,"algae"
149046,"Bacillariophyta","Bacillariophyceae","Bacillariales","Bacillariaceae","Nitzschia","Nitzschia acicularis",FALSE,1,,,2008,,TRUE,TRUE,FALSE,,,,"algae"
175373,"Bacillariophyta","Bacillariophyceae","Bacillariales","Bacillariaceae","Nitzschia","Nitzschia acicularis",FALSE,42,,,2015,,TRUE,FALSE,FALSE,,,,"algae"
175400,"Bacillariophyta","Bacillariophyceae","Bacillariales","Bacillariaceae","Nitzschia","Nitzschia frigida",FALSE,8,,,2021,,TRUE,TRUE,FALSE,,,,"algae"
149150,"Bacillariophyta","Bacillariophyceae","Bacillariales","Bacillariaceae","Nitzschia","Nitzschia longissima",FALSE,30,,,2018,,TRUE,TRUE,FALSE,,,,"algae"
149584,"Bacillariophyta","Bacillariophyceae","Bacillariales","Bacillariaceae","Nitzschia","Nitzschia thermalis",FALSE,,,,,,FALSE,TRUE,FALSE,,,,"algae"
464444,"Bacillariophyta","Bacillariophyceae","Chaetocerotanae incertae sedis","Attheyaceae","Attheya","Attheya longicornis",FALSE,4,,,2016,,TRUE,TRUE,FALSE,,,,"algae"
149297,"Bacillariophyta","Bacillariophyceae","Chaetocerotanae incertae sedis","Chaetocerotaceae","Chaetoceros","Chaetoceros ceratosporus",FALSE,37,,,2021,,TRUE,TRUE,FALSE,,,,"algae"
163016,"Bacillariophyta","Bacillariophyceae","Chaetocerotanae incertae sedis","Chaetocerotaceae","Chaetoceros","Chaetoceros ceratosporus",FALSE,308,,,2021,,TRUE,FALSE,FALSE,,,,"algae"
149120,"Bacillariophyta","Bacillariophyceae","Chaetocerotanae incertae sedis","Chaetocerotaceae","Chaetoceros","Chaetoceros danicus",FALSE,160,,,2021,,TRUE,TRUE,FALSE,,,,"algae"
149126,"Bacillariophyta","Bacillariophyceae","Chaetocerotanae incertae sedis","Chaetocerotaceae","Chaetoceros","Chaetoceros decipiens",FALSE,,,,,,FALSE,TRUE,FALSE,,,,"algae"
465524,"Bacillariophyta","Bacillariophyceae","Chaetocerotanae incertae sedis","Chaetocerotaceae","Chaetoceros","Chaetoceros gracilis",FALSE,,,,,,FALSE,TRUE,FALSE,,,,"algae"
163063,"Bacillariophyta","Bacillariophyceae","Chaetocerotanae incertae sedis","Chaetocerotaceae","Chaetoceros","Chaetoceros holsaticus",FALSE,89,,,2021,,TRUE,TRUE,FALSE,,,,"algae"
163098,"Bacillariophyta","Bacillariophyceae","Chaetocerotanae incertae sedis","Chaetocerotaceae","Chaetoceros","Chaetoceros muelleri",FALSE,8,,,2021,,TRUE,TRUE,FALSE,,,,"algae"
418510,"Bacillariophyta","Bacillariophyceae","Chaetocerotanae incertae sedis","Chaetocerotaceae","Chaetoceros","Chaetoceros neogracile",FALSE,7,,,2007,,TRUE,TRUE,FALSE,,,,"algae"
178207,"Bacillariophyta","Bacillariophyceae","Chaetocerotanae incertae sedis","Chaetocerotaceae","Chaetoceros","Chaetoceros neogracilis",FALSE,43,,,2021,,TRUE,TRUE,FALSE,,,,"algae"
156619,"Bacillariophyta","Bacillariophyceae","Chaetocerotanae incertae sedis","Chaetocerotaceae","Chaetoceros","Chaetoceros perpusillus",FALSE,124,,,2017,,TRUE,FALSE,FALSE,,,,"algae"
962003,"Bacillariophyta","Bacillariophyceae","Chaetocerotanae incertae sedis","Chaetocerotaceae","Chaetoceros","Chaetoceros septentrionalis",FALSE,155,,,2021,,TRUE,FALSE,FALSE,,,,"algae"
149127,"Bacillariophyta","Bacillariophyceae","Chaetocerotanae incertae sedis","Chaetocerotaceae","Chaetoceros","Chaetoceros similis",FALSE,1,,,2017,,TRUE,FALSE,FALSE,,,,"algae"
149294,"Bacillariophyta","Bacillariophyceae","Chaetocerotanae incertae sedis","Chaetocerotaceae","Chaetoceros","Chaetoceros simplex",FALSE,6,,,2020,,TRUE,FALSE,FALSE,,,,"algae"
156621,"Bacillariophyta","Bacillariophyceae","Chaetocerotanae incertae sedis","Chaetocerotaceae","Chaetoceros","Chaetoceros subtilis",FALSE,22,,,2020,,TRUE,TRUE,FALSE,,,,"algae"
163131,"Bacillariophyta","Bacillariophyceae","Chaetocerotanae incertae sedis","Chaetocerotaceae","Chaetoceros","Chaetoceros subtilis",FALSE,78,,,2018,,TRUE,FALSE,FALSE,,,,"algae"
156623,"Bacillariophyta","Bacillariophyceae","Chaetocerotanae incertae sedis","Chaetocerotaceae","Chaetoceros","Chaetoceros tenuissimus",FALSE,104,,,2021,,TRUE,TRUE,FALSE,,,,"algae"
163150,"Bacillariophyta","Bacillariophyceae","Chaetocerotanae incertae sedis","Chaetocerotaceae","Chaetoceros","Chaetoceros throndsenii",FALSE,106,,,2016,,TRUE,FALSE,FALSE,,,,"algae"
160524,"Bacillariophyta","Bacillariophyceae","Chaetocerotanae incertae sedis","Chaetocerotaceae","Chaetoceros","Chaetoceros wighamii",FALSE,875,,,2021,,TRUE,TRUE,FALSE,,,,"algae"
163143,"Bacillariophyta","Bacillariophyceae","Chaetocerotanae incertae sedis","Chaetocerotaceae","Miraltia","Miraltia throndsenii",FALSE,3,,,2020,,TRUE,TRUE,FALSE,,,,"algae"
162770,"Bacillariophyta","Bacillariophyceae","Coscinodiscales","Hemidiscaceae","Actinocyclus","Actinocyclus octonarius",FALSE,449,,,2021,,TRUE,FALSE,FALSE,,,,"algae"
149271,"Bacillariophyta","Bacillariophyceae","Coscinodiscales","Coscinodiscaceae","Coscinodiscus","Coscinodiscus granii",FALSE,45,,,2021,,TRUE,TRUE,FALSE,,,,"algae"
969455,"Bacillariophyta","Bacillariophyceae","Coscinodiscales","Coscinodiscaceae","Coscinodiscus","Coscinodiscus lacustris",FALSE,3,,,2020,,TRUE,FALSE,FALSE,,,,"algae"
549205,"Bacillariophyta","Bacillariophyceae","Cymatosirales","Cymatosiraceae","Lennoxia","Lennoxia faveolata",FALSE,1,,,2016,,TRUE,TRUE,FALSE,,,,"algae"
175794,"Bacillariophyta","Bacillariophyceae","Cymbellales","Rhoicospheniaceae","Rhoicosphenia","Rhoicosphenia abbreviata",FALSE,83,,,2021,,TRUE,TRUE,FALSE,,,,"algae"
148954,"Bacillariophyta","Bacillariophyceae","Fragilariales","Fragilariaceae","Asterionella","Asterionella formosa",FALSE,29,,,2021,,TRUE,TRUE,FALSE,,,,"algae"
163932,"Bacillariophyta","Bacillariophyceae","Fragilariales","Fragilariaceae","Ceratoneis","Ceratoneis closterium",FALSE,6,,,2014,,TRUE,FALSE,FALSE,,,,"algae"
172385,"Bacillariophyta","Bacillariophyceae","Fragilariales","Fragilariaceae","Fragilaria","Fragilaria capucina",FALSE,2,,,2016,,TRUE,FALSE,FALSE,,,,"algae"
180420,"Bacillariophyta","Bacillariophyceae","Fragilariales","Fragilariaceae","Meridion","Meridion circulare",FALSE,3,,,2020,,TRUE,FALSE,FALSE,,,,"algae"
176209,"Bacillariophyta","Bacillariophyceae","Fragilariales","Fragilariaceae","Synedra","Synedra acus",FALSE,19,,,2016,,TRUE,FALSE,FALSE,,,,"algae"
985525,"Bacillariophyta","Bacillariophyceae","Fragilariales","Fragilariaceae","Synedra","Synedra acus",FALSE,1,,,2007,,TRUE,FALSE,FALSE,,,,"algae"
176254,"Bacillariophyta","Bacillariophyceae","Fragilariales","Fragilariaceae","Synedra","Synedra ulna",FALSE,24,,,2008,,TRUE,FALSE,FALSE,,,,"algae"
157061,"Bacillariophyta","Bacillariophyceae","Fragilariales","Fragilariaceae","Tabularia","Tabularia fasciculata",FALSE,65,,,2020,,TRUE,TRUE,FALSE,,,,"algae"
157062,"Bacillariophyta","Bacillariophyceae","Licmophorales","Licmophoraceae","Licmophora","Licmophora abbreviata",FALSE,6,,,2020,,TRUE,TRUE,FALSE,,,,"algae"
149343,"Bacillariophyta","Bacillariophyceae","Licmophorales","Licmophoraceae","Licmophora","Licmophora gracilis",FALSE,1,,,2020,,TRUE,FALSE,FALSE,,,,"algae"
163624,"Bacillariophyta","Bacillariophyceae","Lithodesmiales","Lithodesmiaceae","Pauliella","Pauliella taeniata",FALSE,90,,,2021,,TRUE,TRUE,FALSE,,,,"algae"
976453,"Bacillariophyta","Bacillariophyceae","Melosirales","Melosiraceae","Melosira","Melosira arctica",FALSE,63,,,2016,,TRUE,FALSE,FALSE,,,,"algae"
635472,"Bacillariophyta","Bacillariophyceae","Melosirales","Melosiraceae","Melosira","Melosira discigera",FALSE,3,,,2011,,TRUE,FALSE,FALSE,,,,"algae"
984183,"Bacillariophyta","Bacillariophyceae","Melosirales","Melosiraceae","Melosira","Melosira granulata",FALSE,2,,,2014,,TRUE,FALSE,FALSE,,,,"algae"
156636,"Bacillariophyta","Bacillariophyceae","Melosirales","Melosiraceae","Melosira","Melosira lineata",FALSE,37,,,2019,,TRUE,TRUE,FALSE,,,,"algae"
418547,"Bacillariophyta","Bacillariophyceae","Melosirales","Melosiraceae","Melosira","Melosira moniliformis",FALSE,23,,,2019,,TRUE,TRUE,FALSE,,,,"algae"
624065,"Bacillariophyta","Bacillariophyceae","Naviculales","Amphipleuraceae","Halamphora","Halamphora coffeaeformis",FALSE,2,,,2011,,TRUE,TRUE,FALSE,,,,"algae"
149203,"Bacillariophyta","Bacillariophyceae","Naviculales","Naviculaceae","Navicula","Navicula cryptocephala",FALSE,1,,,2016,,TRUE,TRUE,FALSE,,,,"algae"
172731,"Bacillariophyta","Bacillariophyceae","Naviculales","Naviculaceae","Navicula","Navicula perminuta",FALSE,,,,,,FALSE,TRUE,FALSE,,,,"algae"
175326,"Bacillariophyta","Bacillariophyceae","Naviculales","Naviculaceae","Navicula","Navicula vanhoeffenii",FALSE,10,,,2017,,TRUE,FALSE,FALSE,,,,"algae"
175584,"Bacillariophyta","Bacillariophyceae","Naviculales","Phaeodactylaceae","Phaeodactylum","Phaeodactylum tricornutum",FALSE,2,,,2009,,TRUE,FALSE,FALSE,,,,"algae"
149287,"Bacillariophyta","Bacillariophyceae","Rhizosoleniales","Rhizosoleniaceae","Rhizosolenia","Rhizosolenia minima",FALSE,25,,,2021,,TRUE,TRUE,FALSE,,,,"algae"
149566,"Bacillariophyta","Bacillariophyceae","Rhopalodiales","Rhopalodiaceae","Rhopalodia","Rhopalodia gibba",FALSE,,,,,,FALSE,TRUE,FALSE,,,,"algae"
149338,"Bacillariophyta","Bacillariophyceae","Striatellales","Striatellaceae","Grammatophora","Grammatophora marina",FALSE,4,,,2021,,TRUE,FALSE,FALSE,,,,"algae"
163646,"Bacillariophyta","Bacillariophyceae","Surirellales","Entomoneidaceae","Entomoneis","Entomoneis paludosa",FALSE,52,,,2018,,TRUE,TRUE,FALSE,,,,"algae"
176275,"Bacillariophyta","Bacillariophyceae","Tabellariales","Tabellariaceae","Tabellaria","Tabellaria fenestrata var. geniculata",FALSE,,,,,,FALSE,TRUE,FALSE,,,,"algae"
149093,"Bacillariophyta","Bacillariophyceae","Thalassionematales","Thalassionemataceae","Thalassionema","Thalassionema nitzschioides",FALSE,1,,,2007,,TRUE,TRUE,FALSE,,,,"algae"
149524,"Bacillariophyta","Bacillariophyceae","Thalassiophysales","Catenulaceae","Amphora","Amphora ovalis",FALSE,1,,,2015,,TRUE,TRUE,FALSE,,,,"algae"
623754,"Bacillariophyta","Bacillariophyceae","Thalassiosirales","Thalassiosiraceae","Conticribra","Conticribra weissflogii",FALSE,2,,,2010,,TRUE,TRUE,FALSE,,,,"algae"
148908,"Bacillariophyta","Bacillariophyceae","Thalassiosirales","Stephanodiscaceae","Cyclotella","Cyclotella choctawhatcheeana",FALSE,235,,,2021,,TRUE,TRUE,FALSE,,,,"algae"
1036439,"Bacillariophyta","Bacillariophyceae","Thalassiosirales","Thalassiosiraceae","Minidiscus","Minidiscus spinulatus",FALSE,,,,,,FALSE,TRUE,FALSE,,,,"algae"
149074,"Bacillariophyta","Bacillariophyceae","Thalassiosirales","Skeletonemaceae","Skeletonema","Skeletonema costatum",FALSE,72,,,2012,,TRUE,FALSE,FALSE,,,,"algae"
376667,"Bacillariophyta","Bacillariophyceae","Thalassiosirales","Skeletonemaceae","Skeletonema","Skeletonema marinoi",FALSE,508,,,2021,,TRUE,TRUE,FALSE,,,,"algae"
149075,"Bacillariophyta","Bacillariophyceae","Thalassiosirales","Skeletonemaceae","Skeletonema","Skeletonema subsalsum",FALSE,9,,,2007,,TRUE,FALSE,FALSE,,,,"algae"
156690,"Bacillariophyta","Bacillariophyceae","Thalassiosirales","Thalassiosiraceae","Thalassiosira","Thalassiosira baltica",FALSE,515,,,2021,,TRUE,TRUE,FALSE,,,,"algae"
163487,"Bacillariophyta","Bacillariophyceae","Thalassiosirales","Thalassiosiraceae","Thalassiosira","Thalassiosira guillardii",FALSE,,,,,,FALSE,TRUE,FALSE,,,,"algae"
625490,"Bacillariophyta","Bacillariophyceae","Thalassiosirales","Thalassiosiraceae","Thalassiosira","Thalassiosira hispida",FALSE,,,,,,FALSE,TRUE,FALSE,,,,"algae"
149308,"Bacillariophyta","Bacillariophyceae","Thalassiosirales","Thalassiosiraceae","Thalassiosira","Thalassiosira levanderi",FALSE,117,,,2021,,TRUE,TRUE,FALSE,,,,"algae"
148931,"Bacillariophyta","Bacillariophyceae","Thalassiosirales","Thalassiosiraceae","Thalassiosira","Thalassiosira nordenskioeldii",FALSE,,,,,,FALSE,TRUE,FALSE,,,,"algae"
148934,"Bacillariophyta","Bacillariophyceae","Thalassiosirales","Thalassiosiraceae","Thalassiosira","Thalassiosira pseudonana",FALSE,,,,,,FALSE,TRUE,FALSE,,,,"algae"
162772,"Bacillariophyta","Bacillariophyceae","Triceratiales","Triceratiaceae","Eupodiscus","Eupodiscus crassus",FALSE,6,,,2012,,TRUE,TRUE,FALSE,,,,"algae"
619805,"Chlorophyta","Chlorophyceae","Chlamydomonadales","Chlamydomonadaceae","Chlamydomonas","Chlamydomonas kuwadae",FALSE,,,,,,FALSE,TRUE,FALSE,,,,"algae"
249713,"Chlorophyta","Chlorophyceae","Sphaeropleales","Scenedesmaceae","Desmodesmus","Desmodesmus maximus",FALSE,34,,,2020,,TRUE,FALSE,FALSE,,,,"algae"
621601,"Chlorophyta","Chlorophyceae","Sphaeropleales","Hydrodictyaceae","Pseudopediastrum","Pseudopediastrum boryanum",FALSE,16,,,2021,,TRUE,FALSE,FALSE,,,,"algae"
345459,"Chlorophyta","Mamiellophyceae","Mamiellales","Bathycoccaceae","Bathycoccus","Bathycoccus prasinos",FALSE,,,,,,FALSE,TRUE,FALSE,,,,"algae"
134563,"Chlorophyta","Mamiellophyceae","Mamiellales","Mamiellaceae","Mantoniella","Mantoniella squamata",FALSE,42,,,2007,,TRUE,TRUE,FALSE,,,,"algae"
1361176,"Chlorophyta","Mamiellophyceae","Mamiellales","Mamiellaceae","Micromonas","Micromonas polaris",FALSE,,,,,,FALSE,TRUE,FALSE,,,,"algae"
134564,"Chlorophyta","Mamiellophyceae","Mamiellales","Mamiellaceae","Micromonas","Micromonas pusilla",FALSE,14,,,2020,,TRUE,FALSE,FALSE,,,,"algae"
345497,"Chlorophyta","Mamiellophyceae","Mamiellales","Bathycoccaceae","Ostreococcus","Ostreococcus tauri",FALSE,,,,,,FALSE,TRUE,FALSE,,,,"algae"
134566,"Chlorophyta","Pyramimonadophyceae","Pseudoscourfieldiales","Pycnococcaceae","Pseudoscourfieldia","Pseudoscourfieldia marina",FALSE,18,,,2020,,TRUE,TRUE,FALSE,,,,"algae"
134545,"Chlorophyta","Pyramimonadophyceae","Pyramimonadales","Pyramimonadaceae","Cymbomonas","Cymbomonas tetramitiformis",FALSE,2,,,2010,,TRUE,FALSE,FALSE,,,,"algae"
387974,"Chlorophyta","Pyramimonadophyceae","Pyramimonadales","Pyramimonadaceae","Pyramimonas","Pyramimonas australis",FALSE,,,,,,FALSE,TRUE,FALSE,,,,"algae"
495333,"Chlorophyta","Pyramimonadophyceae","Pyramimonadales","Pyramimonadaceae","Pyramimonas","Pyramimonas disomata",FALSE,,,,,,FALSE,TRUE,FALSE,,,,"algae"
134559,"Chlorophyta","Pyramimonadophyceae","Pyramimonadales","Pyramimonadaceae","Pyramimonas","Pyramimonas virginica",FALSE,342,,,2021,,TRUE,TRUE,FALSE,,,,"algae"
576240,"Chlorophyta","Trebouxiophyceae","Chlorellales","Chlorellaceae","Dictyosphaerium","Dictyosphaerium subsolitarium",FALSE,8,,,2018,,TRUE,FALSE,FALSE,,,,"algae"
608602,"Chlorophyta","Trebouxiophyceae","Chlorellales","Oocystaceae","Oocystis","Oocystis naegelii",FALSE,2,,,2015,,TRUE,FALSE,FALSE,,,,"algae"
248145,"Chlorophyta","Trebouxiophyceae","Chlorellales","Oocystaceae","Oocystis","Oocystis submarina",FALSE,51,,,2020,,TRUE,TRUE,FALSE,,,,"algae"
613622,"Chlorophyta","Trebouxiophyceae","Chlorellales","Oocystaceae","Quadricoccus","Quadricoccus euryhalinicus",FALSE,5,,,2020,,TRUE,FALSE,FALSE,,,,"algae"
254440,"Chlorophyta","Trebouxiophyceae","Prasiolales","Koliellaceae","Koliella","Koliella spiralis",FALSE,16,,,2013,,TRUE,FALSE,FALSE,,,,"algae"
381150,"Chlorophyta","Ulvophyceae","Cladophorales","Pithophoraceae","Aegagropila","Aegagropila linnaei",FALSE,69,,,2019,,TRUE,TRUE,FALSE,,,,"algae"
145027,"Chlorophyta","Ulvophyceae","Cladophorales","Cladophoraceae","Chaetomorpha","Chaetomorpha linum",FALSE,1,,,2008,,TRUE,TRUE,FALSE,,,,"algae"
145046,"Chlorophyta","Ulvophyceae","Cladophorales","Cladophoraceae","Cladophora","Cladophora fracta",FALSE,9,,,2017,,TRUE,TRUE,FALSE,,,,"algae"
145048,"Chlorophyta","Ulvophyceae","Cladophorales","Cladophoraceae","Cladophora","Cladophora glomerata",FALSE,1532,,,2021,,TRUE,TRUE,FALSE,,,,"algae"
145064,"Chlorophyta","Ulvophyceae","Cladophorales","Cladophoraceae","Cladophora","Cladophora rupestris",FALSE,214,,,2021,,TRUE,TRUE,FALSE,,,,"algae"
144407,"Chlorophyta","Ulvophyceae","Ulotrichales","Ulotrichaceae","Acrosiphonia","Acrosiphonia arcta",FALSE,7,,,2016,,TRUE,TRUE,FALSE,,,,"algae"
575737,"Chlorophyta","Ulvophyceae","Ulotrichales","Gloeotilaceae","Binuclearia","Binuclearia lauterbornii",FALSE,78,,,2019,,TRUE,TRUE,FALSE,,,,"algae"
145938,"Chlorophyta","Ulvophyceae","Ulotrichales","Monostromataceae","Monostroma","Monostroma balticum",FALSE,12,,,2008,,TRUE,TRUE,FALSE,,,,"algae"
144420,"Chlorophyta","Ulvophyceae","Ulotrichales","Ulotrichaceae","Urospora","Urospora penicilliformis",FALSE,3,,,2018,,TRUE,TRUE,FALSE,,,,"algae"
145950,"Chlorophyta","Ulvophyceae","Ulvales","Kornmanniaceae","Blidingia","Blidingia minima",FALSE,1,,,2011,,TRUE,TRUE,FALSE,,,,"algae"
156078,"Chlorophyta","Ulvophyceae","Ulvales","Ulvaceae","Ulva","Ulva clathrata",FALSE,12,,,2013,,TRUE,TRUE,FALSE,,,,"algae"
234471,"Chlorophyta","Ulvophyceae","Ulvales","Ulvaceae","Ulva","Ulva intestinalis",FALSE,65,,,2018,,TRUE,TRUE,FALSE,,,,"algae"
732246,"Chlorophyta","Ulvophyceae","Ulvales","Ulvellaceae","Ulvella","Ulvella leptochaete",FALSE,,,,,,FALSE,TRUE,FALSE,,,,"algae"
573884,"Haptophyta","Coccolithophyceae","Isochrysidales","Isochrysidaceae","Isochrysis","Isochrysis galbana",FALSE,,,,,,FALSE,TRUE,FALSE,,,,"algae"
670030,"Haptophyta","Prymnesiophyceae","Prymnesiales","Prymnesiaceae","Prymnesium","Prymnesium polylepis",FALSE,2,,,2008,,TRUE,TRUE,FALSE,,,,"algae"
1373545,"Ochrophyta","Bolidophyceae","Parmales","Triparmaceae","Triparma","Triparma pacifica",FALSE,,,,,,FALSE,TRUE,FALSE,,,,"algae"
160552,"Ochrophyta","Chrysophyceae","Chromulinales","Dinobryaceae","Dinobryon","Dinobryon balticum",FALSE,1,,,2015,,TRUE,TRUE,FALSE,,,,"algae"
160553,"Ochrophyta","Chrysophyceae","Chromulinales","Dinobryaceae","Dinobryon","Dinobryon faculiferum",FALSE,213,,,2021,,TRUE,TRUE,FALSE,,,,"algae"
640124,"Ochrophyta","Chrysophyceae","Chromulinales","Dinobryaceae","Kephyrion","Kephyrion inconstans",FALSE,2,,,1970,,TRUE,FALSE,FALSE,,,,"algae"
341603,"Ochrophyta","Chrysophyceae","Chromulinales","Paraphysomonadaceae","Paraphysomonas","Paraphysomonas imperforata",FALSE,,,,,,FALSE,TRUE,FALSE,,,,"algae"
573933,"Ochrophyta","Chrysophyceae","Hibberdiales","Stylococcaceae","Helicopedinella","Helicopedinella tricostata",FALSE,133,,,2013,,TRUE,FALSE,FALSE,,,,"algae"
248097,"Ochrophyta","Dictyochophyceae","Pedinellales","Pedinellaceae","Apedinella","Apedinella radians",FALSE,10,,,2020,,TRUE,FALSE,FALSE,,,,"algae"
248149,"Ochrophyta","Dictyochophyceae","Pedinellales","Pedinellaceae","Pseudopedinella","Pseudopedinella elastica",FALSE,309,,,2020,,TRUE,TRUE,FALSE,,,,"algae"
160600,"Ochrophyta","Dictyochophyceae","Pedinellales","Pedinellaceae","Pseudopedinella","Pseudopedinella pyriformis",FALSE,2,,,2016,,TRUE,TRUE,FALSE,,,,"algae"
375856,"Ochrophyta","Eustigmatophyceae","Eustigmatales","Monodopsidaceae","Nannochloropsis","Nannochloropsis granulata",FALSE,,,,,,FALSE,TRUE,FALSE,,,,"algae"
145722,"Ochrophyta","Phaeophyceae","Chordales","Chordaceae","Chorda","Chorda filum",FALSE,729,,,2021,,TRUE,TRUE,FALSE,,,,"algae"
145319,"Ochrophyta","Phaeophyceae","Ectocarpales","Chordariaceae","Dictyosiphon","Dictyosiphon chordaria",FALSE,11,,,2019,,TRUE,TRUE,FALSE,,,,"algae"
145322,"Ochrophyta","Phaeophyceae","Ectocarpales","Chordariaceae","Dictyosiphon","Dictyosiphon foeniculaceus",FALSE,455,,,2016,,TRUE,TRUE,FALSE,,,,"algae"
145410,"Ochrophyta","Phaeophyceae","Ectocarpales","Ectocarpaceae","Ectocarpus","Ectocarpus siliculosus",FALSE,22,,,2015,,TRUE,TRUE,FALSE,,,,"algae"
144937,"Ochrophyta","Phaeophyceae","Ectocarpales","Chordariaceae","Elachista","Elachista fucicola",FALSE,458,,,2021,,TRUE,TRUE,FALSE,,,,"algae"
144918,"Ochrophyta","Phaeophyceae","Ectocarpales","Chordariaceae","Eudesme","Eudesme virescens",FALSE,8,,,2008,,TRUE,TRUE,FALSE,,,,"algae"
157188,"Ochrophyta","Phaeophyceae","Ectocarpales","Acinetosporaceae","Pylaiella","Pylaiella littoralis",FALSE,389,,,2014,,TRUE,TRUE,FALSE,,,,"algae"
145869,"Ochrophyta","Phaeophyceae","Ectocarpales","Scytosiphonaceae","Scytosiphon","Scytosiphon lomentaria",FALSE,28,,,2015,,TRUE,TRUE,FALSE,,,,"algae"
145355,"Ochrophyta","Phaeophyceae","Ectocarpales","Chordariaceae","Stictyosiphon","Stictyosiphon tortilis",FALSE,301,,,2015,,TRUE,TRUE,FALSE,,,,"algae"
235808,"Ochrophyta","Phaeophyceae","Fucales","Fucaceae","Fucus","Fucus radicans",FALSE,305,,,2021,,TRUE,TRUE,FALSE,,,,"algae"
145548,"Ochrophyta","Phaeophyceae","Fucales","Fucaceae","Fucus","Fucus vesiculosus",FALSE,1560,,,2021,,TRUE,TRUE,FALSE,,,,"algae"
624204,"Ochrophyta","Phaeophyceae","Sphacelariales","Sphacelariaceae","Battersia","Battersia arctica",FALSE,1758,,,2021,,TRUE,TRUE,FALSE,,,,"algae"
624205,"Ochrophyta","Phaeophyceae","Sphacelariales","Sphacelariaceae","Battersia","Battersia plumigera",FALSE,,,,,,FALSE,TRUE,FALSE,,,,"algae"
182742,"Ochrophyta","Phaeophyceae","Sphacelariales","Stypocaulaceae","Halopteris","Halopteris scoparia",FALSE,,,,,,FALSE,TRUE,FALSE,,,,"algae"
624202,"Ochrophyta","Phaeophyceae","Sphacelariales","Stypocaulaceae","Protohalopteris","Protohalopteris radicans",FALSE,2,,,2007,,TRUE,TRUE,FALSE,,,,"algae"
137309,"Ochrophyta","Raphidophyceae","Chattonellales","Thaumatomastigaceae","Thaumatomastix","Thaumatomastix salina",FALSE,,,,,,FALSE,TRUE,FALSE,,,,"algae"
146021,"Ochrophyta","Xanthophyceae","Vaucheriales","Vaucheriaceae","Vaucheria","Vaucheria dichotoma",FALSE,4,,,2009,,TRUE,TRUE,FALSE,,,,"algae"
144404,"Rhodophyta","Florideophyceae","Acrochaetiales","Acrochaetiaceae","Rhodochorton","Rhodochorton purpureum",FALSE,269,,,2021,,TRUE,TRUE,FALSE,,,,"algae"
144546,"Rhodophyta","Florideophyceae","Ceramiales","Ceramiaceae","Ceramium","Ceramium diaphanum",FALSE,,,,,,FALSE,TRUE,FALSE,,,,"algae"
144569,"Rhodophyta","Florideophyceae","Ceramiales","Ceramiaceae","Ceramium","Ceramium tenuicorne",FALSE,1466,,,2021,,TRUE,TRUE,FALSE,,,,"algae"
178915,"Rhodophyta","Florideophyceae","Ceramiales","Ceramiaceae","Ceramium","Ceramium virgatum",FALSE,12,,,2021,,TRUE,TRUE,FALSE,,,,"algae"
377258,"Rhodophyta","Florideophyceae","Ceramiales","Ceramiaceae","Ceramium","Ceramium virgatum",FALSE,,,,,,FALSE,TRUE,FALSE,,,,"algae"
1311384,"Rhodophyta","Florideophyceae","Ceramiales","Callithamniaceae","Gaillona","Gaillona rosea",FALSE,9,,,2019,,TRUE,TRUE,FALSE,,,,"algae"
1339221,"Rhodophyta","Florideophyceae","Ceramiales","Rhodomelaceae","Leptosiphonia","Leptosiphonia fibrillosa",FALSE,264,,,2021,,TRUE,TRUE,FALSE,,,,"algae"
144672,"Rhodophyta","Florideophyceae","Ceramiales","Rhodomelaceae","Polysiphonia","Polysiphonia stricta",FALSE,6,,,2011,,TRUE,TRUE,FALSE,,,,"algae"
144854,"Rhodophyta","Florideophyceae","Ceramiales","Rhodomelaceae","Rhodomela","Rhodomela confervoides",FALSE,470,,,2021,,TRUE,TRUE,FALSE,,,,"algae"
637672,"Rhodophyta","Florideophyceae","Ceramiales","Rhodomelaceae","Vertebrata","Vertebrata fucoides",FALSE,814,,,2021,,TRUE,FALSE,FALSE,,,,"algae"
145654,"Rhodophyta","Florideophyceae","Gigartinales","Phyllophoraceae","Coccotylus","Coccotylus truncatus",FALSE,,,,,,FALSE,TRUE,FALSE,,,,"algae"
145620,"Rhodophyta","Florideophyceae","Gigartinales","Furcellariaceae","Furcellaria","Furcellaria lumbricalis",FALSE,902,,,2021,,TRUE,TRUE,FALSE,,,,"algae"
145712,"Rhodophyta","Florideophyceae","Hildenbrandiales","Hildenbrandiaceae","Hildenbrandia","Hildenbrandia rubra",FALSE,585,,,2020,,TRUE,TRUE,FALSE,,,,"algae"
159377,"Chordata","Aves","Accipitriformes","Pandionidae","Pandion","Pandion haliaetus",FALSE,,,,,,FALSE,TRUE,FALSE,"LC","LC","osprey, balbuzard pêcheur","birds"
416679,"Chordata","Aves","Anseriformes","Anatidae","Aix","Aix galericulata",FALSE,,,,,,FALSE,TRUE,FALSE,"LC","LC","mandarin duck, canard mandarin","birds"
158943,"Chordata","Aves","Anseriformes","Anatidae","Anas","Anas crecca",FALSE,,,,,,FALSE,TRUE,FALSE,"LC","LC","common teal, sarcelle d'hiver","birds"
148791,"Chordata","Aves","Anseriformes","Anatidae","Anas","Anas platyrhynchos",FALSE,,,,,,FALSE,TRUE,FALSE,"LC","LC","mallard, canard colvert","birds"
416682,"Chordata","Aves","Anseriformes","Anatidae","Anser","Anser anser",FALSE,,,,,,FALSE,TRUE,FALSE,"LC","LC","greylag goose","birds"
416683,"Chordata","Aves","Anseriformes","Anatidae","Anser","Anser brachyrhynchus",FALSE,,,,,,FALSE,TRUE,FALSE,"LC","LC","pink-footed goose","birds"
416684,"Chordata","Aves","Anseriformes","Anatidae","Anser","Anser erythropus",FALSE,,,,,,FALSE,TRUE,FALSE,"VU","VU","lesser white-fronted goose","birds"
416685,"Chordata","Aves","Anseriformes","Anatidae","Anser","Anser fabalis",FALSE,,,,,,FALSE,TRUE,FALSE,"LC","LC","taiga bean goose","birds"
159172,"Chordata","Aves","Anseriformes","Anatidae","Aythya","Aythya marila",FALSE,,,,,,FALSE,TRUE,FALSE,"LC","LC","greater scaup, fuligule milouinan","birds"
159175,"Chordata","Aves","Anseriformes","Anatidae","Branta","Branta bernicla",FALSE,,,,,,FALSE,TRUE,FALSE,"LC","LC","Brant goose, bernachle cravant","birds"
159179,"Chordata","Aves","Anseriformes","Anatidae","Bucephala","Bucephala albeola",FALSE,,,,,,FALSE,TRUE,FALSE,"LC","LC","bufflehead, garrot albéole","birds"
137071,"Chordata","Aves","Anseriformes","Anatidae","Clangula","Clangula hyemalis",FALSE,,,,,,FALSE,TRUE,FALSE,"VU","VU","long-tailed duck, harelde boréale","birds"
159094,"Chordata","Aves","Anseriformes","Anatidae","Lophodytes","Lophodytes cucullatus",FALSE,,,,,,FALSE,TRUE,FALSE,"LC","LC","hooded merganser, harle couronné","birds"
137072,"Chordata","Aves","Anseriformes","Anatidae","Melanitta","Melanitta fusca",FALSE,,,,,,FALSE,TRUE,FALSE,"VU","VU","white-winged scoter, macreuse brune","birds"
137073,"Chordata","Aves","Anseriformes","Anatidae","Melanitta","Melanitta nigra",FALSE,,,,,,FALSE,TRUE,FALSE,"LC","LC","black scoter, macreuse noire","birds"
159095,"Chordata","Aves","Anseriformes","Anatidae","Melanitta","Melanitta perspicillata",FALSE,,,,,,FALSE,TRUE,FALSE,"LC","LC","surf scoter, macreuse à front blanc","birds"
159097,"Chordata","Aves","Anseriformes","Anatidae","Mergus","Mergus merganser",FALSE,,,,,,FALSE,TRUE,FALSE,"LC","LC","common merganser, harle bièvre","birds"
159098,"Chordata","Aves","Anseriformes","Anatidae","Mergus","Mergus serrator",FALSE,,,,,,FALSE,TRUE,FALSE,"LC","LC","red-breasted merganser, harle huppé","birds"
232041,"Chordata","Aves","Anseriformes","Anatidae","Polysticta","Polysticta stelleri",FALSE,,,,,,FALSE,TRUE,FALSE,"VU","VU","Steller's eider  , eider de Steller","birds"
137074,"Chordata","Aves","Anseriformes","Anatidae","Somateria","Somateria mollissima",FALSE,,,,,,FALSE,TRUE,FALSE,"NT","NT","common eider, eider commun","birds"
137075,"Chordata","Aves","Anseriformes","Anatidae","Somateria","Somateria spectabilis",FALSE,,,,,,FALSE,TRUE,FALSE,"LC","LC","king eider, eider à tête grise","birds"
212603,"Chordata","Aves","Charadriiformes","Scolopacidae","Actitis","Actitis hypoleucos",FALSE,,,,,,FALSE,TRUE,FALSE,"LC","LC","common sandpiper, chevalier guignette","birds"
137128,"Chordata","Aves","Charadriiformes","Alcidae","Alca","Alca torda",FALSE,,,,,,FALSE,TRUE,FALSE,"LC","LC","razorbill, pingouin macroptère","birds"
137129,"Chordata","Aves","Charadriiformes","Alcidae","Alle","Alle alle",FALSE,,,,,,FALSE,TRUE,FALSE,"LC","LC","dovekie, mergule nain","birds"
147431,"Chordata","Aves","Charadriiformes","Scolopacidae","Arenaria","Arenaria interpres",FALSE,,,,,,FALSE,TRUE,FALSE,"LC","LC","ruddy turnstone, tournepierre à collier","birds"
159084,"Chordata","Aves","Charadriiformes","Scolopacidae","Calidris","Calidris alba",FALSE,,,,,,FALSE,TRUE,FALSE,"LC","LC","sanderling, bécasseau sanderling","birds"
159047,"Chordata","Aves","Charadriiformes","Scolopacidae","Calidris","Calidris alpina",FALSE,,,,,,FALSE,TRUE,FALSE,"LC","LC","dunlin, bécasseau variable","birds"
147433,"Chordata","Aves","Charadriiformes","Scolopacidae","Calidris","Calidris canutus",FALSE,,,,,,FALSE,TRUE,FALSE,"NT","NT","red knot, bécasseau maubèche","birds"
1488272,"Chordata","Aves","Charadriiformes","Scolopacidae","Calidris","Calidris falcinellus",FALSE,,,,,,FALSE,TRUE,FALSE,"LC","LC",,"birds"
159049,"Chordata","Aves","Charadriiformes","Scolopacidae","Calidris","Calidris ferruginea",FALSE,,,,,,FALSE,TRUE,FALSE,"NT","NT","curlew sanspiper, bécasseau cocorli","birds"
159052,"Chordata","Aves","Charadriiformes","Scolopacidae","Calidris","Calidris maritima",FALSE,,,,,,FALSE,TRUE,FALSE,"LC","LC","purple sandpiper, bécasseau violet","birds"
212600,"Chordata","Aves","Charadriiformes","Scolopacidae","Calidris","Calidris minuta",FALSE,,,,,,FALSE,TRUE,FALSE,"LC","LC","little stint, bécasseau minute","birds"
366591,"Chordata","Aves","Charadriiformes","Scolopacidae","Calidris","Calidris temminckii",FALSE,,,,,,FALSE,TRUE,FALSE,"LC","LC","Temminck's stint, bécasseau de Temminck","birds"
137130,"Chordata","Aves","Charadriiformes","Alcidae","Cepphus","Cepphus grylle",FALSE,,,,,,FALSE,TRUE,FALSE,"LC","LC","black guillemot, guillemot à miroir","birds"
212611,"Chordata","Aves","Charadriiformes","Charadriidae","Charadrius","Charadrius alexandrinus",FALSE,,,,,,FALSE,TRUE,FALSE,"LC","LC","Kentish plover, gravelot à collier interrompu","birds"
212617,"Chordata","Aves","Charadriiformes","Charadriidae","Charadrius","Charadrius dubius",FALSE,,,,,,FALSE,TRUE,FALSE,"LC","LC","little plover, petit gravelot","birds"
212619,"Chordata","Aves","Charadriiformes","Charadriidae","Charadrius","Charadrius hiaticula",FALSE,,,,,,FALSE,TRUE,FALSE,"LC","LC","common ringed plover, grand gravelot","birds"
232043,"Chordata","Aves","Charadriiformes","Charadriidae","Charadrius","Charadrius morinellus",FALSE,,,,,,FALSE,TRUE,FALSE,,,"Eurasian dotterel, pluvier guignard","birds"
137137,"Chordata","Aves","Charadriiformes","Laridae","Chlidonias","Chlidonias niger",FALSE,,,,,,FALSE,TRUE,FALSE,"LC","LC","black tern, guifette noire","birds"
147436,"Chordata","Aves","Charadriiformes","Charadriidae","Haematopus","Haematopus ostralegus",FALSE,,,,,,FALSE,TRUE,FALSE,"NT","NT","Eurasian oyster catcher, huîtrier pie","birds"
567449,"Chordata","Aves","Charadriiformes","Laridae","Hydrocoloeus","Hydrocoloeus minutus",FALSE,,,,,,FALSE,TRUE,FALSE,"LC","LC","little gull","birds"
567825,"Chordata","Aves","Charadriiformes","Laridae","Hydroprogne","Hydroprogne caspia",FALSE,,,,,,FALSE,TRUE,FALSE,"LC","LC","Caspian tern","birds"
137138,"Chordata","Aves","Charadriiformes","Laridae","Larus","Larus argentatus",FALSE,,,,,,FALSE,TRUE,FALSE,"LC","LC","herring gull, goéland argenté","birds"
137141,"Chordata","Aves","Charadriiformes","Laridae","Larus","Larus canus",FALSE,,,,,,FALSE,TRUE,FALSE,"LC","LC","mew gull, goéland cendré","birds"
137142,"Chordata","Aves","Charadriiformes","Laridae","Larus","Larus fuscus",FALSE,,,,,,FALSE,TRUE,FALSE,"LC","LC","lesser black-backed gull, goéland de la Balqitue","birds"
137144,"Chordata","Aves","Charadriiformes","Laridae","Larus","Larus glaucoides",FALSE,,,,,,FALSE,TRUE,FALSE,"LC","LC","Iceland gull, goéland à ailes blanches","birds"
137145,"Chordata","Aves","Charadriiformes","Laridae","Larus","Larus hyperboreus",FALSE,,,,,,FALSE,TRUE,FALSE,"LC","LC","glaucous gull, goéland bourgmestre","birds"
137146,"Chordata","Aves","Charadriiformes","Laridae","Larus","Larus marinus",FALSE,,,,,,FALSE,TRUE,FALSE,"LC","LC","great black-backed gull, goéland marin","birds"
137149,"Chordata","Aves","Charadriiformes","Laridae","Larus","Larus ridibundus",FALSE,,,,,,FALSE,TRUE,FALSE,"LC","LC","common black-headed gull, mouette rieuse","birds"
159034,"Chordata","Aves","Charadriiformes","Scolopacidae","Limosa","Limosa lapponica",FALSE,,,,,,FALSE,TRUE,FALSE,"NT","NT","bar-tailed godwit, barge rousse","birds"
159037,"Chordata","Aves","Charadriiformes","Scolopacidae","Numenius","Numenius arquata",FALSE,,,,,,FALSE,TRUE,FALSE,"NT","NT","Eurasian curlew, courlis cendré","birds"
159040,"Chordata","Aves","Charadriiformes","Scolopacidae","Numenius","Numenius phaeopus",FALSE,,,,,,FALSE,TRUE,FALSE,"LC","LC","whimbrel, courlis corllieu","birds"
137168,"Chordata","Aves","Charadriiformes","Phalaropodidae","Phalaropus","Phalaropus fulicarius",FALSE,,,,,,FALSE,TRUE,FALSE,"LC","LC","red phalarope, phalarope à bec large","birds"
137169,"Chordata","Aves","Charadriiformes","Phalaropodidae","Phalaropus","Phalaropus lobatus",FALSE,,,,,,FALSE,TRUE,FALSE,"LC","LC","red-necked phalarope, phalarope à bec mince","birds"
159046,"Chordata","Aves","Charadriiformes","Scolopacidae","Philomachus","Philomachus pugnax",FALSE,,,,,,FALSE,TRUE,FALSE,,,"ruff, combattant varié","birds"
159135,"Chordata","Aves","Charadriiformes","Charadriidae","Pluvialis","Pluvialis apricaria",FALSE,,,,,,FALSE,TRUE,FALSE,"LC","LC","European golden plover, pluvier doré","birds"
159137,"Chordata","Aves","Charadriiformes","Charadriidae","Pluvialis","Pluvialis squatarola",FALSE,,,,,,FALSE,TRUE,FALSE,"LC","LC","grey plover, pluvier argenté","birds"
137156,"Chordata","Aves","Charadriiformes","Laridae","Rissa","Rissa tridactyla",FALSE,,,,,,FALSE,TRUE,FALSE,"VU","VU","black-legged kittiwake, risse tridactyle","birds"
137172,"Chordata","Aves","Charadriiformes","Stercorariidae","Stercorarius","Stercorarius parasiticus",FALSE,,,,,,FALSE,TRUE,FALSE,"LC","LC","parasitic jaeger, labbe parasite","birds"
137173,"Chordata","Aves","Charadriiformes","Stercorariidae","Stercorarius","Stercorarius pomarinus",FALSE,,,,,,FALSE,TRUE,FALSE,"LC","LC","pomarine jaeger, stercoraire pomarin","birds"
137174,"Chordata","Aves","Charadriiformes","Stercorariidae","Stercorarius","Stercorarius skua",FALSE,,,,,,FALSE,TRUE,FALSE,,,"great skua, stercoraire brun","birds"
137162,"Chordata","Aves","Charadriiformes","Laridae","Sterna","Sterna hirundo",FALSE,4,,,1985,,TRUE,TRUE,FALSE,"LC","LC","common tern, sterne pierregarin","birds"
137165,"Chordata","Aves","Charadriiformes","Laridae","Sterna","Sterna paradisaea",FALSE,3,,,1990,,TRUE,TRUE,FALSE,"LC","LC","Arctic tern, sterne à longue queue","birds"
137166,"Chordata","Aves","Charadriiformes","Laridae","Sterna","Sterna sandvicensis",FALSE,,,,,,FALSE,TRUE,FALSE,,,"sandwich tern, sterne caugek","birds"
159029,"Chordata","Aves","Charadriiformes","Scolopacidae","Tringa","Tringa erythropus",FALSE,,,,,,FALSE,TRUE,FALSE,"LC","LC","spotted redshank, chevalier arlequin","birds"
158968,"Chordata","Aves","Charadriiformes","Scolopacidae","Tringa","Tringa nebularia",FALSE,,,,,,FALSE,TRUE,FALSE,"LC","LC","common greenshank, chevalier aboyeur","birds"
158970,"Chordata","Aves","Charadriiformes","Scolopacidae","Tringa","Tringa totanus",FALSE,,,,,,FALSE,TRUE,FALSE,"LC","LC","redshank, chevalier gambette","birds"
137133,"Chordata","Aves","Charadriiformes","Alcidae","Uria","Uria aalge",FALSE,,,,,,FALSE,TRUE,FALSE,"LC","LC","common murre, guillemot à capuchon","birds"
232053,"Chordata","Aves","Falconiformes","Accipitridae","Haliaeetus","Haliaeetus albicilla",FALSE,,,,,,FALSE,TRUE,FALSE,"LC","LC","white-tailed eagle, pygargue à queue blanche","birds"
137185,"Chordata","Aves","Gaviiformes","Gaviidae","Gavia","Gavia adamsii",FALSE,,,,,,FALSE,TRUE,FALSE,"NT","NT","yellow-billed loon, plongeon à bec blanc","birds"
137186,"Chordata","Aves","Gaviiformes","Gaviidae","Gavia","Gavia arctica",FALSE,,,,,,FALSE,TRUE,FALSE,"LC","LC","black-throated loon, plongeon arctique","birds"
137187,"Chordata","Aves","Gaviiformes","Gaviidae","Gavia","Gavia immer",FALSE,,,,,,FALSE,TRUE,FALSE,"LC","LC","common loon, plongeon imbrin","birds"
137188,"Chordata","Aves","Gaviiformes","Gaviidae","Gavia","Gavia stellata",FALSE,,,,,,FALSE,TRUE,FALSE,"LC","LC","red-throated loon, plongeon catmarin","birds"
416693,"Chordata","Aves","Gruiformes","Rallidae","Porzana","Porzana porzana",FALSE,,,,,,FALSE,TRUE,FALSE,"LC","LC","spotted crake, marouette ponctuée","birds"
137179,"Chordata","Aves","Pelecaniformes","Phalacrocoracidae","Phalacrocorax","Phalacrocorax carbo",FALSE,,,,,,FALSE,TRUE,FALSE,"LC","LC","great cormorant, grand cormoran","birds"
137181,"Chordata","Aves","Podicipediformes","Podicipedidae","Podiceps","Podiceps auritus",FALSE,,,,,,FALSE,TRUE,FALSE,"VU","VU","horned grebe, grèbe esclavon","birds"
137182,"Chordata","Aves","Podicipediformes","Podicipedidae","Podiceps","Podiceps cristatus",FALSE,,,,,,FALSE,TRUE,FALSE,"LC","LC","great-crested grebe, grèbe huppé","birds"
137183,"Chordata","Aves","Podicipediformes","Podicipedidae","Podiceps","Podiceps grisegena",FALSE,,,,,,FALSE,TRUE,FALSE,"LC","LC","red-necked grebe, grèbe jougris","birds"
148790,"Chordata","Aves","Podicipediformes","Podicipedidae","Tachybaptus","Tachybaptus ruficollis",FALSE,,,,,,FALSE,TRUE,FALSE,"LC","LC","little grebe, grèbe castagneux","birds"
137195,"Chordata","Aves","Procellariiformes","Procellariidae","Fulmarus","Fulmarus glacialis",FALSE,,,,,,FALSE,TRUE,FALSE,"LC","LC","northern fulmar, pétrel fulmar","birds"
117428,"Cnidaria","Hydrozoa","Anthoathecata","Cordylophoridae","Cordylophora","Cordylophora caspia",FALSE,8,,,2018,,TRUE,TRUE,FALSE,,,"Ponto-Caspian freshwater hydroid, cordylophore de la Caspienne","cnidarians"
117382,"Cnidaria","Hydrozoa","Leptothecata","Campanulariidae","Laomedea","Laomedea flexuosa",FALSE,1,,,2021,,TRUE,TRUE,FALSE,,,"seabells","cnidarians"
106377,"Ctenophora","Tentaculata","Cydippida","Mertensiidae","Mertensia","Mertensia ovum",FALSE,,,,,,FALSE,TRUE,FALSE,,,"Arctic sea gooseberry","cnidarians"
345919,"Arthropoda","Copepoda","Calanoida","Acartiidae","Acartia","Acartia (Acanthacartia) bifilosa",FALSE,240,,,2020,,TRUE,TRUE,FALSE,,,,"copepods"
104496,"Arthropoda","Copepoda","Calanoida","Centropagidae","Centropages","Centropages hamatus",FALSE,1,,,2021,,TRUE,FALSE,FALSE,,,,"copepods"
1416974,"Arthropoda","Copepoda","Calanoida","Temoridae","Eurytemora","Eurytemora affinis",FALSE,109,,,2021,,TRUE,TRUE,FALSE,,,,"copepods"
487770,"Arthropoda","Copepoda","Calanoida","Centropagidae","Limnocalanus","Limnocalanus macrurus",FALSE,577,,,2021,,TRUE,TRUE,FALSE,,,,"copepods"
346674,"Arthropoda","Copepoda","Calanoida","Metridinidae","Metridia","Metridia asymmetrica",FALSE,,,,,,FALSE,TRUE,FALSE,,,,"copepods"
104515,"Arthropoda","Copepoda","Calanoida","Clausocalanidae","Pseudocalanus","Pseudocalanus elongatus",FALSE,40,,,2020,,TRUE,TRUE,FALSE,,,,"copepods"
104517,"Arthropoda","Copepoda","Calanoida","Clausocalanidae","Pseudocalanus","Pseudocalanus minutus",FALSE,2,,,2010,,TRUE,FALSE,FALSE,,,,"copepods"
104878,"Arthropoda","Copepoda","Calanoida","Temoridae","Temora","Temora longicornis",FALSE,13,,,2021,,TRUE,TRUE,FALSE,,,,"copepods"
762378,"Arthropoda","Copepoda","Siphonostomatoida","Caligidae","Lepeophtheirus","Lepeophtheirus salmonis",FALSE,4,,,2015,,TRUE,TRUE,FALSE,,,,"copepods"
106271,"Arthropoda","Branchiopoda","Anomopoda","Bosminidae","Bosmina","Bosmina (Eubosmina) coregoni",FALSE,293,,,2021,,TRUE,FALSE,FALSE,,,"Baltic long-nosed waterflea","crustaceans"
148406,"Arthropoda","Branchiopoda","Anomopoda","Chydoridae","Chydorus","Chydorus sphaericus",FALSE,2,,,2021,,TRUE,FALSE,FALSE,,,"common ball waterflea","crustaceans"
378582,"Arthropoda","Branchiopoda","Anomopoda","Daphniidae","Daphnia","Daphnia cristata",FALSE,26,,,2020,,TRUE,TRUE,FALSE,,,"pointed helmeted waterflea","crustaceans"
378583,"Arthropoda","Branchiopoda","Anomopoda","Daphniidae","Daphnia","Daphnia cristata",FALSE,1,,,2008,,TRUE,FALSE,FALSE,,,,"crustaceans"
148371,"Arthropoda","Branchiopoda","Anomopoda","Daphniidae","Daphnia","Daphnia cucullata",FALSE,40,,,2021,,TRUE,TRUE,FALSE,,,"helmeted waterflea","crustaceans"
378586,"Arthropoda","Branchiopoda","Anomopoda","Daphniidae","Daphnia","Daphnia cucullata",FALSE,2,,,2008,,TRUE,FALSE,FALSE,,,,"crustaceans"
717575,"Arthropoda","Branchiopoda","Anomopoda","Daphniidae","Daphnia","Daphnia galeata",FALSE,4,,,2014,,TRUE,FALSE,FALSE,,,,"crustaceans"
412813,"Arthropoda","Branchiopoda","Anomopoda","Eurycercidae","Eurycercus","Eurycercus lamellatus",FALSE,,,,,,FALSE,TRUE,FALSE,,,"giant crawling waterflea","crustaceans"
410029,"Arthropoda","Branchiopoda","Ctenopoda","Sididae","Sida","Sida crystallina",FALSE,,,,,,FALSE,TRUE,FALSE,,,,"crustaceans"
247980,"Arthropoda","Branchiopoda","Haplopoda","Leptodoridae","Leptodora","Leptodora kindtii",FALSE,9,,,2021,,TRUE,FALSE,FALSE,,,,"crustaceans"
234084,"Arthropoda","Branchiopoda","Onychopoda","Podonidae","Evadne","Evadne anonyx",FALSE,5,,,2021,,TRUE,FALSE,FALSE,,,,"crustaceans"
106273,"Arthropoda","Branchiopoda","Onychopoda","Podonidae","Evadne","Evadne nordmanni",FALSE,249,,,2021,,TRUE,TRUE,FALSE,,,,"crustaceans"
247981,"Arthropoda","Branchiopoda","Onychopoda","Podonidae","Pleopis","Pleopis polyphemoides",FALSE,119,,,2021,,TRUE,TRUE,FALSE,,,,"crustaceans"
106276,"Arthropoda","Branchiopoda","Onychopoda","Podonidae","Podon","Podon intermedius",FALSE,35,,,2020,,TRUE,TRUE,FALSE,,,,"crustaceans"
106277,"Arthropoda","Branchiopoda","Onychopoda","Podonidae","Podon","Podon leuckartii",FALSE,14,,,2021,,TRUE,TRUE,FALSE,,,,"crustaceans"
102101,"Arthropoda","Malacostraca","Amphipoda","Corophiidae","Corophium","Corophium volutator",FALSE,111,,,2021,,TRUE,TRUE,FALSE,,,"mud shrimp","crustaceans"
102276,"Arthropoda","Malacostraca","Amphipoda","Gammaridae","Gammarus","Gammarus duebeni",FALSE,,,,,,FALSE,TRUE,FALSE,,,,"crustaceans"
102281,"Arthropoda","Malacostraca","Amphipoda","Gammaridae","Gammarus","Gammarus locusta",FALSE,15,,,2020,,TRUE,TRUE,FALSE,,,"locust amphipod, gammare","crustaceans"
102285,"Arthropoda","Malacostraca","Amphipoda","Gammaridae","Gammarus","Gammarus oceanicus",FALSE,200,,,2021,,TRUE,TRUE,FALSE,,,"oceanic scud","crustaceans"
102292,"Arthropoda","Malacostraca","Amphipoda","Gammaridae","Gammarus","Gammarus salinus",FALSE,130,,,2021,,TRUE,TRUE,FALSE,,,"gammarid shrimp","crustaceans"
102299,"Arthropoda","Malacostraca","Amphipoda","Gammaridae","Gammarus","Gammarus zaddachi",FALSE,119,,,2021,,TRUE,TRUE,FALSE,,,,"crustaceans"
102036,"Arthropoda","Malacostraca","Amphipoda","Corophiidae","Leptocheirus","Leptocheirus hirsutimanus",FALSE,1,,,2017,,TRUE,TRUE,FALSE,,,,"crustaceans"
103077,"Arthropoda","Malacostraca","Amphipoda","Pontoporeiidae","Monoporeia","Monoporeia affinis",FALSE,1737,,,2021,,TRUE,TRUE,FALSE,,,,"crustaceans"
732756,"Arthropoda","Malacostraca","Amphipoda","Pallaseidae","Pallaseopsis","Pallaseopsis quadrispinosa",FALSE,14,,,2020,,TRUE,TRUE,FALSE,,,,"crustaceans"
103079,"Arthropoda","Malacostraca","Amphipoda","Pontoporeiidae","Pontoporeia","Pontoporeia femorata",FALSE,124,,,2021,,TRUE,TRUE,FALSE,,,,"crustaceans"
110487,"Arthropoda","Malacostraca","Cumacea","Diastylidae","Diastylis","Diastylis rathkei",FALSE,2,,,2016,,TRUE,TRUE,FALSE,,,,"crustaceans"
107451,"Arthropoda","Malacostraca","Decapoda","Varunidae","Eriocheir","Eriocheir sinensis",FALSE,,,,,,FALSE,TRUE,FALSE,,,"Shanghai hairy crab, crabe poilu de Shangai","crustaceans"
107613,"Arthropoda","Malacostraca","Decapoda","Palaemonidae","Palaemon","Palaemon adspersus",FALSE,2,,,2015,,TRUE,TRUE,FALSE,,,"Baltic prawn, bouquet balte","crustaceans"
264152,"Arthropoda","Malacostraca","Isopoda","Asellidae","Asellus","Asellus (Asellus) aquaticus",FALSE,137,,,2021,,TRUE,FALSE,FALSE,,,,"crustaceans"
119039,"Arthropoda","Malacostraca","Isopoda","Idoteidae","Idotea","Idotea balthica",FALSE,5,,,2021,,TRUE,TRUE,FALSE,,,"Baltic isopod","crustaceans"
119042,"Arthropoda","Malacostraca","Isopoda","Idoteidae","Idotea","Idotea chelipes",FALSE,1,,,2008,,TRUE,TRUE,FALSE,,,"clawfooted marine isopod","crustaceans"
264171,"Arthropoda","Malacostraca","Isopoda","Janiridae","Jaera","Jaera (Jaera) albifrons",FALSE,370,,,2021,,TRUE,TRUE,FALSE,,,,"crustaceans"
264177,"Arthropoda","Malacostraca","Isopoda","Janiridae","Jaera","Jaera (Jaera) ischiosetosa",FALSE,1,,,2010,,TRUE,TRUE,FALSE,,,,"crustaceans"
119034,"Arthropoda","Malacostraca","Isopoda","Chaetiliidae","Saduria","Saduria entomon",FALSE,1358,,,2021,,TRUE,TRUE,FALSE,,,,"crustaceans"
120025,"Arthropoda","Malacostraca","Mysida","Mysidae","Hemimysis","Hemimysis anomala",FALSE,1,,,2019,,TRUE,TRUE,FALSE,,,"bloody-red shrimp, crevette rouge sang","crustaceans"
120072,"Arthropoda","Malacostraca","Mysida","Mysidae","Mesopodopsis","Mesopodopsis slabberi",FALSE,1,,,,,TRUE,FALSE,FALSE,,,,"crustaceans"
120113,"Arthropoda","Malacostraca","Mysida","Mysidae","Mysis","Mysis mixta",FALSE,99,,,2020,,TRUE,TRUE,FALSE,,,,"crustaceans"
120120,"Arthropoda","Malacostraca","Mysida","Mysidae","Mysis","Mysis relicta",FALSE,535,,,2020,,TRUE,TRUE,FALSE,,,"common Northern European opossum shrimp","crustaceans"
389360,"Arthropoda","Malacostraca","Mysida","Mysidae","Mysis","Mysis salemaai",FALSE,,,,,,FALSE,TRUE,FALSE,,,,"crustaceans"
120136,"Arthropoda","Malacostraca","Mysida","Mysidae","Neomysis","Neomysis integer",FALSE,77,,,2021,,TRUE,TRUE,FALSE,,,,"crustaceans"
120177,"Arthropoda","Malacostraca","Mysida","Mysidae","Praunus","Praunus flexuosus",FALSE,10,,,2020,,TRUE,TRUE,FALSE,,,"chameleon shrimp","crustaceans"
120178,"Arthropoda","Malacostraca","Mysida","Mysidae","Praunus","Praunus inermis",FALSE,19,,,2021,,TRUE,TRUE,FALSE,,,,"crustaceans"
120180,"Arthropoda","Malacostraca","Mysida","Mysidae","Praunus","Praunus neglectus",FALSE,7,,,2014,,TRUE,TRUE,FALSE,,,,"crustaceans"
421139,"Arthropoda","Thecostraca","Balanomorpha","Balanidae","Amphibalanus","Amphibalanus improvisus",FALSE,1842,,,2021,,TRUE,TRUE,FALSE,,,"bay barnacle","crustaceans"
101172,"Chordata","Petromyzonti","Petromyzontiformes","Petromyzontidae","Lampetra","Lampetra fluviatilis",FALSE,,,,,,FALSE,TRUE,FALSE,"LC","LC","lampern, lamproie fluviatile","fish"
126281,"Chordata","Teleostei","Anguilliformes","Anguillidae","Anguilla","Anguilla anguilla",FALSE,,,,,,FALSE,TRUE,FALSE,"CR","CR","European eel, anguille d'Europe","fish"
126417,"Chordata","Teleostei","Clupeiformes","Clupeidae","Clupea","Clupea harengus",FALSE,11,,,2009,,TRUE,TRUE,FALSE,"LC","LC","herring, hareng de l'Atlantique","fish"
126425,"Chordata","Teleostei","Clupeiformes","Clupeidae","Sprattus","Sprattus sprattus",FALSE,,,,,,FALSE,TRUE,FALSE,"LC","LC","European sprat, sprat","fish"
154281,"Chordata","Teleostei","Cypriniformes","Cyprinidae","Abramis","Abramis brama",FALSE,,,,,,FALSE,TRUE,FALSE,"LC","LC","bronze bream, brème","fish"
154285,"Chordata","Teleostei","Cypriniformes","Cyprinidae","Alburnus","Alburnus alburnus",FALSE,,,,,,FALSE,TRUE,FALSE,"LC","LC","alver, ablette","fish"
154297,"Chordata","Teleostei","Cypriniformes","Cyprinidae","Carassius","Carassius carassius",FALSE,,,,,,FALSE,TRUE,FALSE,"LC","LC","crucian carp, carassin","fish"
154324,"Chordata","Teleostei","Cypriniformes","Cyprinidae","Leuciscus","Leuciscus idus",FALSE,,,,,,FALSE,TRUE,FALSE,"LC","LC","orfe, ide mélanote","fish"
282185,"Chordata","Teleostei","Cypriniformes","Cyprinidae","Pelecus","Pelecus cultratus",FALSE,1,,,,,TRUE,FALSE,FALSE,"LC","LC","knife","fish"
154326,"Chordata","Teleostei","Cypriniformes","Cyprinidae","Phoxinus","Phoxinus phoxinus",FALSE,2,,,2008,,TRUE,TRUE,FALSE,"LC","LC","minnow, vairon","fish"
154333,"Chordata","Teleostei","Cypriniformes","Cyprinidae","Rutilus","Rutilus rutilus",FALSE,,,,,,FALSE,TRUE,FALSE,"LC","LC","roach, gardon","fish"
154165,"Chordata","Teleostei","Cypriniformes","Cyprinidae","Scardinius","Scardinius erythrophthalmus",FALSE,,,,,,FALSE,TRUE,FALSE,"LC","LC","rudd","fish"
154210,"Chordata","Teleostei","Esociformes","Esocidae","Esox","Esox lucius",FALSE,1,,,2009,,TRUE,TRUE,FALSE,"LC","LC","northern pike, grand brochet","fish"
126436,"Chordata","Teleostei","Gadiformes","Gadidae","Gadus","Gadus morhua",FALSE,1,,,,,TRUE,FALSE,FALSE,"VU","VU","cod, morue franche","fish"
154388,"Chordata","Teleostei","Gadiformes","Lotidae","Lota","Lota lota",FALSE,,,,,,FALSE,TRUE,FALSE,"LC","LC","burbot, lote","fish"
277418,"Chordata","Teleostei","Gobiiformes","Gobiidae","Awaous","Awaous commersoni",FALSE,,,,,,FALSE,TRUE,FALSE,"VU","VU",,"fish"
126892,"Chordata","Teleostei","Gobiiformes","Gobiidae","Gobius","Gobius niger",FALSE,5,,,2009,,TRUE,TRUE,FALSE,"LC","LC","black goby, gobie noir","fish"
1526389,"Chordata","Teleostei","Gobiiformes","Gobiidae","Pomatoschistus","Pomatoschistus flavescens",FALSE,1,,,2007,,TRUE,TRUE,FALSE,,,,"fish"
126928,"Chordata","Teleostei","Gobiiformes","Gobiidae","Pomatoschistus","Pomatoschistus minutus",FALSE,155,,,2014,,TRUE,TRUE,FALSE,"LC","LC","sand goby, gobie buhotte","fish"
126736,"Chordata","Teleostei","Osmeriformes","Osmeridae","Osmerus","Osmerus eperlanus",FALSE,,,,,,FALSE,TRUE,FALSE,"LC","LC","rainbow smelt, eperlan","fish"
126752,"Chordata","Teleostei","Perciformes","Ammodytidae","Ammodytes","Ammodytes tobianus",FALSE,,,,,,FALSE,TRUE,FALSE,"DD","DD","sand-eel, lançon","fish"
127196,"Chordata","Teleostei","Perciformes","Cottidae","Cottus","Cottus gobio",FALSE,,,,,,FALSE,TRUE,FALSE,"LC","LC","bullhead, chabot","fish"
127197,"Chordata","Teleostei","Perciformes","Cottidae","Cottus","Cottus poecilopus",FALSE,,,,,,FALSE,TRUE,FALSE,"LC","LC","spotted sculpin","fish"
126505,"Chordata","Teleostei","Perciformes","Gasterosteidae","Gasterosteus","Gasterosteus aculeatus",FALSE,165,,,2020,,TRUE,TRUE,FALSE,"LC","LC","threespine stickleback, epinoche à trois pointes","fish"
405451,"Chordata","Teleostei","Perciformes","Percidae","Gymnocephalus","Gymnocephalus cernua",FALSE,,,,,,FALSE,TRUE,FALSE,"LC","LC",,"fish"
127219,"Chordata","Teleostei","Perciformes","Liparidae","Liparis","Liparis liparis",FALSE,,,,,,FALSE,TRUE,FALSE,"LC","LC","sea-snail, grande limace de mer","fish"
154675,"Chordata","Teleostei","Perciformes","Stichaeidae","Lumpenus","Lumpenus lampretaeformis",FALSE,1,,,1891,,TRUE,FALSE,FALSE,,,"snake blenny, lompénie-serpent","fish"
254529,"Chordata","Teleostei","Perciformes","Cottidae","Myoxocephalus","Myoxocephalus quadricornis",FALSE,1,,,,,TRUE,TRUE,FALSE,"LC","LC","fourhorn sculpin, chaboisseau à quatre cornes","fish"
127203,"Chordata","Teleostei","Perciformes","Cottidae","Myoxocephalus","Myoxocephalus scorpius",FALSE,1,,,2014,,TRUE,TRUE,FALSE,,,"sculpin, chaboisseau","fish"
151353,"Chordata","Teleostei","Perciformes","Percidae","Perca","Perca fluviatilis",FALSE,8,,,2013,,TRUE,TRUE,FALSE,"LC","LC","perch, perche fluviatile","fish"
126996,"Chordata","Teleostei","Perciformes","Pholidae","Pholis","Pholis gunnellus",FALSE,1,,,2007,,TRUE,TRUE,FALSE,,,"rock gunnel, gonnelle","fish"
126507,"Chordata","Teleostei","Perciformes","Gasterosteidae","Pungitius","Pungitius pungitius",FALSE,9,,,2020,,TRUE,TRUE,FALSE,"LC","LC","ninespine stickleback, epinochette","fish"
151308,"Chordata","Teleostei","Perciformes","Percidae","Sander","Sander lucioperca",FALSE,,,,,,FALSE,TRUE,FALSE,"LC","LC","zander, sandre","fish"
127204,"Chordata","Teleostei","Perciformes","Cottidae","Taurulus","Taurulus bubalis",FALSE,,,,,,FALSE,TRUE,FALSE,"LC","LC","sea scorpion, petit chabot","fish"
127123,"Chordata","Teleostei","Perciformes","Zoarcidae","Zoarces","Zoarces viviparus",FALSE,42,,,2021,,TRUE,TRUE,FALSE,,,"ocean pout, loquette","fish"
127141,"Chordata","Teleostei","Pleuronectiformes","Pleuronectidae","Platichthys","Platichthys flesus",FALSE,,,,,,FALSE,TRUE,FALSE,"LC","LC","flounder, flet d'Europe","fish"
127178,"Chordata","Teleostei","Salmoniformes","Salmonidae","Coregonus","Coregonus albula",FALSE,,,,,,FALSE,TRUE,FALSE,"LC","LC","vendace, corégone blanc","fish"
127180,"Chordata","Teleostei","Salmoniformes","Salmonidae","Coregonus","Coregonus lavaretus",FALSE,,,,,,FALSE,TRUE,FALSE,"VU","VU","Lake Chud whitefish, lavoret","fish"
712453,"Chordata","Teleostei","Salmoniformes","Salmonidae","Coregonus","Coregonus maraena",FALSE,,,,,,FALSE,TRUE,FALSE,"VU","VU",,"fish"
127185,"Chordata","Teleostei","Salmoniformes","Salmonidae","Oncorhynchus","Oncorhynchus mykiss",FALSE,,,,,,FALSE,TRUE,FALSE,,,"rainbow trout, truite saumonée","fish"
127186,"Chordata","Teleostei","Salmoniformes","Salmonidae","Salmo","Salmo salar",FALSE,,,,,,FALSE,TRUE,FALSE,"LR/lc","LR/lc","Atlantic salmon, saumon d'Atlantique","fish"
127187,"Chordata","Teleostei","Salmoniformes","Salmonidae","Salmo","Salmo trutta",FALSE,,,,,,FALSE,TRUE,FALSE,"LC","LC","brown trout, truite brune","fish"
127188,"Chordata","Teleostei","Salmoniformes","Salmonidae","Salvelinus","Salvelinus alpinus",FALSE,,,,,,FALSE,TRUE,FALSE,"LC","LC","Arctic charr, omble chevalier","fish"
154241,"Chordata","Teleostei","Salmoniformes","Salmonidae","Salvelinus","Salvelinus fontinalis",FALSE,,,,,,FALSE,TRUE,FALSE,,,"brook trout, saumon de fontaine","fish"
154375,"Chordata","Teleostei","Salmoniformes","Salmonidae","Thymallus","Thymallus thymallus",FALSE,,,,,,FALSE,TRUE,FALSE,"LC","LC","European grayling, ombre","fish"
127385,"Chordata","Teleostei","Syngnathiformes","Syngnathidae","Nerophis","Nerophis ophidion",FALSE,12,,,2015,,TRUE,TRUE,FALSE,"LC","LC","straight-nosed pipefish, nérophys ophidion","fish"
127393,"Chordata","Teleostei","Syngnathiformes","Syngnathidae","Syngnathus","Syngnathus typhle",FALSE,1,,,2013,,TRUE,TRUE,FALSE,"LC","LC","deep-snouted pipefish, siphonostome","fish"
382459,"Ascomycota","Lecanoromycetes","Lecanorales","Parmeliaceae","Evernia","Evernia prunastri",FALSE,,,,,,FALSE,TRUE,FALSE,,,,"fungi"
438957,"Ascomycota","Lecanoromycetes","Lecanorales","Mycoblastaceae","Tephromela","Tephromela atra var. atra",FALSE,,,,,,FALSE,TRUE,FALSE,,,,"fungi"
147709,"Ascomycota","Lecanoromycetes","Teloschistales","Teloschistaceae","Xanthoria","Xanthoria parietina",FALSE,,,,,,FALSE,TRUE,FALSE,,,"common orange lichen","fungi"
137080,"Chordata","Mammalia","Carnivora","Phocidae","Halichoerus","Halichoerus grypus",FALSE,100,,,2020,,TRUE,TRUE,FALSE,"LC","LC","grey seal, phoque gris","mammals"
137076,"Chordata","Mammalia","Carnivora","Mustelidae","Lutra","Lutra lutra",FALSE,,,,,,FALSE,TRUE,FALSE,"NT","NT","European otter, loutre commune","mammals"
159021,"Chordata","Mammalia","Carnivora","Phocidae","Pusa","Pusa hispida",FALSE,7,,,2018,,TRUE,TRUE,FALSE,"LC","LC","ringed seal","mammals"
255029,"Chordata","Mammalia","Carnivora","Phocidae","Pusa","Pusa hispida",FALSE,1,,,2019,,TRUE,FALSE,FALSE,"LC","LC","Baltic ringed seal","mammals"
137092,"Chordata","Mammalia","Cetartiodactyla","Balaenopteridae","Megaptera","Megaptera novaeangliae",FALSE,,,,,,FALSE,TRUE,FALSE,"LC","LC","humpback whale, rorqual keporkak","mammals"
138998,"Mollusca","Bivalvia","Cardiida","Cardiidae","Cerastoderma","Cerastoderma edule",FALSE,,,,,,FALSE,TRUE,FALSE,,,"common cockle, coque","molluscs"
138999,"Mollusca","Bivalvia","Cardiida","Cardiidae","Cerastoderma","Cerastoderma glaucum",FALSE,21,,,2021,,TRUE,TRUE,FALSE,,,"lagoon cockle, coque","molluscs"
141579,"Mollusca","Bivalvia","Cardiida","Tellinidae","Macoma","Macoma balthica",FALSE,1512,,,2021,,TRUE,TRUE,FALSE,,,"Baltic macoma, telline Baltique","molluscs"
140430,"Mollusca","Bivalvia","Myida","Myidae","Mya","Mya arenaria",FALSE,2,,,2016,,TRUE,TRUE,FALSE,,,"softshell, mye","molluscs"
140480,"Mollusca","Bivalvia","Mytilida","Mytilidae","Mytilus","Mytilus edulis",FALSE,1365,,,2021,,TRUE,TRUE,FALSE,,,"blue mussel, moule commune","molluscs"
140482,"Mollusca","Bivalvia","Mytilida","Mytilidae","Mytilus","Mytilus trossulus",FALSE,1,,,2013,,TRUE,TRUE,FALSE,,,"northern bay mussel","molluscs"
207899,"Mollusca","Bivalvia","Ostreida","Margaritidae","Pinctada","Pinctada margaritifera",FALSE,,,,,,FALSE,TRUE,FALSE,,,"black-lip pearl shell","molluscs"
881461,"Mollusca","Bivalvia","Unionida","Unionidae","Anodonta","Anodonta anatina",FALSE,5,,,2007,,TRUE,TRUE,FALSE,"LC","LC","duck mussel","molluscs"
238104,"Mollusca","Gastropoda","Littorinimorpha","Hydrobiidae","Ecrobia","Ecrobia ventrosa",FALSE,6,,,2012,,TRUE,TRUE,FALSE,"LC","LC","hanging mud snail","molluscs"
151628,"Mollusca","Gastropoda","Littorinimorpha","Hydrobiidae","Peringia","Peringia ulvae",FALSE,3,,,2020,,TRUE,FALSE,FALSE,,,"common mudflat snail","molluscs"
147123,"Mollusca","Gastropoda","Littorinimorpha","Tateidae","Potamopyrgus","Potamopyrgus antipodarum",FALSE,120,,,2020,,TRUE,TRUE,FALSE,"LC","LC","New-Zealand mudsnail","molluscs"
141639,"Mollusca","Gastropoda","Nudibranchia","Trinchesiidae","Tenellia","Tenellia adspersa",FALSE,2,,,2013,,TRUE,FALSE,FALSE,,,"lagoon sea slug","molluscs"
1288085,"Mollusca","Gastropoda",,"Lymnaeidae","Ampullaceana","Ampullaceana balthica",FALSE,491,,,2021,,TRUE,TRUE,FALSE,"LC","LC","wandering pond snail","molluscs"
140229,"Mollusca","Gastropoda",,"Limapontiidae","Limapontia","Limapontia capitata",FALSE,18,,,2018,,TRUE,TRUE,FALSE,,,"broad-headed lanceolate sea slug","molluscs"
181582,"Mollusca","Gastropoda",,"Lymnaeidae","Lymnaea","Lymnaea stagnalis",FALSE,65,,,2020,,TRUE,TRUE,FALSE,"LC","LC","great pondsnail","molluscs"
467577,"Bryozoa","Gymnolaemata","Cheilostomatida","Electridae","Einhornia","Einhornia crustulenta",FALSE,1238,,,2021,,TRUE,TRUE,FALSE,,,,"moss animals"
111355,"Bryozoa","Gymnolaemata","Cheilostomatida","Electridae","Electra","Electra pilosa",FALSE,36,,,2007,,TRUE,TRUE,FALSE,,,"hairy sea-mat, ecorce pileuse","moss animals"
839150,"Cercozoa","Imbricatea","Thaumatomonadida","Thaumatomastigidae","Reckertia","Reckertia filosa",FALSE,,,,,,FALSE,TRUE,FALSE,,,,"unicellular"
872079,"Cercozoa","Imbricatea","Thaumatomonadida","Thaumatomastigidae","Reckertia","Reckertia filosa",FALSE,,,,,,FALSE,TRUE,FALSE,,,,"unicellular"
118045,"Cercozoa","Thecofilosea","Cryomonadida","Protaspidae","Cryothecomonas","Cryothecomonas aestivalis",FALSE,,,,,,FALSE,TRUE,FALSE,,,,"unicellular"
118047,"Cercozoa","Thecofilosea","Cryomonadida","Protaspidae","Cryothecomonas","Cryothecomonas scybalophora",FALSE,4,,,2020,,TRUE,FALSE,FALSE,,,,"unicellular"
881411,"Cercozoa","Thecofilosea","Cryomonadida","Protaspidae","Protaspa","Protaspa grandis",FALSE,,,,,,FALSE,TRUE,FALSE,,,,"unicellular"
872102,"Cercozoa","Thecofilosea","Thecofilosea incertae sedis",,"Mataza","Mataza hastifera",FALSE,,,,,,FALSE,TRUE,FALSE,,,,"unicellular"
663583,"Myzozoa","Dinoflagellata incertae sedis",,,"Protodinium","Protodinium simplex",FALSE,76,,,2019,,TRUE,TRUE,FALSE,,,,"unicellular"
109726,"Myzozoa","Dinophyceae","Amphidiniales","Amphidiniaceae","Amphidinium","Amphidinium crassum",FALSE,298,,,2021,,TRUE,TRUE,FALSE,,,,"unicellular"
109741,"Myzozoa","Dinophyceae","Amphidiniales","Amphidiniaceae","Amphidinium","Amphidinium longum",FALSE,12,,,2009,,TRUE,TRUE,FALSE,,,,"unicellular"
109754,"Myzozoa","Dinophyceae","Amphidiniales","Amphidiniaceae","Amphidinium","Amphidinium sphenoides",FALSE,64,,,2021,,TRUE,TRUE,FALSE,,,,"unicellular"
109603,"Myzozoa","Dinophyceae","Dinophysiales","Dinophysaceae","Dinophysis","Dinophysis acuminata",FALSE,721,,,2021,,TRUE,TRUE,FALSE,,,,"unicellular"
109604,"Myzozoa","Dinophyceae","Dinophysiales","Dinophysaceae","Dinophysis","Dinophysis acuta",FALSE,2,,,2012,,TRUE,TRUE,FALSE,,,,"unicellular"
156505,"Myzozoa","Dinophyceae","Dinophysiales","Oxyphysaceae","Phalacroma","Phalacroma rotundatum",FALSE,62,,,2016,,TRUE,TRUE,FALSE,,,,"unicellular"
109712,"Myzozoa","Dinophyceae","Gonyaulacales","Ostreopsidaceae","Alexandrium","Alexandrium ostenfeldii",FALSE,4,,,2017,,TRUE,TRUE,FALSE,,,,"unicellular"
110007,"Myzozoa","Dinophyceae","Gonyaulacales","Gonyaulacaceae","Amylax","Amylax triacantha",FALSE,96,,,2019,,TRUE,TRUE,FALSE,,,,"unicellular"
1304620,"Myzozoa","Dinophyceae","Gonyaulacales","Gonyaulacaceae","Amylax","Amylax triacantha",FALSE,1,,,2019,,TRUE,FALSE,FALSE,,,,"unicellular"
846758,"Myzozoa","Dinophyceae","Gonyaulacales","Gonyaulacaceae","Amylax","Amylax triacantha var. buxus",FALSE,,,,,,FALSE,TRUE,FALSE,,,,"unicellular"
156511,"Myzozoa","Dinophyceae","Gonyaulacales","Ceratiaceae","Ceratium","Ceratium hirundinella",FALSE,2,,,2016,,TRUE,TRUE,FALSE,,,,"unicellular"
110041,"Myzozoa","Dinophyceae","Gonyaulacales","Gonyaulacaceae","Gonyaulax","Gonyaulax spinifera",FALSE,1,,,2020,,TRUE,FALSE,FALSE,,,,"unicellular"
110045,"Myzozoa","Dinophyceae","Gonyaulacales","Gonyaulacaceae","Gonyaulax","Gonyaulax verior",FALSE,27,,,2016,,TRUE,TRUE,FALSE,,,,"unicellular"
109992,"Myzozoa","Dinophyceae","Gonyaulacales","Cladopyxidaceae","Micracanthodinium","Micracanthodinium claytonii",FALSE,12,,,2017,,TRUE,TRUE,FALSE,,,,"unicellular"
109993,"Myzozoa","Dinophyceae","Gonyaulacales","Cladopyxidaceae","Micracanthodinium","Micracanthodinium setiferum",FALSE,6,,,2016,,TRUE,FALSE,FALSE,,,,"unicellular"
110156,"Myzozoa","Dinophyceae","Gonyaulacales","Cladopyxidaceae","Peridiniella","Peridiniella catenata",FALSE,234,,,2021,,TRUE,TRUE,FALSE,,,,"unicellular"
110321,"Myzozoa","Dinophyceae","Gonyaulacales","Gonyaulacaceae","Protoceratium","Protoceratium reticulatum",FALSE,8,,,2021,,TRUE,TRUE,FALSE,,,,"unicellular"
232598,"Myzozoa","Dinophyceae","Gonyaulacales","Pyrophacaceae","Pyrophacus","Pyrophacus horologium",FALSE,1,,,2017,,TRUE,TRUE,FALSE,,,,"unicellular"
232546,"Myzozoa","Dinophyceae","Gymnodiniales","Gymnodiniaceae","Akashiwo","Akashiwo sanguinea",FALSE,3,,,2020,,TRUE,TRUE,FALSE,,,,"unicellular"
1633651,"Myzozoa","Dinophyceae","Gymnodiniales","Ptychodiscaceae","Balechina","Balechina gracilis",FALSE,,,,,,FALSE,TRUE,FALSE,,,,"unicellular"
232869,"Myzozoa","Dinophyceae","Gymnodiniales","Gymnodiniaceae","Gymnodinium","Gymnodinium stellatum",FALSE,2,,,2016,,TRUE,FALSE,FALSE,,,,"unicellular"
547469,"Myzozoa","Dinophyceae","Gymnodiniales","Gymnodiniaceae","Gymnodinium","Gymnodinium venator",FALSE,1,,,2008,,TRUE,TRUE,FALSE,,,,"unicellular"
109851,"Myzozoa","Dinophyceae","Gymnodiniales","Gymnodiniaceae","Gyrodinium","Gyrodinium dominans",FALSE,,,,,,FALSE,TRUE,FALSE,,,,"unicellular"
109856,"Myzozoa","Dinophyceae","Gymnodiniales","Gymnodiniaceae","Gyrodinium","Gyrodinium fusiforme",FALSE,,,,,,FALSE,TRUE,FALSE,,,,"unicellular"
109876,"Myzozoa","Dinophyceae","Gymnodiniales","Gymnodiniaceae","Gyrodinium","Gyrodinium spirale",FALSE,1,,,2019,,TRUE,FALSE,FALSE,,,,"unicellular"
233037,"Myzozoa","Dinophyceae","Gymnodiniales","Kareniaceae","Karlodinium","Karlodinium veneficum",FALSE,,,,,,FALSE,TRUE,FALSE,,,,"unicellular"
1382182,"Myzozoa","Dinophyceae","Gymnodiniales","Gymnodiniales incertae sedis","Lebouridinium","Lebouridinium glaucum",FALSE,139,,,2021,,TRUE,TRUE,FALSE,,,,"unicellular"
840907,"Myzozoa","Dinophyceae","Gymnodiniales","Gymnodiniaceae","Nusuttodinium","Nusuttodinium amphidinioides",FALSE,,,,,,FALSE,TRUE,FALSE,,,,"unicellular"
571649,"Myzozoa","Dinophyceae","Peridiniales","Peridiniaceae","Glenodinium","Glenodinium pilula",FALSE,6,,,1969,,TRUE,FALSE,FALSE,,,,"unicellular"
688227,"Myzozoa","Dinophyceae","Peridiniales","Heterocapsaceae","Heterocapsa","Heterocapsa arctica",FALSE,13,,,2020,,TRUE,FALSE,FALSE,,,,"unicellular"
233619,"Myzozoa","Dinophyceae","Peridiniales","Heterocapsaceae","Heterocapsa","Heterocapsa minima",FALSE,11,,,2016,,TRUE,TRUE,FALSE,,,,"unicellular"
233625,"Myzozoa","Dinophyceae","Peridiniales","Heterocapsaceae","Heterocapsa","Heterocapsa pygmaea",FALSE,,,,,,FALSE,TRUE,FALSE,,,,"unicellular"
110152,"Myzozoa","Dinophyceae","Peridiniales","Heterocapsaceae","Heterocapsa","Heterocapsa rotundata",FALSE,736,,,2021,,TRUE,TRUE,FALSE,,,,"unicellular"
110154,"Myzozoa","Dinophyceae","Peridiniales","Peridiniaceae","Kryptoperidinium","Kryptoperidinium foliaceum",FALSE,4,,,2014,,TRUE,FALSE,FALSE,,,,"unicellular"
1346683,"Myzozoa","Dinophyceae","Peridiniales","Peridiniaceae","Kryptoperidinium","Kryptoperidinium triquetrum",FALSE,13,,,2020,,TRUE,TRUE,FALSE,,,,"unicellular"
232703,"Myzozoa","Dinophyceae","Peridiniales","Lessardiaceae","Lessardia","Lessardia elongata",FALSE,1,,,2020,,TRUE,FALSE,FALSE,,,,"unicellular"
110155,"Myzozoa","Dinophyceae","Peridiniales","Protoperidiniaceae","Oblea","Oblea rotunda",FALSE,218,,,2021,,TRUE,TRUE,FALSE,,,,"unicellular"
614618,"Myzozoa","Dinophyceae","Peridiniales","Protoperidiniaceae","Preperidinium","Preperidinium meunieri",FALSE,3,,,2020,,TRUE,FALSE,FALSE,,,,"unicellular"
109927,"Myzozoa","Dinophyceae","Peridiniales","Protoperidiniaceae","Preperidinium","Preperidinium meunierii",FALSE,,,,,,FALSE,TRUE,FALSE,,,,"unicellular"
110208,"Myzozoa","Dinophyceae","Peridiniales","Protoperidiniaceae","Protoperidinium","Protoperidinium bipes",FALSE,231,,,2021,,TRUE,TRUE,FALSE,,,,"unicellular"
110209,"Myzozoa","Dinophyceae","Peridiniales","Protoperidiniaceae","Protoperidinium","Protoperidinium breve",FALSE,1,,,2021,,TRUE,FALSE,FALSE,,,,"unicellular"
110210,"Myzozoa","Dinophyceae","Peridiniales","Protoperidiniaceae","Protoperidinium","Protoperidinium brevipes",FALSE,127,,,2021,,TRUE,TRUE,FALSE,,,,"unicellular"
110223,"Myzozoa","Dinophyceae","Peridiniales","Protoperidiniaceae","Protoperidinium","Protoperidinium granii",FALSE,64,,,2021,,TRUE,TRUE,FALSE,,,,"unicellular"
110245,"Myzozoa","Dinophyceae","Peridiniales","Protoperidiniaceae","Protoperidinium","Protoperidinium pellucidum",FALSE,11,,,2012,,TRUE,TRUE,FALSE,,,,"unicellular"
110293,"Myzozoa","Dinophyceae","Prorocentrales","Prorocentraceae","Prorocentrum","Prorocentrum balticum",FALSE,12,,,2009,,TRUE,FALSE,FALSE,,,,"unicellular"
232376,"Myzozoa","Dinophyceae","Prorocentrales","Prorocentraceae","Prorocentrum","Prorocentrum cordatum",FALSE,6,,,2021,,TRUE,TRUE,FALSE,,,,"unicellular"
626297,"Myzozoa","Dinophyceae","Suessiales","Biecheleriaceae","Biecheleria","Biecheleria baltica",FALSE,2,,,2018,,TRUE,TRUE,FALSE,,,,"unicellular"
626298,"Myzozoa","Dinophyceae","Suessiales","Biecheleriaceae","Biecheleria","Biecheleria halophila",FALSE,1,,,2010,,TRUE,FALSE,FALSE,,,,"unicellular"
232248,"Myzozoa","Dinophyceae","Suessiales","Suessiaceae","Polarella","Polarella glacialis",FALSE,,,,,,FALSE,TRUE,FALSE,,,,"unicellular"
1380043,"Myzozoa","Dinophyceae","Thoracosphaerales","Thoracosphaeraceae","Apocalathium","Apocalathium malmogiense",FALSE,14,,,2009,,TRUE,TRUE,FALSE,,,,"unicellular"
1368615,"Myzozoa","Dinophyceae","Torodiniales","Kapelodiniaceae","Kapelodinium","Kapelodinium vestifici",FALSE,4,,,2019,,TRUE,FALSE,FALSE,,,,"unicellular"
416513,"Annelida","Clitellata","Enchytraeida","Enchytraeidae","Cognettia","Cognettia glandulosa",FALSE,,,,,,FALSE,TRUE,FALSE,,,,"worms"
416514,"Annelida","Clitellata","Enchytraeida","Enchytraeidae","Cognettia","Cognettia sphagnetorum",FALSE,,,,,,FALSE,TRUE,FALSE,,,,"worms"
137405,"Annelida","Clitellata","Enchytraeida","Enchytraeidae","Enchytraeus","Enchytraeus christenseni",FALSE,,,,,,FALSE,TRUE,FALSE,,,,"worms"
416515,"Annelida","Clitellata","Enchytraeida","Enchytraeidae","Enchytraeus","Enchytraeus lacteus",FALSE,,,,,,FALSE,TRUE,FALSE,,,,"worms"
238733,"Annelida","Clitellata","Enchytraeida","Enchytraeidae","Fridericia","Fridericia bulboides",FALSE,,,,,,FALSE,TRUE,FALSE,,,,"worms"
154880,"Annelida","Clitellata","Enchytraeida","Enchytraeidae","Fridericia","Fridericia ratzeli",FALSE,,,,,,FALSE,TRUE,FALSE,,,,"worms"
137421,"Annelida","Clitellata","Enchytraeida","Enchytraeidae","Henlea","Henlea perpusilla",FALSE,,,,,,FALSE,TRUE,FALSE,,,,"worms"
116980,"Annelida","Clitellata","Rhynchobdellida","Piscicolidae","Piscicola","Piscicola geometra",FALSE,37,,,2021,,TRUE,TRUE,FALSE,,,"common fish leech","worms"
743898,"Annelida","Clitellata","Tubificida","Naididae","Baltidrilus","Baltidrilus costatus",FALSE,1,,,1991,,TRUE,FALSE,FALSE,,,,"worms"
137556,"Annelida","Clitellata","Tubificida","Naididae","Limnodrilus","Limnodrilus hoffmeisteri",FALSE,3,,,2012,,TRUE,TRUE,FALSE,,,,"worms"
130735,"Annelida","Polychaeta","Phyllodocida","Polynoidae","Bylgides","Bylgides sarsi",FALSE,1,,,1985,,TRUE,TRUE,FALSE,,,,"worms"
152302,"Annelida","Polychaeta","Phyllodocida","Nereididae","Hediste","Hediste diversicolor",FALSE,3,,,2015,,TRUE,TRUE,FALSE,,,"ragworm","worms"
131114,"Annelida","Polychaeta","Spionida","Spionidae","Boccardiella","Boccardiella ligerica",FALSE,11,,,2013,,TRUE,FALSE,FALSE,,,,"worms"
181523,"Annelida","Polychaeta","Spionida","Spionidae","Marenzelleria","Marenzelleria neglecta",FALSE,13,,,2009,,TRUE,TRUE,FALSE,,,,"worms"
131135,"Annelida","Polychaeta","Spionida","Spionidae","Marenzelleria","Marenzelleria viridis",FALSE,41,,,2011,,TRUE,FALSE,FALSE,,,,"worms"
131170,"Annelida","Polychaeta","Spionida","Spionidae","Pygospio","Pygospio elegans",FALSE,32,,,2021,,TRUE,TRUE,FALSE,,,"pygospio worm","worms"
122739,"Nemertea","Hoplonemertea","Monostilifera","Sacconemertidae","Cyanophthalma","Cyanophthalma obscura",FALSE,297,,,2021,,TRUE,TRUE,FALSE,,,,"worms"
100587,"Acanthocephala","Palaeacanthocephala","Echinorhynchida","Paracanthocephalidae","Acanthocephalus","Acanthocephalus lucii",FALSE,,,,,,FALSE,TRUE,FALSE,,,"fish acanthocephalan",
100599,"Acanthocephala","Palaeacanthocephala","Echinorhynchida","Echinorhynchidae","Echinorhynchus","Echinorhynchus gadi",FALSE,,,,,,FALSE,TRUE,FALSE,,,,
159698,"Acanthocephala","Palaeacanthocephala","Echinorhynchida","Echinorhynchidae","Echinorhynchus","Echinorhynchus salmonis",FALSE,,,,,,FALSE,TRUE,FALSE,,,,
100613,"Acanthocephala","Palaeacanthocephala","Polymorphida","Polymorphidae","Corynosoma","Corynosoma semerme",FALSE,,,,,,FALSE,TRUE,FALSE,,,,
100614,"Acanthocephala","Palaeacanthocephala","Polymorphida","Polymorphidae","Corynosoma","Corynosoma strumosum",FALSE,,,,,,FALSE,TRUE,FALSE,,,,
571735,"Actinobacteria","Actinobacteria","Acidimicrobiales","Acidimicrobiaceae","Ilumatobacter","Ilumatobacter fluminis",FALSE,,,,,,FALSE,TRUE,FALSE,,,,
231899,"Arthropoda","Arachnida","Pseudoscorpionida","Cheliferidae","Dactylochelifer","Dactylochelifer latreillii",FALSE,,,,,,FALSE,TRUE,FALSE,,,"Marram grass chelifer",
508305,"Arthropoda","Arachnida","Sarcoptiformes","Camisiidae","Camisia","Camisia spinifer",FALSE,,,,,,FALSE,TRUE,FALSE,,,,
508313,"Arthropoda","Arachnida","Sarcoptiformes","Oppiidae","Dissorhina","Dissorhina ornata",FALSE,,,,,,FALSE,TRUE,FALSE,,,,
508332,"Arthropoda","Arachnida","Sarcoptiformes","Scheloribatidae","Hemileius","Hemileius initialis",FALSE,,,,,,FALSE,TRUE,FALSE,,,,
508342,"Arthropoda","Arachnida","Sarcoptiformes","Liebstadiidae","Liebstadia","Liebstadia similis",FALSE,,,,,,FALSE,TRUE,FALSE,,,,
508359,"Arthropoda","Arachnida","Sarcoptiformes","Oppiidae","Oppiella","Oppiella nova",FALSE,,,,,,FALSE,TRUE,FALSE,,,,
508362,"Arthropoda","Arachnida","Sarcoptiformes","Oribatulidae","Oribatula","Oribatula tibialis",FALSE,,,,,,FALSE,TRUE,FALSE,,,,
508393,"Arthropoda","Arachnida","Sarcoptiformes","Scheloribatidae","Scheloribates","Scheloribates laevigatus",FALSE,,,,,,FALSE,TRUE,FALSE,,,,
508399,"Arthropoda","Arachnida","Sarcoptiformes","Brachychthoniidae","Sellnickochthonius","Sellnickochthonius immaculatus",FALSE,,,,,,FALSE,TRUE,FALSE,,,,
508407,"Arthropoda","Arachnida","Sarcoptiformes","Tectocepheidae","Tectocepheus","Tectocepheus velatus",FALSE,,,,,,FALSE,TRUE,FALSE,,,,
394509,"Arthropoda","Chilopoda","Geophilomorpha","Geophilidae","Geophilus","Geophilus flavus",FALSE,,,,,,FALSE,TRUE,FALSE,,,,
394651,"Arthropoda","Chilopoda","Geophilomorpha","Geophilidae","Pachymerium","Pachymerium ferrugineum",FALSE,,,,,,FALSE,TRUE,FALSE,,,,
494362,"Arthropoda","Hexapoda","Diptera","Chironomidae","Chironomus","Chironomus aprilinus",FALSE,64,,,2010,,TRUE,TRUE,FALSE,,,,
955291,"Arthropoda","Hexapoda","Diptera","Chironomidae","Chironomus","Chironomus plumosus",FALSE,59,,,2022,,TRUE,TRUE,FALSE,,,,
146803,"Arthropoda","Hexapoda","Diptera","Chironomidae","Chironomus","Chironomus salinarius",FALSE,14,,,2019,,TRUE,TRUE,FALSE,,,,
158482,"Arthropoda","Hexapoda","Diptera","Chironomidae","Cricotopus","Cricotopus sylvestris",FALSE,,,,,,FALSE,TRUE,FALSE,,,,
494788,"Arthropoda","Hexapoda","Diptera","Dolichopodidae","Dolichopus","Dolichopus nubilus",FALSE,,,,,,FALSE,TRUE,FALSE,,,,
118159,"Arthropoda","Hexapoda","Diptera","Ephydridae","Ephydra","Ephydra macellaria",FALSE,,,,,,FALSE,TRUE,FALSE,,,,
150919,"Arthropoda","Hexapoda","Diptera","Ephydridae","Ephydra","Ephydra riparia",FALSE,,,,,,FALSE,TRUE,FALSE,,,,
493434,"Arthropoda","Hexapoda","Diptera","Anthomyiidae","Fucellia","Fucellia tergina",FALSE,,,,,,FALSE,TRUE,FALSE,,,,
150892,"Arthropoda","Hexapoda","Diptera","Chironomidae","Glyptotendipes","Glyptotendipes barbipes",FALSE,,,,,,FALSE,TRUE,FALSE,,,,
118152,"Arthropoda","Hexapoda","Diptera","Chironomidae","Halocladius","Halocladius variabilis",FALSE,,,,,,FALSE,TRUE,FALSE,,,,
151054,"Arthropoda","Hexapoda","Diptera","Heterocheilidae","Heterocheila","Heterocheila buccata",FALSE,,,,,,FALSE,TRUE,FALSE,,,,
150918,"Arthropoda","Hexapoda","Diptera","Ephydridae","Hydrellia","Hydrellia griseola",FALSE,,,,,,FALSE,TRUE,FALSE,,,,
503287,"Arthropoda","Hexapoda","Diptera","Dolichopodidae","Liancalus","Liancalus virens",FALSE,,,,,,FALSE,TRUE,FALSE,,,,
150894,"Arthropoda","Hexapoda","Diptera","Chironomidae","Polypedilum","Polypedilum (Polypedilum) nubeculosum",FALSE,26,,,2012,,TRUE,FALSE,FALSE,,,,
150878,"Arthropoda","Hexapoda","Diptera","Chironomidae","Pseudosmittia","Pseudosmittia trilobata",FALSE,,,,,,FALSE,TRUE,FALSE,,,,
742532,"Arthropoda","Hexapoda","Diptera","Ephydridae","Scatella","Scatella (Scatella) obsoleta",FALSE,,,,,,FALSE,TRUE,FALSE,,,,
151067,"Arthropoda","Hexapoda","Diptera","Scathophagidae","Scathophaga","Scathophaga litorea",FALSE,,,,,,FALSE,TRUE,FALSE,,,,
504238,"Arthropoda","Hexapoda","Diptera","Dolichopodidae","Syntormon","Syntormon pallipes",FALSE,,,,,,FALSE,TRUE,FALSE,,,,
151088,"Arthropoda","Hexapoda","Diptera","Sphaeroceridae","Thoracochaeta","Thoracochaeta zosterae",FALSE,,,,,,FALSE,TRUE,FALSE,,,,
494272,"Arthropoda","Hexapoda","Hemiptera","Corixidae","Callicorixa","Callicorixa praeusta",FALSE,,,,,,FALSE,TRUE,FALSE,,,,
494273,"Arthropoda","Hexapoda","Hemiptera","Corixidae","Callicorixa","Callicorixa producta",FALSE,,,,,,FALSE,TRUE,FALSE,,,,
494315,"Arthropoda","Hexapoda","Hemiptera","Saldidae","Chartoscirta","Chartoscirta cincta",FALSE,,,,,,FALSE,TRUE,FALSE,,,,
494557,"Arthropoda","Hexapoda","Hemiptera","Corixidae","Corixa","Corixa dentipes",FALSE,,,,,,FALSE,TRUE,FALSE,,,,
495955,"Arthropoda","Hexapoda","Hemiptera","Saldidae","Halosalda","Halosalda lateralis",FALSE,,,,,,FALSE,TRUE,FALSE,,,,
504118,"Arthropoda","Hexapoda","Hemiptera","Saldidae","Saldula","Saldula saltatoria",FALSE,,,,,,FALSE,TRUE,FALSE,,,"common shorebug",
504204,"Arthropoda","Hexapoda","Hemiptera","Corixidae","Sigara","Sigara distincta",FALSE,,,,,,FALSE,TRUE,FALSE,,,,
504196,"Arthropoda","Hexapoda","Hemiptera","Corixidae","Sigara","Sigara falleni",FALSE,,,,,,FALSE,TRUE,FALSE,,,,
504206,"Arthropoda","Hexapoda","Hemiptera","Corixidae","Sigara","Sigara fossarum",FALSE,,,,,,FALSE,TRUE,FALSE,,,,
504198,"Arthropoda","Hexapoda","Hemiptera","Corixidae","Sigara","Sigara semistriata",FALSE,,,,,,FALSE,TRUE,FALSE,,,,
504209,"Arthropoda","Hexapoda","Hemiptera","Corixidae","Sigara","Sigara striata",FALSE,,,,,,FALSE,TRUE,FALSE,,,,
385071,"Arthropoda","Hexapoda","Trichoptera","Limnephilidae","Limnephilus","Limnephilus affinis",FALSE,,,,,,FALSE,TRUE,FALSE,,,,
234067,"Arthropoda","Ichthyostraca","Arguloida","Argulidae","Argulus","Argulus foliaceus",FALSE,2,,,2010,,TRUE,TRUE,FALSE,,,"carp louse",
562564,"Bacteroidetes","Flavobacteria","Flavobacteriales","Flavobacteriaceae","Cellulophaga","Cellulophaga tyrosinoxydans",FALSE,,,,,,FALSE,TRUE,FALSE,,,,
561792,"Bacteroidetes","Flavobacteria","Flavobacteriales","Cryomorphaceae","Crocinitomix","Crocinitomix catalasitica",FALSE,,,,,,FALSE,TRUE,FALSE,,,,
562595,"Bacteroidetes","Flavobacteria","Flavobacteriales","Flavobacteriaceae","Eudoraea","Eudoraea adriatica",FALSE,,,,,,FALSE,TRUE,FALSE,,,,
563889,"Bacteroidetes","Flavobacteria","Flavobacteriales","Flavobacteriaceae","Lutibacter","Lutibacter maritimus",FALSE,,,,,,FALSE,TRUE,FALSE,,,,
562034,"Bacteroidetes","Flavobacteria","Flavobacteriales","Flavobacteriaceae","Mariniflexile","Mariniflexile fucanivorans",FALSE,,,,,,FALSE,TRUE,FALSE,,,,
563948,"Bacteroidetes","Flavobacteria","Flavobacteriales","Flavobacteriaceae","Polaribacter","Polaribacter filamentus",FALSE,,,,,,FALSE,TRUE,FALSE,,,,
564078,"Bacteroidetes","Flavobacteria","Flavobacteriales","Flavobacteriaceae","Ulvibacter","Ulvibacter antarcticus",FALSE,,,,,,FALSE,TRUE,FALSE,,,,
564130,"Bacteroidetes","Sphingobacteria","Sphingobacteriales","Saprospiraceae","Lewinella","Lewinella cohaerens",FALSE,,,,,,FALSE,TRUE,FALSE,,,,
564114,"Bacteroidetes","Sphingobacteria","Sphingobacteriales","Rhodothermaceae","Rubricoccus","Rubricoccus marinus",FALSE,,,,,,FALSE,TRUE,FALSE,,,,
1456971,"Basidiomycota","Agaricomycetes","Agaricales","Agaricaceae","Amanita","Amanita muscaria",FALSE,,,,,,FALSE,TRUE,FALSE,,,,
987149,"Basidiomycota","Microbotryomycetes","Sporidiobolales","Sporidiobolales incertae sedis","Rhodotorula","Rhodotorula mucilaginosa",FALSE,,,,,,FALSE,TRUE,FALSE,,,,
590569,"Bigyra","Labyrinthulea","Thraustochytrida","Aplanochytriidae","Aplanochytrium","Aplanochytrium haliotidis",FALSE,,,,,,FALSE,TRUE,FALSE,,,,
382471,"Bryophyta","Bryopsida","Dicranales","Dicranaceae","Dicranum","Dicranum scoparium",FALSE,,,,,,FALSE,TRUE,FALSE,,,"broom fork-moss",
147506,"Bryophyta","Bryopsida","Grimmiales","Grimmiaceae","Schistidium","Schistidium maritimum",FALSE,,,,,,FALSE,TRUE,FALSE,,,"seaside grimmia",
399466,"Charophyta","Charophyceae","Charales","Characeae","Chara","Chara aspera",FALSE,329,,,2019,,TRUE,TRUE,FALSE,"LC","LC",,
399467,"Charophyta","Charophyceae","Charales","Characeae","Chara","Chara baltica",FALSE,20,,,2015,,TRUE,TRUE,FALSE,,,,
399468,"Charophyta","Charophyceae","Charales","Characeae","Chara","Chara canescens",FALSE,3,,,2019,,TRUE,TRUE,FALSE,,,,
495148,"Charophyta","Charophyceae","Charales","Characeae","Chara","Chara globularis",FALSE,2,,,2008,,TRUE,TRUE,FALSE,,,,
399472,"Charophyta","Charophyceae","Charales","Characeae","Chara","Chara tomentosa",FALSE,1,,,2007,,TRUE,TRUE,FALSE,,,,
495196,"Charophyta","Charophyceae","Charales","Characeae","Chara","Chara virgata",FALSE,,,,,,FALSE,TRUE,FALSE,,,,
416187,"Charophyta","Charophyceae","Charales","Characeae","Tolypella","Tolypella nidifica",FALSE,247,,,2019,,TRUE,TRUE,FALSE,,,,
105561,"Choanozoa","Choanoflagellatea","Acanthoecida","Acanthoecidae","Calliacantha","Calliacantha natans",FALSE,2,,,2012,,TRUE,FALSE,FALSE,,,,
105562,"Choanozoa","Choanoflagellatea","Acanthoecida","Acanthoecidae","Calliacantha","Calliacantha simplex",FALSE,1,,,2018,,TRUE,FALSE,FALSE,,,,
105571,"Choanozoa","Choanoflagellatea","Acanthoecida","Acanthoecidae","Diaphanoeca","Diaphanoeca grandis",FALSE,9,,,2020,,TRUE,TRUE,FALSE,,,,
105574,"Choanozoa","Choanoflagellatea","Acanthoecida","Acanthoecidae","Diaphanoeca","Diaphanoeca sphaerica",FALSE,12,,,2020,,TRUE,FALSE,FALSE,,,,
151802,"Chordata","Chondrostei","Acipenseriformes","Acipenseridae","Acipenser","Acipenser oxyrinchus",FALSE,,,,,,FALSE,TRUE,FALSE,"VU","VU","paddlefishes, esturgeon noir",
232069,"Ciliophora","Litostomatea","Cyclotrichiida","Mesodiniidae","Mesodinium","Mesodinium rubrum",FALSE,1776,,,2021,,TRUE,TRUE,FALSE,,,,
426942,"Ciliophora","Oligohymenophorea","Sessilida","Vorticellidae","Pseudovorticella","Pseudovorticella punctata",FALSE,,,,,,FALSE,TRUE,FALSE,,,,
417503,"Ciliophora","Oligohymenophorea","Sessilida","Vorticellidae","Vorticella","Vorticella aequilata",FALSE,,,,,,FALSE,TRUE,FALSE,,,,
426952,"Ciliophora","Oligohymenophorea","Sessilida","Vorticellidae","Vorticella","Vorticella convallaria",FALSE,,,,,,FALSE,TRUE,FALSE,,,,
426969,"Ciliophora","Oligohymenophorea","Sessilida","Vorticellidae","Vorticella","Vorticella microstoma",FALSE,,,,,,FALSE,TRUE,FALSE,,,,
240437,"Ciliophora","Oligotrichea","Choreotrichida","Metacylididae","Helicostomella","Helicostomella subulata",FALSE,,,,,,FALSE,TRUE,FALSE,,,,
101212,"Ciliophora","Oligotrichea","Choreotrichida","Strobilidiidae","Pelagostrobilidium","Pelagostrobilidium neptuni",FALSE,,,,,,FALSE,TRUE,FALSE,,,,
378493,"Ciliophora","Oligotrichea","Choreotrichida","Codonellidae","Tintinnopsis","Tintinnopsis brandti",FALSE,8,,,2018,,TRUE,TRUE,FALSE,,,,
163919,"Ciliophora","Oligotrichea","Choreotrichida","Codonellidae","Tintinnopsis","Tintinnopsis lobiancoi",FALSE,36,,,2020,,TRUE,TRUE,FALSE,,,,
391617,"Ciliophora","Oligotrichea","Choreotrichida","Codonellidae","Tintinnopsis","Tintinnopsis tubulosa",FALSE,5,,,1909,,TRUE,FALSE,FALSE,,,,
417416,"Ciliophora","Prostomatea","Prorodontida","Placidae","Placus","Placus salinus",FALSE,,,,,,FALSE,TRUE,FALSE,,,,
106297,"Cryptophyta","Cryptophyceae","Cryptomonadales","Cryptomonadaceae","Cryptomonas","Cryptomonas baltica",FALSE,3,,,2015,,TRUE,TRUE,FALSE,,,,
573874,"Cryptophyta","Cryptophyceae","Pyrenomonadales","Chroomonadaceae","Falcomonas","Falcomonas daucoides",FALSE,,,,,,FALSE,TRUE,FALSE,,,,
341616,"Cryptophyta","Cryptophyceae","Pyrenomonadales","Geminigeraceae","Geminigera","Geminigera cryophila",FALSE,,,,,,FALSE,TRUE,FALSE,,,,
106310,"Cryptophyta","Cryptophyceae","Pyrenomonadales","Chroomonadaceae","Hemiselmis","Hemiselmis virescens",FALSE,476,,,2021,,TRUE,TRUE,FALSE,,,,
106303,"Cryptophyta","Cryptophyceae","Pyrenomonadales","Geminigeraceae","Plagioselmis","Plagioselmis prolonga",FALSE,869,,,2021,,TRUE,TRUE,FALSE,,,,
106305,"Cryptophyta","Cryptophyceae","Pyrenomonadales","Geminigeraceae","Teleaulax","Teleaulax acuta",FALSE,149,,,2020,,TRUE,TRUE,FALSE,,,,
106306,"Cryptophyta","Cryptophyceae","Pyrenomonadales","Geminigeraceae","Teleaulax","Teleaulax amphioxeia",FALSE,105,,,2020,,TRUE,TRUE,FALSE,,,,
627117,"Cryptophyta","Cryptophyta incertae sedis",,"Katablepharidaceae","Katablepharis","Katablepharis remigera",FALSE,213,,,2020,,TRUE,TRUE,FALSE,,,,
119077,"Cryptophyta","Cryptophyta incertae sedis",,"Katablepharidaceae","Leucocryptos","Leucocryptos marina",FALSE,106,,,2021,,TRUE,TRUE,FALSE,,,,
389491,"Cryptophyta","Telonemea","Telonemida",,"Telonema","Telonema antarcticum",FALSE,14,,,2019,,TRUE,FALSE,FALSE,,,,
118075,"Cryptophyta","Telonemea","Telonemida",,"Telonema","Telonema subtile",FALSE,542,,,2021,,TRUE,TRUE,FALSE,,,,
624961,"Cyanobacteria","Cyanophyceae","Chroococcales","Aphanothecaceae","Aphanothece","Aphanothece paralleliformis",FALSE,4,,,2014,,TRUE,FALSE,FALSE,,,,
160566,"Cyanobacteria","Cyanophyceae","Nostocales","Nostocaceae","Nodularia","Nodularia spumigena",FALSE,128,,,2021,,TRUE,TRUE,FALSE,,,,
146633,"Cyanobacteria","Cyanophyceae","Nostocales","Rivulariaceae","Rivularia","Rivularia atra",FALSE,491,,,2021,,TRUE,TRUE,FALSE,,,,
146647,"Cyanobacteria","Cyanophyceae","Synechococcales","Merismopediaceae","Aphanocapsa","Aphanocapsa holsatica",FALSE,3,,,2003,,TRUE,FALSE,FALSE,,,,
707720,"Cyanobacteria","Cyanophyceae","Synechococcales","Synechococcaceae","Cyanodictyon","Cyanodictyon balticum",FALSE,12,,,2007,,TRUE,FALSE,FALSE,,,,
1315861,"Cyanobacteria","Cyanophyceae","Synechococcales","Merismopediaceae","Eucapsis","Eucapsis microscopica",FALSE,10,,,2021,,TRUE,FALSE,FALSE,,,,
146576,"Cyanobacteria","Cyanophyceae","Synechococcales","Merismopediaceae","Merismopedia","Merismopedia tenuissima",FALSE,5,,,2020,,TRUE,TRUE,FALSE,,,,
146546,"Cyanobacteria","Cyanophyceae","Synechococcales","Merismopediaceae","Merismopedia","Merismopedia warmingiana",FALSE,196,,,2021,,TRUE,TRUE,FALSE,,,,
447754,"Euglenozoa","Euglenoidea","Euglenida","Euglenaceae","Monomorphina","Monomorphina pyrum",FALSE,1,,,2020,,TRUE,FALSE,FALSE,,,,
110652,"Euglenozoa","Euglenoidea","Eutreptiida","Eutreptiaceae","Eutreptiella","Eutreptiella gymnastica",FALSE,12,,,2009,,TRUE,TRUE,FALSE,,,,
528397,"Foraminifera","Globothalamea","Textulariida","Valvulinidae","Clavulina","Clavulina rugosa",FALSE,,,,,,FALSE,TRUE,FALSE,,,"wrinkled club",
564173,"Lentisphaerae",,"Lentisphaerales","Lentisphaeraceae","Lentisphaera","Lentisphaera araneosa",FALSE,,,,,,FALSE,TRUE,FALSE,,,,
121316,"Nematoda","Chromadorea","Araeolaimida","Axonolaimidae","Axonolaimus","Axonolaimus spinosus",FALSE,,,,,,FALSE,TRUE,FALSE,,,,
121400,"Nematoda","Chromadorea","Araeolaimida","Diplopeltidae","Campylaimus","Campylaimus gerlachi",FALSE,,,,,,FALSE,TRUE,FALSE,,,,
121267,"Nematoda","Chromadorea","Plectida","Leptolaimidae","Leptolaimus","Leptolaimus elegans",FALSE,,,,,,FALSE,TRUE,FALSE,,,,
730536,"Picozoa","Picomonadea","Picomonadida","Picomonadidae","Picomonas","Picomonas judraskeda",FALSE,,,,,,FALSE,TRUE,FALSE,,,,
880488,"Proteobacteria","Alphaproteobacteria","Alphaproteobacteria incertae sedis",,"Methyloceanibacter","Methyloceanibacter marginalis",FALSE,,,,,,FALSE,TRUE,FALSE,,,,
396162,"Proteobacteria","Alphaproteobacteria","Alphaproteobacteria incertae sedis",,"Parvibaculum","Parvibaculum lavamentivorans",FALSE,,,,,,FALSE,TRUE,FALSE,,,,
567862,"Proteobacteria","Alphaproteobacteria","Rhodobacterales","Rhodobacteraceae","Pseudorhodobacter","Pseudorhodobacter ferrugineus",FALSE,,,,,,FALSE,TRUE,FALSE,,,,
568063,"Proteobacteria","Alphaproteobacteria","Rhodospirillales","Rhodospirillaceae","Thalassobaculum","Thalassobaculum litoreum",FALSE,,,,,,FALSE,TRUE,FALSE,,,,
570077,"Proteobacteria","Deltaproteobacteria","Desulfobacterales","Desulfobulbaceae","Desulfofustis","Desulfofustis glycolicus",FALSE,,,,,,FALSE,TRUE,FALSE,,,,
570048,"Proteobacteria","Deltaproteobacteria","Desulfobacterales","Desulfobacteraceae","Desulfoluna","Desulfoluna spongiiphila",FALSE,,,,,,FALSE,TRUE,FALSE,,,,
582134,"Proteobacteria","Gammaproteobacteria","Alteromonadales","Alteromonadaceae","Glaciecola","Glaciecola punicea",FALSE,,,,,,FALSE,TRUE,FALSE,,,,
570263,"Proteobacteria","Gammaproteobacteria","Alteromonadales","Alteromonadaceae","Haliea","Haliea salexigens",FALSE,,,,,,FALSE,TRUE,FALSE,,,,
1061430,"Proteobacteria","Gammaproteobacteria","Alteromonadales","Alteromonadaceae","Paraglaciecola","Paraglaciecola hydrolytica",FALSE,,,,,,FALSE,TRUE,FALSE,,,,
570359,"Proteobacteria","Gammaproteobacteria","Alteromonadales","Pseudoalteromonadaceae","Pseudoalteromonas","Pseudoalteromonas tunicata",FALSE,,,,,,FALSE,TRUE,FALSE,,,,
570373,"Proteobacteria","Gammaproteobacteria","Alteromonadales","Shewanellaceae","Shewanella","Shewanella baltica",FALSE,,,,,,FALSE,TRUE,FALSE,,,,
395405,"Proteobacteria","Gammaproteobacteria","Alteromonadales","Shewanellaceae","Shewanella","Shewanella denitrificans",FALSE,,,,,,FALSE,TRUE,FALSE,,,,
570409,"Proteobacteria","Gammaproteobacteria","Chromatiales","Granulosicoccaceae","Granulosicoccus","Granulosicoccus antarcticus",FALSE,,,,,,FALSE,TRUE,FALSE,,,,
395671,"Proteobacteria","Gammaproteobacteria","Chromatiales","Chromatiaceae","Rheinheimera","Rheinheimera baltica",FALSE,,,,,,FALSE,TRUE,FALSE,,,,
148322,"Rotifera","Eurotatoria","Ploima","Brachionidae","Keratella","Keratella cochlearis",FALSE,25,,,2020,,TRUE,FALSE,FALSE,,,,
134991,"Rotifera","Eurotatoria","Ploima","Brachionidae","Keratella","Keratella cruciformis",FALSE,2,,,2010,,TRUE,TRUE,FALSE,,,,
148320,"Rotifera","Eurotatoria","Ploima","Brachionidae","Keratella","Keratella eichwaldi",FALSE,40,,,2020,,TRUE,TRUE,FALSE,,,,
148319,"Rotifera","Eurotatoria","Ploima","Brachionidae","Keratella","Keratella quadrata",FALSE,9,,,2021,,TRUE,FALSE,FALSE,,,,
378585,"Rotifera","Eurotatoria","Ploima","Brachionidae","Keratella","Keratella quadrata",FALSE,4,,,2009,,TRUE,FALSE,FALSE,,,,
135047,"Rotifera","Eurotatoria","Ploima","Synchaetidae","Synchaeta","Synchaeta baltica",FALSE,22,,,2021,,TRUE,TRUE,FALSE,,,,
135050,"Rotifera","Eurotatoria","Ploima","Synchaetidae","Synchaeta","Synchaeta curvata",FALSE,1,,,2020,,TRUE,FALSE,FALSE,,,,
135059,"Rotifera","Eurotatoria","Ploima","Synchaetidae","Synchaeta","Synchaeta monopus",FALSE,15,,,2021,,TRUE,TRUE,FALSE,,,,
1415711,"Tracheophyta","Lycopodiopsida","Isoetales","Isoetaceae","Isoëtes","Isoëtes lacustris",FALSE,24,,,2019,,TRUE,FALSE,FALSE,,,,
715973,"Tracheophyta","Magnoliopsida","Alismatales","Araceae","Lemna","Lemna trisulca",FALSE,182,,,2017,,TRUE,TRUE,FALSE,"LC","LC","ivy-leaved duckweed",
416207,"Tracheophyta","Magnoliopsida","Alismatales","Hydrocharitaceae","Najas","Najas marina",FALSE,,,,,,FALSE,TRUE,FALSE,"LC","LC","holly-leaved naiad",
1297680,"Tracheophyta","Magnoliopsida","Alismatales","Potamogetonaceae","Potamogeton","Potamogeton berchtoldii",FALSE,,,,,,FALSE,TRUE,FALSE,"LC","LC","small pondweed",
416212,"Tracheophyta","Magnoliopsida","Alismatales","Potamogetonaceae","Potamogeton","Potamogeton perfoliatus",FALSE,747,,,2019,,TRUE,TRUE,FALSE,"LC","LC","perfoliate pondweed",
234031,"Tracheophyta","Magnoliopsida","Alismatales","Ruppiaceae","Ruppia","Ruppia maritima",FALSE,1,,,2013,,TRUE,TRUE,FALSE,"LC","LC",,
1435803,"Tracheophyta","Magnoliopsida","Alismatales","Potamogetonaceae","Stuckenia","Stuckenia filiformis",FALSE,101,,,2019,,TRUE,FALSE,FALSE,"LC","LC",,
588573,"Tracheophyta","Magnoliopsida","Alismatales","Potamogetonaceae","Stuckenia","Stuckenia pectinata",FALSE,639,,,2019,,TRUE,TRUE,FALSE,"LC","LC",,
416222,"Tracheophyta","Magnoliopsida","Alismatales","Potamogetonaceae","Zannichellia","Zannichellia palustris",FALSE,313,,,2019,,TRUE,TRUE,FALSE,"LC","LC",,
426065,"Tracheophyta","Magnoliopsida","Asterales","Compositae","Artemisia","Artemisia maritima",FALSE,,,,,,FALSE,TRUE,FALSE,,,"sea wormwood",
426075,"Tracheophyta","Magnoliopsida","Brassicales","Brassicaceae","Cakile","Cakile maritima",FALSE,,,,,,FALSE,TRUE,FALSE,,,"sea rocket",
182769,"Tracheophyta","Magnoliopsida","Caryophyllales","Plumbaginaceae","Armeria","Armeria maritima",FALSE,,,,,,FALSE,TRUE,FALSE,,,"sea pink",
426026,"Tracheophyta","Magnoliopsida","Caryophyllales","Chenopodiaceae","Atriplex","Atriplex littoralis",FALSE,,,,,,FALSE,TRUE,FALSE,,,"grass-leaved orache",
412894,"Tracheophyta","Magnoliopsida","Caryophyllales","Caryophyllaceae","Honckenya","Honckenya peploides",FALSE,,,,,,FALSE,TRUE,FALSE,,,"seaside sandplant",
395048,"Tracheophyta","Magnoliopsida","Caryophyllales","Caryophyllaceae","Spergularia","Spergularia salina",FALSE,,,,,,FALSE,TRUE,FALSE,,,"salt sandspurry",
416204,"Tracheophyta","Magnoliopsida","Ceratophyllales","Ceratophyllaceae","Ceratophyllum","Ceratophyllum demersum",FALSE,,,,,,FALSE,TRUE,FALSE,"LC","LC","ditchweed",
1326668,"Tracheophyta","Magnoliopsida","Lamiales","Plantaginaceae","Callitriche","Callitriche palustris",FALSE,4,,,2017,,TRUE,FALSE,FALSE,"LC","LC",,
1415718,"Tracheophyta","Magnoliopsida","Lamiales","Plantaginaceae","Limosella","Limosella aquatica",FALSE,21,,,2019,,TRUE,FALSE,FALSE,"LC","LC",,
715988,"Tracheophyta","Magnoliopsida","Malpighiales","Elatinaceae","Elatine","Elatine hydropiper",FALSE,2,,,2019,,TRUE,TRUE,FALSE,,,"eight-stamened waterwort",
716000,"Tracheophyta","Magnoliopsida","Malpighiales","Elatinaceae","Elatine","Elatine orthosperma",FALSE,2,,,2007,,TRUE,TRUE,FALSE,,,,
577514,"Tracheophyta","Magnoliopsida","Poales","Poaceae","Anthoxanthum","Anthoxanthum nitens",FALSE,,,,,,FALSE,TRUE,FALSE,,,"vanilla grass",
577510,"Tracheophyta","Magnoliopsida","Poales","Poaceae","Avenella","Avenella flexuosa",FALSE,,,,,,FALSE,TRUE,FALSE,,,"wavy hairgrass",
416203,"Tracheophyta","Magnoliopsida","Poales","Cyperaceae","Bolboschoenus","Bolboschoenus maritimus",FALSE,,,,,,FALSE,TRUE,FALSE,"LC","LC","sea club-rush",
426086,"Tracheophyta","Magnoliopsida","Poales","Cyperaceae","Carex","Carex distans",FALSE,,,,,,FALSE,TRUE,FALSE,"LC","LC","distant sedge",
425961,"Tracheophyta","Magnoliopsida","Poales","Cyperaceae","Carex","Carex extensa",FALSE,,,,,,FALSE,TRUE,FALSE,"LC","LC","long-bracted sedge",
577504,"Tracheophyta","Magnoliopsida","Poales","Cyperaceae","Carex","Carex mackenziei",FALSE,,,,,,FALSE,TRUE,FALSE,,,"Mackenzie's sedge",
715995,"Tracheophyta","Magnoliopsida","Poales","Cyperaceae","Eleocharis","Eleocharis parvula",FALSE,,,,,,FALSE,TRUE,FALSE,,,"dwarf spike-rush",
577518,"Tracheophyta","Magnoliopsida","Poales","Cyperaceae","Eleocharis","Eleocharis uniglumis",FALSE,,,,,,FALSE,TRUE,FALSE,"LC","LC","onescale spikerush",
577506,"Tracheophyta","Magnoliopsida","Poales","Poaceae","Elymus","Elymus repens",FALSE,,,,,,FALSE,TRUE,FALSE,,,"quackgrass",
431962,"Tracheophyta","Magnoliopsida","Poales","Poaceae","Festuca","Festuca rubra",FALSE,,,,,,FALSE,TRUE,FALSE,,,"red fescue",
577515,"Tracheophyta","Magnoliopsida","Poales","Juncaceae","Juncus","Juncus filiformis",FALSE,,,,,,FALSE,TRUE,FALSE,"LC","LC","thread rush",
577519,"Tracheophyta","Magnoliopsida","Poales","Poaceae","Phleum","Phleum pratense",FALSE,,,,,,FALSE,TRUE,FALSE,,,"common timothy",
416209,"Tracheophyta","Magnoliopsida","Poales","Poaceae","Phragmites","Phragmites australis",FALSE,77,,,2019,,TRUE,TRUE,FALSE,"LC","LC","common reed",
557444,"Tracheophyta","Magnoliopsida","Poales","Poaceae","Puccinellia","Puccinellia distans",FALSE,,,,,,FALSE,TRUE,FALSE,,,,
715967,"Tracheophyta","Magnoliopsida","Poales","Cyperaceae","Schoenoplectus","Schoenoplectus lacustris",FALSE,,,,,,FALSE,TRUE,FALSE,"LC","LC",,
416216,"Tracheophyta","Magnoliopsida","Ranunculales","Ranunculaceae","Ranunculus","Ranunculus aquatilis",FALSE,1,,,2008,,TRUE,TRUE,FALSE,"LC","LC","water crowfoot",
1263620,"Tracheophyta","Magnoliopsida","Ranunculales","Ranunculaceae","Ranunculus","Ranunculus peltatus",FALSE,1,,,2015,,TRUE,TRUE,FALSE,"LC","LC",,
1263621,"Tracheophyta","Magnoliopsida","Ranunculales","Ranunculaceae","Ranunculus","Ranunculus peltatus",FALSE,33,,,2019,,TRUE,FALSE,FALSE,"LC","LC",,
715996,"Tracheophyta","Magnoliopsida","Saxifragales","Crassulaceae","Crassula","Crassula aquatica",FALSE,,,,,,FALSE,TRUE,FALSE,,,,
1415719,"Tracheophyta","Magnoliopsida","Saxifragales","Haloragaceae","Myriophyllum","Myriophyllum alterniflorum",FALSE,30,,,2019,,TRUE,FALSE,FALSE,"LC","LC",,
416205,"Tracheophyta","Magnoliopsida","Saxifragales","Haloragaceae","Myriophyllum","Myriophyllum spicatum",FALSE,288,,,2019,,TRUE,TRUE,FALSE,"LC","LC","spiked water-milfoil",
1523497,"Tracheophyta","Polypodiopsida","Equisetales","Equisetaceae","Equisetum","Equisetum arvense",FALSE,,,,,,FALSE,TRUE,FALSE,"LC","LC",,
1523519,"Tracheophyta","Polypodiopsida","Equisetales","Equisetaceae","Equisetum","Equisetum palustre",FALSE,,,,,,FALSE,TRUE,FALSE,"LC","LC",,
564331,"Verrucomicrobia","Verrucomicrobiae","Verrucomicrobiales","Verrucomicrobiaceae","Roseibacillus","Roseibacillus persicicus",FALSE,,,,,,FALSE,TRUE,FALSE,,,,
564334,"Verrucomicrobia","Verrucomicrobiae","Verrucomicrobiales","Verrucomicrobiaceae","Rubritalea","Rubritalea marina",FALSE,,,,,,FALSE,TRUE,FALSE,,,,
118051,,"Ebriophyceae","Ebriales","Ebriaceae","Ebria","Ebria tripartita",FALSE,1027,,,2021,,TRUE,TRUE,FALSE,,,,
118066,,,,,"Pirsonia","Pirsonia guinardiae",FALSE,,,,,,FALSE,TRUE,FALSE,,,,
