"AphiaID","phylum","class","order","family","genus","species","remove","records","reads","asvs","max_year","target_gene","source_obis","source_gbif","source_dna","category","redlist_category","vernacular","group"
660621,"Chlorophyta","Ulvophyceae","Bryopsidales","Caulerpaceae","Caulerpa","Caulerpa cylindracea",FALSE,6,,,2017,,TRUE,TRUE,FALSE,,,,"algae"
144483,"Chlorophyta","Ulvophyceae","Bryopsidales","Halimedaceae","Halimeda","Halimeda tuna",FALSE,1,,,1995,,TRUE,TRUE,FALSE,,,,"algae"
145012,"Chlorophyta","Ulvophyceae","Cladophorales","Anadyomenaceae","Anadyomene","Anadyomene stellata",FALSE,2,,,1995,,TRUE,FALSE,FALSE,,,,"algae"
145301,"Chlorophyta","Ulvophyceae","Dasycladales","Dasycladaceae","Dasycladus","Dasycladus vermicularis",FALSE,1,,,1992,,TRUE,FALSE,FALSE,,,,"algae"
376731,"Ochrophyta","Phaeophyceae","Dictyotales","Dictyotaceae","Dictyopteris","Dictyopteris lucida",FALSE,1,,,1986,,TRUE,FALSE,FALSE,,,,"algae"
145360,"Ochrophyta","Phaeophyceae","Dictyotales","Dictyotaceae","Dictyopteris","Dictyopteris polypodioides",FALSE,2,,,1988,,TRUE,TRUE,FALSE,,,,"algae"
145367,"Ochrophyta","Phaeophyceae","Dictyotales","Dictyotaceae","Dictyota","Dictyota dichotoma",FALSE,,,,,,FALSE,TRUE,FALSE,,,,"algae"
381180,"Ochrophyta","Phaeophyceae","Dictyotales","Dictyotaceae","Dictyota","Dictyota dichotoma",FALSE,2,,,1974,,TRUE,FALSE,FALSE,,,,"algae"
145369,"Ochrophyta","Phaeophyceae","Dictyotales","Dictyotaceae","Dictyota","Dictyota fasciola",FALSE,1,,,1974,,TRUE,TRUE,FALSE,,,,"algae"
145385,"Ochrophyta","Phaeophyceae","Dictyotales","Dictyotaceae","Padina","Padina pavonica",FALSE,2,,,1974,,TRUE,TRUE,FALSE,,,,"algae"
145397,"Ochrophyta","Phaeophyceae","Dictyotales","Dictyotaceae","Zonaria","Zonaria tournefortii",FALSE,4,,,1995,,TRUE,TRUE,FALSE,,,,"algae"
145857,"Ochrophyta","Phaeophyceae","Ectocarpales","Scytosiphonaceae","Colpomenia","Colpomenia sinuosa",FALSE,1,,,1992,,TRUE,FALSE,FALSE,,,,"algae"
145410,"Ochrophyta","Phaeophyceae","Ectocarpales","Ectocarpaceae","Ectocarpus","Ectocarpus siliculosus",FALSE,,,,,,FALSE,TRUE,FALSE,,,,"algae"
145352,"Ochrophyta","Phaeophyceae","Ectocarpales","Chordariaceae","Stictyosiphon","Stictyosiphon adriaticus",FALSE,1,,,,,TRUE,FALSE,FALSE,,,,"algae"
249680,"Ochrophyta","Phaeophyceae","Fucales","Sargassaceae","Cystoseira","Cystoseira amentacea",FALSE,3,,,1988,,TRUE,FALSE,FALSE,,,,"algae"
550736,"Ochrophyta","Phaeophyceae","Fucales","Sargassaceae","Cystoseira","Cystoseira brachycarpa",FALSE,2,,,1974,,TRUE,FALSE,FALSE,,,,"algae"
145511,"Ochrophyta","Phaeophyceae","Fucales","Sargassaceae","Cystoseira","Cystoseira compressa",FALSE,5,,,1989,,TRUE,TRUE,FALSE,,,,"algae"
145514,"Ochrophyta","Phaeophyceae","Fucales","Sargassaceae","Cystoseira","Cystoseira crinita",FALSE,6,,,1991,,TRUE,FALSE,FALSE,,,,"algae"
145518,"Ochrophyta","Phaeophyceae","Fucales","Sargassaceae","Cystoseira","Cystoseira foeniculacea",FALSE,3,,,1984,,TRUE,TRUE,FALSE,,,,"algae"
382503,"Ochrophyta","Phaeophyceae","Fucales","Sargassaceae","Cystoseira","Cystoseira foeniculacea",FALSE,4,,,1995,,TRUE,FALSE,FALSE,,,,"algae"
145520,"Ochrophyta","Phaeophyceae","Fucales","Sargassaceae","Cystoseira","Cystoseira humilis",FALSE,3,,,2001,,TRUE,FALSE,FALSE,,,,"algae"
1063027,"Ochrophyta","Phaeophyceae","Fucales","Sargassaceae","Cystoseira","Cystoseira montagnei",FALSE,2,,,1988,,TRUE,FALSE,FALSE,,,,"algae"
1568385,"Ochrophyta","Phaeophyceae","Fucales","Sargassaceae","Ericaria","Ericaria brachycarpa",FALSE,4,,,1992,,TRUE,TRUE,FALSE,,,,"algae"
1568390,"Ochrophyta","Phaeophyceae","Fucales","Sargassaceae","Ericaria","Ericaria mediterranea",FALSE,2,,,,,TRUE,FALSE,FALSE,,,,"algae"
1465484,"Ochrophyta","Phaeophyceae","Fucales","Sargassaceae","Treptacantha","Treptacantha algeriensis",FALSE,2,,,1984,,TRUE,FALSE,FALSE,,,,"algae"
1465493,"Ochrophyta","Phaeophyceae","Fucales","Sargassaceae","Treptacantha","Treptacantha elegans",FALSE,1,,,1988,,TRUE,FALSE,FALSE,,,,"algae"
145888,"Ochrophyta","Phaeophyceae","Sphacelariales","Cladostephaceae","Cladostephus","Cladostephus spongiosus",FALSE,,,,,,FALSE,TRUE,FALSE,,,,"algae"
340796,"Ochrophyta","Phaeophyceae","Sphacelariales","Cladostephaceae","Cladostephus","Cladostephus spongiosus",FALSE,1,,,1998,,TRUE,FALSE,FALSE,,,,"algae"
145732,"Ochrophyta","Phaeophyceae","Tilopteridales","Phyllariaceae","Phyllariopsis","Phyllariopsis brevipes",FALSE,1,,,1988,,TRUE,FALSE,FALSE,,,,"algae"
548016,"Ochrophyta","Phaeophyceae","Tilopteridales","Cutleriaceae","Zanardinia","Zanardinia typus",FALSE,1,,,1988,,TRUE,FALSE,FALSE,,,,"algae"
144816,"Rhodophyta","Florideophyceae","Ceramiales","Rhodomelaceae","Laurencia","Laurencia chondrioides",FALSE,7,,,1995,,TRUE,TRUE,FALSE,,,,"algae"
144822,"Rhodophyta","Florideophyceae","Ceramiales","Rhodomelaceae","Laurencia","Laurencia glandulifera",FALSE,2,,,1994,,TRUE,FALSE,FALSE,,,,"algae"
144825,"Rhodophyta","Florideophyceae","Ceramiales","Rhodomelaceae","Laurencia","Laurencia microcladia",FALSE,4,,,1994,,TRUE,FALSE,FALSE,,,,"algae"
144841,"Rhodophyta","Florideophyceae","Ceramiales","Rhodomelaceae","Osmundaria","Osmundaria volubilis",FALSE,9,,,1995,,TRUE,TRUE,FALSE,,,,"algae"
834118,"Rhodophyta","Florideophyceae","Ceramiales","Rhodomelaceae","Palisada","Palisada tenerrima",FALSE,1,,,1995,,TRUE,FALSE,FALSE,,,,"algae"
637665,"Rhodophyta","Florideophyceae","Ceramiales","Rhodomelaceae","Vertebrata","Vertebrata fruticulosa",FALSE,2,,,1994,,TRUE,FALSE,FALSE,,,,"algae"
145098,"Rhodophyta","Florideophyceae","Corallinales","Lithophyllaceae","Amphiroa","Amphiroa cryptarthrodia",FALSE,2,,,1992,,TRUE,FALSE,FALSE,,,,"algae"
839160,"Rhodophyta","Florideophyceae","Gelidiales","Gelidiaceae","Gelidium","Gelidium serra",FALSE,1,,,1995,,TRUE,FALSE,FALSE,,,,"algae"
145594,"Rhodophyta","Florideophyceae","Gelidiales","Gelidiaceae","Gelidium","Gelidium spinosum",FALSE,,,,,,FALSE,TRUE,FALSE,,,,"algae"
145660,"Rhodophyta","Florideophyceae","Gigartinales","Phyllophoraceae","Phyllophora","Phyllophora crispa",FALSE,2,,,1992,,TRUE,FALSE,FALSE,,,,"algae"
145745,"Rhodophyta","Florideophyceae","Nemaliales","Galaxauraceae","Tricleocarpa","Tricleocarpa fragilis",FALSE,1,,,1992,,TRUE,FALSE,FALSE,,,,"algae"
145275,"Rhodophyta","Florideophyceae","Peyssonneliales","Peyssonneliaceae","Peyssonnelia","Peyssonnelia bornetii",FALSE,1,,,1998,,TRUE,TRUE,FALSE,,,,"algae"
145287,"Rhodophyta","Florideophyceae","Peyssonneliales","Peyssonneliaceae","Peyssonnelia","Peyssonnelia rubra",FALSE,3,,,2001,,TRUE,TRUE,FALSE,,,,"algae"
145288,"Rhodophyta","Florideophyceae","Peyssonneliales","Peyssonneliaceae","Peyssonnelia","Peyssonnelia squamaria",FALSE,4,,,2001,,TRUE,TRUE,FALSE,,,,"algae"
159377,"Chordata","Aves","Accipitriformes","Pandionidae","Pandion","Pandion haliaetus",FALSE,,,,,,FALSE,TRUE,FALSE,"LC","LC","osprey, balbuzard pêcheur","birds"
158943,"Chordata","Aves","Anseriformes","Anatidae","Anas","Anas crecca",FALSE,,,,,,FALSE,TRUE,FALSE,"LC","LC","common teal, sarcelle d'hiver","birds"
148791,"Chordata","Aves","Anseriformes","Anatidae","Anas","Anas platyrhynchos",FALSE,,,,,,FALSE,TRUE,FALSE,"LC","LC","mallard, canard colvert","birds"
416682,"Chordata","Aves","Anseriformes","Anatidae","Anser","Anser anser",FALSE,,,,,,FALSE,TRUE,FALSE,"LC","LC","greylag goose","birds"
416686,"Chordata","Aves","Anseriformes","Anatidae","Aythya","Aythya nyroca",FALSE,,,,,,FALSE,TRUE,FALSE,"NT","NT","ferruginous duck","birds"
159098,"Chordata","Aves","Anseriformes","Anatidae","Mergus","Mergus serrator",FALSE,,,,,,FALSE,TRUE,FALSE,"LC","LC","red-breasted merganser, harle huppé","birds"
416688,"Chordata","Aves","Anseriformes","Anatidae","Netta","Netta rufina",FALSE,,,,,,FALSE,TRUE,FALSE,"LC","LC","red-crested pochard, nette rousse","birds"
416689,"Chordata","Aves","Anseriformes","Anatidae","Tadorna","Tadorna ferruginea",FALSE,,,,,,FALSE,TRUE,FALSE,"LC","LC","ruddy shelduck  , tadorne casarca","birds"
212603,"Chordata","Aves","Charadriiformes","Scolopacidae","Actitis","Actitis hypoleucos",FALSE,,,,,,FALSE,TRUE,FALSE,"LC","LC","common sandpiper, chevalier guignette","birds"
137128,"Chordata","Aves","Charadriiformes","Alcidae","Alca","Alca torda",FALSE,,,,,,FALSE,TRUE,FALSE,"LC","LC","razorbill, pingouin macroptère","birds"
147431,"Chordata","Aves","Charadriiformes","Scolopacidae","Arenaria","Arenaria interpres",FALSE,,,,,,FALSE,TRUE,FALSE,"LC","LC","ruddy turnstone, tournepierre à collier","birds"
416696,"Chordata","Aves","Charadriiformes","Burhinidae","Burhinus","Burhinus oedicnemus",FALSE,,,,,,FALSE,TRUE,FALSE,"LC","LC","Eurasian stone-curlew","birds"
159084,"Chordata","Aves","Charadriiformes","Scolopacidae","Calidris","Calidris alba",FALSE,,,,,,FALSE,TRUE,FALSE,"LC","LC","sanderling, bécasseau sanderling","birds"
159047,"Chordata","Aves","Charadriiformes","Scolopacidae","Calidris","Calidris alpina",FALSE,,,,,,FALSE,TRUE,FALSE,"LC","LC","dunlin, bécasseau variable","birds"
147433,"Chordata","Aves","Charadriiformes","Scolopacidae","Calidris","Calidris canutus",FALSE,,,,,,FALSE,TRUE,FALSE,"NT","NT","red knot, bécasseau maubèche","birds"
159049,"Chordata","Aves","Charadriiformes","Scolopacidae","Calidris","Calidris ferruginea",FALSE,,,,,,FALSE,TRUE,FALSE,"NT","NT","curlew sanspiper, bécasseau cocorli","birds"
212600,"Chordata","Aves","Charadriiformes","Scolopacidae","Calidris","Calidris minuta",FALSE,,,,,,FALSE,TRUE,FALSE,"LC","LC","little stint, bécasseau minute","birds"
366591,"Chordata","Aves","Charadriiformes","Scolopacidae","Calidris","Calidris temminckii",FALSE,,,,,,FALSE,TRUE,FALSE,"LC","LC","Temminck's stint, bécasseau de Temminck","birds"
212611,"Chordata","Aves","Charadriiformes","Charadriidae","Charadrius","Charadrius alexandrinus",FALSE,,,,,,FALSE,TRUE,FALSE,"LC","LC","Kentish plover, gravelot à collier interrompu","birds"
212617,"Chordata","Aves","Charadriiformes","Charadriidae","Charadrius","Charadrius dubius",FALSE,,,,,,FALSE,TRUE,FALSE,"LC","LC","little plover, petit gravelot","birds"
212619,"Chordata","Aves","Charadriiformes","Charadriidae","Charadrius","Charadrius hiaticula",FALSE,,,,,,FALSE,TRUE,FALSE,"LC","LC","common ringed plover, grand gravelot","birds"
232043,"Chordata","Aves","Charadriiformes","Charadriidae","Charadrius","Charadrius morinellus",FALSE,,,,,,FALSE,TRUE,FALSE,,,"Eurasian dotterel, pluvier guignard","birds"
137135,"Chordata","Aves","Charadriiformes","Laridae","Chlidonias","Chlidonias hybrida",FALSE,,,,,,FALSE,TRUE,FALSE,"LC","LC","whiskered tern, guifette moustac","birds"
137136,"Chordata","Aves","Charadriiformes","Laridae","Chlidonias","Chlidonias leucopterus",FALSE,,,,,,FALSE,TRUE,FALSE,"LC","LC","white winged tern, guifette leucoptère","birds"
137137,"Chordata","Aves","Charadriiformes","Laridae","Chlidonias","Chlidonias niger",FALSE,,,,,,FALSE,TRUE,FALSE,"LC","LC","black tern, guifette noire","birds"
1488274,"Chordata","Aves","Charadriiformes","Laridae","Chroicocephalus","Chroicocephalus genei",FALSE,,,,,,FALSE,TRUE,FALSE,,,,"birds"
137131,"Chordata","Aves","Charadriiformes","Alcidae","Fratercula","Fratercula arctica",FALSE,,,,,,FALSE,TRUE,FALSE,"VU","VU","Atlantic puffin, macareux moine","birds"
148798,"Chordata","Aves","Charadriiformes","Laridae","Gelochelidon","Gelochelidon nilotica",FALSE,,,,,,FALSE,TRUE,FALSE,"LC","LC","gull-billed tern","birds"
212723,"Chordata","Aves","Charadriiformes","Glareolidae","Glareola","Glareola pratincola",FALSE,,,,,,FALSE,TRUE,FALSE,"LC","LC","common pratincole","birds"
147436,"Chordata","Aves","Charadriiformes","Charadriidae","Haematopus","Haematopus ostralegus",FALSE,,,,,,FALSE,TRUE,FALSE,"NT","NT","Eurasian oyster catcher, huîtrier pie","birds"
212609,"Chordata","Aves","Charadriiformes","Recurvirostridae","Himantopus","Himantopus himantopus",FALSE,,,,,,FALSE,TRUE,FALSE,"LC","LC","black-winged stilt, echasse blanche","birds"
567825,"Chordata","Aves","Charadriiformes","Laridae","Hydroprogne","Hydroprogne caspia",FALSE,,,,,,FALSE,TRUE,FALSE,"LC","LC","Caspian tern","birds"
1584284,"Chordata","Aves","Charadriiformes","Laridae","Ichthyaetus","Ichthyaetus melanocephalus",FALSE,,,,,,FALSE,TRUE,FALSE,,,,"birds"
137138,"Chordata","Aves","Charadriiformes","Laridae","Larus","Larus argentatus",FALSE,,,,,,FALSE,TRUE,FALSE,"LC","LC","herring gull, goéland argenté","birds"
137142,"Chordata","Aves","Charadriiformes","Laridae","Larus","Larus fuscus",FALSE,18,,,2020,,TRUE,TRUE,FALSE,"LC","LC","lesser black-backed gull, goéland de la Balqitue","birds"
232052,"Chordata","Aves","Charadriiformes","Laridae","Larus","Larus michahellis",FALSE,,,,,,FALSE,TRUE,FALSE,"LC","LC","yellow-legged gull, goéland leucophée","birds"
137149,"Chordata","Aves","Charadriiformes","Laridae","Larus","Larus ridibundus",FALSE,,,,,,FALSE,TRUE,FALSE,"LC","LC","common black-headed gull, mouette rieuse","birds"
159034,"Chordata","Aves","Charadriiformes","Scolopacidae","Limosa","Limosa lapponica",FALSE,,,,,,FALSE,TRUE,FALSE,"NT","NT","bar-tailed godwit, barge rousse","birds"
159037,"Chordata","Aves","Charadriiformes","Scolopacidae","Numenius","Numenius arquata",FALSE,,,,,,FALSE,TRUE,FALSE,"NT","NT","Eurasian curlew, courlis cendré","birds"
159040,"Chordata","Aves","Charadriiformes","Scolopacidae","Numenius","Numenius phaeopus",FALSE,,,,,,FALSE,TRUE,FALSE,"LC","LC","whimbrel, courlis corllieu","birds"
137169,"Chordata","Aves","Charadriiformes","Phalaropodidae","Phalaropus","Phalaropus lobatus",FALSE,,,,,,FALSE,TRUE,FALSE,"LC","LC","red-necked phalarope, phalarope à bec mince","birds"
159046,"Chordata","Aves","Charadriiformes","Scolopacidae","Philomachus","Philomachus pugnax",FALSE,,,,,,FALSE,TRUE,FALSE,,,"ruff, combattant varié","birds"
159135,"Chordata","Aves","Charadriiformes","Charadriidae","Pluvialis","Pluvialis apricaria",FALSE,,,,,,FALSE,TRUE,FALSE,"LC","LC","European golden plover, pluvier doré","birds"
159137,"Chordata","Aves","Charadriiformes","Charadriidae","Pluvialis","Pluvialis squatarola",FALSE,,,,,,FALSE,TRUE,FALSE,"LC","LC","grey plover, pluvier argenté","birds"
212721,"Chordata","Aves","Charadriiformes","Recurvirostridae","Recurvirostra","Recurvirostra avosetta",FALSE,,,,,,FALSE,TRUE,FALSE,"LC","LC","avocet, avocette élégante","birds"
137162,"Chordata","Aves","Charadriiformes","Laridae","Sterna","Sterna hirundo",FALSE,,,,,,FALSE,TRUE,FALSE,"LC","LC","common tern, sterne pierregarin","birds"
137166,"Chordata","Aves","Charadriiformes","Laridae","Sterna","Sterna sandvicensis",FALSE,,,,,,FALSE,TRUE,FALSE,,,"sandwich tern, sterne caugek","birds"
567480,"Chordata","Aves","Charadriiformes","Laridae","Sternula","Sternula albifrons",FALSE,,,,,,FALSE,TRUE,FALSE,"LC","LC","little tern","birds"
159029,"Chordata","Aves","Charadriiformes","Scolopacidae","Tringa","Tringa erythropus",FALSE,,,,,,FALSE,TRUE,FALSE,"LC","LC","spotted redshank, chevalier arlequin","birds"
158968,"Chordata","Aves","Charadriiformes","Scolopacidae","Tringa","Tringa nebularia",FALSE,,,,,,FALSE,TRUE,FALSE,"LC","LC","common greenshank, chevalier aboyeur","birds"
212623,"Chordata","Aves","Charadriiformes","Scolopacidae","Tringa","Tringa stagnatilis",FALSE,,,,,,FALSE,TRUE,FALSE,"LC","LC","marsh sandpiper, chevalier stagnatile","birds"
158970,"Chordata","Aves","Charadriiformes","Scolopacidae","Tringa","Tringa totanus",FALSE,,,,,,FALSE,TRUE,FALSE,"LC","LC","redshank, chevalier gambette","birds"
159115,"Chordata","Aves","Ciconiiformes","Ardeidae","Egretta","Egretta garzetta",FALSE,,,,,,FALSE,TRUE,FALSE,"LC","LC","little egret, aigrette garzette","birds"
416678,"Chordata","Aves","Ciconiiformes","Threskiornithidae","Platalea","Platalea leucorodia",FALSE,,,,,,FALSE,TRUE,FALSE,"LC","LC","Eurasian spoonbill, spatule blanche","birds"
158977,"Chordata","Aves","Ciconiiformes","Threskiornithidae","Plegadis","Plegadis falcinellus",FALSE,,,,,,FALSE,TRUE,FALSE,"LC","LC","glossy ibis, ibis falcinelle","birds"
416693,"Chordata","Aves","Gruiformes","Rallidae","Porzana","Porzana porzana",FALSE,,,,,,FALSE,TRUE,FALSE,"LC","LC","spotted crake, marouette ponctuée","birds"
148776,"Chordata","Aves","Pelecaniformes","Sulidae","Morus","Morus bassanus",FALSE,,,,,,FALSE,TRUE,FALSE,"LC","LC","northern gannet, fou de bassan","birds"
137179,"Chordata","Aves","Pelecaniformes","Phalacrocoracidae","Phalacrocorax","Phalacrocorax carbo",FALSE,,,,,,FALSE,TRUE,FALSE,"LC","LC","great cormorant, grand cormoran","birds"
212708,"Chordata","Aves","Phoenicopteriformes","Phoenicopteridae","Phoenicopterus","Phoenicopterus ruber",FALSE,,,,,,FALSE,TRUE,FALSE,"LC","LC","greater flamingo, flamant des Caraïbes","birds"
137182,"Chordata","Aves","Podicipediformes","Podicipedidae","Podiceps","Podiceps cristatus",FALSE,,,,,,FALSE,TRUE,FALSE,"LC","LC","great-crested grebe, grèbe huppé","birds"
137184,"Chordata","Aves","Podicipediformes","Podicipedidae","Podiceps","Podiceps nigricollis",FALSE,,,,,,FALSE,TRUE,FALSE,"LC","LC","eared grebe, grèbe à cou noir","birds"
148790,"Chordata","Aves","Podicipediformes","Podicipedidae","Tachybaptus","Tachybaptus ruficollis",FALSE,,,,,,FALSE,TRUE,FALSE,"LC","LC","little grebe, grèbe castagneux","birds"
137194,"Chordata","Aves","Procellariiformes","Procellariidae","Calonectris","Calonectris diomedea",FALSE,,,,,,FALSE,TRUE,FALSE,"LC","LC","Cory's shearwater, puffin cendré","birds"
137189,"Chordata","Aves","Procellariiformes","Hydrobatidae","Hydrobates","Hydrobates pelagicus",FALSE,,,,,,FALSE,TRUE,FALSE,"LC","LC","European storm-petrel, océanite tempête","birds"
445503,"Chordata","Aves","Procellariiformes","Procellariidae","Puffinus","Puffinus mauretanicus",FALSE,,,,,,FALSE,TRUE,FALSE,"CR","CR","Balearic shearwater","birds"
137203,"Chordata","Aves","Procellariiformes","Procellariidae","Puffinus","Puffinus puffinus",FALSE,,,,,,FALSE,TRUE,FALSE,"LC","LC","Manx shearwater, puffin des Anglais","birds"
1704278,"Chordata","Aves",,,"Gulosus","Gulosus aristotelis",FALSE,,,,,,FALSE,TRUE,FALSE,"LC","LC",,"birds"
100808,"Cnidaria","Anthozoa","Actiniaria","Actiniidae","Anemonia","Anemonia viridis",FALSE,1,,,2013,,TRUE,FALSE,FALSE,,,"opelet anemone, anémone de mer verte","cnidarians"
117832,"Cnidaria","Hydrozoa","Anthoathecata","Porpitidae","Velella","Velella velella",FALSE,,,,,,FALSE,TRUE,FALSE,,,"Jack sail-by-the-wind, vélelle","cnidarians"
135479,"Cnidaria","Hydrozoa","Siphonophorae","Physaliidae","Physalia","Physalia physalis",FALSE,1,,,2018,,TRUE,FALSE,FALSE,,,"Portuguese man-of-war, galère portugaise","cnidarians"
135304,"Cnidaria","Scyphozoa","Semaeostomeae","Pelagiidae","Chrysaora","Chrysaora hysoscella",FALSE,2,,,2009,,TRUE,FALSE,FALSE,,,"compass jellyfish, acalèphe rayonnée","cnidarians"
135305,"Cnidaria","Scyphozoa","Semaeostomeae","Pelagiidae","Pelagia","Pelagia noctiluca",FALSE,7,,,2009,,TRUE,TRUE,FALSE,,,"purplestripped jelly, méduse pélagique","cnidarians"
480246,"Arthropoda","Branchiopoda","Anostraca","Artemiidae","Artemia","Artemia salina",FALSE,,,,,,FALSE,TRUE,FALSE,,,"brine shrimp","crustaceans"
102135,"Arthropoda","Malacostraca","Amphipoda","Dexaminidae","Dexamine","Dexamine spinosa",FALSE,,,,,,FALSE,TRUE,FALSE,,,,"crustaceans"
564909,"Arthropoda","Malacostraca","Decapoda","Acanthephyridae","Acanthephyra","Acanthephyra eximia",FALSE,5,,,2009,,TRUE,FALSE,FALSE,,,"dressed deep-sea shrimp, crevette unique","crustaceans"
107581,"Arthropoda","Malacostraca","Decapoda","Acanthephyridae","Acanthephyra","Acanthephyra pelagica",FALSE,5,,,2009,,TRUE,FALSE,FALSE,,,"spiny pelagic deep-sea shrimp, crevette pélagique","crustaceans"
584920,"Arthropoda","Malacostraca","Decapoda","Benthesicymidae","Amalopenaeus","Amalopenaeus elegans",FALSE,2,,,2009,,TRUE,FALSE,FALSE,,,,"crustaceans"
107213,"Arthropoda","Malacostraca","Decapoda","Paguridae","Anapagurus","Anapagurus bicorniger",FALSE,,,,,,FALSE,TRUE,FALSE,,,,"crustaceans"
107214,"Arthropoda","Malacostraca","Decapoda","Paguridae","Anapagurus","Anapagurus breviaculeatus",FALSE,,,,,,FALSE,TRUE,FALSE,,,,"crustaceans"
107218,"Arthropoda","Malacostraca","Decapoda","Paguridae","Anapagurus","Anapagurus laevis",FALSE,,,,,,FALSE,TRUE,FALSE,,,"yellow hermit crab","crustaceans"
107219,"Arthropoda","Malacostraca","Decapoda","Paguridae","Anapagurus","Anapagurus longispina",FALSE,,,,,,FALSE,TRUE,FALSE,,,,"crustaceans"
107083,"Arthropoda","Malacostraca","Decapoda","Aristeidae","Aristeus","Aristeus antennatus",FALSE,8,,,2009,,TRUE,FALSE,FALSE,,,"blue and red shrimp, crevette rouge","crustaceans"
107379,"Arthropoda","Malacostraca","Decapoda","Portunidae","Callinectes","Callinectes sapidus",FALSE,3,,,2020,,TRUE,FALSE,FALSE,,,"blue crab, crabe bleu","crustaceans"
107726,"Arthropoda","Malacostraca","Decapoda","Axiidae","Calocaris","Calocaris macandreae",FALSE,1,,,2009,,TRUE,FALSE,FALSE,,,,"crustaceans"
107372,"Arthropoda","Malacostraca","Decapoda","Geryonidae","Chaceon","Chaceon mediterraneus",FALSE,1,,,2009,,TRUE,FALSE,FALSE,,,,"crustaceans"
107196,"Arthropoda","Malacostraca","Decapoda","Diogenidae","Clibanarius","Clibanarius erythropus",FALSE,1,,,1992,,TRUE,FALSE,FALSE,,,"Mediterranean intertidal hermit crab","crustaceans"
107199,"Arthropoda","Malacostraca","Decapoda","Diogenidae","Diogenes","Diogenes pugilator",FALSE,,,,,,FALSE,TRUE,FALSE,,,"small hermit crab, pagure des sables","crustaceans"
107409,"Arthropoda","Malacostraca","Decapoda","Eriphiidae","Eriphia","Eriphia verrucosa",FALSE,1,,,2017,,TRUE,TRUE,FALSE,,,"warty crab","crustaceans"
515738,"Arthropoda","Malacostraca","Decapoda","Sergestidae","Eusergestes","Eusergestes arcticus",FALSE,3,,,2009,,TRUE,FALSE,FALSE,,,"Arctic red prawn, gamba arctique","crustaceans"
107373,"Arthropoda","Malacostraca","Decapoda","Geryonidae","Geryon","Geryon longipes",FALSE,5,,,2009,,TRUE,FALSE,FALSE,,,,"crustaceans"
107346,"Arthropoda","Malacostraca","Decapoda","Inachidae","Macropodia","Macropodia tenuirostris",FALSE,1,,,2009,,TRUE,FALSE,FALSE,,,"slender spider crab","crustaceans"
107166,"Arthropoda","Malacostraca","Decapoda","Munididae","Munida","Munida tenuimana",FALSE,2,,,2009,,TRUE,FALSE,FALSE,,,"narrow-legged squat lobster, galathée à pinces fines","crustaceans"
107574,"Arthropoda","Malacostraca","Decapoda","Nematocarcinidae","Nematocarcinus","Nematocarcinus exilis",FALSE,3,,,2009,,TRUE,FALSE,FALSE,,,,"crustaceans"
107455,"Arthropoda","Malacostraca","Decapoda","Grapsidae","Pachygrapsus","Pachygrapsus marmoratus",FALSE,1,,,2015,,TRUE,TRUE,FALSE,,,"marbled rock crab","crustaceans"
107614,"Arthropoda","Malacostraca","Decapoda","Palaemonidae","Palaemon","Palaemon elegans",FALSE,1,,,2015,,TRUE,TRUE,FALSE,,,"rockpool prawn, crevette rose","crustaceans"
107676,"Arthropoda","Malacostraca","Decapoda","Pasiphaeidae","Pasiphaea","Pasiphaea multidentata",FALSE,3,,,2009,,TRUE,FALSE,FALSE,,,"pink glass shrimp, crevette de verre","crustaceans"
107458,"Arthropoda","Malacostraca","Decapoda","Percnidae","Percnon","Percnon gibbesi",FALSE,2,,,2016,,TRUE,TRUE,FALSE,,,"flat crab, Sally-pied-léger","crustaceans"
107654,"Arthropoda","Malacostraca","Decapoda","Pandalidae","Plesionika","Plesionika acanthonotus",FALSE,4,,,2009,,TRUE,FALSE,FALSE,,,"lesser striped shrimp","crustaceans"
107696,"Arthropoda","Malacostraca","Decapoda","Polychelidae","Polycheles","Polycheles typhlops",FALSE,4,,,2009,,TRUE,FALSE,FALSE,"LC","LC",,"crustaceans"
107563,"Arthropoda","Malacostraca","Decapoda","Crangonidae","Pontophilus","Pontophilus norvegicus",FALSE,2,,,2009,,TRUE,FALSE,FALSE,,,"Norwegian shrimp, crevette de Norvège","crustaceans"
107190,"Arthropoda","Malacostraca","Decapoda","Porcellanidae","Porcellana","Porcellana platycheles",FALSE,2,,,1992,,TRUE,FALSE,FALSE,,,"broad-clawed porcelain crab, porcelaine grise","crustaceans"
1056517,"Arthropoda","Malacostraca","Decapoda","Sergestidae","Robustosergia","Robustosergia robusta",FALSE,3,,,2009,,TRUE,FALSE,FALSE,,,,"crustaceans"
107700,"Arthropoda","Malacostraca","Decapoda","Polychelidae","Stereomastis","Stereomastis sculpta",FALSE,5,,,2009,,TRUE,FALSE,FALSE,"LC","LC","flatback blind lobster, polychèle sculptée","crustaceans"
107442,"Arthropoda","Malacostraca","Decapoda","Xanthidae","Xantho","Xantho poressa",FALSE,1,,,1992,,TRUE,FALSE,FALSE,,,,"crustaceans"
110690,"Arthropoda","Malacostraca","Euphausiacea","Euphausiidae","Meganyctiphanes","Meganyctiphanes norvegica",FALSE,1,,,2009,,TRUE,FALSE,FALSE,,,"nordic krill, krill norvégien","crustaceans"
125161,"Echinodermata","Asteroidea","Spinulosida","Echinasteridae","Echinaster","Echinaster (Echinaster) sepositus",FALSE,1,,,2013,,TRUE,FALSE,FALSE,,,"red starfish, étoile de mer rouge","echinoderms"
124021,"Echinodermata","Asteroidea","Valvatida","Goniasteridae","Ceramaster","Ceramaster grenadensis",FALSE,4,,,2009,,TRUE,FALSE,FALSE,,,,"echinoderms"
124501,"Echinodermata","Holothuroidea","Holothuriida","Holothuriidae","Holothuria","Holothuria (Panningothuria) forskali",FALSE,1,,,2013,,TRUE,FALSE,FALSE,,,"cotton-spinner, boudin de mer noir","echinoderms"
816800,"Echinodermata","Holothuroidea","Holothuriida","Mesothuriidae","Mesothuria","Mesothuria intestinalis",FALSE,3,,,2009,,TRUE,FALSE,FALSE,"LC","LC",,"echinoderms"
125075,"Echinodermata","Ophiuroidea","Amphilepidida","Amphiuridae","Amphiura","Amphiura delamarei",FALSE,,,,,,FALSE,TRUE,FALSE,,,,"echinoderms"
105812,"Chordata","Elasmobranchii","Carcharhiniformes","Pentanchidae","Galeus","Galeus melastomus",FALSE,3,,,2009,,TRUE,FALSE,FALSE,"LC","LC","blackmouth catshark, chien espagnol","fish"
105814,"Chordata","Elasmobranchii","Carcharhiniformes","Scyliorhinidae","Scyliorhinus","Scyliorhinus canicula",FALSE,,,,,,FALSE,TRUE,FALSE,"LC","LC","small-spotted catshark, petite rousette","fish"
105858,"Chordata","Elasmobranchii","Myliobatiformes","Mobulidae","Mobula","Mobula mobular",FALSE,,,,,,FALSE,TRUE,FALSE,"EN","EN","devil ray","fish"
158540,"Chordata","Elasmobranchii","Myliobatiformes","Dasyatidae","Pteroplatytrygon","Pteroplatytrygon violacea",FALSE,2,,,2018,,TRUE,TRUE,FALSE,"LC","LC","pelagic stingray","fish"
105907,"Chordata","Elasmobranchii","Squaliformes","Somniosidae","Centroscymnus","Centroscymnus coelolepis",FALSE,2,,,2009,,TRUE,FALSE,FALSE,"NT","NT","Portuguese shark, pailona commun","fish"
105913,"Chordata","Elasmobranchii","Squaliformes","Etmopteridae","Etmopterus","Etmopterus spinax",FALSE,1,,,2009,,TRUE,FALSE,FALSE,"VU","VU","velvet belly, sagre commum","fish"
105924,"Chordata","Elasmobranchii","Squaliformes","Squalidae","Squalus","Squalus blainville",FALSE,,,,,,FALSE,TRUE,FALSE,"DD","DD","Longnose spurdog ","fish"
105928,"Chordata","Elasmobranchii","Squatiniformes","Squatinidae","Squatina","Squatina squatina",FALSE,,,,,,FALSE,TRUE,FALSE,"CR","CR","angelshark, requin-raie","fish"
126684,"Chordata","Teleostei","Alepocephaliformes","Alepocephalidae","Alepocephalus","Alepocephalus rostratus",FALSE,3,,,2009,,TRUE,FALSE,FALSE,"LC","LC","Risso's smooth-head","fish"
126303,"Chordata","Teleostei","Anguilliformes","Muraenidae","Muraena","Muraena helena",FALSE,1,,,2013,,TRUE,FALSE,FALSE,"LC","LC","Mediterranean moray, murène commune","fish"
299709,"Chordata","Teleostei","Anguilliformes","Nettastomatidae","Nettastoma","Nettastoma melanura",FALSE,4,,,2009,,TRUE,FALSE,FALSE,,,,"fish"
126352,"Chordata","Teleostei","Aulopiformes","Paralepididae","Arctozenus","Arctozenus risso",FALSE,2,,,2009,,TRUE,FALSE,FALSE,"LC","LC","white barracudina, lussion blanc","fish"
299942,"Chordata","Teleostei","Aulopiformes","Ipnopidae","Bathypterois","Bathypterois mediterraneus",FALSE,7,,,2009,,TRUE,FALSE,FALSE,"LC","LC",,"fish"
126338,"Chordata","Teleostei","Aulopiformes","Evermannellidae","Evermannella","Evermannella balbo",FALSE,1,,,,,TRUE,FALSE,FALSE,"LC","LC","pink sabertooth","fish"
126355,"Chordata","Teleostei","Aulopiformes","Paralepididae","Lestidiops","Lestidiops sphyrenoides",FALSE,3,,,,,TRUE,FALSE,FALSE,"LC","LC",,"fish"
126361,"Chordata","Teleostei","Aulopiformes","Paralepididae","Paralepis","Paralepis coregonoides",FALSE,1,,,,,TRUE,FALSE,FALSE,"LC","LC","barracudina","fish"
126761,"Chordata","Teleostei","Blenniiformes","Blenniidae","Blennius","Blennius ocellaris",FALSE,,,,,,FALSE,TRUE,FALSE,"LC","LC","butterfly blenny, blennie","fish"
126776,"Chordata","Teleostei","Blenniiformes","Blenniidae","Parablennius","Parablennius sanguinolentus",FALSE,,,,,,FALSE,TRUE,FALSE,"LC","LC",,"fish"
126794,"Chordata","Teleostei","Callionymiformes","Callionymidae","Callionymus","Callionymus pusillus",FALSE,,,,,,FALSE,TRUE,FALSE,"LC","LC",,"fish"
126821,"Chordata","Teleostei","Carangiformes","Carangidae","Trachurus","Trachurus picturatus",FALSE,,,,,,FALSE,TRUE,FALSE,"LC","LC","horse mackerel, chinchard du large","fish"
159600,"Chordata","Teleostei","Clupeiformes","Dorosomatidae","Dorosoma","Dorosoma cepedianum",FALSE,,,,,,FALSE,TRUE,FALSE,"LC","LC","gizzard shad, alose à gésier","fish"
127047,"Chordata","Teleostei","Eupercaria incertae sedis","Sparidae","Boops","Boops boops",FALSE,,,,,,FALSE,TRUE,FALSE,"LC","LC","bogue, bogue","fish"
126835,"Chordata","Teleostei","Eupercaria incertae sedis","Cepolidae","Cepola","Cepola macrophthalma",FALSE,,,,,,FALSE,TRUE,FALSE,"LC","LC","red band-fish, cépole","fish"
126963,"Chordata","Teleostei","Eupercaria incertae sedis","Labridae","Coris","Coris julis",FALSE,,,,,,FALSE,TRUE,FALSE,"LC","LC","rainbow wrasse, girelle","fish"
273962,"Chordata","Teleostei","Eupercaria incertae sedis","Sparidae","Dentex","Dentex dentex",FALSE,,,,,,FALSE,TRUE,FALSE,"VU","VU","dentex, denté commun","fish"
126975,"Chordata","Teleostei","Eupercaria incertae sedis","Moronidae","Dicentrarchus","Dicentrarchus labrax",FALSE,,,,,,FALSE,TRUE,FALSE,"LC","LC","seabass, bar","fish"
127049,"Chordata","Teleostei","Eupercaria incertae sedis","Sparidae","Diplodus","Diplodus annularis",FALSE,,,,,,FALSE,TRUE,FALSE,"LC","LC","annular sea bream, sparaillon","fish"
127052,"Chordata","Teleostei","Eupercaria incertae sedis","Sparidae","Diplodus","Diplodus puntazzo",FALSE,,,,,,FALSE,TRUE,FALSE,"LC","LC","sharp snout bream, sar à museau pointu","fish"
127053,"Chordata","Teleostei","Eupercaria incertae sedis","Sparidae","Diplodus","Diplodus sargus",FALSE,1,,,2013,,TRUE,FALSE,FALSE,"LC","LC","white seabream, sar commun du Maroc","fish"
127054,"Chordata","Teleostei","Eupercaria incertae sedis","Sparidae","Diplodus","Diplodus vulgaris",FALSE,1,,,2013,,TRUE,FALSE,FALSE,"LC","LC","two banded sea bream, sar à tête noire","fish"
126967,"Chordata","Teleostei","Eupercaria incertae sedis","Labridae","Labrus","Labrus merula",FALSE,1,,,2013,,TRUE,TRUE,FALSE,"LC","LC","brown wrasse, merle","fish"
126968,"Chordata","Teleostei","Eupercaria incertae sedis","Labridae","Labrus","Labrus viridis",FALSE,,,,,,FALSE,TRUE,FALSE,"VU","VU","green wrasse, labre vert","fish"
127055,"Chordata","Teleostei","Eupercaria incertae sedis","Sparidae","Lithognathus","Lithognathus mormyrus",FALSE,1,,,2013,,TRUE,FALSE,FALSE,"LC","LC","striped seabream, marbre","fish"
1577363,"Chordata","Teleostei","Eupercaria incertae sedis","Sparidae","Oblada","Oblada melanurus",FALSE,,,,,,FALSE,TRUE,FALSE,,,,"fish"
127059,"Chordata","Teleostei","Eupercaria incertae sedis","Sparidae","Pagellus","Pagellus bogaraveo",FALSE,,,,,,FALSE,TRUE,FALSE,"NT","NT","blackspot seabream, daurade rose","fish"
127064,"Chordata","Teleostei","Eupercaria incertae sedis","Sparidae","Sarpa","Sarpa salpa",FALSE,1,,,2020,,TRUE,FALSE,FALSE,"LC","LC","Saunders's tern  , saupe","fish"
126828,"Chordata","Teleostei","Eupercaria incertae sedis","Sparidae","Spicara","Spicara maena",FALSE,,,,,,FALSE,TRUE,FALSE,"LC","LC","picarel, mendole commune","fish"
126830,"Chordata","Teleostei","Eupercaria incertae sedis","Sparidae","Spicara","Spicara smaris",FALSE,,,,,,FALSE,TRUE,FALSE,"LC","LC","picarel, picarel","fish"
127066,"Chordata","Teleostei","Eupercaria incertae sedis","Sparidae","Spondyliosoma","Spondyliosoma cantharus",FALSE,,,,,,FALSE,TRUE,FALSE,"LC","LC","Black Sea-bream, brème de mer","fish"
126970,"Chordata","Teleostei","Eupercaria incertae sedis","Labridae","Thalassoma","Thalassoma pavo",FALSE,1,,,2013,,TRUE,TRUE,FALSE,"LC","LC",,"fish"
280313,"Chordata","Teleostei","Gadiformes","Macrouridae","Coelorinchus","Coelorinchus mediterraneus",FALSE,3,,,2009,,TRUE,FALSE,FALSE,"LC","LC",,"fish"
158958,"Chordata","Teleostei","Gadiformes","Macrouridae","Coryphaenoides","Coryphaenoides guentheri",FALSE,2,,,2009,,TRUE,FALSE,FALSE,"LC","LC","Gunther's grenadier","fish"
183099,"Chordata","Teleostei","Gadiformes","Macrouridae","Coryphaenoides","Coryphaenoides mediterraneus",FALSE,4,,,2009,,TRUE,FALSE,FALSE,"LC","LC",,"fish"
126488,"Chordata","Teleostei","Gadiformes","Moridae","Gadella","Gadella maraldi",FALSE,,,,,,FALSE,TRUE,FALSE,"LC","LC",,"fish"
126495,"Chordata","Teleostei","Gadiformes","Moridae","Lepidion","Lepidion lepidion",FALSE,5,,,2009,,TRUE,FALSE,FALSE,"LC","LC",,"fish"
126497,"Chordata","Teleostei","Gadiformes","Moridae","Mora","Mora moro",FALSE,2,,,2009,,TRUE,FALSE,FALSE,"LC","LC","common mora, moro commun","fish"
126475,"Chordata","Teleostei","Gadiformes","Macrouridae","Nezumia","Nezumia sclerorhynchus",FALSE,5,,,2009,,TRUE,FALSE,FALSE,"LC","LC","bluntsnout grenadier","fish"
126502,"Chordata","Teleostei","Gadiformes","Phycidae","Phycis","Phycis phycis",FALSE,,,,,,FALSE,TRUE,FALSE,"LC","LC","forkbeard, phycis de roche","fish"
126518,"Chordata","Teleostei","Gobiesociformes","Gobiesocidae","Lepadogaster","Lepadogaster lepadogaster",FALSE,,,,,,FALSE,TRUE,FALSE,"LC","LC","shore clingfish","fish"
126886,"Chordata","Teleostei","Gobiiformes","Gobiidae","Gobius","Gobius cobitis",FALSE,,,,,,FALSE,TRUE,FALSE,,,"giant goby","fish"
273021,"Chordata","Teleostei","Kurtiformes","Apogonidae","Apogon","Apogon imberbis",FALSE,,,,,,FALSE,TRUE,FALSE,"LC","LC",,"fish"
126580,"Chordata","Teleostei","Myctophiformes","Myctophidae","Benthosema","Benthosema glaciale",FALSE,1,,,,,TRUE,FALSE,FALSE,"LC","LC","glacier lanternfish","fish"
126585,"Chordata","Teleostei","Myctophiformes","Myctophidae","Ceratoscopelus","Ceratoscopelus maderensis",FALSE,2,,,2009,,TRUE,FALSE,FALSE,"LC","LC","horned lanternfish","fish"
126592,"Chordata","Teleostei","Myctophiformes","Myctophidae","Diaphus","Diaphus holti",FALSE,2,,,,,TRUE,FALSE,FALSE,"LC","LC",,"fish"
126596,"Chordata","Teleostei","Myctophiformes","Myctophidae","Diaphus","Diaphus rafinesquii",FALSE,1,,,,,TRUE,FALSE,FALSE,"LC","LC","white-spotted lantern fish","fish"
126602,"Chordata","Teleostei","Myctophiformes","Myctophidae","Hygophum","Hygophum benoiti",FALSE,3,,,,,TRUE,FALSE,FALSE,"LC","LC","Benoit's lanternfish","fish"
126612,"Chordata","Teleostei","Myctophiformes","Myctophidae","Lampanyctus","Lampanyctus crocodilus",FALSE,6,,,2009,,TRUE,FALSE,FALSE,"LC","LC","jewel lanternfish","fish"
126619,"Chordata","Teleostei","Myctophiformes","Myctophidae","Lampanyctus","Lampanyctus pusillus",FALSE,1,,,,,TRUE,FALSE,FALSE,"LC","LC",,"fish"
158900,"Chordata","Teleostei","Myctophiformes","Myctophidae","Lobianchia","Lobianchia dofleini",FALSE,1,,,,,TRUE,FALSE,FALSE,"LC","LC",,"fish"
126627,"Chordata","Teleostei","Myctophiformes","Myctophidae","Myctophum","Myctophum punctatum",FALSE,1,,,,,TRUE,FALSE,FALSE,"LC","LC","spotted lanternfish, lanterne ponctuée","fish"
158913,"Chordata","Teleostei","Myctophiformes","Myctophidae","Notoscopelus","Notoscopelus bolini",FALSE,2,,,,,TRUE,FALSE,FALSE,"LC","LC",,"fish"
126630,"Chordata","Teleostei","Myctophiformes","Myctophidae","Symbolophorus","Symbolophorus veranyi",FALSE,4,,,2009,,TRUE,FALSE,FALSE,"LC","LC","largescale laternfish","fish"
126645,"Chordata","Teleostei","Notacanthiformes","Notacanthidae","Polyacanthonotus","Polyacanthonotus rissoanus",FALSE,1,,,2009,,TRUE,FALSE,FALSE,,,"shortspine tapirfish","fish"
126657,"Chordata","Teleostei","Ophidiiformes","Bythitidae","Cataetyx","Cataetyx laticeps",FALSE,2,,,2009,,TRUE,FALSE,FALSE,"LC","LC",,"fish"
275623,"Chordata","Teleostei","Ophidiiformes","Ophidiidae","Lepophidium","Lepophidium negropinna",FALSE,1,,,2010,,TRUE,TRUE,FALSE,"LC","LC","specklefin cusk-eel","fish"
127000,"Chordata","Teleostei","Ovalentaria incertae sedis","Pomacentridae","Chromis","Chromis chromis",FALSE,1,,,2013,,TRUE,TRUE,FALSE,"LC","LC","damselfish","fish"
127031,"Chordata","Teleostei","Perciformes","Serranidae","Anthias","Anthias anthias",FALSE,,,,,,FALSE,TRUE,FALSE,"LC","LC","swallowtail seaperch, barbier commun","fish"
127259,"Chordata","Teleostei","Perciformes","Triglidae","Chelidonichthys","Chelidonichthys cuculus",FALSE,,,,,,FALSE,TRUE,FALSE,"LC","LC","red gurnard, grondin rouge","fish"
127261,"Chordata","Teleostei","Perciformes","Triglidae","Chelidonichthys","Chelidonichthys lastoviza",FALSE,,,,,,FALSE,TRUE,FALSE,"LC","LC","streaked gurnard, grondin rouge rayé","fish"
127262,"Chordata","Teleostei","Perciformes","Triglidae","Chelidonichthys","Chelidonichthys lucerna",FALSE,,,,,,FALSE,TRUE,FALSE,"LC","LC","tub gurnard, grondin perlon","fish"
127036,"Chordata","Teleostei","Perciformes","Serranidae","Epinephelus","Epinephelus marginatus",FALSE,1,,,2013,,TRUE,FALSE,FALSE,,,"dusky grouper, mérou noir","fish"
127251,"Chordata","Teleostei","Perciformes","Sebastidae","Helicolenus","Helicolenus dactylopterus",FALSE,,,,,,FALSE,TRUE,FALSE,"LC","LC","bleumouth rockfish, sébaste chèvre","fish"
127247,"Chordata","Teleostei","Perciformes","Scorpaenidae","Scorpaena","Scorpaena porcus",FALSE,,,,,,FALSE,TRUE,FALSE,"LC","LC","black scorpion-fish, rascasse brune","fish"
127248,"Chordata","Teleostei","Perciformes","Scorpaenidae","Scorpaena","Scorpaena scrofa",FALSE,,,,,,FALSE,TRUE,FALSE,"LC","LC","largescaled scorpionfish, rascasse rouge","fish"
127041,"Chordata","Teleostei","Perciformes","Serranidae","Serranus","Serranus cabrilla",FALSE,,,,,,FALSE,TRUE,FALSE,"LC","LC","comber, serran chevrette","fish"
127043,"Chordata","Teleostei","Perciformes","Serranidae","Serranus","Serranus scriba",FALSE,,,,,,FALSE,TRUE,FALSE,"LC","LC","painted comber, serran écriture","fish"
127082,"Chordata","Teleostei","Perciformes","Trachinidae","Trachinus","Trachinus draco",FALSE,,,,,,FALSE,TRUE,FALSE,"LC","LC","weever, vive","fish"
127266,"Chordata","Teleostei","Perciformes","Triglidae","Trigla","Trigla lyra",FALSE,,,,,,FALSE,TRUE,FALSE,"LC","LC","piper, grondin lyre","fish"
127093,"Chordata","Teleostei","Perciformes","Uranoscopidae","Uranoscopus","Uranoscopus scaber",FALSE,,,,,,FALSE,TRUE,FALSE,"LC","LC","star-gazer, boeuf","fish"
127126,"Chordata","Teleostei","Pleuronectiformes","Bothidae","Arnoglossus","Arnoglossus laterna",FALSE,,,,,,FALSE,TRUE,FALSE,"LC","LC","Mediterranean scaldfish, langue de chat","fish"
127129,"Chordata","Teleostei","Pleuronectiformes","Bothidae","Bothus","Bothus podas",FALSE,,,,,,FALSE,TRUE,FALSE,"LC","LC",,"fish"
127130,"Chordata","Teleostei","Pleuronectiformes","Citharidae","Citharus","Citharus linguatula",FALSE,,,,,,FALSE,TRUE,FALSE,"LC","LC","spotted flounder, feuille","fish"
127157,"Chordata","Teleostei","Pleuronectiformes","Soleidae","Pegusa","Pegusa nasuta",FALSE,,,,,,FALSE,TRUE,FALSE,,,,"fish"
127021,"Chordata","Teleostei","Scombriformes","Scombridae","Sarda","Sarda sarda",FALSE,,,,,,FALSE,TRUE,FALSE,"LC","LC","Atlantic bonito, pélamide","fish"
127022,"Chordata","Teleostei","Scombriformes","Scombridae","Scomber","Scomber japonicus",FALSE,,,,,,FALSE,TRUE,FALSE,"LC","LC","Atlantic chub mackerel, maquereaux blanc","fish"
127309,"Chordata","Teleostei","Stomiiformes","Sternoptychidae","Argyropelecus","Argyropelecus hemigymnus",FALSE,7,,,2009,,TRUE,FALSE,FALSE,"LC","LC","short silver hatchetfish","fish"
127338,"Chordata","Teleostei","Stomiiformes","Stomiidae","Chauliodus","Chauliodus sloani",FALSE,2,,,2009,,TRUE,FALSE,FALSE,"LC","LC","Sloane's viperfish, chauliode très-lumineux","fish"
127295,"Chordata","Teleostei","Stomiiformes","Gonostomatidae","Gonostoma","Gonostoma denudatum",FALSE,1,,,,,TRUE,FALSE,FALSE,"LC","LC",,"fish"
127311,"Chordata","Teleostei","Stomiiformes","Sternoptychidae","Maurolicus","Maurolicus amethystinopunctatus",FALSE,3,,,,,TRUE,FALSE,FALSE,"LC","LC",,"fish"
127374,"Chordata","Teleostei","Stomiiformes","Stomiidae","Stomias","Stomias boa",FALSE,2,,,,,TRUE,FALSE,FALSE,"LC","LC","boa dragonfish, dragon-boa","fish"
306769,"Chordata","Teleostei","Stomiiformes","Stomiidae","Stomias","Stomias ferox",FALSE,1,,,,,TRUE,FALSE,FALSE,,,,"fish"
127302,"Chordata","Teleostei","Stomiiformes","Phosichthyidae","Vinciguerria","Vinciguerria attenuata",FALSE,3,,,,,TRUE,FALSE,FALSE,"LC","LC","slender lightfish","fish"
154776,"Chordata","Teleostei","Syngnathiformes","Syngnathidae","Hippocampus","Hippocampus guttulatus",FALSE,1,,,2018,,TRUE,TRUE,FALSE,"DD","DD","long-snouted seahorse, hippocampe","fish"
127393,"Chordata","Teleostei","Syngnathiformes","Syngnathidae","Syngnathus","Syngnathus typhle",FALSE,2,,,2020,,TRUE,TRUE,FALSE,"LC","LC","deep-snouted pipefish, siphonostome","fish"
147752,"Ascomycota","Eurotiomycetes","Pyrenulales","Xanthopyreniaceae","Pyrenocollema","Pyrenocollema halodytes",FALSE,,,,,,FALSE,TRUE,FALSE,,,,"fungi"
426124,"Ascomycota","Lecanoromycetes","Lecanorales","Cladoniaceae","Cladonia","Cladonia foliacea",FALSE,,,,,,FALSE,TRUE,FALSE,,,,"fungi"
438957,"Ascomycota","Lecanoromycetes","Lecanorales","Mycoblastaceae","Tephromela","Tephromela atra var. atra",FALSE,,,,,,FALSE,TRUE,FALSE,,,,"fungi"
147709,"Ascomycota","Lecanoromycetes","Teloschistales","Teloschistaceae","Xanthoria","Xanthoria parietina",FALSE,,,,,,FALSE,TRUE,FALSE,,,"common orange lichen","fungi"
138793,"Mollusca","Bivalvia","Arcida","Arcidae","Barbatia","Barbatia barbata",FALSE,,,,,,FALSE,TRUE,FALSE,,,"bearded ark","molluscs"
140571,"Mollusca","Bivalvia","Arcida","Noetiidae","Striarca","Striarca lactea",FALSE,,,,,,FALSE,TRUE,FALSE,,,"milky-white ark","molluscs"
141433,"Mollusca","Bivalvia","Cardiida","Semelidae","Abra","Abra alba",FALSE,,,,,,FALSE,TRUE,FALSE,,,"white furrow shell, syndesmye blanche","molluscs"
141438,"Mollusca","Bivalvia","Cardiida","Semelidae","Abra","Abra segmentum",FALSE,,,,,,FALSE,TRUE,FALSE,,,,"molluscs"
138992,"Mollusca","Bivalvia","Cardiida","Cardiidae","Acanthocardia","Acanthocardia echinata",FALSE,,,,,,FALSE,TRUE,FALSE,,,"prickly cockle, bucarde","molluscs"
138993,"Mollusca","Bivalvia","Cardiida","Cardiidae","Acanthocardia","Acanthocardia paucicostata",FALSE,,,,,,FALSE,TRUE,FALSE,,,"poorly ribbed cockle","molluscs"
381057,"Mollusca","Bivalvia","Cardiida","Cardiidae","Acanthocardia","Acanthocardia tuberculata",FALSE,,,,,,FALSE,TRUE,FALSE,,,"Moroccan cockle","molluscs"
491643,"Mollusca","Bivalvia","Cardiida","Tellinidae","Arcopella","Arcopella balaustina",FALSE,,,,,,FALSE,TRUE,FALSE,,,,"molluscs"
141541,"Mollusca","Bivalvia","Cardiida","Solecurtidae","Azorinus","Azorinus chamasolen",FALSE,,,,,,FALSE,TRUE,FALSE,,,,"molluscs"
138999,"Mollusca","Bivalvia","Cardiida","Cardiidae","Cerastoderma","Cerastoderma glaucum",FALSE,,,,,,FALSE,TRUE,FALSE,,,"lagoon cockle, coque","molluscs"
141440,"Mollusca","Bivalvia","Cardiida","Semelidae","Ervilia","Ervilia castanea",FALSE,,,,,,FALSE,TRUE,FALSE,,,,"molluscs"
141578,"Mollusca","Bivalvia","Cardiida","Tellinidae","Gastrana","Gastrana fragilis",FALSE,,,,,,FALSE,TRUE,FALSE,,,,"molluscs"
139006,"Mollusca","Bivalvia","Cardiida","Cardiidae","Laevicardium","Laevicardium oblongum",FALSE,,,,,,FALSE,TRUE,FALSE,,,"oblong cockle","molluscs"
147021,"Mollusca","Bivalvia","Cardiida","Tellinidae","Moerella","Moerella donacina",FALSE,,,,,,FALSE,TRUE,FALSE,,,,"molluscs"
1055920,"Mollusca","Bivalvia","Cardiida","Tellinidae","Moerella","Moerella pulchella",FALSE,,,,,,FALSE,TRUE,FALSE,,,,"molluscs"
139008,"Mollusca","Bivalvia","Cardiida","Cardiidae","Parvicardium","Parvicardium exiguum",FALSE,,,,,,FALSE,TRUE,FALSE,,,"little cockle","molluscs"
156326,"Mollusca","Bivalvia","Cardiida","Cardiidae","Parvicardium","Parvicardium scriptum",FALSE,,,,,,FALSE,TRUE,FALSE,,,,"molluscs"
878285,"Mollusca","Bivalvia","Cardiida","Tellinidae","Peronidia","Peronidia albicans",FALSE,,,,,,FALSE,TRUE,FALSE,,,,"molluscs"
139016,"Mollusca","Bivalvia","Carditida","Carditidae","Cardita","Cardita calyculata",FALSE,,,,,,FALSE,TRUE,FALSE,,,,"molluscs"
504869,"Mollusca","Bivalvia","Carditida","Carditidae","Cardites","Cardites antiquatus",FALSE,,,,,,FALSE,TRUE,FALSE,,,,"molluscs"
139018,"Mollusca","Bivalvia","Carditida","Carditidae","Glans","Glans trapezia",FALSE,,,,,,FALSE,TRUE,FALSE,,,,"molluscs"
140160,"Mollusca","Bivalvia","Galeommatida","Lasaeidae","Bornia","Bornia sebetia",FALSE,,,,,,FALSE,TRUE,FALSE,,,,"molluscs"
140017,"Mollusca","Bivalvia","Galeommatida","Galeommatidae","Galeomma","Galeomma turtoni",FALSE,,,,,,FALSE,TRUE,FALSE,,,"Turton's weasel-eye","molluscs"
246148,"Mollusca","Bivalvia","Galeommatida","Lasaeidae","Hemilepton","Hemilepton nitidum",FALSE,,,,,,FALSE,TRUE,FALSE,,,,"molluscs"
140233,"Mollusca","Bivalvia","Limida","Limidae","Lima","Lima lima",FALSE,,,,,,FALSE,TRUE,FALSE,,,"spiny lima, lime","molluscs"
140236,"Mollusca","Bivalvia","Limida","Limidae","Limaria","Limaria tuberculata",FALSE,,,,,,FALSE,TRUE,FALSE,,,"file shell","molluscs"
140278,"Mollusca","Bivalvia","Lucinida","Lucinidae","Ctena","Ctena decussata",FALSE,,,,,,FALSE,TRUE,FALSE,,,,"molluscs"
875379,"Mollusca","Bivalvia","Lucinida","Lucinidae","Loripes","Loripes orbiculatus",FALSE,,,,,,FALSE,TRUE,FALSE,,,,"molluscs"
718970,"Mollusca","Bivalvia","Lucinida","Lucinidae","Loripinus","Loripinus fragilis",FALSE,,,,,,FALSE,TRUE,FALSE,,,,"molluscs"
378492,"Mollusca","Bivalvia","Myida","Corbulidae","Varicorbula","Varicorbula gibba",FALSE,,,,,,FALSE,TRUE,FALSE,,,"European clam","molluscs"
140464,"Mollusca","Bivalvia","Mytilida","Mytilidae","Modiolus","Modiolus barbatus",FALSE,,,,,,FALSE,TRUE,FALSE,,,"bearded mussel, Modiole barbue ","molluscs"
140481,"Mollusca","Bivalvia","Mytilida","Mytilidae","Mytilus","Mytilus galloprovincialis",FALSE,,,,,,FALSE,TRUE,FALSE,,,"Mediterranean mussel, moule de provence","molluscs"
140590,"Mollusca","Bivalvia","Nuculida","Nuculidae","Nucula","Nucula nucleus",FALSE,,,,,,FALSE,TRUE,FALSE,,,"common nut clam, nucule","molluscs"
146524,"Mollusca","Bivalvia","Ostreida","Pinnidae","Atrina","Atrina fragilis",FALSE,,,,,,FALSE,TRUE,FALSE,,,"fan mussel","molluscs"
140779,"Mollusca","Bivalvia","Ostreida","Pinnidae","Atrina","Atrina pectinata",FALSE,,,,,,FALSE,TRUE,FALSE,,,"comb penshell","molluscs"
140048,"Mollusca","Bivalvia","Ostreida","Gryphaeidae","Neopycnodonte","Neopycnodonte cochlear",FALSE,,,,,,FALSE,TRUE,FALSE,,,,"molluscs"
489077,"Mollusca","Bivalvia","Ostreida","Ostreidae","Ostrea","Ostrea stentina",FALSE,,,,,,FALSE,TRUE,FALSE,,,,"molluscs"
140780,"Mollusca","Bivalvia","Ostreida","Pinnidae","Pinna","Pinna nobilis",FALSE,12,,,2020,,TRUE,TRUE,FALSE,"CR","CR","noble penshell, grande nacre","molluscs"
140781,"Mollusca","Bivalvia","Ostreida","Pinnidae","Pinna","Pinna rudis",FALSE,1,,,1997,,TRUE,FALSE,FALSE,,,"rough penshell","molluscs"
140687,"Mollusca","Bivalvia","Pectinida","Pectinidae","Aequipecten","Aequipecten opercularis",FALSE,,,,,,FALSE,TRUE,FALSE,,,"queen scallop, peigne","molluscs"
236723,"Mollusca","Bivalvia","Pectinida","Pectinidae","Flexopecten","Flexopecten hyalinus",FALSE,,,,,,FALSE,TRUE,FALSE,,,"hyaline scallop","molluscs"
236719,"Mollusca","Bivalvia","Pectinida","Pectinidae","Mimachlamys","Mimachlamys varia",FALSE,,,,,,FALSE,TRUE,FALSE,,,"variegated scallop, pétoncle noir","molluscs"
394429,"Mollusca","Bivalvia","Pectinida","Pectinidae","Pecten","Pecten jacobaeus",FALSE,,,,,,FALSE,TRUE,FALSE,,,"pilgrim's scallop, coquille Saint Jacques de Méditerranée","molluscs"
140716,"Mollusca","Bivalvia","Pectinida","Pectinidae","Pseudamussium","Pseudamussium clavatum",FALSE,,,,,,FALSE,TRUE,FALSE,,,"club scallop","molluscs"
139119,"Mollusca","Bivalvia","Venerida","Chamidae","Chama","Chama gryphoides",FALSE,,,,,,FALSE,TRUE,FALSE,,,"jewel box","molluscs"
141907,"Mollusca","Bivalvia","Venerida","Veneridae","Chamelea","Chamelea gallina",FALSE,,,,,,FALSE,TRUE,FALSE,,,"chicken venus, galinette","molluscs"
140023,"Mollusca","Bivalvia","Venerida","Glossidae","Glossus","Glossus humanus",FALSE,,,,,,FALSE,TRUE,FALSE,,,"heart cockle","molluscs"
141917,"Mollusca","Bivalvia","Venerida","Veneridae","Irus","Irus irus",FALSE,,,,,,FALSE,TRUE,FALSE,,,"irus clam","molluscs"
246150,"Mollusca","Bivalvia","Venerida","Veneridae","Polititapes","Polititapes aureus",FALSE,,,,,,FALSE,TRUE,FALSE,,,"golden carpet shell, palourde jaune","molluscs"
140302,"Mollusca","Bivalvia","Venerida","Mactridae","Spisula","Spisula subtruncata",FALSE,,,,,,FALSE,TRUE,FALSE,,,"cut trough shell, spisule tronquée","molluscs"
181364,"Mollusca","Bivalvia","Venerida","Veneridae","Venerupis","Venerupis corrugata",FALSE,,,,,,FALSE,TRUE,FALSE,,,"corrugated venus, palourde bleue","molluscs"
141936,"Mollusca","Bivalvia","Venerida","Veneridae","Venus","Venus verrucosa",FALSE,,,,,,FALSE,TRUE,FALSE,,,"warty venus, praire","molluscs"
140598,"Mollusca","Cephalopoda","Octopoda","Bathypolypodidae","Bathypolypus","Bathypolypus sponsalis",FALSE,1,,,2009,,TRUE,FALSE,FALSE,"LC","LC","globose octopus","molluscs"
140605,"Mollusca","Cephalopoda","Octopoda","Octopodidae","Octopus","Octopus vulgaris",FALSE,1,,,2013,,TRUE,FALSE,FALSE,"LC","LC","common octopus, pieuvre","molluscs"
141138,"Mollusca","Gastropoda","Cephalaspidea","Retusidae","Retusa","Retusa truncatula",FALSE,,,,,,FALSE,TRUE,FALSE,,,"truncate barrel-bubble","molluscs"
156376,"Mollusca","Gastropoda","Cephalaspidea","Retusidae","Retusa","Retusa umbilicata",FALSE,,,,,,FALSE,TRUE,FALSE,,,,"molluscs"
1342955,"Mollusca","Gastropoda","Cephalaspidea","Haminoeidae","Roxaniella","Roxaniella jeffreysi",FALSE,,,,,,FALSE,TRUE,FALSE,,,,"molluscs"
141139,"Mollusca","Gastropoda","Cephalaspidea","Rhizoridae","Volvulella","Volvulella acuminata",FALSE,,,,,,FALSE,TRUE,FALSE,,,,"molluscs"
140080,"Mollusca","Gastropoda","Cephalaspidea","Haminoeidae","Weinkauffia","Weinkauffia turgidula",FALSE,,,,,,FALSE,TRUE,FALSE,,,,"molluscs"
140570,"Mollusca","Gastropoda","Cycloneritida","Neritidae","Smaragdia","Smaragdia viridis",FALSE,,,,,,FALSE,TRUE,FALSE,,,"emerald nerite","molluscs"
153949,"Mollusca","Gastropoda","Ellobiida","Ellobiidae","Leucophytia","Leucophytia bidentata",FALSE,,,,,,FALSE,TRUE,FALSE,"LC","LC","two-toothed white snail","molluscs"
139673,"Mollusca","Gastropoda","Ellobiida","Ellobiidae","Myosotella","Myosotella myosotis",FALSE,,,,,,FALSE,TRUE,FALSE,"LC","LC","mouse-eared snail, ovatelle naine des vases","molluscs"
141706,"Mollusca","Gastropoda","Ellobiida","Trimusculidae","Trimusculus","Trimusculus mammillaris",FALSE,,,,,,FALSE,TRUE,FALSE,,,,"molluscs"
139955,"Mollusca","Gastropoda","Lepetellida","Fissurellidae","Emarginula","Emarginula adriatica",FALSE,,,,,,FALSE,TRUE,FALSE,,,,"molluscs"
139960,"Mollusca","Gastropoda","Lepetellida","Fissurellidae","Emarginula","Emarginula huzardii",FALSE,,,,,,FALSE,TRUE,FALSE,,,,"molluscs"
139967,"Mollusca","Gastropoda","Lepetellida","Fissurellidae","Emarginula","Emarginula solidula",FALSE,,,,,,FALSE,TRUE,FALSE,,,,"molluscs"
140059,"Mollusca","Gastropoda","Lepetellida","Haliotidae","Haliotis","Haliotis tuberculata",FALSE,,,,,,FALSE,TRUE,FALSE,"VU","VU","common ormer, ormeau tuberculeux","molluscs"
458013,"Mollusca","Gastropoda","Littorinimorpha","Rissoidae","Alvania","Alvania balearica",FALSE,,,,,,FALSE,TRUE,FALSE,,,,"molluscs"
141165,"Mollusca","Gastropoda","Littorinimorpha","Rissoidae","Alvania","Alvania cancellata",FALSE,,,,,,FALSE,TRUE,FALSE,,,,"molluscs"
141167,"Mollusca","Gastropoda","Littorinimorpha","Rissoidae","Alvania","Alvania cimex",FALSE,,,,,,FALSE,TRUE,FALSE,,,,"molluscs"
141168,"Mollusca","Gastropoda","Littorinimorpha","Rissoidae","Alvania","Alvania cimicoides",FALSE,,,,,,FALSE,TRUE,FALSE,,,,"molluscs"
141181,"Mollusca","Gastropoda","Littorinimorpha","Rissoidae","Alvania","Alvania discors",FALSE,,,,,,FALSE,TRUE,FALSE,,,,"molluscs"
141207,"Mollusca","Gastropoda","Littorinimorpha","Rissoidae","Alvania","Alvania lineata",FALSE,,,,,,FALSE,TRUE,FALSE,,,,"molluscs"
141211,"Mollusca","Gastropoda","Littorinimorpha","Rissoidae","Alvania","Alvania mamillata",FALSE,,,,,,FALSE,TRUE,FALSE,,,,"molluscs"
141233,"Mollusca","Gastropoda","Littorinimorpha","Rissoidae","Alvania","Alvania scabra",FALSE,,,,,,FALSE,TRUE,FALSE,,,,"molluscs"
141249,"Mollusca","Gastropoda","Littorinimorpha","Rissoidae","Alvania","Alvania tenera",FALSE,,,,,,FALSE,TRUE,FALSE,,,,"molluscs"
138761,"Mollusca","Gastropoda","Littorinimorpha","Aporrhaidae","Aporrhais","Aporrhais serresiana",FALSE,,,,,,FALSE,TRUE,FALSE,,,"Mediterranean pelican's foot","molluscs"
238118,"Mollusca","Gastropoda","Littorinimorpha","Atlantidae","Atlanta","Atlanta brunnea",FALSE,,,,,,FALSE,TRUE,FALSE,,,,"molluscs"
138947,"Mollusca","Gastropoda","Littorinimorpha","Caecidae","Caecum","Caecum auriculatum",FALSE,,,,,,FALSE,TRUE,FALSE,,,,"molluscs"
138948,"Mollusca","Gastropoda","Littorinimorpha","Caecidae","Caecum","Caecum clarkii",FALSE,,,,,,FALSE,TRUE,FALSE,,,,"molluscs"
138955,"Mollusca","Gastropoda","Littorinimorpha","Caecidae","Caecum","Caecum subannulatum",FALSE,,,,,,FALSE,TRUE,FALSE,,,,"molluscs"
138957,"Mollusca","Gastropoda","Littorinimorpha","Caecidae","Caecum","Caecum trachea",FALSE,,,,,,FALSE,TRUE,FALSE,,,,"molluscs"
138966,"Mollusca","Gastropoda","Littorinimorpha","Calyptraeidae","Crepidula","Crepidula unguiformis",FALSE,,,,,,FALSE,TRUE,FALSE,,,"Mediterranean slippersnail","molluscs"
730420,"Mollusca","Gastropoda","Littorinimorpha","Rissoidae","Crisilla","Crisilla galvagni",FALSE,1,,,1979,,TRUE,TRUE,FALSE,,,,"molluscs"
141280,"Mollusca","Gastropoda","Littorinimorpha","Rissoidae","Crisilla","Crisilla semistriata",FALSE,,,,,,FALSE,TRUE,FALSE,,,,"molluscs"
139168,"Mollusca","Gastropoda","Littorinimorpha","Cingulopsidae","Eatonina","Eatonina cossurae",FALSE,,,,,,FALSE,TRUE,FALSE,,,,"molluscs"
139797,"Mollusca","Gastropoda","Littorinimorpha","Eulimidae","Ersilia","Ersilia mediterranea",FALSE,,,,,,FALSE,TRUE,FALSE,,,,"molluscs"
140529,"Mollusca","Gastropoda","Littorinimorpha","Naticidae","Euspira","Euspira fusca",FALSE,,,,,,FALSE,TRUE,FALSE,,,"dark necklace shell","molluscs"
139499,"Mollusca","Gastropoda","Littorinimorpha","Cypraeidae","Luria","Luria lurida",FALSE,,,,,,FALSE,TRUE,FALSE,,,"brown cowry, porcelaine livide","molluscs"
139859,"Mollusca","Gastropoda","Littorinimorpha","Eulimidae","Melanella","Melanella polita",FALSE,,,,,,FALSE,TRUE,FALSE,,,,"molluscs"
1075013,"Mollusca","Gastropoda","Littorinimorpha","Cypraeidae","Naria","Naria spurca",FALSE,,,,,,FALSE,TRUE,FALSE,,,,"molluscs"
720569,"Mollusca","Gastropoda","Littorinimorpha","Naticidae","Naticarius","Naticarius hebraeus",FALSE,,,,,,FALSE,TRUE,FALSE,,,"Hebrew moon shell","molluscs"
138745,"Mollusca","Gastropoda","Littorinimorpha","Anabathridae","Nodulus","Nodulus contortus",FALSE,,,,,,FALSE,TRUE,FALSE,,,,"molluscs"
720578,"Mollusca","Gastropoda","Littorinimorpha","Naticidae","Notocochlis","Notocochlis dillwynii",FALSE,1,,,1978,,TRUE,TRUE,FALSE,,,,"molluscs"
141304,"Mollusca","Gastropoda","Littorinimorpha","Rissoidae","Obtusella","Obtusella intersecta",FALSE,,,,,,FALSE,TRUE,FALSE,,,"obtuse minute risso","molluscs"
139878,"Mollusca","Gastropoda","Littorinimorpha","Eulimidae","Parvioris","Parvioris ibizenca",FALSE,,,,,,FALSE,TRUE,FALSE,,,,"molluscs"
140550,"Mollusca","Gastropoda","Littorinimorpha","Naticidae","Payraudeautia","Payraudeautia intricata",FALSE,,,,,,FALSE,TRUE,FALSE,,,"European gray moonsnail","molluscs"
138746,"Mollusca","Gastropoda","Littorinimorpha","Anabathridae","Pisinna","Pisinna glabrata",FALSE,,,,,,FALSE,TRUE,FALSE,,,,"molluscs"
141334,"Mollusca","Gastropoda","Littorinimorpha","Rissoidae","Pusillina","Pusillina inconspicua",FALSE,1,,,1980,,TRUE,TRUE,FALSE,,,"spotted risso","molluscs"
141335,"Mollusca","Gastropoda","Littorinimorpha","Rissoidae","Pusillina","Pusillina lineolata",FALSE,,,,,,FALSE,TRUE,FALSE,,,,"molluscs"
141339,"Mollusca","Gastropoda","Littorinimorpha","Rissoidae","Pusillina","Pusillina philippi",FALSE,,,,,,FALSE,TRUE,FALSE,,,,"molluscs"
141346,"Mollusca","Gastropoda","Littorinimorpha","Rissoidae","Rissoa","Rissoa angustior",FALSE,,,,,,FALSE,TRUE,FALSE,,,,"molluscs"
141348,"Mollusca","Gastropoda","Littorinimorpha","Rissoidae","Rissoa","Rissoa auriscalpium",FALSE,1,,,2006,,TRUE,TRUE,FALSE,,,"golden-capped risso","molluscs"
141349,"Mollusca","Gastropoda","Littorinimorpha","Rissoidae","Rissoa","Rissoa decorata",FALSE,,,,,,FALSE,TRUE,FALSE,,,,"molluscs"
141357,"Mollusca","Gastropoda","Littorinimorpha","Rissoidae","Rissoa","Rissoa lia",FALSE,,,,,,FALSE,TRUE,FALSE,,,,"molluscs"
141359,"Mollusca","Gastropoda","Littorinimorpha","Rissoidae","Rissoa","Rissoa membranacea",FALSE,,,,,,FALSE,TRUE,FALSE,,,"thick-lipped risso snail","molluscs"
141360,"Mollusca","Gastropoda","Littorinimorpha","Rissoidae","Rissoa","Rissoa monodonta",FALSE,,,,,,FALSE,TRUE,FALSE,,,,"molluscs"
141369,"Mollusca","Gastropoda","Littorinimorpha","Rissoidae","Rissoa","Rissoa similis",FALSE,,,,,,FALSE,TRUE,FALSE,,,,"molluscs"
141372,"Mollusca","Gastropoda","Littorinimorpha","Rissoidae","Rissoa","Rissoa variabilis",FALSE,,,,,,FALSE,TRUE,FALSE,,,"variable risso","molluscs"
141373,"Mollusca","Gastropoda","Littorinimorpha","Rissoidae","Rissoa","Rissoa ventricosa",FALSE,,,,,,FALSE,TRUE,FALSE,,,,"molluscs"
141376,"Mollusca","Gastropoda","Littorinimorpha","Rissoinidae","Rissoina","Rissoina bruguieri",FALSE,,,,,,FALSE,TRUE,FALSE,,,,"molluscs"
509237,"Mollusca","Gastropoda","Littorinimorpha","Cassidae","Semicassis","Semicassis saburon",FALSE,,,,,,FALSE,TRUE,FALSE,,,,"molluscs"
591481,"Mollusca","Gastropoda","Littorinimorpha","Cassidae","Semicassis","Semicassis undulata",FALSE,,,,,,FALSE,TRUE,FALSE,,,"Mediterranean bonnet","molluscs"
141379,"Mollusca","Gastropoda","Littorinimorpha","Rissoidae","Setia","Setia amabilis",FALSE,,,,,,FALSE,TRUE,FALSE,,,,"molluscs"
141380,"Mollusca","Gastropoda","Littorinimorpha","Rissoidae","Setia","Setia ambigua",FALSE,,,,,,FALSE,TRUE,FALSE,,,,"molluscs"
195910,"Mollusca","Gastropoda","Littorinimorpha","Rissoidae","Setia","Setia turriculata",FALSE,,,,,,FALSE,TRUE,FALSE,,,,"molluscs"
1472101,"Mollusca","Gastropoda","Littorinimorpha","Bursidae","Talisman","Talisman scrobilator",FALSE,,,,,,FALSE,TRUE,FALSE,,,,"molluscs"
367899,"Mollusca","Gastropoda","Littorinimorpha","Naticidae","Tectonatica","Tectonatica sagraiana",FALSE,,,,,,FALSE,TRUE,FALSE,,,,"molluscs"
141690,"Mollusca","Gastropoda","Littorinimorpha","Tornidae","Tornus","Tornus subcarinatus",FALSE,,,,,,FALSE,TRUE,FALSE,,,"keeled tornus","molluscs"
141850,"Mollusca","Gastropoda","Littorinimorpha","Truncatellidae","Truncatella","Truncatella subcylindrica",FALSE,,,,,,FALSE,TRUE,FALSE,,,"looping snail","molluscs"
139903,"Mollusca","Gastropoda","Littorinimorpha","Eulimidae","Vitreolina","Vitreolina philippi",FALSE,,,,,,FALSE,TRUE,FALSE,,,,"molluscs"
743862,"Mollusca","Gastropoda","Littorinimorpha","Xenophoridae","Xenophora","Xenophora crispa",FALSE,,,,,,FALSE,TRUE,FALSE,,,,"molluscs"
1618471,"Mollusca","Gastropoda","Neogastropoda","Pisaniidae","Aplus","Aplus coccineus",FALSE,,,,,,FALSE,TRUE,FALSE,,,,"molluscs"
888427,"Mollusca","Gastropoda","Neogastropoda","Pisaniidae","Aplus","Aplus dorbignyi",FALSE,,,,,,FALSE,TRUE,FALSE,,,,"molluscs"
433051,"Mollusca","Gastropoda","Neogastropoda","Raphitomidae","Asperdaphne","Asperdaphne desalesii",FALSE,,,,,,FALSE,TRUE,FALSE,,,,"molluscs"
139217,"Mollusca","Gastropoda","Neogastropoda","Mangeliidae","Bela","Bela nebula",FALSE,,,,,,FALSE,TRUE,FALSE,,,"nebular needle conch","molluscs"
853245,"Mollusca","Gastropoda","Neogastropoda","Mangeliidae","Bela","Bela nuperrima",FALSE,,,,,,FALSE,TRUE,FALSE,,,,"molluscs"
341244,"Mollusca","Gastropoda","Neogastropoda","Cancellariidae","Bivetiella","Bivetiella cancellata",FALSE,,,,,,FALSE,TRUE,FALSE,,,,"molluscs"
140389,"Mollusca","Gastropoda","Neogastropoda","Muricidae","Bolinus","Bolinus brandaris",FALSE,,,,,,FALSE,TRUE,FALSE,,,"purple dye murex, murex-droite épine","molluscs"
139196,"Mollusca","Gastropoda","Neogastropoda","Columbellidae","Columbella","Columbella rustica",FALSE,,,,,,FALSE,TRUE,FALSE,,,"rustic dove shell","molluscs"
138899,"Mollusca","Gastropoda","Neogastropoda","Colidae","Colus","Colus gracilis",FALSE,,,,,,FALSE,TRUE,FALSE,,,"graceful colus","molluscs"
428401,"Mollusca","Gastropoda","Neogastropoda","Conidae","Conus","Conus ventricosus",FALSE,,,,,,FALSE,TRUE,FALSE,"LC","LC",,"molluscs"
139399,"Mollusca","Gastropoda","Neogastropoda","Muricidae","Coralliophila","Coralliophila meyendorffii",FALSE,,,,,,FALSE,TRUE,FALSE,,,"lamellose coral shell","molluscs"
490974,"Mollusca","Gastropoda","Neogastropoda","Pisaniidae","Enginella","Enginella leucozona",FALSE,,,,,,FALSE,TRUE,FALSE,,,,"molluscs"
181057,"Mollusca","Gastropoda","Neogastropoda","Tudiclidae","Euthria","Euthria cornea",FALSE,,,,,,FALSE,TRUE,FALSE,,,,"molluscs"
141862,"Mollusca","Gastropoda","Neogastropoda","Fusiturridae","Fusiturris","Fusiturris undatiruga",FALSE,,,,,,FALSE,TRUE,FALSE,,,,"molluscs"
139508,"Mollusca","Gastropoda","Neogastropoda","Cystiscidae","Gibberula","Gibberula miliaria",FALSE,,,,,,FALSE,TRUE,FALSE,,,"millet topsnail","molluscs"
139510,"Mollusca","Gastropoda","Neogastropoda","Cystiscidae","Gibberula","Gibberula philippii",FALSE,,,,,,FALSE,TRUE,FALSE,,,,"molluscs"
1671700,"Mollusca","Gastropoda","Neogastropoda","Mangeliidae","Lyromangelia","Lyromangelia taeniata",FALSE,,,,,,FALSE,TRUE,FALSE,,,,"molluscs"
1644044,"Mollusca","Gastropoda","Neogastropoda","Mangeliidae","Mangelia","Mangelia costulata",FALSE,,,,,,FALSE,TRUE,FALSE,,,,"molluscs"
139278,"Mollusca","Gastropoda","Neogastropoda","Mangeliidae","Mangelia","Mangelia multilineolata",FALSE,,,,,,FALSE,TRUE,FALSE,,,,"molluscs"
139293,"Mollusca","Gastropoda","Neogastropoda","Mangeliidae","Mangelia","Mangelia unifasciata",FALSE,,,,,,FALSE,TRUE,FALSE,,,,"molluscs"
139207,"Mollusca","Gastropoda","Neogastropoda","Columbellidae","Mitrella","Mitrella scripta",FALSE,,,,,,FALSE,TRUE,FALSE,,,"music dovesnail","molluscs"
140401,"Mollusca","Gastropoda","Neogastropoda","Muricidae","Muricopsis","Muricopsis cristata",FALSE,,,,,,FALSE,TRUE,FALSE,,,,"molluscs"
140405,"Mollusca","Gastropoda","Neogastropoda","Muricidae","Ocenebra","Ocenebra erinaceus",FALSE,,,,,,FALSE,TRUE,FALSE,,,"European sting winkle, cormaillot","molluscs"
138924,"Mollusca","Gastropoda","Neogastropoda","Pisaniidae","Pisania","Pisania striata",FALSE,,,,,,FALSE,TRUE,FALSE,,,"spotted pisania","molluscs"
1617535,"Mollusca","Gastropoda","Neogastropoda","Clathurellidae","Pleurotomoides","Pleurotomoides gracilis",FALSE,,,,,,FALSE,TRUE,FALSE,,,,"molluscs"
448958,"Mollusca","Gastropoda","Neogastropoda","Fasciolariidae","Pseudofusus","Pseudofusus rostratus",FALSE,,,,,,FALSE,TRUE,FALSE,,,,"molluscs"
957145,"Mollusca","Gastropoda","Neogastropoda","Costellariidae","Pusia","Pusia tricolor",FALSE,,,,,,FALSE,TRUE,FALSE,,,,"molluscs"
139379,"Mollusca","Gastropoda","Neogastropoda","Raphitomidae","Raphitoma","Raphitoma purpurea",FALSE,,,,,,FALSE,TRUE,FALSE,,,,"molluscs"
434888,"Mollusca","Gastropoda","Neogastropoda","Mangeliidae","Smithiella","Smithiella costulata",FALSE,,,,,,FALSE,TRUE,FALSE,,,,"molluscs"
140417,"Mollusca","Gastropoda","Neogastropoda","Muricidae","Stramonita","Stramonita haemastoma",FALSE,,,,,,FALSE,TRUE,FALSE,,,"Florida dog winkle, Pourpre bouche de sang","molluscs"
607879,"Mollusca","Gastropoda","Neogastropoda","Fasciolariidae","Tarantinaea","Tarantinaea lignaria",FALSE,,,,,,FALSE,TRUE,FALSE,,,,"molluscs"
876827,"Mollusca","Gastropoda","Neogastropoda","Nassariidae","Tritia","Tritia cuvierii",FALSE,,,,,,FALSE,TRUE,FALSE,,,,"molluscs"
876837,"Mollusca","Gastropoda","Neogastropoda","Nassariidae","Tritia","Tritia grana",FALSE,,,,,,FALSE,TRUE,FALSE,,,,"molluscs"
876840,"Mollusca","Gastropoda","Neogastropoda","Nassariidae","Tritia","Tritia mutabilis",FALSE,,,,,,FALSE,TRUE,FALSE,,,"mutable nassa","molluscs"
1391526,"Mollusca","Gastropoda","Neogastropoda","Nassariidae","Tritia","Tritia varicosa",FALSE,,,,,,FALSE,TRUE,FALSE,,,,"molluscs"
140330,"Mollusca","Gastropoda","Neogastropoda","Marginellidae","Volvarina","Volvarina mitrella",FALSE,,,,,,FALSE,TRUE,FALSE,,,,"molluscs"
367883,"Mollusca","Gastropoda","Nudibranchia","Myrrhinidae","Hermissenda","Hermissenda crassicornis",FALSE,1,,,2010,,TRUE,TRUE,FALSE,,,"hermissenda","molluscs"
139030,"Mollusca","Gastropoda","Pteropoda","Cavoliniidae","Cavolinia","Cavolinia tridentata",FALSE,,,,,,FALSE,TRUE,FALSE,,,"three-tooth cavoline","molluscs"
139494,"Mollusca","Gastropoda","Pteropoda","Cymbuliidae","Cymbulia","Cymbulia peronii",FALSE,1,,,2009,,TRUE,FALSE,FALSE,,,"sword of Venus, sabot de Vénus","molluscs"
141753,"Mollusca","Gastropoda","Trochida","Calliostomatidae","Calliostoma","Calliostoma granulatum",FALSE,,,,,,FALSE,TRUE,FALSE,,,,"molluscs"
141759,"Mollusca","Gastropoda","Trochida","Calliostomatidae","Calliostoma","Calliostoma laugieri",FALSE,,,,,,FALSE,TRUE,FALSE,,,,"molluscs"
141780,"Mollusca","Gastropoda","Trochida","Trochidae","Gibbula","Gibbula ardens",FALSE,,,,,,FALSE,TRUE,FALSE,,,,"molluscs"
141787,"Mollusca","Gastropoda","Trochida","Trochidae","Gibbula","Gibbula fanulum",FALSE,,,,,,FALSE,TRUE,FALSE,,,,"molluscs"
141788,"Mollusca","Gastropoda","Trochida","Trochidae","Gibbula","Gibbula guttadauri",FALSE,,,,,,FALSE,TRUE,FALSE,,,,"molluscs"
141815,"Mollusca","Gastropoda","Trochida","Trochidae","Jujubinus","Jujubinus striatus",FALSE,,,,,,FALSE,TRUE,FALSE,,,"grooved top-shell","molluscs"
689174,"Mollusca","Gastropoda","Trochida","Trochidae","Phorcus","Phorcus articulatus",FALSE,,,,,,FALSE,TRUE,FALSE,,,,"molluscs"
689176,"Mollusca","Gastropoda","Trochida","Trochidae","Phorcus","Phorcus lineatus",FALSE,,,,,,FALSE,TRUE,FALSE,,,,"molluscs"
141831,"Mollusca","Gastropoda","Trochida","Trochidae","Phorcus","Phorcus richardi",FALSE,,,,,,FALSE,TRUE,FALSE,,,,"molluscs"
1039842,"Mollusca","Gastropoda","Trochida","Trochidae","Steromphala","Steromphala adansonii",FALSE,,,,,,FALSE,TRUE,FALSE,,,,"molluscs"
1477173,"Mollusca","Gastropoda","Trochida","Trochidae","Steromphala","Steromphala albida",FALSE,,,,,,FALSE,TRUE,FALSE,,,,"molluscs"
1477347,"Mollusca","Gastropoda","Trochida","Trochidae","Steromphala","Steromphala racketti",FALSE,,,,,,FALSE,TRUE,FALSE,,,,"molluscs"
1039840,"Mollusca","Gastropoda","Trochida","Trochidae","Steromphala","Steromphala umbilicaris",FALSE,,,,,,FALSE,TRUE,FALSE,,,,"molluscs"
141700,"Mollusca","Gastropoda","Trochida","Phasianellidae","Tricolia","Tricolia pullus",FALSE,,,,,,FALSE,TRUE,FALSE,,,"pheasant shell","molluscs"
141702,"Mollusca","Gastropoda","Trochida","Phasianellidae","Tricolia","Tricolia speciosa",FALSE,,,,,,FALSE,TRUE,FALSE,,,,"molluscs"
139052,"Mollusca","Gastropoda","[unassigned] Caenogastropoda","Cerithiidae","Bittium","Bittium latreillii",FALSE,,,,,,FALSE,TRUE,FALSE,,,,"molluscs"
139054,"Mollusca","Gastropoda","[unassigned] Caenogastropoda","Cerithiidae","Bittium","Bittium reticulatum",FALSE,,,,,,FALSE,TRUE,FALSE,,,"needle whelk","molluscs"
139060,"Mollusca","Gastropoda","[unassigned] Caenogastropoda","Cerithiidae","Cerithium","Cerithium lividulum",FALSE,,,,,,FALSE,TRUE,FALSE,,,,"molluscs"
139063,"Mollusca","Gastropoda","[unassigned] Caenogastropoda","Cerithiidae","Cerithium","Cerithium protractum",FALSE,,,,,,FALSE,TRUE,FALSE,,,,"molluscs"
139066,"Mollusca","Gastropoda","[unassigned] Caenogastropoda","Cerithiidae","Cerithium","Cerithium vulgatum",FALSE,,,,,,FALSE,TRUE,FALSE,,,"common cerith","molluscs"
139715,"Mollusca","Gastropoda","[unassigned] Caenogastropoda","Epitoniidae","Epitonium","Epitonium algerianum",FALSE,,,,,,FALSE,TRUE,FALSE,,,,"molluscs"
146905,"Mollusca","Gastropoda","[unassigned] Caenogastropoda","Epitoniidae","Epitonium","Epitonium clathrus",FALSE,,,,,,FALSE,TRUE,FALSE,,,"European wentletrap, scalaire","molluscs"
141715,"Mollusca","Gastropoda","[unassigned] Caenogastropoda","Triphoridae","Marshallora","Marshallora adversa",FALSE,1,,,1978,,TRUE,FALSE,FALSE,,,"reversed needle-whelk","molluscs"
141720,"Mollusca","Gastropoda","[unassigned] Caenogastropoda","Triphoridae","Monophorus","Monophorus perversus",FALSE,,,,,,FALSE,TRUE,FALSE,,,,"molluscs"
141874,"Mollusca","Gastropoda","[unassigned] Caenogastropoda","Turritellidae","Turritella","Turritella turbona",FALSE,,,,,,FALSE,TRUE,FALSE,,,,"molluscs"
835475,"Mollusca","Gastropoda",,"Omalogyridae","Ammonicera","Ammonicera arrondoi",FALSE,,,,,,FALSE,TRUE,FALSE,,,,"molluscs"
835479,"Mollusca","Gastropoda",,"Omalogyridae","Ammonicera","Ammonicera superstriata",FALSE,,,,,,FALSE,TRUE,FALSE,,,,"molluscs"
1288085,"Mollusca","Gastropoda",,"Lymnaeidae","Ampullaceana","Ampullaceana balthica",FALSE,,,,,,FALSE,TRUE,FALSE,"LC","LC","wandering pond snail","molluscs"
139665,"Mollusca","Gastropoda",,"Murchisonellidae","Ebala","Ebala pointeli",FALSE,,,,,,FALSE,TRUE,FALSE,,,,"molluscs"
140960,"Mollusca","Gastropoda",,"Pyramidellidae","Euparthenia","Euparthenia bulinea",FALSE,,,,,,FALSE,TRUE,FALSE,,,,"molluscs"
195919,"Mollusca","Gastropoda",,"Pyramidellidae","Folinella","Folinella excavata",FALSE,,,,,,FALSE,TRUE,FALSE,,,,"molluscs"
139163,"Mollusca","Gastropoda",,"Cimidae","Graphis","Graphis albida",FALSE,,,,,,FALSE,TRUE,FALSE,,,"pin turban","molluscs"
140976,"Mollusca","Gastropoda",,"Pyramidellidae","Odostomia","Odostomia acuta",FALSE,,,,,,FALSE,TRUE,FALSE,,,,"molluscs"
181142,"Mollusca","Gastropoda",,"Pyramidellidae","Odostomia","Odostomia megerlei",FALSE,1,,,1996,,TRUE,FALSE,FALSE,,,,"molluscs"
141038,"Mollusca","Gastropoda",,"Pyramidellidae","Ondina","Ondina vitrea",FALSE,,,,,,FALSE,TRUE,FALSE,,,,"molluscs"
141039,"Mollusca","Gastropoda",,"Pyramidellidae","Ondina","Ondina warreni",FALSE,,,,,,FALSE,TRUE,FALSE,,,,"molluscs"
835617,"Mollusca","Gastropoda",,"Pyramidellidae","Parthenina","Parthenina emaciata",FALSE,,,,,,FALSE,TRUE,FALSE,,,,"molluscs"
835618,"Mollusca","Gastropoda",,"Pyramidellidae","Parthenina","Parthenina monozona",FALSE,,,,,,FALSE,TRUE,FALSE,,,,"molluscs"
835628,"Mollusca","Gastropoda",,"Pyramidellidae","Parthenina","Parthenina penchynati",FALSE,,,,,,FALSE,TRUE,FALSE,,,,"molluscs"
565558,"Mollusca","Gastropoda",,"Pyramidellidae","Parthenina","Parthenina suturalis",FALSE,,,,,,FALSE,TRUE,FALSE,,,,"molluscs"
835646,"Mollusca","Gastropoda",,"Pyramidellidae","Parthenina","Parthenina terebellum",FALSE,,,,,,FALSE,TRUE,FALSE,,,,"molluscs"
140683,"Mollusca","Gastropoda",,"Patellidae","Patella","Patella rustica",FALSE,,,,,,FALSE,TRUE,FALSE,,,"Lusitanian limpet","molluscs"
836210,"Mollusca","Gastropoda",,"Pyramidellidae","Pyrgostylus","Pyrgostylus striatulus",FALSE,,,,,,FALSE,TRUE,FALSE,,,,"molluscs"
608035,"Mollusca","Gastropoda",,"Pyramidellidae","Trabecula","Trabecula jeffreysiana",FALSE,,,,,,FALSE,TRUE,FALSE,,,,"molluscs"
141065,"Mollusca","Gastropoda",,"Pyramidellidae","Turbonilla","Turbonilla hamata",FALSE,,,,,,FALSE,TRUE,FALSE,,,,"molluscs"
141072,"Mollusca","Gastropoda",,"Pyramidellidae","Turbonilla","Turbonilla lactea",FALSE,,,,,,FALSE,TRUE,FALSE,,,"milky pyramidsnail","molluscs"
196381,"Mollusca","Scaphopoda","Dentaliida","Dentaliidae","Antalis","Antalis novemcostata",FALSE,,,,,,FALSE,TRUE,FALSE,,,,"molluscs"
139999,"Mollusca","Scaphopoda","Dentaliida","Fustiariidae","Fustiaria","Fustiaria rubescens",FALSE,,,,,,FALSE,TRUE,FALSE,,,,"molluscs"
140012,"Mollusca","Scaphopoda","Gadilida","Gadilidae","Dischides","Dischides politus",FALSE,,,,,,FALSE,TRUE,FALSE,,,,"molluscs"
111066,"Bryozoa","Gymnolaemata","Cheilostomatida","Aeteidae","Aetea","Aetea sica",FALSE,,,,,,FALSE,TRUE,FALSE,,,,"moss animals"
111067,"Bryozoa","Gymnolaemata","Cheilostomatida","Aeteidae","Aetea","Aetea truncata",FALSE,,,,,,FALSE,TRUE,FALSE,,,,"moss animals"
111513,"Bryozoa","Gymnolaemata","Cheilostomatida","Lacernidae","Arthropoma","Arthropoma cecilii",FALSE,,,,,,FALSE,TRUE,FALSE,,,,"moss animals"
111070,"Bryozoa","Gymnolaemata","Cheilostomatida","Beaniidae","Beania","Beania hirtissima",FALSE,,,,,,FALSE,TRUE,FALSE,,,,"moss animals"
111071,"Bryozoa","Gymnolaemata","Cheilostomatida","Beaniidae","Beania","Beania magellanica",FALSE,,,,,,FALSE,TRUE,FALSE,,,,"moss animals"
1308014,"Bryozoa","Gymnolaemata","Cheilostomatida","Beaniidae","Beania","Beania mediterranea",FALSE,,,,,,FALSE,TRUE,FALSE,,,,"moss animals"
111072,"Bryozoa","Gymnolaemata","Cheilostomatida","Beaniidae","Beania","Beania mirabilis",FALSE,,,,,,FALSE,TRUE,FALSE,,,,"moss animals"
834002,"Bryozoa","Gymnolaemata","Cheilostomatida","Bugulidae","Bugulina","Bugulina flabellata",FALSE,,,,,,FALSE,TRUE,FALSE,,,,"moss animals"
111229,"Bryozoa","Gymnolaemata","Cheilostomatida","Candidae","Caberea","Caberea boryi",FALSE,,,,,,FALSE,TRUE,FALSE,,,,"moss animals"
111196,"Bryozoa","Gymnolaemata","Cheilostomatida","Calloporidae","Callopora","Callopora dumerilii",FALSE,,,,,,FALSE,TRUE,FALSE,,,,"moss animals"
111268,"Bryozoa","Gymnolaemata","Cheilostomatida","Celleporidae","Cellepora","Cellepora pumicosa",FALSE,,,,,,FALSE,TRUE,FALSE,,,"bryozoaire","moss animals"
221538,"Bryozoa","Gymnolaemata","Cheilostomatida","Celleporidae","Celleporina","Celleporina caliciformis",FALSE,,,,,,FALSE,TRUE,FALSE,,,,"moss animals"
111271,"Bryozoa","Gymnolaemata","Cheilostomatida","Celleporidae","Celleporina","Celleporina caminata",FALSE,,,,,,FALSE,TRUE,FALSE,,,,"moss animals"
111304,"Bryozoa","Gymnolaemata","Cheilostomatida","Chorizoporidae","Chorizopora","Chorizopora brongniartii",FALSE,,,,,,FALSE,TRUE,FALSE,,,,"moss animals"
111207,"Bryozoa","Gymnolaemata","Cheilostomatida","Calloporidae","Copidozoum","Copidozoum tenuirostre",FALSE,,,,,,FALSE,TRUE,FALSE,,,,"moss animals"
738997,"Bryozoa","Gymnolaemata","Cheilostomatida","Candidae","Cradoscrupocellaria","Cradoscrupocellaria reptans",FALSE,,,,,,FALSE,TRUE,FALSE,,,,"moss animals"
1317661,"Bryozoa","Gymnolaemata","Cheilostomatida","Cribrilinidae","Cribrilaria","Cribrilaria hincksii",FALSE,,,,,,FALSE,TRUE,FALSE,,,,"moss animals"
111520,"Bryozoa","Gymnolaemata","Cheilostomatida","Escharinidae","Escharina","Escharina vulgaris",FALSE,,,,,,FALSE,TRUE,FALSE,,,,"moss animals"
111498,"Bryozoa","Gymnolaemata","Cheilostomatida","Exochellidae","Escharoides","Escharoides coccinea",FALSE,,,,,,FALSE,TRUE,FALSE,,,,"moss animals"
111391,"Bryozoa","Gymnolaemata","Cheilostomatida","Cheiloporinidae","Hagiosynodos","Hagiosynodos latus",FALSE,,,,,,FALSE,TRUE,FALSE,,,,"moss animals"
470347,"Bryozoa","Gymnolaemata","Cheilostomatida","Escharellidae","Hemicyclopora","Hemicyclopora dentata",FALSE,,,,,,FALSE,TRUE,FALSE,,,,"moss animals"
111369,"Bryozoa","Gymnolaemata","Cheilostomatida","Flustridae","Hincksina","Hincksina flustroides",FALSE,,,,,,FALSE,TRUE,FALSE,,,,"moss animals"
1551631,"Bryozoa","Gymnolaemata","Cheilostomatida","Flustridae","Hincksina","Hincksina synchysia",FALSE,,,,,,FALSE,TRUE,FALSE,,,,"moss animals"
111409,"Bryozoa","Gymnolaemata","Cheilostomatida","Margarettidae","Margaretta","Margaretta cereoides",FALSE,,,,,,FALSE,TRUE,FALSE,,,,"moss animals"
111081,"Bryozoa","Gymnolaemata","Cheilostomatida","Bitectiporidae","Metroperiella","Metroperiella lepralioides",FALSE,,,,,,FALSE,TRUE,FALSE,,,,"moss animals"
111421,"Bryozoa","Gymnolaemata","Cheilostomatida","Microporellidae","Microporella","Microporella ciliata",FALSE,,,,,,FALSE,TRUE,FALSE,,,,"moss animals"
111435,"Bryozoa","Gymnolaemata","Cheilostomatida","Myriaporidae","Myriapora","Myriapora truncata",FALSE,,,,,,FALSE,TRUE,FALSE,,,"false coral, faux corail","moss animals"
111218,"Bryozoa","Gymnolaemata","Cheilostomatida","Calloporidae","Parellisina","Parellisina curvirostris",FALSE,,,,,,FALSE,TRUE,FALSE,,,,"moss animals"
887010,"Bryozoa","Gymnolaemata","Cheilostomatida","Bitectiporidae","Pentapora","Pentapora ottomuelleriana",FALSE,,,,,,FALSE,TRUE,FALSE,,,,"moss animals"
111328,"Bryozoa","Gymnolaemata","Cheilostomatida","Cribrilinidae","Puellina","Puellina gattyae",FALSE,,,,,,FALSE,TRUE,FALSE,,,,"moss animals"
111336,"Bryozoa","Gymnolaemata","Cheilostomatida","Cribrilinidae","Puellina","Puellina picardi",FALSE,,,,,,FALSE,TRUE,FALSE,,,,"moss animals"
111341,"Bryozoa","Gymnolaemata","Cheilostomatida","Cribrilinidae","Puellina","Puellina setosa",FALSE,,,,,,FALSE,TRUE,FALSE,,,,"moss animals"
111061,"Bryozoa","Gymnolaemata","Cheilostomatida","Adeonidae","Reptadeonella","Reptadeonella violacea",FALSE,,,,,,FALSE,TRUE,FALSE,,,,"moss animals"
111452,"Bryozoa","Gymnolaemata","Cheilostomatida","Phidoloporidae","Reteporella","Reteporella feuerbornii",FALSE,,,,,,FALSE,TRUE,FALSE,,,,"moss animals"
111453,"Bryozoa","Gymnolaemata","Cheilostomatida","Phidoloporidae","Reteporella","Reteporella grimaldii",FALSE,,,,,,FALSE,TRUE,FALSE,,,"Neptunes' lace, Dentelle de Neptune","moss animals"
111466,"Bryozoa","Gymnolaemata","Cheilostomatida","Phidoloporidae","Rhynchozoon","Rhynchozoon neapolitanum",FALSE,,,,,,FALSE,TRUE,FALSE,,,,"moss animals"
111467,"Bryozoa","Gymnolaemata","Cheilostomatida","Phidoloporidae","Rhynchozoon","Rhynchozoon pseudodigitatum",FALSE,,,,,,FALSE,TRUE,FALSE,,,,"moss animals"
111512,"Bryozoa","Gymnolaemata","Cheilostomatida","Savignyellidae","Savignyella","Savignyella lafontii",FALSE,,,,,,FALSE,TRUE,FALSE,,,"Bryozoaire pelote de crin","moss animals"
862786,"Bryozoa","Gymnolaemata","Cheilostomatida","Bitectiporidae","Schizomavella","Schizomavella (Schizomavella) auriculata",FALSE,,,,,,FALSE,TRUE,FALSE,,,,"moss animals"
862791,"Bryozoa","Gymnolaemata","Cheilostomatida","Bitectiporidae","Schizomavella","Schizomavella (Schizomavella) hastata",FALSE,,,,,,FALSE,TRUE,FALSE,,,,"moss animals"
862795,"Bryozoa","Gymnolaemata","Cheilostomatida","Bitectiporidae","Schizomavella","Schizomavella (Schizomavella) linearis",FALSE,,,,,,FALSE,TRUE,FALSE,,,,"moss animals"
862797,"Bryozoa","Gymnolaemata","Cheilostomatida","Bitectiporidae","Schizomavella","Schizomavella (Schizomavella) mamillata",FALSE,,,,,,FALSE,TRUE,FALSE,,,,"moss animals"
760316,"Bryozoa","Gymnolaemata","Cheilostomatida","Candidae","Scrupocaberea","Scrupocaberea maderensis",FALSE,,,,,,FALSE,TRUE,FALSE,,,,"moss animals"
111240,"Bryozoa","Gymnolaemata","Cheilostomatida","Candidae","Scrupocellaria","Scrupocellaria delilii",FALSE,,,,,,FALSE,TRUE,FALSE,,,,"moss animals"
111249,"Bryozoa","Gymnolaemata","Cheilostomatida","Candidae","Scrupocellaria","Scrupocellaria scrupea",FALSE,,,,,,FALSE,TRUE,FALSE,,,,"moss animals"
111476,"Bryozoa","Gymnolaemata","Cheilostomatida","Phidoloporidae","Stephanollona","Stephanollona armata",FALSE,,,,,,FALSE,TRUE,FALSE,,,,"moss animals"
111293,"Bryozoa","Gymnolaemata","Cheilostomatida","Celleporidae","Turbicellepora","Turbicellepora magnicostata",FALSE,,,,,,FALSE,TRUE,FALSE,,,"orange-peel bryozoan","moss animals"
111587,"Bryozoa","Gymnolaemata","Cheilostomatida","Umbonulidae","Umbonula","Umbonula ovicellata",FALSE,,,,,,FALSE,TRUE,FALSE,,,,"moss animals"
111590,"Bryozoa","Gymnolaemata","Cheilostomatida","Watersiporidae","Watersipora","Watersipora cucullata",FALSE,,,,,,FALSE,TRUE,FALSE,,,,"moss animals"
111600,"Bryozoa","Gymnolaemata","Ctenostomatida","Alcyonidiidae","Alcyonidium","Alcyonidium gelatinosum",FALSE,,,,,,FALSE,TRUE,FALSE,,,,"moss animals"
111659,"Bryozoa","Gymnolaemata","Ctenostomatida","Vesiculariidae","Amathia","Amathia lendigera",FALSE,,,,,,FALSE,TRUE,FALSE,,,,"moss animals"
111628,"Bryozoa","Gymnolaemata","Ctenostomatida","Mimosellidae","Mimosella","Mimosella gracilis",FALSE,,,,,,FALSE,TRUE,FALSE,,,,"moss animals"
111633,"Bryozoa","Gymnolaemata","Ctenostomatida","Nolellidae","Nolella","Nolella gigantea",FALSE,,,,,,FALSE,TRUE,FALSE,,,,"moss animals"
111645,"Bryozoa","Gymnolaemata","Ctenostomatida","Pherusellidae","Pherusella","Pherusella tubulosa",FALSE,,,,,,FALSE,TRUE,FALSE,,,,"moss animals"
111675,"Bryozoa","Gymnolaemata","Ctenostomatida","Walkeriidae","Walkeria","Walkeria tuberosa",FALSE,,,,,,FALSE,TRUE,FALSE,,,,"moss animals"
111676,"Bryozoa","Gymnolaemata","Ctenostomatida","Walkeriidae","Walkeria","Walkeria uva",FALSE,,,,,,FALSE,TRUE,FALSE,,,,"moss animals"
133445,"Porifera","Demospongiae","Poecilosclerida","Crambeidae","Crambe","Crambe crambe",FALSE,,,,,,FALSE,TRUE,FALSE,,,"orange-red encrusting sponge, éponge encroûtante orange-rouge","sponges"
137205,"Chordata",,"Testudines","Cheloniidae","Caretta","Caretta caretta",FALSE,28,,,2022,,TRUE,TRUE,FALSE,"VU","VU","logerhead sea turtle, tortue Caouanne","turtles"
1359643,"Myzozoa","Dinophyceae","Gonyaulacales","Ostreopsidaceae","Fukuyoa","Fukuyoa paulensis",FALSE,1,,,2011,,TRUE,FALSE,FALSE,,,,"unicellular"
110363,"Annelida","Polychaeta","Echiuroidea","Bonelliidae","Bonellia","Bonellia viridis",FALSE,3,,,2013,,TRUE,FALSE,FALSE,,,"green spoon worm, bonellie verte","worms"
131394,"Annelida","Polychaeta","Phyllodocida","Syllidae","Sphaerosyllis","Sphaerosyllis taylori",FALSE,1,,,1980,,TRUE,FALSE,FALSE,,,,"worms"
131407,"Annelida","Polychaeta","Phyllodocida","Syllidae","Syllides","Syllides edentatus",FALSE,1,,,1980,,TRUE,FALSE,FALSE,,,,"worms"
131431,"Annelida","Polychaeta","Phyllodocida","Syllidae","Syllis","Syllis garciai",FALSE,1,,,1980,,TRUE,FALSE,FALSE,,,,"worms"
130987,"Annelida","Polychaeta","Sabellida","Serpulidae","Ditrupa","Ditrupa arietina",FALSE,,,,,,FALSE,TRUE,FALSE,,,,"worms"
130969,"Annelida","Polychaeta","Sabellida","Sabellidae","Sabella","Sabella spallanzanii",FALSE,1,,,2013,,TRUE,FALSE,FALSE,,,"feather-duster worm, spirographe","worms"
150756,"Arthropoda","Hexapoda","Coleoptera","Hydrophilidae","Enochrus","Enochrus bicolor",FALSE,,,,,,FALSE,TRUE,FALSE,,,,
127986,"Arthropoda","Ostracoda","Podocopida","Cytherideidae","Cyprideis","Cyprideis torosa",FALSE,,,,,,FALSE,TRUE,FALSE,,,,
104068,"Brachiopoda","Rhynchonellata","Terebratulida","Terebratulidae","Gryphus","Gryphus vitreus",FALSE,4,,,2009,,TRUE,TRUE,FALSE,,,,
145793,"Tracheophyta","Magnoliopsida","Alismatales","Cymodoceaceae","Cymodocea","Cymodocea nodosa",FALSE,1,,,2015,,TRUE,FALSE,FALSE,"LC","LC",,
145794,"Tracheophyta","Magnoliopsida","Alismatales","Posidoniaceae","Posidonia","Posidonia oceanica",FALSE,3,,,2020,,TRUE,TRUE,FALSE,"LC","LC",,
416218,"Tracheophyta","Magnoliopsida","Alismatales","Ruppiaceae","Ruppia","Ruppia cirrhosa",FALSE,,,,,,FALSE,TRUE,FALSE,"LC","LC",,
588573,"Tracheophyta","Magnoliopsida","Alismatales","Potamogetonaceae","Stuckenia","Stuckenia pectinata",FALSE,,,,,,FALSE,TRUE,FALSE,"LC","LC",,
416222,"Tracheophyta","Magnoliopsida","Alismatales","Potamogetonaceae","Zannichellia","Zannichellia palustris",FALSE,,,,,,FALSE,TRUE,FALSE,"LC","LC",,
145795,"Tracheophyta","Magnoliopsida","Alismatales","Zosteraceae","Zostera","Zostera subg. Zostera marina",FALSE,,,,,,FALSE,TRUE,FALSE,,,"eelgrass, zostère",
426131,"Tracheophyta","Magnoliopsida","Apiales","Apiaceae","Apium","Apium graveolens",FALSE,,,,,,FALSE,TRUE,FALSE,"LC","LC","wild celery",
426078,"Tracheophyta","Magnoliopsida","Apiales","Apiaceae","Crithmum","Crithmum maritimum",FALSE,,,,,,FALSE,TRUE,FALSE,,,"rock samphire",
426075,"Tracheophyta","Magnoliopsida","Brassicales","Brassicaceae","Cakile","Cakile maritima",FALSE,,,,,,FALSE,TRUE,FALSE,,,"sea rocket",
426023,"Tracheophyta","Magnoliopsida","Caryophyllales","Chenopodiaceae","Beta","Beta vulgaris",FALSE,,,,,,FALSE,TRUE,FALSE,,,"beet",
425904,"Tracheophyta","Magnoliopsida","Caryophyllales","Amaranthaceae","Halimione","Halimione portulacoides",FALSE,,,,,,FALSE,TRUE,FALSE,,,"sea purseland",
426079,"Tracheophyta","Magnoliopsida","Caryophyllales","Caryophyllaceae","Sagina","Sagina maritima",FALSE,,,,,,FALSE,TRUE,FALSE,,,"sea pearlwort",
425952,"Tracheophyta","Magnoliopsida","Caryophyllales","Amaranthaceae","Salicornia","Salicornia europaea",FALSE,,,,,,FALSE,TRUE,FALSE,,,"common glasswort",
418663,"Tracheophyta","Magnoliopsida","Caryophyllales","Chenopodiaceae","Salsola","Salsola kali",FALSE,,,,,,FALSE,TRUE,FALSE,,,"prickly saltwort",
395048,"Tracheophyta","Magnoliopsida","Caryophyllales","Caryophyllaceae","Spergularia","Spergularia salina",FALSE,,,,,,FALSE,TRUE,FALSE,,,"salt sandspurry",
425938,"Tracheophyta","Magnoliopsida","Caryophyllales","Amaranthaceae","Suaeda","Suaeda maritima",FALSE,,,,,,FALSE,TRUE,FALSE,,,"sea blite",
1674991,"Tracheophyta","Magnoliopsida","Caryophyllales","Amaranthaceae","Suaeda","Suaeda vera",FALSE,,,,,,FALSE,TRUE,FALSE,,,,
246824,"Tracheophyta","Magnoliopsida","Malpighiales","Euphorbiaceae","Euphorbia","Euphorbia paralias",FALSE,,,,,,FALSE,TRUE,FALSE,,,"sea spurge, euphorbe des dunes",
416203,"Tracheophyta","Magnoliopsida","Poales","Cyperaceae","Bolboschoenus","Bolboschoenus maritimus",FALSE,,,,,,FALSE,TRUE,FALSE,"LC","LC","sea club-rush",
426086,"Tracheophyta","Magnoliopsida","Poales","Cyperaceae","Carex","Carex distans",FALSE,,,,,,FALSE,TRUE,FALSE,"LC","LC","distant sedge",
425961,"Tracheophyta","Magnoliopsida","Poales","Cyperaceae","Carex","Carex extensa",FALSE,,,,,,FALSE,TRUE,FALSE,"LC","LC","long-bracted sedge",
394966,"Tracheophyta","Magnoliopsida","Poales","Juncaceae","Juncus","Juncus acutus",FALSE,,,,,,FALSE,TRUE,FALSE,"LC","LC","sharp rush",
426076,"Tracheophyta","Magnoliopsida","Poales","Juncaceae","Juncus","Juncus maritimus",FALSE,,,,,,FALSE,TRUE,FALSE,,,"sea rush",
416209,"Tracheophyta","Magnoliopsida","Poales","Poaceae","Phragmites","Phragmites australis",FALSE,,,,,,FALSE,TRUE,FALSE,"LC","LC","common reed",
