"AphiaID","phylum","class","order","family","genus","species","records","max_year","target_gene","source_obis","source_gbif","source_dna","category","redlist_category","vernacular","group"
156955,"Bacillariophyta","Bacillariophyceae","Naviculales","Berkeleyaceae","Berkeleya","Berkeleya rutilans",,,,FALSE,TRUE,FALSE,,,,"algae"
146236,"Chlorophyta","Chlorophyceae","Acrosiphoniales","Acrosiphoniaceae","Acrosiphonia","Acrosiphonia spinescens",,,,FALSE,TRUE,FALSE,,,,"algae"
147471,"Chlorophyta","Chlorophyceae","Acrosiphoniales","Acrosiphoniaceae","Spongomorpha","Spongomorpha mertensii",,,,FALSE,TRUE,FALSE,,,,"algae"
608206,"Chlorophyta","Trebouxiophyceae","Prasiolales","Prasiolaceae","Prasiola","Prasiola meridionalis",,,,FALSE,TRUE,FALSE,,,,"algae"
214368,"Chlorophyta","Ulvophyceae","Ulotrichales","Gayraliaceae","Gayralia","Gayralia oxysperma",,,,FALSE,TRUE,FALSE,,,,"algae"
145940,"Chlorophyta","Ulvophyceae","Ulotrichales","Monostromataceae","Monostroma","Monostroma grevillei",,,,FALSE,TRUE,FALSE,,,,"algae"
145925,"Chlorophyta","Ulvophyceae","Ulotrichales","Ulotrichaceae","Ulothrix","Ulothrix flacca",,,,FALSE,TRUE,FALSE,,,,"algae"
145950,"Chlorophyta","Ulvophyceae","Ulvales","Kornmanniaceae","Blidingia","Blidingia minima",,,,FALSE,TRUE,FALSE,,,,"algae"
211462,"Chlorophyta","Ulvophyceae","Ulvales","Ulvaceae","Ulva","Ulva fenestrata",,,,FALSE,TRUE,FALSE,,,,"algae"
234471,"Chlorophyta","Ulvophyceae","Ulvales","Ulvaceae","Ulva","Ulva intestinalis",,,,FALSE,TRUE,FALSE,,,,"algae"
234474,"Chlorophyta","Ulvophyceae","Ulvales","Ulvaceae","Ulva","Ulva linza",,,,FALSE,TRUE,FALSE,,,,"algae"
234476,"Chlorophyta","Ulvophyceae","Ulvales","Ulvaceae","Ulva","Ulva prolifera",,,,FALSE,TRUE,FALSE,,,,"algae"
157123,"Chlorophyta","Ulvophyceae","Ulvales","Ulvaceae","Ulvaria","Ulvaria obscura",,,,FALSE,TRUE,FALSE,,,,"algae"
145307,"Ochrophyta","Phaeophyceae","Desmarestiales","Desmarestiaceae","Desmarestia","Desmarestia aculeata",,,,FALSE,TRUE,FALSE,,,,"algae"
145309,"Ochrophyta","Phaeophyceae","Desmarestiales","Desmarestiaceae","Desmarestia","Desmarestia ligulata",,,,FALSE,TRUE,FALSE,,,,"algae"
145310,"Ochrophyta","Phaeophyceae","Desmarestiales","Desmarestiaceae","Desmarestia","Desmarestia viridis",,,,FALSE,TRUE,FALSE,,,,"algae"
145316,"Ochrophyta","Phaeophyceae","Ectocarpales","Chordariaceae","Coilodesme","Coilodesme bulligera",,,,FALSE,TRUE,FALSE,,,,"algae"
372496,"Ochrophyta","Phaeophyceae","Ectocarpales","Chordariaceae","Coilodesme","Coilodesme californica",,,,FALSE,TRUE,FALSE,,,,"algae"
145322,"Ochrophyta","Phaeophyceae","Ectocarpales","Chordariaceae","Dictyosiphon","Dictyosiphon foeniculaceus",,,,FALSE,TRUE,FALSE,,,,"algae"
372689,"Ochrophyta","Phaeophyceae","Ectocarpales","Chordariaceae","Haplogloia","Haplogloia andersonii",,,,FALSE,TRUE,FALSE,,,,"algae"
157151,"Ochrophyta","Phaeophyceae","Ectocarpales","Scytosiphonaceae","Melanosiphon","Melanosiphon intestinalis",,,,FALSE,TRUE,FALSE,,,,"algae"
145863,"Ochrophyta","Phaeophyceae","Ectocarpales","Scytosiphonaceae","Petalonia","Petalonia fascia",,,,FALSE,TRUE,FALSE,,,,"algae"
157188,"Ochrophyta","Phaeophyceae","Ectocarpales","Acinetosporaceae","Pylaiella","Pylaiella littoralis",,,,FALSE,TRUE,FALSE,,,,"algae"
145869,"Ochrophyta","Phaeophyceae","Ectocarpales","Scytosiphonaceae","Scytosiphon","Scytosiphon lomentaria",,,,FALSE,TRUE,FALSE,,,,"algae"
372521,"Ochrophyta","Phaeophyceae","Ectocarpales","Chordariaceae","Soranthera","Soranthera ulvoidea",,,,FALSE,TRUE,FALSE,,,,"algae"
145544,"Ochrophyta","Phaeophyceae","Fucales","Fucaceae","Fucus","Fucus distichus",,,,FALSE,TRUE,FALSE,,,,"algae"
157207,"Ochrophyta","Phaeophyceae","Laminariales","Agaraceae","Agarum","Agarum clathratum",,,,FALSE,TRUE,FALSE,,,,"algae"
373974,"Ochrophyta","Phaeophyceae","Laminariales","Alariaceae","Alaria","Alaria crispa",,,,FALSE,TRUE,FALSE,,,,"algae"
371791,"Ochrophyta","Phaeophyceae","Laminariales","Alariaceae","Alaria","Alaria marginata",2,2007,,TRUE,TRUE,FALSE,,,,"algae"
373975,"Ochrophyta","Phaeophyceae","Laminariales","Alariaceae","Alaria","Alaria praelonga",,,,FALSE,TRUE,FALSE,,,,"algae"
371985,"Ochrophyta","Phaeophyceae","Laminariales","Agaraceae","Costaria","Costaria costata",,,,FALSE,TRUE,FALSE,,,,"algae"
373978,"Ochrophyta","Phaeophyceae","Laminariales","Laminariaceae","Cymathaere","Cymathaere triplicata",,,,FALSE,TRUE,FALSE,,,,"algae"
547463,"Ochrophyta","Phaeophyceae","Laminariales","Alariaceae","Eualaria","Eualaria fistulosa",,,,FALSE,TRUE,FALSE,,,,"algae"
496237,"Ochrophyta","Phaeophyceae","Laminariales","Laminariaceae","Hedophyllum","Hedophyllum sessile",2,2007,,TRUE,TRUE,FALSE,,,,"algae"
494968,"Ochrophyta","Phaeophyceae","Laminariales","Laminariaceae","Laminaria","Laminaria longipes",,,,FALSE,TRUE,FALSE,,,,"algae"
240748,"Ochrophyta","Phaeophyceae","Laminariales","Laminariaceae","Laminaria","Laminaria setchellii",1,2003,,TRUE,TRUE,FALSE,,,,"algae"
372507,"Ochrophyta","Phaeophyceae","Laminariales","Laminariaceae","Laminaria","Laminaria sinclairii",,,,FALSE,TRUE,FALSE,,,,"algae"
371993,"Ochrophyta","Phaeophyceae","Laminariales","Laminariaceae","Laminaria","Laminaria yezoensis",,,,FALSE,TRUE,FALSE,,,,"algae"
372508,"Ochrophyta","Phaeophyceae","Laminariales","Alariaceae","Lessoniopsis","Lessoniopsis littoralis",2,2007,,TRUE,TRUE,FALSE,,,,"algae"
240752,"Ochrophyta","Phaeophyceae","Laminariales","Laminariaceae","Nereocystis","Nereocystis luetkeana",,,,FALSE,TRUE,FALSE,,,,"algae"
372517,"Ochrophyta","Phaeophyceae","Laminariales","Alariaceae","Pleurophycus","Pleurophycus gardneri",,,,FALSE,TRUE,FALSE,,,,"algae"
234483,"Ochrophyta","Phaeophyceae","Laminariales","Laminariaceae","Saccharina","Saccharina latissima",,,,FALSE,TRUE,FALSE,,,,"algae"
144423,"Rhodophyta","Bangiophyceae","Bangiales","Bangiaceae","Bangia","Bangia atropurpurea",,,,FALSE,TRUE,FALSE,,,,"algae"
157261,"Rhodophyta","Bangiophyceae","Bangiales","Bangiaceae","Bangia","Bangia fuscopurpurea",,,,FALSE,TRUE,FALSE,,,,"algae"
144434,"Rhodophyta","Bangiophyceae","Bangiales","Bangiaceae","Porphyra","Porphyra purpurea",,,,FALSE,TRUE,FALSE,,,,"algae"
497477,"Rhodophyta","Bangiophyceae","Bangiales","Bangiaceae","Porphyrella","Porphyrella gardneri",,,,FALSE,TRUE,FALSE,,,,"algae"
626051,"Rhodophyta","Bangiophyceae","Bangiales","Bangiaceae","Pyropia","Pyropia kanakaensis",,,,FALSE,TRUE,FALSE,,,,"algae"
501881,"Rhodophyta","Bangiophyceae","Bangiales","Bangiaceae","Wildemania","Wildemania amplissima",,,,FALSE,TRUE,FALSE,,,,"algae"
500421,"Rhodophyta","Bangiophyceae","Bangiales","Bangiaceae","Wildemania","Wildemania miniata",,,,FALSE,TRUE,FALSE,,,,"algae"
626029,"Rhodophyta","Bangiophyceae","Bangiales","Bangiaceae","Wildemania","Wildemania occidentalis",,,,FALSE,TRUE,FALSE,,,,"algae"
626030,"Rhodophyta","Bangiophyceae","Bangiales","Bangiaceae","Wildemania","Wildemania schizophylla",,,,FALSE,TRUE,FALSE,,,,"algae"
1307178,"Rhodophyta","Bangiophyceae","Bangiales","Bangiaceae","Wildemania","Wildemania variegata",,,,FALSE,TRUE,FALSE,,,,"algae"
494903,"Rhodophyta","Compsopogonophyceae","Erythropeltales","Erythrotrichiaceae","Smithora","Smithora naiadum",,,,FALSE,TRUE,FALSE,,,,"algae"
144404,"Rhodophyta","Florideophyceae","Acrochaetiales","Rhodochortonaceae","Rhodochorton","Rhodochorton purpureum",,,,FALSE,TRUE,FALSE,,,,"algae"
372235,"Rhodophyta","Florideophyceae","Ahnfeltiales","Ahnfeltiaceae","Ahnfeltia","Ahnfeltia fastigiata",,,,FALSE,TRUE,FALSE,,,,"algae"
495958,"Rhodophyta","Florideophyceae","Ceramiales","Ceramiaceae","Antithamnionella","Antithamnionella pacifica",,,,FALSE,TRUE,FALSE,,,,"algae"
372539,"Rhodophyta","Florideophyceae","Ceramiales","Callithamniaceae","Callithamnion","Callithamnion pikeanum",2,2007,,TRUE,TRUE,FALSE,,,,"algae"
708086,"Rhodophyta","Florideophyceae","Ceramiales","Delesseriaceae","Cumathamnion","Cumathamnion decipiens",,,,FALSE,TRUE,FALSE,,,,"algae"
372606,"Rhodophyta","Florideophyceae","Ceramiales","Delesseriaceae","Membranoptera","Membranoptera platyphylla",,,,FALSE,TRUE,FALSE,,,,"algae"
372431,"Rhodophyta","Florideophyceae","Ceramiales","Delesseriaceae","Membranoptera","Membranoptera spinulosa",,,,FALSE,TRUE,FALSE,,,,"algae"
372610,"Rhodophyta","Florideophyceae","Ceramiales","Ceramiaceae","Microcladia","Microcladia borealis",1,2003,,TRUE,TRUE,FALSE,,,,"algae"
372616,"Rhodophyta","Florideophyceae","Ceramiales","Rhodomelaceae","Neorhodomela","Neorhodomela larix",,,,FALSE,TRUE,FALSE,,,,"algae"
372473,"Rhodophyta","Florideophyceae","Ceramiales","Rhodomelaceae","Neorhodomela","Neorhodomela oregona",2,2007,,TRUE,TRUE,FALSE,,,,"algae"
372621,"Rhodophyta","Florideophyceae","Ceramiales","Rhodomelaceae","Odonthalia","Odonthalia floccosa",2,2007,,TRUE,TRUE,FALSE,,,,"algae"
373822,"Rhodophyta","Florideophyceae","Ceramiales","Rhodomelaceae","Odonthalia","Odonthalia kamtschatica",,,,FALSE,TRUE,FALSE,,,,"algae"
374009,"Rhodophyta","Florideophyceae","Ceramiales","Rhodomelaceae","Odonthalia","Odonthalia lyallii",,,,FALSE,TRUE,FALSE,,,,"algae"
372648,"Rhodophyta","Florideophyceae","Ceramiales","Rhodomelaceae","Pterochondria","Pterochondria woodii",,,,FALSE,TRUE,FALSE,,,,"algae"
501335,"Rhodophyta","Florideophyceae","Ceramiales","Wrangeliaceae","Ptilota","Ptilota asplenioides",,,,FALSE,TRUE,FALSE,,,,"algae"
372387,"Rhodophyta","Florideophyceae","Ceramiales","Wrangeliaceae","Ptilota","Ptilota filicina",,,,FALSE,TRUE,FALSE,,,,"algae"
497685,"Rhodophyta","Florideophyceae","Ceramiales","Wrangeliaceae","Ptilota","Ptilota hypnoides",,,,FALSE,TRUE,FALSE,,,,"algae"
144687,"Rhodophyta","Florideophyceae","Ceramiales","Wrangeliaceae","Ptilota","Ptilota serrata",,,,FALSE,TRUE,FALSE,,,,"algae"
1345055,"Rhodophyta","Florideophyceae","Ceramiales","Rhodomelaceae","Savoiea","Savoiea bipinnata",2,2007,,TRUE,TRUE,FALSE,,,,"algae"
1535648,"Rhodophyta","Florideophyceae","Ceramiales","Rhodomelaceae","Savoiea","Savoiea hamata",,,,FALSE,TRUE,FALSE,,,,"algae"
1356824,"Rhodophyta","Florideophyceae","Ceramiales","Rhodomelaceae","Symphyocladiella","Symphyocladiella dendroidea",,,,FALSE,TRUE,FALSE,,,,"algae"
1347895,"Rhodophyta","Florideophyceae","Ceramiales","Rhodomelaceae","Vertebrata","Vertebrata hendryi",,,,FALSE,TRUE,FALSE,,,,"algae"
372535,"Rhodophyta","Florideophyceae","Corallinales","Corallinaceae","Bossiella","Bossiella plumosa",,,,FALSE,TRUE,FALSE,,,,"algae"
699660,"Rhodophyta","Florideophyceae","Corallinales","Corallinaceae","Chiharaea","Chiharaea silvae",,,,FALSE,TRUE,FALSE,,,,"algae"
145108,"Rhodophyta","Florideophyceae","Corallinales","Corallinaceae","Corallina","Corallina officinalis",,,,FALSE,TRUE,FALSE,,,,"algae"
494902,"Rhodophyta","Florideophyceae","Corallinales","Corallinaceae","Corallina","Corallina vancouveriensis",,,,FALSE,TRUE,FALSE,,,,"algae"
496164,"Rhodophyta","Florideophyceae","Corallinales","Hapalidiaceae","Neopolyporolithon","Neopolyporolithon reclinatum",,,,FALSE,TRUE,FALSE,,,,"algae"
496241,"Rhodophyta","Florideophyceae","Gigartinales","Kallymeniaceae","Callophyllis","Callophyllis flabellulata",,,,FALSE,TRUE,FALSE,,,,"algae"
372542,"Rhodophyta","Florideophyceae","Gigartinales","Kallymeniaceae","Callophyllis","Callophyllis pinnata",,,,FALSE,TRUE,FALSE,,,,"algae"
372544,"Rhodophyta","Florideophyceae","Gigartinales","Kallymeniaceae","Callophyllis","Callophyllis violacea",,,,FALSE,TRUE,FALSE,,,,"algae"
145625,"Rhodophyta","Florideophyceae","Gigartinales","Gigartinaceae","Chondrus","Chondrus crispus",,,,FALSE,TRUE,FALSE,,,,"algae"
372170,"Rhodophyta","Florideophyceae","Gigartinales","Dumontiaceae","Constantinea","Constantinea rosa-marina",,,,FALSE,TRUE,FALSE,,,,"algae"
372563,"Rhodophyta","Florideophyceae","Gigartinales","Dumontiaceae","Cryptosiphonia","Cryptosiphonia woodii",,,,FALSE,TRUE,FALSE,,,,"algae"
372565,"Rhodophyta","Florideophyceae","Gigartinales","Dumontiaceae","Dilsea","Dilsea californica",,,,FALSE,TRUE,FALSE,,,,"algae"
372566,"Rhodophyta","Florideophyceae","Gigartinales","Endocladiaceae","Endocladia","Endocladia muricata",2,2007,,TRUE,TRUE,FALSE,,,,"algae"
372568,"Rhodophyta","Florideophyceae","Gigartinales","Kallymeniaceae","Erythrophyllum","Erythrophyllum delesserioides",,,,FALSE,TRUE,FALSE,,,,"algae"
372571,"Rhodophyta","Florideophyceae","Gigartinales","Dumontiaceae","Farlowia","Farlowia mollis",,,,FALSE,TRUE,FALSE,,,,"algae"
372181,"Rhodophyta","Florideophyceae","Gigartinales","Endocladiaceae","Gloiopeltis","Gloiopeltis furcata",,,,FALSE,TRUE,FALSE,,,,"algae"
325522,"Rhodophyta","Florideophyceae","Gigartinales","Gigartinaceae","Iridaea","Iridaea cordata",,,,FALSE,TRUE,FALSE,,,,"algae"
163258,"Rhodophyta","Florideophyceae","Gigartinales","Phyllophoraceae","Mastocarpus","Mastocarpus papillatus",,,,FALSE,TRUE,FALSE,,,,"algae"
371704,"Rhodophyta","Florideophyceae","Gigartinales","Gigartinaceae","Mazzaella","Mazzaella linearis",2,2007,,TRUE,TRUE,FALSE,,,,"algae"
376220,"Rhodophyta","Florideophyceae","Gigartinales","Gigartinaceae","Mazzaella","Mazzaella parksii",2,2007,,TRUE,TRUE,FALSE,,,,"algae"
376275,"Rhodophyta","Florideophyceae","Gigartinales","Gigartinaceae","Mazzaella","Mazzaella parva",,,,FALSE,TRUE,FALSE,,,,"algae"
373788,"Rhodophyta","Florideophyceae","Gigartinales","Gigartinaceae","Mazzaella","Mazzaella phyllocarpa",,,,FALSE,TRUE,FALSE,,,,"algae"
372600,"Rhodophyta","Florideophyceae","Gigartinales","Gigartinaceae","Mazzaella","Mazzaella sanguinea",,,,FALSE,TRUE,FALSE,,,,"algae"
372601,"Rhodophyta","Florideophyceae","Gigartinales","Gigartinaceae","Mazzaella","Mazzaella splendens",,,,FALSE,TRUE,FALSE,,,,"algae"
372623,"Rhodophyta","Florideophyceae","Gigartinales","Furcellariaceae","Opuntiella","Opuntiella californica",1,2003,,TRUE,TRUE,FALSE,,,,"algae"
374025,"Rhodophyta","Florideophyceae","Gigartinales","Dumontiaceae","Weeksia","Weeksia coccinea",,,,FALSE,TRUE,FALSE,,,,"algae"
372557,"Rhodophyta","Florideophyceae","Halymeniales","Halymeniaceae","Cryptonemia","Cryptonemia obovata",,,,FALSE,TRUE,FALSE,,,,"algae"
372582,"Rhodophyta","Florideophyceae","Halymeniales","Halymeniaceae","Halymenia","Halymenia schizymenioides",,,,FALSE,TRUE,FALSE,,,,"algae"
372658,"Rhodophyta","Florideophyceae","Nemastomatales","Schizymeniaceae","Schizymenia","Schizymenia pacifica",,,,FALSE,TRUE,FALSE,,,,"algae"
372579,"Rhodophyta","Florideophyceae","Palmariales","Palmariaceae","Halosaccion","Halosaccion glandiforme",2,2007,,TRUE,TRUE,FALSE,,,,"algae"
373914,"Rhodophyta","Florideophyceae","Palmariales","Palmariaceae","Palmaria","Palmaria callophylloides",2,2007,,TRUE,FALSE,FALSE,,,,"algae"
372625,"Rhodophyta","Florideophyceae","Palmariales","Palmariaceae","Palmaria","Palmaria hecatensis",1,2007,,TRUE,TRUE,FALSE,,,,"algae"
372269,"Rhodophyta","Florideophyceae","Palmariales","Palmariaceae","Palmaria","Palmaria marginicrassa",,,,FALSE,TRUE,FALSE,,,,"algae"
372626,"Rhodophyta","Florideophyceae","Palmariales","Palmariaceae","Palmaria","Palmaria mollis",1,2003,,TRUE,FALSE,FALSE,,,,"algae"
145771,"Rhodophyta","Florideophyceae","Palmariales","Palmariaceae","Palmaria","Palmaria palmata",,,,FALSE,TRUE,FALSE,,,,"algae"
372654,"Rhodophyta","Florideophyceae","Rhodymeniales","Rhodymeniaceae","Rhodymenia","Rhodymenia californica",1,2007,,TRUE,TRUE,FALSE,,,,"algae"
375031,"Rhodophyta","Florideophyceae","Rhodymeniales","Rhodymeniaceae","Sparlingia","Sparlingia pertusa",,,,FALSE,TRUE,FALSE,,,,"algae"
159377,"Chordata","Aves","Accipitriformes","Pandionidae","Pandion","Pandion haliaetus",,,,FALSE,TRUE,FALSE,"LC","LC","osprey, balbuzard pêcheur","birds"
158943,"Chordata","Aves","Anseriformes","Anatidae","Anas","Anas crecca",,,,FALSE,TRUE,FALSE,"LC","LC","common teal, sarcelle d'hiver","birds"
148791,"Chordata","Aves","Anseriformes","Anatidae","Anas","Anas platyrhynchos",,,,FALSE,TRUE,FALSE,"LC","LC","mallard, canard colvert","birds"
159170,"Chordata","Aves","Anseriformes","Anatidae","Anas","Anas rubripes",,,,FALSE,TRUE,FALSE,"LC","LC","American black duck, canard noir","birds"
1034711,"Chordata","Aves","Anseriformes","Anatidae","Anser","Anser caerulescens",13,2014,,TRUE,FALSE,FALSE,"LC","LC",,"birds"
159172,"Chordata","Aves","Anseriformes","Anatidae","Aythya","Aythya marila",,,,FALSE,TRUE,FALSE,"LC","LC","greater scaup, fuligule milouinan","birds"
159173,"Chordata","Aves","Anseriformes","Anatidae","Aythya","Aythya valisineria",,,,FALSE,TRUE,FALSE,"LC","LC","canvasback, Fuligule à dos blanc","birds"
159175,"Chordata","Aves","Anseriformes","Anatidae","Branta","Branta bernicla",,,,FALSE,TRUE,FALSE,"LC","LC","Brant goose, bernachle cravant","birds"
159179,"Chordata","Aves","Anseriformes","Anatidae","Bucephala","Bucephala albeola",,,,FALSE,TRUE,FALSE,"LC","LC","bufflehead, garrot albéole","birds"
137071,"Chordata","Aves","Anseriformes","Anatidae","Clangula","Clangula hyemalis",,,,FALSE,TRUE,FALSE,"VU","VU","long-tailed duck, harelde boréale","birds"
159092,"Chordata","Aves","Anseriformes","Anatidae","Histrionicus","Histrionicus histrionicus",,,,FALSE,TRUE,FALSE,"LC","LC","harlequin duck, arlequin plongeur","birds"
159094,"Chordata","Aves","Anseriformes","Anatidae","Lophodytes","Lophodytes cucullatus",,,,FALSE,TRUE,FALSE,"LC","LC","hooded merganser, harle couronné","birds"
366594,"Chordata","Aves","Anseriformes","Anatidae","Melanitta","Melanitta americana",,,,FALSE,TRUE,FALSE,"NT","NT","black scoter, macreuse à bec jaune","birds"
567404,"Chordata","Aves","Anseriformes","Anatidae","Melanitta","Melanitta deglandi",,,,FALSE,TRUE,FALSE,"LC","LC","white-winged scoter, macreuse à ailes blanches","birds"
137072,"Chordata","Aves","Anseriformes","Anatidae","Melanitta","Melanitta fusca",,,,FALSE,TRUE,FALSE,"VU","VU","white-winged scoter, macreuse brune","birds"
137073,"Chordata","Aves","Anseriformes","Anatidae","Melanitta","Melanitta nigra",,,,FALSE,TRUE,FALSE,"LC","LC","black scoter, macreuse noire","birds"
159095,"Chordata","Aves","Anseriformes","Anatidae","Melanitta","Melanitta perspicillata",,,,FALSE,TRUE,FALSE,"LC","LC","surf scoter, macreuse à front blanc","birds"
159097,"Chordata","Aves","Anseriformes","Anatidae","Mergus","Mergus merganser",,,,FALSE,TRUE,FALSE,"LC","LC","common merganser, harle bièvre","birds"
159098,"Chordata","Aves","Anseriformes","Anatidae","Mergus","Mergus serrator",,,,FALSE,TRUE,FALSE,"LC","LC","red-breasted merganser, harle huppé","birds"
232041,"Chordata","Aves","Anseriformes","Anatidae","Polysticta","Polysticta stelleri",,,,FALSE,TRUE,FALSE,"VU","VU","Steller's eider  , eider de Steller","birds"
137074,"Chordata","Aves","Anseriformes","Anatidae","Somateria","Somateria mollissima",,,,FALSE,TRUE,FALSE,"NT","NT","common eider, eider commun","birds"
137075,"Chordata","Aves","Anseriformes","Anatidae","Somateria","Somateria spectabilis",,,,FALSE,TRUE,FALSE,"LC","LC","king eider, eider à tête grise","birds"
159081,"Chordata","Aves","Charadriiformes","Scolopacidae","Actitis","Actitis macularius",,,,FALSE,TRUE,FALSE,"LC","LC","spotted sandpiper, chevalier grivelé","birds"
422957,"Chordata","Aves","Charadriiformes","Alcidae","Aethia","Aethia psittacula",,,,FALSE,TRUE,FALSE,"LC","LC","parakeet auklet, starique perroquet","birds"
147431,"Chordata","Aves","Charadriiformes","Scolopacidae","Arenaria","Arenaria interpres",,,,FALSE,TRUE,FALSE,"LC","LC","ruddy turnstone, tournepierre à collier","birds"
366869,"Chordata","Aves","Charadriiformes","Scolopacidae","Arenaria","Arenaria melanocephala",,,,FALSE,TRUE,FALSE,"LC","LC","black turnstone,  Tournepierre noir","birds"
254310,"Chordata","Aves","Charadriiformes","Alcidae","Brachyramphus","Brachyramphus brevirostris",,,,FALSE,TRUE,FALSE,"NT","NT","Kittlitz's murrelet, Guillemot de Kittlitz","birds"
254308,"Chordata","Aves","Charadriiformes","Alcidae","Brachyramphus","Brachyramphus marmoratus",,,,FALSE,TRUE,FALSE,"EN","EN","marbled murrelet, guillemot marbré","birds"
225955,"Chordata","Aves","Charadriiformes","Scolopacidae","Calidris","Calidris acuminata",,,,FALSE,TRUE,FALSE,"VU","VU","sharp-tailed sandpiper","birds"
159084,"Chordata","Aves","Charadriiformes","Scolopacidae","Calidris","Calidris alba",,,,FALSE,TRUE,FALSE,"LC","LC","sanderling, bécasseau sanderling","birds"
159047,"Chordata","Aves","Charadriiformes","Scolopacidae","Calidris","Calidris alpina",,,,FALSE,TRUE,FALSE,"LC","LC","dunlin, bécasseau variable","birds"
159048,"Chordata","Aves","Charadriiformes","Scolopacidae","Calidris","Calidris bairdii",,,,FALSE,TRUE,FALSE,"LC","LC","Baird's sandpiper, bécasseau de Baird","birds"
147433,"Chordata","Aves","Charadriiformes","Scolopacidae","Calidris","Calidris canutus",,,,FALSE,TRUE,FALSE,"NT","NT","red knot, bécasseau maubèche","birds"
159051,"Chordata","Aves","Charadriiformes","Scolopacidae","Calidris","Calidris himantopus",,,,FALSE,TRUE,FALSE,"LC","LC","stilt sandpiper, Bécasseau à échasses","birds"
366588,"Chordata","Aves","Charadriiformes","Scolopacidae","Calidris","Calidris mauri",,,,FALSE,TRUE,FALSE,"LC","LC","western sandpiper, bécasseau d'Alaska","birds"
159053,"Chordata","Aves","Charadriiformes","Scolopacidae","Calidris","Calidris melanotos",,,,FALSE,TRUE,FALSE,"LC","LC","pectoral sandpiper, bécasseau de tacheté","birds"
159054,"Chordata","Aves","Charadriiformes","Scolopacidae","Calidris","Calidris minutilla",,,,FALSE,TRUE,FALSE,"LC","LC","least sandpiper","birds"
366589,"Chordata","Aves","Charadriiformes","Scolopacidae","Calidris","Calidris ptilocnemis",,,,FALSE,TRUE,FALSE,"LC","LC","Rock Sandpiper, Bécasseau des Aléoutiennes","birds"
159055,"Chordata","Aves","Charadriiformes","Scolopacidae","Calidris","Calidris pusilla",,,,FALSE,TRUE,FALSE,"NT","NT","Semipalmated Sandpiper","birds"
212601,"Chordata","Aves","Charadriiformes","Scolopacidae","Calidris","Calidris ruficollis",,,,FALSE,TRUE,FALSE,"NT","NT","red-necked stint","birds"
343902,"Chordata","Aves","Charadriiformes","Alcidae","Cepphus","Cepphus columba",,,,FALSE,TRUE,FALSE,"LC","LC","pigeon guillemot, guillemot colombin","birds"
344029,"Chordata","Aves","Charadriiformes","Alcidae","Cerorhinca","Cerorhinca monocerata",,,,FALSE,TRUE,FALSE,"LC","LC","rhinoceros auklet, macareux rhinocéros","birds"
159126,"Chordata","Aves","Charadriiformes","Charadriidae","Charadrius","Charadrius semipalmatus",,,,FALSE,TRUE,FALSE,"LC","LC","semipalmated plover,   pluvier semipalmé","birds"
159127,"Chordata","Aves","Charadriiformes","Charadriidae","Charadrius","Charadrius vociferus",,,,FALSE,TRUE,FALSE,"LC","LC","killdeer,  pluvier kildir","birds"
137137,"Chordata","Aves","Charadriiformes","Laridae","Chlidonias","Chlidonias niger",,,,FALSE,TRUE,FALSE,"LC","LC","black tern, guifette noire","birds"
344610,"Chordata","Aves","Charadriiformes","Alcidae","Fratercula","Fratercula cirrhata",,,,FALSE,TRUE,FALSE,"LC","LC","tufted puffin, macareux huppé","birds"
343903,"Chordata","Aves","Charadriiformes","Alcidae","Fratercula","Fratercula corniculata",,,,FALSE,TRUE,FALSE,"LC","LC","horned puffin, macareux cornu","birds"
366767,"Chordata","Aves","Charadriiformes","Charadriidae","Haematopus","Haematopus bachmani",,,,FALSE,TRUE,FALSE,,,"black oystercatcher, huîtrier de Bachman","birds"
567825,"Chordata","Aves","Charadriiformes","Laridae","Hydroprogne","Hydroprogne caspia",,,,FALSE,TRUE,FALSE,"LC","LC","Caspian tern","birds"
137138,"Chordata","Aves","Charadriiformes","Laridae","Larus","Larus argentatus",1,2010,,TRUE,TRUE,FALSE,"LC","LC","herring gull, goéland argenté","birds"
159074,"Chordata","Aves","Charadriiformes","Laridae","Larus","Larus atricilla",,,,FALSE,TRUE,FALSE,"LC","LC","laughing gull, mouette atricille","birds"
343907,"Chordata","Aves","Charadriiformes","Laridae","Larus","Larus californicus",,,,FALSE,TRUE,FALSE,"LC","LC","Californian gull, goéland de Californie","birds"
137141,"Chordata","Aves","Charadriiformes","Laridae","Larus","Larus canus",,,,FALSE,TRUE,FALSE,"LC","LC","mew gull, goéland cendré","birds"
148797,"Chordata","Aves","Charadriiformes","Laridae","Larus","Larus delawarensis",,,,FALSE,TRUE,FALSE,"LC","LC","ring-billed gull, goéland à bec cerclé","birds"
343911,"Chordata","Aves","Charadriiformes","Laridae","Larus","Larus glaucescens",1,2010,,TRUE,TRUE,FALSE,"LC","LC","glaucous-winged gull, goéland à ailes grises","birds"
137144,"Chordata","Aves","Charadriiformes","Laridae","Larus","Larus glaucoides",,,,FALSE,TRUE,FALSE,"LC","LC","Iceland gull, goéland à ailes blanches","birds"
137145,"Chordata","Aves","Charadriiformes","Laridae","Larus","Larus hyperboreus",,,,FALSE,TRUE,FALSE,"LC","LC","glaucous gull, goéland bourgmestre","birds"
159076,"Chordata","Aves","Charadriiformes","Laridae","Larus","Larus philadelphia",,,,FALSE,TRUE,FALSE,"LC","LC","Bonaparte's gull, mouette de Bonaparte","birds"
159077,"Chordata","Aves","Charadriiformes","Laridae","Larus","Larus pipixcan",,,,FALSE,TRUE,FALSE,"LC","LC","Franklin's gull, mouette de Franklin","birds"
343920,"Chordata","Aves","Charadriiformes","Laridae","Larus","Larus schistisagus",,,,FALSE,TRUE,FALSE,"LC","LC","slaty-backed gull, goéland à manteau ardoisé","birds"
567435,"Chordata","Aves","Charadriiformes","Laridae","Larus","Larus smithsonianus",,,,FALSE,TRUE,FALSE,"LC","LC","American herring gull, goéland hudsonien","birds"
158955,"Chordata","Aves","Charadriiformes","Scolopacidae","Limnodromus","Limnodromus griseus",,,,FALSE,TRUE,FALSE,"LC","LC","short-billed dowitcher, bécassin à bec court","birds"
158957,"Chordata","Aves","Charadriiformes","Scolopacidae","Limnodromus","Limnodromus scolopaceus",,,,FALSE,TRUE,FALSE,"LC","LC","long-billed dowitcher, bécassin à long bec","birds"
158965,"Chordata","Aves","Charadriiformes","Scolopacidae","Limosa","Limosa fedoa",,,,FALSE,TRUE,FALSE,"LC","LC","marbled godwit, barge marbrée","birds"
159033,"Chordata","Aves","Charadriiformes","Scolopacidae","Limosa","Limosa haemastica",,,,FALSE,TRUE,FALSE,"LC","LC","Hudsonian godwit, barge hudsonienne","birds"
159034,"Chordata","Aves","Charadriiformes","Scolopacidae","Limosa","Limosa lapponica",,,,FALSE,TRUE,FALSE,"NT","NT","bar-tailed godwit, barge rousse","birds"
366865,"Chordata","Aves","Charadriiformes","Scolopacidae","Numenius","Numenius americanus",,,,FALSE,TRUE,FALSE,"LC","LC","long-billed curlew, courlis à long bec","birds"
159040,"Chordata","Aves","Charadriiformes","Scolopacidae","Numenius","Numenius phaeopus",,,,FALSE,TRUE,FALSE,"LC","LC","whimbrel, courlis corllieu","birds"
567791,"Chordata","Aves","Charadriiformes","Laridae","Onychoprion","Onychoprion aleuticus",,,,FALSE,TRUE,FALSE,"VU","VU","Aleutian tern, sterne des Aléoutiennes","birds"
137154,"Chordata","Aves","Charadriiformes","Laridae","Pagophila","Pagophila eburnea",,,,FALSE,TRUE,FALSE,"NT","NT","ivory gull, mouette blanche","birds"
137168,"Chordata","Aves","Charadriiformes","Phalaropodidae","Phalaropus","Phalaropus fulicarius",,,,FALSE,TRUE,FALSE,"LC","LC","red phalarope, phalarope à bec large","birds"
137169,"Chordata","Aves","Charadriiformes","Phalaropodidae","Phalaropus","Phalaropus lobatus",,,,FALSE,TRUE,FALSE,"LC","LC","red-necked phalarope, phalarope à bec mince","birds"
159043,"Chordata","Aves","Charadriiformes","Phalaropodidae","Phalaropus","Phalaropus tricolor",,,,FALSE,TRUE,FALSE,,,"Wilson's phalarope, phalarope de Wilson","birds"
159136,"Chordata","Aves","Charadriiformes","Charadriidae","Pluvialis","Pluvialis dominica",,,,FALSE,TRUE,FALSE,"LC","LC","American golden plover, pluvier bronzé","birds"
232044,"Chordata","Aves","Charadriiformes","Charadriidae","Pluvialis","Pluvialis fulva",,,,FALSE,TRUE,FALSE,"LC","LC","Pacific golden plover  , pluvier fauve","birds"
159137,"Chordata","Aves","Charadriiformes","Charadriidae","Pluvialis","Pluvialis squatarola",,,,FALSE,TRUE,FALSE,"LC","LC","grey plover, pluvier argenté","birds"
344115,"Chordata","Aves","Charadriiformes","Alcidae","Ptychoramphus","Ptychoramphus aleuticus",,,,FALSE,TRUE,FALSE,"NT","NT","Cassin's auklet, starique de Cassin","birds"
137155,"Chordata","Aves","Charadriiformes","Laridae","Rhodostethia","Rhodostethia rosea",,,,FALSE,TRUE,FALSE,"LC","LC","Ross' gull, mouette de Ross","birds"
137156,"Chordata","Aves","Charadriiformes","Laridae","Rissa","Rissa tridactyla",,,,FALSE,TRUE,FALSE,"VU","VU","black-legged kittiwake, risse tridactyle","birds"
137171,"Chordata","Aves","Charadriiformes","Stercorariidae","Stercorarius","Stercorarius longicaudus",,,,FALSE,TRUE,FALSE,"LC","LC","long-tailed jaeger, labbe à longue queue","birds"
422607,"Chordata","Aves","Charadriiformes","Stercorariidae","Stercorarius","Stercorarius maccormicki",,,,FALSE,TRUE,FALSE,,,"South Polar skua, labbe de McCormick","birds"
137172,"Chordata","Aves","Charadriiformes","Stercorariidae","Stercorarius","Stercorarius parasiticus",,,,FALSE,TRUE,FALSE,"LC","LC","parasitic jaeger, labbe parasite","birds"
137173,"Chordata","Aves","Charadriiformes","Stercorariidae","Stercorarius","Stercorarius pomarinus",,,,FALSE,TRUE,FALSE,"LC","LC","pomarine jaeger, stercoraire pomarin","birds"
137165,"Chordata","Aves","Charadriiformes","Laridae","Sterna","Sterna paradisaea",,,,FALSE,TRUE,FALSE,"LC","LC","Arctic tern, sterne à longue queue","birds"
344120,"Chordata","Aves","Charadriiformes","Alcidae","Synthliboramphus","Synthliboramphus antiquus",,,,FALSE,TRUE,FALSE,"LC","LC","ancient murrelet, Guillemot à cou blanc","birds"
159030,"Chordata","Aves","Charadriiformes","Scolopacidae","Tringa","Tringa flavipes",,,,FALSE,TRUE,FALSE,"LC","LC","lesser yellowlegs, Ppetit chevalier","birds"
567470,"Chordata","Aves","Charadriiformes","Scolopacidae","Tringa","Tringa incana",,,,FALSE,TRUE,FALSE,"LC","LC","wandering tattler, chevalier errant","birds"
158967,"Chordata","Aves","Charadriiformes","Scolopacidae","Tringa","Tringa melanoleuca",,,,FALSE,TRUE,FALSE,"LC","LC","greater yellowlegs, grand chevalier","birds"
137133,"Chordata","Aves","Charadriiformes","Alcidae","Uria","Uria aalge",,,,FALSE,TRUE,FALSE,"LC","LC","common murre, guillemot à capuchon","birds"
137134,"Chordata","Aves","Charadriiformes","Alcidae","Uria","Uria lomvia",,,,FALSE,TRUE,FALSE,"LC","LC","thick-billed murre, guillemot à gros bec","birds"
137167,"Chordata","Aves","Charadriiformes","Laridae","Xema","Xema sabini",,,,FALSE,TRUE,FALSE,"LC","LC","Sabine’s Gull  ","birds"
159382,"Chordata","Aves","Ciconiiformes","Ardeidae","Ardea","Ardea herodias",,,,FALSE,TRUE,FALSE,"LC","LC","amerikaanse blauwe reiger, Grand Héron","birds"
159001,"Chordata","Aves","Coraciiformes","Alcedinidae","Megaceryle","Megaceryle alcyon",,,,FALSE,TRUE,FALSE,"LC","LC","belted kingfisher, Martin-pêcheur d'Amérique","birds"
159374,"Chordata","Aves","Falconiformes","Accipitridae","Haliaeetus","Haliaeetus leucocephalus",,,,FALSE,TRUE,FALSE,"LC","LC","bald eagle, pygargue à tête blanche","birds"
137185,"Chordata","Aves","Gaviiformes","Gaviidae","Gavia","Gavia adamsii",,,,FALSE,TRUE,FALSE,"NT","NT","yellow-billed loon, plongeon à bec blanc","birds"
137187,"Chordata","Aves","Gaviiformes","Gaviidae","Gavia","Gavia immer",,,,FALSE,TRUE,FALSE,"LC","LC","common loon, plongeon imbrin","birds"
422575,"Chordata","Aves","Gaviiformes","Gaviidae","Gavia","Gavia pacifica",,,,FALSE,TRUE,FALSE,"LC","LC","Pacific loon, longeon du Pacifique","birds"
137188,"Chordata","Aves","Gaviiformes","Gaviidae","Gavia","Gavia stellata",,,,FALSE,TRUE,FALSE,"LC","LC","red-throated loon, plongeon catmarin","birds"
159059,"Chordata","Aves","Pelecaniformes","Phalacrocoracidae","Phalacrocorax","Phalacrocorax auritus",,,,FALSE,TRUE,FALSE,,,"double-crested cormorant, cormoran à aigrettes","birds"
343950,"Chordata","Aves","Pelecaniformes","Phalacrocoracidae","Phalacrocorax","Phalacrocorax pelagicus",,,,FALSE,TRUE,FALSE,,,"pelagic cormorant, cormoran pélagique","birds"
366617,"Chordata","Aves","Podicipediformes","Podicipedidae","Aechmophorus","Aechmophorus occidentalis",,,,FALSE,TRUE,FALSE,"LC","LC","western grebe, grèbe élégant","birds"
137181,"Chordata","Aves","Podicipediformes","Podicipedidae","Podiceps","Podiceps auritus",,,,FALSE,TRUE,FALSE,"VU","VU","horned grebe, grèbe esclavon","birds"
137183,"Chordata","Aves","Podicipediformes","Podicipedidae","Podiceps","Podiceps grisegena",,,,FALSE,TRUE,FALSE,"LC","LC","red-necked grebe, grèbe jougris","birds"
159062,"Chordata","Aves","Podicipediformes","Podicipedidae","Podilymbus","Podilymbus podiceps",,,,FALSE,TRUE,FALSE,"LC","LC","pied-billed grebe, grèbe à bec bigarré","birds"
1674258,"Chordata","Aves","Procellariiformes","Procellariidae","Ardenna","Ardenna creatopus",,,,FALSE,TRUE,FALSE,"VU","VU",,"birds"
137195,"Chordata","Aves","Procellariiformes","Procellariidae","Fulmarus","Fulmarus glacialis",4,2011,,TRUE,TRUE,FALSE,"LC","LC","northern fulmar, pétrel fulmar","birds"
343962,"Chordata","Aves","Procellariiformes","Hydrobatidae","Oceanodroma","Oceanodroma furcata",1,2008,,TRUE,TRUE,FALSE,,,"fork-tailed storm petrel, océanite à queue fourchue","birds"
137192,"Chordata","Aves","Procellariiformes","Hydrobatidae","Oceanodroma","Oceanodroma leucorhoa",,,,FALSE,TRUE,FALSE,,,"Leach's storm-petrel, océanite culblanc","birds"
344104,"Chordata","Aves","Procellariiformes","Diomedeidae","Phoebastria","Phoebastria immutabilis",2,2004,,TRUE,TRUE,FALSE,"NT","NT","Laysan albatross, albatros de Laysan","birds"
344106,"Chordata","Aves","Procellariiformes","Diomedeidae","Phoebastria","Phoebastria nigripes",1,2004,,TRUE,TRUE,FALSE,"NT","NT","black-footed albatross, albatros à pieds noirs","birds"
137202,"Chordata","Aves","Procellariiformes","Procellariidae","Puffinus","Puffinus griseus",2,2006,,TRUE,TRUE,FALSE,,,"sooty shearwater, puffin fuligineux","birds"
137203,"Chordata","Aves","Procellariiformes","Procellariidae","Puffinus","Puffinus puffinus",,,,FALSE,TRUE,FALSE,"LC","LC","Manx shearwater, puffin des Anglais","birds"
225770,"Chordata","Aves","Procellariiformes","Procellariidae","Puffinus","Puffinus tenuirostris",,,,FALSE,TRUE,FALSE,,,"short-tailed shearwater, puffin à bec grêle","birds"
350095,"Arthropoda","Copepoda","Cyclopoida","Chondracanthidae","Chondracanthus","Chondracanthus pinguis",,,,FALSE,TRUE,FALSE,,,,"copepods"
352758,"Arthropoda","Copepoda","Siphonostomatoida","Caligidae","Lepeophtheirus","Lepeophtheirus oblitus",,,,FALSE,TRUE,FALSE,,,,"copepods"
423136,"Arthropoda","Malacostraca","Amphipoda","Anisogammaridae","Anisogammarus","Anisogammarus pugettensis",,,,FALSE,TRUE,FALSE,,,,"crustaceans"
101830,"Arthropoda","Malacostraca","Amphipoda","Caprellidae","Caprella","Caprella equilibra",,,,FALSE,TRUE,FALSE,,,,"crustaceans"
430857,"Arthropoda","Malacostraca","Amphipoda","Caprellidae","Caprella","Caprella laeviuscula",,,,FALSE,TRUE,FALSE,,,,"crustaceans"
549336,"Arthropoda","Malacostraca","Amphipoda","Pleustidae","Chromopleustes","Chromopleustes oculatus",,,,FALSE,TRUE,FALSE,,,,"crustaceans"
536753,"Arthropoda","Malacostraca","Amphipoda","Melitidae","Desdimelita","Desdimelita microdentata",,,,FALSE,TRUE,FALSE,,,,"crustaceans"
488606,"Arthropoda","Malacostraca","Amphipoda","Anisogammaridae","Eogammarus","Eogammarus confervicolus",,,,FALSE,TRUE,FALSE,,,,"crustaceans"
491529,"Arthropoda","Malacostraca","Amphipoda","Haustoriidae","Eohaustorius","Eohaustorius washingtonianus",,,,FALSE,TRUE,FALSE,,,,"crustaceans"
488648,"Arthropoda","Malacostraca","Amphipoda","Anisogammaridae","Locustogammarus","Locustogammarus levingsi",,,,FALSE,TRUE,FALSE,,,,"crustaceans"
488649,"Arthropoda","Malacostraca","Amphipoda","Anisogammaridae","Locustogammarus","Locustogammarus locustoides",,,,FALSE,TRUE,FALSE,,,,"crustaceans"
556793,"Arthropoda","Malacostraca","Amphipoda","Talitridae","Megalorchestia","Megalorchestia columbiana",,,,FALSE,TRUE,FALSE,,,,"crustaceans"
556800,"Arthropoda","Malacostraca","Amphipoda","Talitridae","Megalorchestia","Megalorchestia pugettensis",,,,FALSE,TRUE,FALSE,,,,"crustaceans"
537227,"Arthropoda","Malacostraca","Amphipoda","Melitidae","Melita","Melita oregonensis",,,,FALSE,TRUE,FALSE,,,,"crustaceans"
430958,"Arthropoda","Malacostraca","Amphipoda","Caprellidae","Metacaprella","Metacaprella anomala",,,,FALSE,TRUE,FALSE,,,,"crustaceans"
103122,"Arthropoda","Malacostraca","Amphipoda","Stenothoidae","Metopa","Metopa glacialis",,,,FALSE,TRUE,FALSE,,,,"crustaceans"
889658,"Arthropoda","Malacostraca","Amphipoda","Ischyroceridae","Microjassa","Microjassa litotes",,,,FALSE,TRUE,FALSE,,,,"crustaceans"
388797,"Arthropoda","Malacostraca","Amphipoda","Pleustidae","Neopleustes","Neopleustes columbianus",,,,FALSE,TRUE,FALSE,,,,"crustaceans"
547137,"Arthropoda","Malacostraca","Amphipoda","Oedicerotidae","Pacifoculodes","Pacifoculodes bruneli",,,,FALSE,TRUE,FALSE,,,,"crustaceans"
488666,"Arthropoda","Malacostraca","Amphipoda","Anisogammaridae","Spinulogammarus","Spinulogammarus subcarinatus",,,,FALSE,TRUE,FALSE,,,,"crustaceans"
557376,"Arthropoda","Malacostraca","Amphipoda","Talitridae","Traskorchestia","Traskorchestia traskiana",,,,FALSE,TRUE,FALSE,,,,"crustaceans"
107550,"Arthropoda","Malacostraca","Decapoda","Crangonidae","Argis","Argis dentata",,,,FALSE,TRUE,FALSE,,,"Arctic argid, crevette arctique","crustaceans"
254487,"Arthropoda","Malacostraca","Decapoda","Crangonidae","Argis","Argis lar",,,,FALSE,TRUE,FALSE,,,"kuro shrimp, crevette des lares","crustaceans"
368558,"Arthropoda","Malacostraca","Decapoda","Oregoniidae","Chionoecetes","Chionoecetes bairdi",,,,FALSE,TRUE,FALSE,,,"southern Tanner crab, crabe de Baird","crustaceans"
107315,"Arthropoda","Malacostraca","Decapoda","Oregoniidae","Chionoecetes","Chionoecetes opilio",,,,FALSE,TRUE,FALSE,,,"queen crab, crabe des neiges","crustaceans"
241261,"Arthropoda","Malacostraca","Decapoda","Crangonidae","Crangon","Crangon franciscorum",,,,FALSE,TRUE,FALSE,,,"California bay shrimp, crevette de Californie","crustaceans"
366322,"Arthropoda","Malacostraca","Decapoda","Paguridae","Elassochirus","Elassochirus tenuimanus",,,,FALSE,TRUE,FALSE,,,"widehand hermit, bernard-l'ermite droitier","crustaceans"
440384,"Arthropoda","Malacostraca","Decapoda","Cancridae","Glebocarcinus","Glebocarcinus oregonensis",,,,FALSE,TRUE,FALSE,,,"pygmy rock crab, crabe pygmée","crustaceans"
590107,"Arthropoda","Malacostraca","Decapoda","Hapalogastridae","Hapalogaster","Hapalogaster mertensii",,,,FALSE,TRUE,FALSE,,,"hairy crab, crabe royal de Mertens","crustaceans"
515244,"Arthropoda","Malacostraca","Decapoda","Thoridae","Heptacarpus","Heptacarpus brevirostris",,,,FALSE,TRUE,FALSE,,,"stout coastal shrimp, crevette dense","crustaceans"
515245,"Arthropoda","Malacostraca","Decapoda","Thoridae","Heptacarpus","Heptacarpus carinatus",,,,FALSE,TRUE,FALSE,,,"smalleye coastal shrimp, crevette carénée","crustaceans"
515271,"Arthropoda","Malacostraca","Decapoda","Thoridae","Heptacarpus","Heptacarpus tridens",,,,FALSE,TRUE,FALSE,,,"threespine coastal shrimp, crevette à trois épines","crustaceans"
442166,"Arthropoda","Malacostraca","Decapoda","Oregoniidae","Hyas","Hyas alutaceus",,,,FALSE,TRUE,FALSE,,,,"crustaceans"
442167,"Arthropoda","Malacostraca","Decapoda","Oregoniidae","Hyas","Hyas lyratus",,,,FALSE,TRUE,FALSE,,,"Pacific lyre crab, crabe lyre","crustaceans"
107520,"Arthropoda","Malacostraca","Decapoda","Thoridae","Lebbeus","Lebbeus groenlandicus",,,,FALSE,TRUE,FALSE,,,"spiny lebbeid, crevette du Groenland","crustaceans"
440388,"Arthropoda","Malacostraca","Decapoda","Cancridae","Metacarcinus","Metacarcinus magister",,,,FALSE,TRUE,FALSE,,,"Dungeness crab, dormeur du Pacifique","crustaceans"
423552,"Arthropoda","Malacostraca","Decapoda","Crangonidae","Neocrangon","Neocrangon communis",,,,FALSE,TRUE,FALSE,,,"gray shrimp, crevette commune","crustaceans"
515586,"Arthropoda","Malacostraca","Decapoda","Crangonidae","Neocrangon","Neocrangon resima",,,,FALSE,TRUE,FALSE,,,"upcurved shrimp, crevette recourbée","crustaceans"
590112,"Arthropoda","Malacostraca","Decapoda","Hapalogastridae","Oedignathus","Oedignathus inermis",1,2007,,TRUE,TRUE,FALSE,,,"granular claw crab, crabe royal inerme","crustaceans"
366647,"Arthropoda","Malacostraca","Decapoda","Paguridae","Pagurus","Pagurus aleuticus",,,,FALSE,TRUE,FALSE,,,"Aleutican hermit, bernard-l'ermite des Aléoutiennes","crustaceans"
366657,"Arthropoda","Malacostraca","Decapoda","Paguridae","Pagurus","Pagurus beringanus",,,,FALSE,TRUE,FALSE,,,"Bering hermit, bernard-l'ermite de Béring","crustaceans"
366676,"Arthropoda","Malacostraca","Decapoda","Paguridae","Pagurus","Pagurus dalli",,,,FALSE,TRUE,FALSE,,,"whiteknee hermit, bernard-l'ermite à bandes blanches","crustaceans"
366694,"Arthropoda","Malacostraca","Decapoda","Paguridae","Pagurus","Pagurus granosimanus",,,,FALSE,TRUE,FALSE,,,"grainyhand hermit, bernard-l'ermite granuleux","crustaceans"
366699,"Arthropoda","Malacostraca","Decapoda","Paguridae","Pagurus","Pagurus hirsutiusculus",,,,FALSE,TRUE,FALSE,,,"hairy hermit, bernard-l'ermite hirsute","crustaceans"
366786,"Arthropoda","Malacostraca","Decapoda","Paguridae","Pagurus","Pagurus samuelis",,,,FALSE,TRUE,FALSE,,,"blueband hermit, bernard-l'ermite de Samuel","crustaceans"
107649,"Arthropoda","Malacostraca","Decapoda","Pandalidae","Pandalus","Pandalus borealis",,,,FALSE,TRUE,FALSE,,,"northern shrimp, crevette nordique","crustaceans"
515462,"Arthropoda","Malacostraca","Decapoda","Pandalidae","Pandalus","Pandalus danae",,,,FALSE,TRUE,FALSE,,,"dock shrimp, crevette de Danaé","crustaceans"
1337983,"Arthropoda","Malacostraca","Decapoda","Pandalidae","Pandalus","Pandalus dispar",,,,FALSE,TRUE,FALSE,,,,"crustaceans"
515463,"Arthropoda","Malacostraca","Decapoda","Pandalidae","Pandalus","Pandalus eous",,,,FALSE,TRUE,FALSE,,,"Alaskan pink shrimp, crevette rose d'Alaska","crustaceans"
254483,"Arthropoda","Malacostraca","Decapoda","Pandalidae","Pandalus","Pandalus goniurus",,,,FALSE,TRUE,FALSE,,,"humpy shrimp, crevette bossue","crustaceans"
515467,"Arthropoda","Malacostraca","Decapoda","Pandalidae","Pandalus","Pandalus hypsinotus",,,,FALSE,TRUE,FALSE,,,"coonstriped shrimp, crevette à front rayé","crustaceans"
423632,"Arthropoda","Malacostraca","Decapoda","Pandalidae","Pandalus","Pandalus platyceros",,,,FALSE,TRUE,FALSE,,,"spot shrimp, crevette tachetée","crustaceans"
233889,"Arthropoda","Malacostraca","Decapoda","Lithodidae","Paralithodes","Paralithodes camtschaticus",,,,FALSE,TRUE,FALSE,,,"red king crab, crabe royal du Kamtchatka","crustaceans"
254493,"Arthropoda","Malacostraca","Decapoda","Lithodidae","Paralithodes","Paralithodes platypus",,,,FALSE,TRUE,FALSE,,,"blue king crab","crustaceans"
514245,"Arthropoda","Malacostraca","Decapoda","Pasiphaeidae","Pasiphaea","Pasiphaea pacifica",,,,FALSE,TRUE,FALSE,,,"Pacific glass shrimp, crevette du Pacifique","crustaceans"
441478,"Arthropoda","Malacostraca","Decapoda","Epialtidae","Pugettia","Pugettia gracilis",,,,FALSE,TRUE,FALSE,,,"graceful kelp crab, crabe gracieux","crustaceans"
107533,"Arthropoda","Malacostraca","Decapoda","Thoridae","Spirontocaris","Spirontocaris spinus",,,,FALSE,TRUE,FALSE,,,"parrot shrimp, crevette perroquet","crustaceans"
254360,"Arthropoda","Malacostraca","Decapoda","Cheiragonidae","Telmessus","Telmessus cheiragonus",,,,FALSE,TRUE,FALSE,,,"helmet crab, crabe casqué","crustaceans"
118204,"Arthropoda","Malacostraca","Isopoda","Bopyridae","Bopyroides","Bopyroides hippolytes",2,,,TRUE,TRUE,FALSE,,,,"crustaceans"
257014,"Arthropoda","Malacostraca","Isopoda","Sphaeromatidae","Exosphaeroma","Exosphaeroma amplicauda",,,,FALSE,TRUE,FALSE,,,,"crustaceans"
1264222,"Arthropoda","Malacostraca","Isopoda","Sphaeromatidae","Gnorimosphaeroma","Gnorimosphaeroma oregonense",,,,FALSE,TRUE,FALSE,,,,"crustaceans"
261982,"Arthropoda","Malacostraca","Isopoda","Idoteidae","Pentidotea","Pentidotea wosnesenskii",,,,FALSE,TRUE,FALSE,,,,"crustaceans"
226662,"Arthropoda","Malacostraca","Mysida","Mysidae","Alienacanthomysis","Alienacanthomysis macropsis",,,,FALSE,TRUE,FALSE,,,,"crustaceans"
226485,"Arthropoda","Malacostraca","Mysida","Mysidae","Archaeomysis","Archaeomysis grebnitzkii",,,,FALSE,TRUE,FALSE,,,,"crustaceans"
226408,"Arthropoda","Malacostraca","Mysida","Mysidae","Exacanthomysis","Exacanthomysis davisi",,,,FALSE,TRUE,FALSE,,,,"crustaceans"
226693,"Arthropoda","Malacostraca","Mysida","Mysidae","Neomysis","Neomysis mercedis",,,,FALSE,TRUE,FALSE,,,,"crustaceans"
226869,"Arthropoda","Malacostraca","Mysida","Mysidae","Neomysis","Neomysis rayii",,,,FALSE,TRUE,FALSE,,,,"crustaceans"
227083,"Arthropoda","Malacostraca","Mysida","Mysidae","Proneomysis","Proneomysis wailesi",,,,FALSE,TRUE,FALSE,,,,"crustaceans"
226851,"Arthropoda","Malacostraca","Mysida","Mysidae","Xenacanthomysis","Xenacanthomysis pseudomacropsis",,,,FALSE,TRUE,FALSE,,,,"crustaceans"
834014,"Bryozoa","Gymnolaemata","Cheilostomatida","Bugulidae","Bugulina","Bugulina pugeti",,,,FALSE,TRUE,FALSE,,,,"filter-feeders"
216028,"Bryozoa","Gymnolaemata","Cheilostomatida","Celleporidae","Celleporina","Celleporina costazii",,,,FALSE,TRUE,FALSE,,,,"filter-feeders"
469665,"Bryozoa","Gymnolaemata","Cheilostomatida","Cheiloporinidae","Cheilopora","Cheilopora praelucida",,,,FALSE,TRUE,FALSE,,,,"filter-feeders"
111174,"Bryozoa","Gymnolaemata","Cheilostomatida","Bugulidae","Dendrobeania","Dendrobeania murrayana",,,,FALSE,TRUE,FALSE,,,,"filter-feeders"
466975,"Bryozoa","Gymnolaemata","Cheilostomatida","Eurystomellidae","Integripelta","Integripelta bilabiata",2,2007,,TRUE,TRUE,FALSE,,,,"filter-feeders"
472376,"Bryozoa","Gymnolaemata","Cheilostomatida","Myriaporidae","Leieschara","Leieschara coarctata",,,,FALSE,TRUE,FALSE,,,,"filter-feeders"
469954,"Bryozoa","Gymnolaemata","Cheilostomatida","Membraniporidae","Membranipora","Membranipora villosa",,,,FALSE,TRUE,FALSE,,,,"filter-feeders"
111140,"Bryozoa","Gymnolaemata","Cheilostomatida","Umbonulidae","Rhamphostomella","Rhamphostomella costata",,,,FALSE,TRUE,FALSE,,,,"filter-feeders"
862795,"Bryozoa","Gymnolaemata","Cheilostomatida","Bitectiporidae","Schizomavella","Schizomavella (Schizomavella) linearis",,,,FALSE,TRUE,FALSE,,,,"filter-feeders"
469476,"Bryozoa","Gymnolaemata","Cheilostomatida","Candidae","Tricellaria","Tricellaria erecta",,,,FALSE,TRUE,FALSE,,,,"filter-feeders"
111620,"Bryozoa","Gymnolaemata","Ctenostomatida","Flustrellidridae","Flustrellidra","Flustrellidra corniculata",1,2003,,TRUE,TRUE,FALSE,,,"spiny leather bryozoan","filter-feeders"
470928,"Bryozoa","Stenolaemata","Cyclostomatida","Tubuliporidae","Tubulipora","Tubulipora tuba",,,,FALSE,TRUE,FALSE,,,,"filter-feeders"
1021330,"Chordata","Elasmobranchii","Rajiformes","Rajidae","Beringraja","Beringraja binoculata",3,1993,,TRUE,TRUE,FALSE,"LC","LC",,"fish"
299224,"Chordata","Elasmobranchii","Squaliformes","Squalidae","Squalus","Squalus suckleyi",1,1961,,TRUE,TRUE,FALSE,"LC","LC","Pacific spiny dogfish","fish"
271406,"Chordata","Holocephali","Chimaeriformes","Chimaeridae","Hydrolagus","Hydrolagus colliei",1,1998,,TRUE,FALSE,FALSE,"LC","LC","spotted ratfish, chimère d'Amérique","fish"
314348,"Chordata","Petromyzonti","Petromyzontiformes","Petromyzontidae","Entosphenus","Entosphenus tridentatus",3,1966,,TRUE,TRUE,FALSE,"LC","LC","Pacific lamprey","fish"
254551,"Chordata","Teleostei","Argentiniformes","Bathylagidae","Leuroglossus","Leuroglossus schmidti",2,2001,,TRUE,TRUE,FALSE,,,"northern smoothtongue","fish"
280366,"Chordata","Teleostei","Beloniformes","Scomberesocidae","Cololabis","Cololabis saira",,,,FALSE,TRUE,FALSE,,,"Pacific saury, balaou japonais","fish"
158670,"Chordata","Teleostei","Clupeiformes","Alosidae","Alosa","Alosa sapidissima",,,,FALSE,TRUE,FALSE,"LC","LC","shad, alose savoureuse","fish"
151159,"Chordata","Teleostei","Clupeiformes","Clupeidae","Clupea","Clupea pallasii",1,1961,,TRUE,TRUE,FALSE,"DD","DD","Pacific herring, hareng","fish"
158706,"Chordata","Teleostei","Cypriniformes","Catostomidae","Catostomus","Catostomus catostomus",12,2001,,TRUE,TRUE,FALSE,"LC","LC","longnose sucker, meunier rouge","fish"
154210,"Chordata","Teleostei","Esociformes","Esocidae","Esox","Esox lucius",4,1976,,TRUE,TRUE,FALSE,"LC","LC","northern pike, grand brochet","fish"
300735,"Chordata","Teleostei","Gadiformes","Gadidae","Gadus","Gadus chalcogrammus",7,2010,,TRUE,TRUE,FALSE,,,,"fish"
254538,"Chordata","Teleostei","Gadiformes","Gadidae","Gadus","Gadus macrocephalus",1,1983,,TRUE,TRUE,FALSE,,,"Pacific cod, cabillaud du Pacifique","fish"
154388,"Chordata","Teleostei","Gadiformes","Lotidae","Lota","Lota lota",5,2001,,TRUE,TRUE,FALSE,"LC","LC","burbot, lote","fish"
272458,"Chordata","Teleostei","Gadiformes","Merlucciidae","Merluccius","Merluccius productus",1,1998,,TRUE,FALSE,FALSE,"LC","LC","Pacific hake, merlu du Pacifique nord","fish"
275873,"Chordata","Teleostei","Gadiformes","Gadidae","Microgadus","Microgadus proximus",1,1961,,TRUE,TRUE,FALSE,,,"Pacific tomcod, poulamon du Pacifique","fish"
282617,"Chordata","Teleostei","Gobiesociformes","Gobiesocidae","Rimicola","Rimicola muscarum",1,1966,,TRUE,FALSE,FALSE,,,"kelp clingfish, crampon de varech","fish"
272732,"Chordata","Teleostei","Myctophiformes","Myctophidae","Protomyctophum","Protomyctophum thompsoni",1,1985,,TRUE,TRUE,FALSE,"LC","LC","bigeye lanternfish, télescope à grands yeux","fish"
254363,"Chordata","Teleostei","Myctophiformes","Myctophidae","Stenobrachius","Stenobrachius leucopsarus",2,1977,,TRUE,TRUE,FALSE,"LC","LC","northern lampfish, lanterne du nord","fish"
279422,"Chordata","Teleostei","Osmeriformes","Osmeridae","Hypomesus","Hypomesus pretiosus",2,1961,,TRUE,TRUE,FALSE,,,"surf smelt, éperlan du Pacifique","fish"
126735,"Chordata","Teleostei","Osmeriformes","Osmeridae","Mallotus","Mallotus villosus",3,1996,,TRUE,TRUE,FALSE,,,"capelin, capelan","fish"
282959,"Chordata","Teleostei","Osmeriformes","Osmeridae","Thaleichthys","Thaleichthys pacificus",5,2013,,TRUE,TRUE,FALSE,"LC","LC","eulachon, eulakane","fish"
279555,"Chordata","Teleostei","Perciformes","Liparidae","Allocareproctus","Allocareproctus jordani",,,,FALSE,TRUE,FALSE,,,"Cherry snailfish","fish"
272967,"Chordata","Teleostei","Perciformes","Ammodytidae","Ammodytes","Ammodytes personatus",2,2010,,TRUE,FALSE,FALSE,,,"Pacific sand lance, lançon du Pacifique","fish"
279605,"Chordata","Teleostei","Perciformes","Anarhichadidae","Anarrhichthys","Anarrhichthys ocellatus",,,,FALSE,TRUE,FALSE,"LC","LC","wolf-eel, loup ocellé","fish"
127070,"Chordata","Teleostei","Perciformes","Stichaeidae","Anisarchus","Anisarchus medius",1,2002,,TRUE,TRUE,FALSE,,,"stout eelblenny, lompénie naine","fish"
279633,"Chordata","Teleostei","Perciformes","Stichaeidae","Anoplarchus","Anoplarchus purpurescens",2,2000,,TRUE,TRUE,FALSE,,,"high cockscomb, crête-de-coq pourpre","fish"
159463,"Chordata","Teleostei","Perciformes","Anoplopomatidae","Anoplopoma","Anoplopoma fimbria",1,1998,,TRUE,TRUE,FALSE,,,"sablefish, morue charbonnière","fish"
279664,"Chordata","Teleostei","Perciformes","Pholidae","Apodichthys","Apodichthys flavidus",1,1961,,TRUE,TRUE,FALSE,,,"penpoint gunnel, sigouine jaunâtre","fish"
279700,"Chordata","Teleostei","Perciformes","Cottidae","Artedius","Artedius fenestralis",1,1961,,TRUE,TRUE,FALSE,,,"padded sculpin, chabot rembourré","fish"
254503,"Chordata","Teleostei","Perciformes","Agonidae","Bathyagonus","Bathyagonus alascanus",2,2002,,TRUE,TRUE,FALSE,,,"gray starsnout, astérothèque gris","fish"
254504,"Chordata","Teleostei","Perciformes","Agonidae","Bathyagonus","Bathyagonus infraspinatus",1,2002,,TRUE,TRUE,FALSE,,,"spinycheek starsnout, astérothèque épineux","fish"
254505,"Chordata","Teleostei","Perciformes","Agonidae","Bathyagonus","Bathyagonus nigripinnis",1,,,TRUE,TRUE,FALSE,,,"blackfin poacher, astérothèque à nageoires noires","fish"
254513,"Chordata","Teleostei","Perciformes","Bathymasteridae","Bathymaster","Bathymaster signatus",3,2002,,TRUE,TRUE,FALSE,,,"searcher, chercheur aux yeux bleus","fish"
254540,"Chordata","Teleostei","Perciformes","Hemitripteridae","Blepsias","Blepsias bilobus",,,,FALSE,TRUE,FALSE,,,"crested sculpin, chabot bilobé","fish"
367288,"Chordata","Teleostei","Perciformes","Liparidae","Careproctus","Careproctus gilberti",,,,FALSE,TRUE,FALSE,,,"smalldick snailfish, limace à petite ventouse","fish"
274470,"Chordata","Teleostei","Perciformes","Liparidae","Careproctus","Careproctus scottae",5,2002,,TRUE,TRUE,FALSE,,,"peachskin snailfish","fish"
274477,"Chordata","Teleostei","Perciformes","Liparidae","Careproctus","Careproctus spectrum",2,1951,,TRUE,FALSE,FALSE,,,"stippled snailfish","fish"
280220,"Chordata","Teleostei","Perciformes","Cottidae","Clinocottus","Clinocottus embryum",2,1961,,TRUE,TRUE,FALSE,,,"calico sculpin, chabot calico","fish"
280221,"Chordata","Teleostei","Perciformes","Cottidae","Clinocottus","Clinocottus globiceps",1,1961,,TRUE,TRUE,FALSE,"LC","LC","mosshead sculpin, chabot à tête moussue","fish"
274366,"Chordata","Teleostei","Perciformes","Cottidae","Cottus","Cottus aleuticus",4,2003,,TRUE,TRUE,FALSE,"LC","LC","coastrange sculpin, chabot côtier","fish"
159512,"Chordata","Teleostei","Perciformes","Cottidae","Cottus","Cottus cognatus",30,2002,,TRUE,TRUE,FALSE,"LC","LC","slimy sculpin, chabot visqueux","fish"
276392,"Chordata","Teleostei","Perciformes","Cryptacanthodidae","Cryptacanthodes","Cryptacanthodes giganteus",1,1998,,TRUE,FALSE,FALSE,,,"giant wrymouth, terrassier géant","fish"
280488,"Chordata","Teleostei","Perciformes","Psychrolutidae","Dasycottus","Dasycottus setiger",2,1996,,TRUE,TRUE,FALSE,,,"spinyhead sculpin, chabot à tête épineuse","fish"
254535,"Chordata","Teleostei","Perciformes","Cyclopteridae","Eumicrotremus","Eumicrotremus orbis",4,2002,,TRUE,TRUE,FALSE,,,"Pacific spiny lumpsucker, petite poule de mer ronde","fish"
126505,"Chordata","Teleostei","Perciformes","Gasterosteidae","Gasterosteus","Gasterosteus aculeatus",5,2003,,TRUE,TRUE,FALSE,"LC","LC","threespine stickleback, epinoche à trois pointes","fish"
254522,"Chordata","Teleostei","Perciformes","Cottidae","Hemilepidotus","Hemilepidotus jordani",2,1968,,TRUE,TRUE,FALSE,,,"yellow Irish lord","fish"
240732,"Chordata","Teleostei","Perciformes","Hexagrammidae","Hexagrammos","Hexagrammos decagrammus",4,1961,,TRUE,TRUE,FALSE,"LC","LC","kelp greenling, sourcil de varech","fish"
281133,"Chordata","Teleostei","Perciformes","Cottidae","Icelinus","Icelinus borealis",1,1968,,TRUE,FALSE,FALSE,,,"northern sculpin, icéline boréale","fish"
127200,"Chordata","Teleostei","Perciformes","Cottidae","Icelus","Icelus spatula",1,1968,,TRUE,TRUE,FALSE,,,"spatulate sculpin, icèle spatulée","fish"
254525,"Chordata","Teleostei","Perciformes","Cottidae","Icelus","Icelus spiniger",1,1968,,TRUE,TRUE,FALSE,,,"thorny sculpin, icéline épineuse","fish"
127072,"Chordata","Teleostei","Perciformes","Stichaeidae","Leptoclinus","Leptoclinus maculatus",1,2002,,TRUE,TRUE,FALSE,,,"daubed shanny, lompénie tachetée","fish"
254345,"Chordata","Teleostei","Perciformes","Cottidae","Leptocottus","Leptocottus armatus",4,1975,,TRUE,TRUE,FALSE,"LC","LC","Pacific staghorn sculpin, chabot armé","fish"
274505,"Chordata","Teleostei","Perciformes","Liparidae","Liparis","Liparis callyodon",6,1976,,TRUE,TRUE,FALSE,,,"spotted snailfish, limace tachetée","fish"
254550,"Chordata","Teleostei","Perciformes","Liparidae","Liparis","Liparis dennyi",3,1997,,TRUE,TRUE,FALSE,,,"marbled snailfish, limace à petotes yeux","fish"
159526,"Chordata","Teleostei","Perciformes","Liparidae","Liparis","Liparis gibbus",2,2002,,TRUE,TRUE,FALSE,,,"dusky snaifish, limace marbrée","fish"
254351,"Chordata","Teleostei","Perciformes","Stichaeidae","Lumpenella","Lumpenella longirostris",1,1962,,TRUE,TRUE,FALSE,,,"longsnout prickleback, stichée à long nez","fish"
254579,"Chordata","Teleostei","Perciformes","Stichaeidae","Lumpenus","Lumpenus sagitta",5,2002,,TRUE,TRUE,FALSE,,,"snake prickleback, lompénie élancée","fish"
274116,"Chordata","Teleostei","Perciformes","Zoarcidae","Lycodes","Lycodes pacificus",3,2002,,TRUE,TRUE,FALSE,,,"blackbelly eelpout, lycode à ventre noire","fish"
254406,"Chordata","Teleostei","Perciformes","Psychrolutidae","Malacocottus","Malacocottus zonurus",2,2001,,TRUE,TRUE,FALSE,,,"darkfin sculpin, chabot à queue barrée","fish"
127203,"Chordata","Teleostei","Perciformes","Cottidae","Myoxocephalus","Myoxocephalus scorpius",3,2002,,TRUE,TRUE,FALSE,,,"sculpin, chaboisseau","fish"
281872,"Chordata","Teleostei","Perciformes","Cottidae","Oligocottus","Oligocottus maculosus",3,1961,,TRUE,TRUE,FALSE,,,"tidepool sculpin, chabot de bâche","fish"
240745,"Chordata","Teleostei","Perciformes","Hexagrammidae","Ophiodon","Ophiodon elongatus",1,2004,,TRUE,TRUE,FALSE,,,"lingcod, morue-lingue","fish"
273689,"Chordata","Teleostei","Perciformes","Pholidae","Pholis","Pholis laeta",2,,,TRUE,TRUE,FALSE,,,"crescent gunnel, sigouine lunée","fish"
254501,"Chordata","Teleostei","Perciformes","Agonidae","Podothecus","Podothecus accipenserinus",2,2001,,TRUE,TRUE,FALSE,,,"sturgeon poacher, agone-esturgeon","fish"
254385,"Chordata","Teleostei","Perciformes","Stichaeidae","Poroclinus","Poroclinus rothrocki",1,2002,,TRUE,TRUE,FALSE,,,"whitebarred prickleback, lompénie à barres blanches","fish"
274679,"Chordata","Teleostei","Perciformes","Psychrolutidae","Psychrolutes","Psychrolutes sigalutes",2,2009,,TRUE,TRUE,FALSE,,,"soft sculpin, chabot velouté","fish"
282541,"Chordata","Teleostei","Perciformes","Cottidae","Radulinus","Radulinus asprellus",1,1966,,TRUE,TRUE,FALSE,,,"slim sculpin, chabot élancé","fish"
282629,"Chordata","Teleostei","Perciformes","Bathymasteridae","Ronquilus","Ronquilus jordani",2,1968,,TRUE,TRUE,FALSE,,,"northern ronquil, ronquille du nord","fish"
274771,"Chordata","Teleostei","Perciformes","Sebastidae","Sebastes","Sebastes aleutianus",4,1998,,TRUE,TRUE,FALSE,,,"rougheye rockfish, sébaste à oeil épineaux","fish"
254573,"Chordata","Teleostei","Perciformes","Sebastidae","Sebastes","Sebastes alutus",1,1961,,TRUE,TRUE,FALSE,,,"Pacific ocean perch, sébaste à longue mâchoire","fish"
274775,"Chordata","Teleostei","Perciformes","Sebastidae","Sebastes","Sebastes babcocki",,,,FALSE,TRUE,FALSE,,,"redbanded rockfish, sébaste à bandes rouges","fish"
274777,"Chordata","Teleostei","Perciformes","Sebastidae","Sebastes","Sebastes borealis",1,1998,,TRUE,TRUE,FALSE,,,"shortraker rockfish, sébaste boréal","fish"
274815,"Chordata","Teleostei","Perciformes","Sebastidae","Sebastes","Sebastes maliger",1,1961,,TRUE,TRUE,FALSE,,,"quillback rockfish, sébaste à dos épineaux","fish"
274817,"Chordata","Teleostei","Perciformes","Sebastidae","Sebastes","Sebastes melanops",1,1961,,TRUE,TRUE,FALSE,,,"black rockfish, sébaste noir","fish"
282740,"Chordata","Teleostei","Perciformes","Sebastidae","Sebastolobus","Sebastolobus alascanus",1,1998,,TRUE,FALSE,FALSE,"EN","EN","shortspine thornyhead, sébastolobe à courtes épines","fish"
159819,"Chordata","Teleostei","Perciformes","Stichaeidae","Stichaeus","Stichaeus punctatus",1,1961,,TRUE,TRUE,FALSE,,,"Arctic shanny, stichée arctique","fish"
283043,"Chordata","Teleostei","Perciformes","Trichodontidae","Trichodon","Trichodon trichodon",4,1984,,TRUE,TRUE,FALSE,,,"Pacific sandfish, trichodonte","fish"
127207,"Chordata","Teleostei","Perciformes","Cottidae","Triglops","Triglops pingelii",1,1968,,TRUE,TRUE,FALSE,,,"ribbed sculpin, faux-trigle bardé","fish"
283194,"Chordata","Teleostei","Perciformes","Stichaeidae","Xiphister","Xiphister atropurpureus",1,1961,,TRUE,TRUE,FALSE,,,"black prickleback, lompénie noir","fish"
254353,"Chordata","Teleostei","Perciformes","Zaproridae","Zaprora","Zaprora silenus",,,,FALSE,TRUE,FALSE,,,"prowfish, zaprora","fish"
279792,"Chordata","Teleostei","Pleuronectiformes","Pleuronectidae","Atheresthes","Atheresthes stomias",2,1998,,TRUE,TRUE,FALSE,"LC","LC","arrow-tooth flounder, plie à grande bouche","fish"
280690,"Chordata","Teleostei","Pleuronectiformes","Pleuronectidae","Eopsetta","Eopsetta jordani",3,1996,,TRUE,TRUE,FALSE,"LC","LC","petrale sole, plie de Californie","fish"
274287,"Chordata","Teleostei","Pleuronectiformes","Pleuronectidae","Glyptocephalus","Glyptocephalus zachirus",2,1968,,TRUE,TRUE,FALSE,"LC","LC","rex sole","fish"
274289,"Chordata","Teleostei","Pleuronectiformes","Pleuronectidae","Hippoglossoides","Hippoglossoides elassodon",2,1968,,TRUE,TRUE,FALSE,"LC","LC","flathead sole, plie à tête plate","fish"
274290,"Chordata","Teleostei","Pleuronectiformes","Pleuronectidae","Hippoglossus","Hippoglossus stenolepis",9,1998,,TRUE,TRUE,FALSE,"LC","LC","Pacific halibut, flétan du Pacifique","fish"
281189,"Chordata","Teleostei","Pleuronectiformes","Pleuronectidae","Isopsetta","Isopsetta isolepis",11,1996,,TRUE,TRUE,FALSE,"LC","LC","butter sole","fish"
281305,"Chordata","Teleostei","Pleuronectiformes","Pleuronectidae","Lepidopsetta","Lepidopsetta bilineata",2,1968,,TRUE,TRUE,FALSE,"LC","LC","rock sole, fausse limande du Pacifique","fish"
254562,"Chordata","Teleostei","Pleuronectiformes","Pleuronectidae","Limanda","Limanda aspera",1,1961,,TRUE,TRUE,FALSE,"LC","LC","yellowfin sole, limande du Japon","fish"
281452,"Chordata","Teleostei","Pleuronectiformes","Pleuronectidae","Lyopsetta","Lyopsetta exilis",2,2010,,TRUE,FALSE,FALSE,"LC","LC","slender sole","fish"
274294,"Chordata","Teleostei","Pleuronectiformes","Pleuronectidae","Microstomus","Microstomus pacificus",3,1998,,TRUE,TRUE,FALSE,"LC","LC","Dover sole, sole à petite bouche","fish"
254393,"Chordata","Teleostei","Pleuronectiformes","Pleuronectidae","Parophrys","Parophrys vetulus",2,1961,,TRUE,TRUE,FALSE,"LC","LC","English sole","fish"
154781,"Chordata","Teleostei","Pleuronectiformes","Pleuronectidae","Platichthys","Platichthys stellatus",2,1961,,TRUE,TRUE,FALSE,"LC","LC","starry flounder, flet étiolé","fish"
282396,"Chordata","Teleostei","Pleuronectiformes","Pleuronectidae","Psettichthys","Psettichthys melanostictus",9,1996,,TRUE,TRUE,FALSE,"LC","LC","Pacific sand sole, plie à points noirs","fish"
158726,"Chordata","Teleostei","Salmoniformes","Salmonidae","Coregonus","Coregonus clupeaformis",2,1957,,TRUE,FALSE,FALSE,,,"lake whitefish, grand corégone","fish"
127181,"Chordata","Teleostei","Salmoniformes","Salmonidae","Coregonus","Coregonus sardinella",1,1961,,TRUE,FALSE,FALSE,"LC","LC","least cisco, cisco sardinelle","fish"
127183,"Chordata","Teleostei","Salmoniformes","Salmonidae","Oncorhynchus","Oncorhynchus keta",2,1961,,TRUE,TRUE,FALSE,,,"Keta salmon, saumon chien","fish"
127184,"Chordata","Teleostei","Salmoniformes","Salmonidae","Oncorhynchus","Oncorhynchus kisutch",31,2005,,TRUE,TRUE,FALSE,,,"Coho salmon, saumon coho","fish"
127185,"Chordata","Teleostei","Salmoniformes","Salmonidae","Oncorhynchus","Oncorhynchus mykiss",3,2002,,TRUE,TRUE,FALSE,,,"rainbow trout, truite saumonée","fish"
254569,"Chordata","Teleostei","Salmoniformes","Salmonidae","Oncorhynchus","Oncorhynchus nerka",25,2005,,TRUE,TRUE,FALSE,"LC","LC","red salmon, saumon sockeye","fish"
158075,"Chordata","Teleostei","Salmoniformes","Salmonidae","Oncorhynchus","Oncorhynchus tshawytscha",22,2010,,TRUE,TRUE,FALSE,,,"Chinook salmon, saumon royal du Pacifique","fish"
282373,"Chordata","Teleostei","Salmoniformes","Salmonidae","Prosopium","Prosopium cylindraceum",17,2002,,TRUE,TRUE,FALSE,,,"round whitefish, ménomini rond","fish"
127186,"Chordata","Teleostei","Salmoniformes","Salmonidae","Salmo","Salmo salar",,,,FALSE,TRUE,FALSE,"LR/lc","LR/lc","Atlantic salmon, saumon d'Atlantique","fish"
154241,"Chordata","Teleostei","Salmoniformes","Salmonidae","Salvelinus","Salvelinus fontinalis",,,,FALSE,TRUE,FALSE,,,"brook trout, saumon de fontaine","fish"
254570,"Chordata","Teleostei","Salmoniformes","Salmonidae","Salvelinus","Salvelinus malma",23,2003,,TRUE,TRUE,FALSE,,,"dolly varden, Dolly Varden","fish"
100328,"Ascomycota","Dothideomycetes","Capnodiales","Mycosphaerellaceae","Mycosphaerella","Mycosphaerella tassiana",,,,FALSE,TRUE,FALSE,,,,"fungi"
1415546,"Ascomycota","Dothideomycetes","Pleosporales","Didymellaceae","Epicoccum","Epicoccum nigrum",,,,FALSE,TRUE,FALSE,,,,"fungi"
438957,"Ascomycota","Lecanoromycetes","Lecanorales","Mycoblastaceae","Tephromela","Tephromela atra var. atra",,,,FALSE,TRUE,FALSE,,,,"fungi"
100428,"Ascomycota","Sordariomycetes","Hypocreales","Clavicipitaceae","Claviceps","Claviceps purpurea",,,,FALSE,TRUE,FALSE,,,,"fungi"
283337,"Cnidaria","Anthozoa","Actiniaria","Actiniidae","Anthopleura","Anthopleura artemisia",1,1979,,TRUE,TRUE,FALSE,,,"buried sea anemone","jellyfish"
240753,"Cnidaria","Anthozoa","Actiniaria","Actiniidae","Anthopleura","Anthopleura sola",1,2007,,TRUE,TRUE,FALSE,,,"sunburst anemone","jellyfish"
283377,"Cnidaria","Anthozoa","Actiniaria","Actiniidae","Anthopleura","Anthopleura xanthogrammica",2,2007,,TRUE,TRUE,FALSE,,,"giant green anemone","jellyfish"
410901,"Cnidaria","Anthozoa","Actiniaria","Actiniidae","Aulactinia","Aulactinia incubans",1,1980,,TRUE,TRUE,FALSE,,,"incubating anemone","jellyfish"
283435,"Cnidaria","Anthozoa","Actiniaria","Actiniidae","Epiactis","Epiactis prolifera",1,2007,,TRUE,TRUE,FALSE,,,"brooding anemone","jellyfish"
100982,"Cnidaria","Anthozoa","Actiniaria","Metridiidae","Metridium","Metridium senile",1,1979,,TRUE,TRUE,FALSE,,,"clonal plumose anemone, oeillet de mer","jellyfish"
100832,"Cnidaria","Anthozoa","Actiniaria","Actiniidae","Urticina","Urticina crassicornis",,,,FALSE,TRUE,FALSE,,,"northern red anemone","jellyfish"
283442,"Cnidaria","Anthozoa","Actiniaria","Actiniidae","Urticina","Urticina grebelnyi",,,,FALSE,TRUE,FALSE,,,,"jellyfish"
156103,"Cnidaria","Anthozoa","Malacalcyonacea","Alcyoniidae","Gersemia","Gersemia rubiformis",1,2003,,TRUE,TRUE,FALSE,,,"sea strawberry, corail rubis","jellyfish"
1511284,"Cnidaria","Anthozoa","Scleractinia","Astraeomorphidae","Astraeomorpha","Astraeomorpha crassisepta",,,,FALSE,TRUE,FALSE,,,,"jellyfish"
1505863,"Cnidaria","Anthozoa","Scleractinia","Rhipidogyridae","Barysmilia","Barysmilia tenuicosta",,,,FALSE,TRUE,FALSE,,,,"jellyfish"
286728,"Cnidaria","Anthozoa","Scleractinia","Caryophylliidae","Caryophyllia","Caryophyllia (Caryophyllia) arnoldi",4,2016,,TRUE,TRUE,FALSE,,,"Arnold's stony coral, scléractiniaire d'Arnold","jellyfish"
1658524,"Cnidaria","Anthozoa","Scleractinia","Pamiroseriidae","Crassistella","Crassistella juvavica",,,,FALSE,TRUE,FALSE,,,,"jellyfish"
1718349,"Cnidaria","Anthozoa","Scleractinia","Actinastreidae","Cyathocoenia","Cyathocoenia paradoxa",,,,FALSE,TRUE,FALSE,,,,"jellyfish"
1658345,"Cnidaria","Anthozoa","Scleractinia","Reimaniphylliidae","Distichophyllia","Distichophyllia norica",,,,FALSE,TRUE,FALSE,,,,"jellyfish"
1463494,"Cnidaria","Anthozoa","Scleractinia","Coryphylliidae","Kuhnastraea","Kuhnastraea decussata",,,,FALSE,TRUE,FALSE,,,,"jellyfish"
1658326,"Cnidaria","Anthozoa","Scleractinia","Margarophylliidae","Margarosmilia","Margarosmilia confluens",,,,FALSE,TRUE,FALSE,,,,"jellyfish"
1582845,"Cnidaria","Anthozoa","Scleractinia","Gablonzeriidae","Pamirastraea","Pamirastraea profunda",,,,FALSE,TRUE,FALSE,,,,"jellyfish"
1512200,"Cnidaria","Anthozoa","Scleractinia","Pamiroseriidae","Pamiroseris","Pamiroseris meriani",,,,FALSE,TRUE,FALSE,,,,"jellyfish"
1698825,"Cnidaria","Anthozoa","Scleractinia","Reimaniphylliidae","Paracuifia","Paracuifia jennieae",,,,FALSE,TRUE,FALSE,,,,"jellyfish"
1658498,"Cnidaria","Anthozoa","Scleractinia","Reimaniphylliidae","Retiophyllia","Retiophyllia clathrata",,,,FALSE,TRUE,FALSE,,,,"jellyfish"
1658496,"Cnidaria","Anthozoa","Scleractinia","Reimaniphylliidae","Retiophyllia","Retiophyllia norica",,,,FALSE,TRUE,FALSE,,,,"jellyfish"
1698822,"Cnidaria","Anthozoa","Scleractinia","Reimaniphylliidae","Retiophyllia","Retiophyllia obtusa",,,,FALSE,TRUE,FALSE,,,,"jellyfish"
1661960,"Cnidaria","Anthozoa","Scleractinia","Reimaniphylliidae","Retiophyllia","Retiophyllia oppeli",,,,FALSE,TRUE,FALSE,,,,"jellyfish"
1512112,"Cnidaria","Anthozoa","Scleractinia","Thecosmiliidae","Thecosmilia","Thecosmilia caespitosa",,,,FALSE,TRUE,FALSE,,,,"jellyfish"
1658574,"Cnidaria","Anthozoa","Scleractinia","Thecosmiliidae","Thecosmilia","Thecosmilia charlyana",,,,FALSE,TRUE,FALSE,,,,"jellyfish"
832293,"Cnidaria","Anthozoa","Scleralcyonacea","Primnoidae","Callogorgia","Callogorgia delta",,,,FALSE,TRUE,FALSE,,,,"jellyfish"
286539,"Cnidaria","Anthozoa","Scleralcyonacea","Primnoidae","Primnoa","Primnoa pacifica",12,2006,,TRUE,TRUE,FALSE,,,"Pacific red tree coral, corail orangé du Pacifique","jellyfish"
759935,"Cnidaria","Anthozoa","Scleralcyonacea","Sarcodictyonidae","Sarcodictyon","Sarcodictyon incrustans",2,2005,,TRUE,TRUE,FALSE,,,,"jellyfish"
117491,"Cnidaria","Hydrozoa","Anthoathecata","Corynidae","Sarsia","Sarsia tubulosa",,,,FALSE,TRUE,FALSE,,,"clapper hydroid","jellyfish"
291143,"Cnidaria","Hydrozoa","Anthoathecata","Stylasteridae","Stylantheca","Stylantheca papillosa",,,,FALSE,TRUE,FALSE,,,"corrugated lace hydrocoral, hydrocoralliaire papilleux","jellyfish"
285915,"Cnidaria","Hydrozoa","Anthoathecata","Stylasteridae","Stylaster","Stylaster verrillii",,,,FALSE,TRUE,FALSE,,,"pink branching lace hydrocoral, hydrocoralliaire de Verrill","jellyfish"
285370,"Cnidaria","Hydrozoa","Leptothecata","Sertulariidae","Abietinaria","Abietinaria kincaidi",,,,FALSE,TRUE,FALSE,,,"sea pine hydroid","jellyfish"
283998,"Cnidaria","Hydrozoa","Leptothecata","Aequoreidae","Aequorea","Aequorea victoria",,,,FALSE,TRUE,FALSE,,,"water jellyfish","jellyfish"
1358362,"Cnidaria","Hydrozoa","Leptothecata","Sertulariidae","Amphisbetia","Amphisbetia greenei",1,2003,,TRUE,TRUE,FALSE,,,,"jellyfish"
117702,"Cnidaria","Hydrozoa","Leptothecata","Lafoeidae","Lafoea","Lafoea dumosa",,,,FALSE,TRUE,FALSE,,,,"jellyfish"
117929,"Cnidaria","Hydrozoa","Leptothecata","Symplectoscyphidae","Symplectoscyphus","Symplectoscyphus tricuspidatus",,,,FALSE,TRUE,FALSE,,,"Sessile hydrozoans","jellyfish"
287192,"Cnidaria","Scyphozoa","Semaeostomeae","Cyaneidae","Cyanea","Cyanea ferruginea",,,,FALSE,TRUE,FALSE,,,,"jellyfish"
242598,"Chordata","Mammalia","Carnivora","Mustelidae","Enhydra","Enhydra lutris",2,2004,,TRUE,TRUE,FALSE,"EN","EN","sea otter","mammals"
254999,"Chordata","Mammalia","Carnivora","Otariidae","Eumetopias","Eumetopias jubatus",12,2004,,TRUE,TRUE,FALSE,"NT","NT","Steller sea lion","mammals"
159017,"Chordata","Mammalia","Carnivora","Mustelidae","Lontra","Lontra canadensis",,,,FALSE,TRUE,FALSE,"LC","LC","river otter","mammals"
255018,"Chordata","Mammalia","Carnivora","Phocidae","Mirounga","Mirounga angustirostris",30,2015,,TRUE,TRUE,FALSE,"LC","LC","northern elephant seal","mammals"
137084,"Chordata","Mammalia","Carnivora","Phocidae","Phoca","Phoca vitulina",25,2004,,TRUE,TRUE,FALSE,"LC","LC","harbour seal, phoque veau marin","mammals"
255003,"Chordata","Mammalia","Carnivora","Otariidae","Zalophus","Zalophus californianus",,,,FALSE,TRUE,FALSE,"LC","LC","California sea lion","mammals"
137086,"Chordata","Mammalia","Cetartiodactyla","Balaenidae","Balaena","Balaena mysticetus",,,,FALSE,TRUE,FALSE,"LC","LC","bowhead whale, baleine franche boréale","mammals"
137087,"Chordata","Mammalia","Cetartiodactyla","Balaenopteridae","Balaenoptera","Balaenoptera acutorostrata",3,1993,,TRUE,TRUE,FALSE,"LC","LC","minke whale, rorqual mineur","mammals"
137091,"Chordata","Mammalia","Cetartiodactyla","Balaenopteridae","Balaenoptera","Balaenoptera physalus",2,2017,,TRUE,TRUE,FALSE,"VU","VU","fin whale, rorqual commun","mammals"
254974,"Chordata","Mammalia","Cetartiodactyla","Balaenidae","Eubalaena","Eubalaena japonica",7,1849,,TRUE,TRUE,FALSE,"EN","EN","North Pacific right whale, baleine du Japon","mammals"
137092,"Chordata","Mammalia","Cetartiodactyla","Balaenopteridae","Megaptera","Megaptera novaeangliae",4529,2023,,TRUE,TRUE,FALSE,"LC","LC","humpback whale, rorqual keporkak","mammals"
137102,"Chordata","Mammalia","Cetartiodactyla","Delphinidae","Orcinus","Orcinus orca",286,2023,,TRUE,TRUE,FALSE,"DD","DD","killer-trasher, orque","mammals"
137117,"Chordata","Mammalia","Cetartiodactyla","Phocoenidae","Phocoena","Phocoena phocoena",327,2015,,TRUE,TRUE,FALSE,"LC","LC","harbor porpoise, poursille","mammals"
254987,"Chordata","Mammalia","Cetartiodactyla","Phocoenidae","Phocoenoides","Phocoenoides dalli",3,1993,,TRUE,TRUE,FALSE,"LC","LC","Dall porpoise, marsouin de Dall","mammals"
137107,"Chordata","Mammalia","Cetartiodactyla","Delphinidae","Stenella","Stenella coeruleoalba",,,,FALSE,TRUE,FALSE,"LC","LC","striped dolphin, dauphin bleu et blanc","mammals"
137127,"Chordata","Mammalia","Cetartiodactyla","Ziphiidae","Ziphius","Ziphius cavirostris",,,,FALSE,TRUE,FALSE,"LC","LC","Cuvier's beaked whale, baleine bécune de Cuvier","mammals"
140103,"Mollusca","Bivalvia","Adapedonta","Hiatellidae","Hiatella","Hiatella arctica",,,,FALSE,TRUE,FALSE,,,"Arctic hiatella","molluscs"
140105,"Mollusca","Bivalvia","Adapedonta","Hiatellidae","Panomya","Panomya norvegica",,,,FALSE,TRUE,FALSE,,,"Arctic roughmya","molluscs"
715142,"Mollusca","Bivalvia","Arcida","Arcidae","Anadara","Anadara scapha",,,,FALSE,TRUE,FALSE,,,,"molluscs"
866273,"Mollusca","Bivalvia","Cardiida","Cardiidae","Anechinocardium","Anechinocardium lorenzanum",,,,FALSE,TRUE,FALSE,,,,"molluscs"
139000,"Mollusca","Bivalvia","Cardiida","Cardiidae","Ciliatocardium","Ciliatocardium ciliatum",,,,FALSE,TRUE,FALSE,,,"Hairy cockle","molluscs"
381980,"Mollusca","Bivalvia","Cardiida","Cardiidae","Clinocardium","Clinocardium nuttallii",,,,FALSE,TRUE,FALSE,,,,"molluscs"
381984,"Mollusca","Bivalvia","Cardiida","Cardiidae","Keenocardium","Keenocardium blandum",,,,FALSE,TRUE,FALSE,,,,"molluscs"
141579,"Mollusca","Bivalvia","Cardiida","Tellinidae","Macoma","Macoma balthica",,,,FALSE,TRUE,FALSE,,,"Baltic macoma, telline Baltique","molluscs"
254466,"Mollusca","Bivalvia","Cardiida","Tellinidae","Macoma","Macoma brota",,,,FALSE,TRUE,FALSE,,,,"molluscs"
141580,"Mollusca","Bivalvia","Cardiida","Tellinidae","Macoma","Macoma calcarea",,,,FALSE,TRUE,FALSE,,,"chalky macoma","molluscs"
714919,"Mollusca","Bivalvia","Cardiida","Tellinidae","Macoma","Macoma incongrua",,,,FALSE,TRUE,FALSE,,,,"molluscs"
582759,"Mollusca","Bivalvia","Cardiida","Tellinidae","Macoma","Macoma inquinata",,,,FALSE,TRUE,FALSE,,,,"molluscs"
156226,"Mollusca","Bivalvia","Cardiida","Tellinidae","Macoma","Macoma moesta",,,,FALSE,TRUE,FALSE,,,"flat macoma","molluscs"
507187,"Mollusca","Bivalvia","Cardiida","Psammobiidae","Nuttallia","Nuttallia nuttallii",,,,FALSE,TRUE,FALSE,,,"California mahogany-clam","molluscs"
582749,"Mollusca","Bivalvia","Cardiida","Cardiidae","Serripes","Serripes groenlandicus",,,,FALSE,TRUE,FALSE,,,"Greenland smoothcockle","molluscs"
138821,"Mollusca","Bivalvia","Carditida","Astartidae","Astarte","Astarte elliptica",,,,FALSE,TRUE,FALSE,,,"elliptical astarte","molluscs"
1420845,"Mollusca","Bivalvia","Carditida","Carditidae","Coanicardita","Coanicardita ventricosa",,,,FALSE,TRUE,FALSE,,,,"molluscs"
420805,"Mollusca","Bivalvia","Lucinida","Thyasiridae","Conchocele","Conchocele bisecta",,,,FALSE,TRUE,FALSE,,,,"molluscs"
1432259,"Mollusca","Bivalvia","Lucinida","Lucinidae","Lucinoma","Lucinoma acutilineata",,,,FALSE,TRUE,FALSE,,,,"molluscs"
464250,"Mollusca","Bivalvia","Lucinida","Lucinidae","Parvilucina","Parvilucina tenuisculpta",,,,FALSE,TRUE,FALSE,,,,"molluscs"
140431,"Mollusca","Bivalvia","Myida","Myidae","Mya","Mya truncata",,,,FALSE,TRUE,FALSE,,,"truncate softshell, mye tronquée","molluscs"
140467,"Mollusca","Bivalvia","Mytilida","Mytilidae","Modiolus","Modiolus modiolus",,,,FALSE,TRUE,FALSE,,,"northern horsemussel, modiole","molluscs"
367837,"Mollusca","Bivalvia","Mytilida","Mytilidae","Mytilus","Mytilus californianus",1,2003,,TRUE,TRUE,FALSE,,,"California mussel","molluscs"
140480,"Mollusca","Bivalvia","Mytilida","Mytilidae","Mytilus","Mytilus edulis",,,,FALSE,TRUE,FALSE,,,"blue mussel, moule commune","molluscs"
140482,"Mollusca","Bivalvia","Mytilida","Mytilidae","Mytilus","Mytilus trossulus",,,,FALSE,TRUE,FALSE,,,"northern bay mussel","molluscs"
541675,"Mollusca","Bivalvia","Mytilida","Mytilidae","Mytilus","Mytilus unguiculatus",,,,FALSE,TRUE,FALSE,,,,"molluscs"
506181,"Mollusca","Bivalvia","Mytilida","Mytilidae","Solamen","Solamen columbianum",,,,FALSE,TRUE,FALSE,,,,"molluscs"
506476,"Mollusca","Bivalvia","Nuculanida","Yoldiidae","Megayoldia","Megayoldia montereyensis",,,,FALSE,TRUE,FALSE,,,,"molluscs"
141983,"Mollusca","Bivalvia","Nuculanida","Yoldiidae","Megayoldia","Megayoldia thraciaeformis",,,,FALSE,TRUE,FALSE,,,"Broad yoldia","molluscs"
140579,"Mollusca","Bivalvia","Nuculanida","Nuculanidae","Nuculana","Nuculana pernula",,,,FALSE,TRUE,FALSE,,,"Müller's nut clam","molluscs"
867964,"Mollusca","Bivalvia","Nuculanida","Yoldiidae","Yoldia","Yoldia aeolica",,,,FALSE,TRUE,FALSE,,,,"molluscs"
141989,"Mollusca","Bivalvia","Nuculanida","Yoldiidae","Yoldia","Yoldia hyperborea",,,,FALSE,TRUE,FALSE,,,,"molluscs"
157005,"Mollusca","Bivalvia","Nuculanida","Yoldiidae","Yoldia","Yoldia limatula",,,,FALSE,TRUE,FALSE,,,"file yoldia, amande de mer","molluscs"
142005,"Mollusca","Bivalvia","Nuculanida","Yoldiidae","Yoldiella","Yoldiella philippiana",,,,FALSE,TRUE,FALSE,,,,"molluscs"
140584,"Mollusca","Bivalvia","Nuculida","Nuculidae","Ennucula","Ennucula tenuis",,,,FALSE,TRUE,FALSE,,,"smooth nutclam","molluscs"
607414,"Mollusca","Bivalvia","Nuculida","Nuculidae","Pronucula","Pronucula tenuis",,,,FALSE,TRUE,FALSE,,,"smooth nutclam","molluscs"
1362788,"Mollusca","Bivalvia","Ostreida","Halobiidae","Halobia","Halobia austriaca",,,,FALSE,TRUE,FALSE,,,,"molluscs"
1362793,"Mollusca","Bivalvia","Ostreida","Halobiidae","Halobia","Halobia fallax",,,,FALSE,TRUE,FALSE,,,,"molluscs"
1362780,"Mollusca","Bivalvia","Ostreida","Halobiidae","Halobia","Halobia ornatissima",,,,FALSE,TRUE,FALSE,,,,"molluscs"
367964,"Mollusca","Bivalvia","Pectinida","Pectinidae","Chlamys","Chlamys hastata",,,,FALSE,TRUE,FALSE,,,"spear scallop","molluscs"
254460,"Mollusca","Bivalvia","Pectinida","Pectinidae","Chlamys","Chlamys rubida",,,,FALSE,TRUE,FALSE,,,"Reddish pink scallop","molluscs"
1633056,"Mollusca","Bivalvia","Pectinida","Monotidae","Eomonotis","Eomonotis jakutica",,,,FALSE,TRUE,FALSE,,,,"molluscs"
1633002,"Mollusca","Bivalvia","Pectinida","Monotidae","Monotis","Monotis alaskana",,,,FALSE,TRUE,FALSE,,,,"molluscs"
1633007,"Mollusca","Bivalvia","Pectinida","Monotidae","Monotis","Monotis haueri",,,,FALSE,TRUE,FALSE,,,,"molluscs"
1552559,"Mollusca","Bivalvia","Pectinida","Monotidae","Pacimonotis","Pacimonotis subcircularis",,,,FALSE,TRUE,FALSE,,,,"molluscs"
1579450,"Mollusca","Bivalvia","Trigoniida","Trigoniidae","Minetrigonia","Minetrigonia suttonensis",,,,FALSE,TRUE,FALSE,,,,"molluscs"
423334,"Mollusca","Bivalvia","Venerida","Ungulinidae","Diplodonta","Diplodonta aleutica",,,,FALSE,TRUE,FALSE,,,,"molluscs"
156863,"Mollusca","Bivalvia","Venerida","Mactridae","Mactromeris","Mactromeris polynyma",,,,FALSE,TRUE,FALSE,,,"Arctic surfclam","molluscs"
506822,"Mollusca","Bivalvia",,"Pandoridae","Pandora","Pandora wardiana",,,,FALSE,TRUE,FALSE,,,,"molluscs"
342305,"Mollusca","Cephalopoda","Octopoda","Enteroctopodidae","Enteroctopus","Enteroctopus dofleini",,,,FALSE,TRUE,FALSE,"LC","LC","giant Pacific octopus","molluscs"
341859,"Mollusca","Cephalopoda","Oegopsida","Gonatidae","Gonatus","Gonatus onyx",,,,FALSE,TRUE,FALSE,"LC","LC","clawed armhook squid","molluscs"
1597647,"Mollusca","Gastropoda","Cycloneritida","Delphinulopsidae","Paradelphinulopsis","Paradelphinulopsis vallieri",,,,FALSE,TRUE,FALSE,,,,"molluscs"
1597649,"Mollusca","Gastropoda","Cycloneritida","Delphinulopsidae","Spinidelphinulopsis","Spinidelphinulopsis whaleni",,,,FALSE,TRUE,FALSE,,,,"molluscs"
367955,"Mollusca","Gastropoda","Lepetellida","Fissurellidae","Diodora","Diodora aspera",,,,FALSE,TRUE,FALSE,,,"rough keyhole limpet","molluscs"
761645,"Mollusca","Gastropoda","Lepetellida","Fissurellidae","Puncturella","Puncturella cucullata",,,,FALSE,TRUE,FALSE,,,,"molluscs"
527888,"Mollusca","Gastropoda","Lepetellida","Fissurellidae","Puncturella","Puncturella galeata",,,,FALSE,TRUE,FALSE,,,,"molluscs"
139975,"Mollusca","Gastropoda","Lepetellida","Fissurellidae","Puncturella","Puncturella noachina",,,,FALSE,TRUE,FALSE,,,"diluvian puncturella","molluscs"
140525,"Mollusca","Gastropoda","Littorinimorpha","Naticidae","Cryptonatica","Cryptonatica affinis",,,,FALSE,TRUE,FALSE,,,"Artic moonsnail, natice close","molluscs"
576533,"Mollusca","Gastropoda","Littorinimorpha","Naticidae","Cryptonatica","Cryptonatica aleutica",,,,FALSE,TRUE,FALSE,,,"Aleutian moon snail","molluscs"
580692,"Mollusca","Gastropoda","Littorinimorpha","Naticidae","Cryptonatica","Cryptonatica russa",,,,FALSE,TRUE,FALSE,,,,"molluscs"
576395,"Mollusca","Gastropoda","Littorinimorpha","Falsicingulidae","Falsicingula","Falsicingula aleutica",,,,FALSE,TRUE,FALSE,,,,"molluscs"
476496,"Mollusca","Gastropoda","Littorinimorpha","Cymatiidae","Fusitriton","Fusitriton oregonensis",,,,FALSE,TRUE,FALSE,,,"Oregon triton","molluscs"
140170,"Mollusca","Gastropoda","Littorinimorpha","Littorinidae","Lacuna","Lacuna vincta",,,,FALSE,TRUE,FALSE,,,"northern lacuna, lacune commune de l'Atlantique","molluscs"
445657,"Mollusca","Gastropoda","Littorinimorpha","Littorinidae","Littorina","Littorina scutulata",,,,FALSE,TRUE,FALSE,,,,"molluscs"
445754,"Mollusca","Gastropoda","Littorinimorpha","Littorinidae","Littorina","Littorina sitkana",,,,FALSE,TRUE,FALSE,,,,"molluscs"
445800,"Mollusca","Gastropoda","Littorinimorpha","Littorinidae","Littorina","Littorina subrotundata",,,,FALSE,TRUE,FALSE,,,,"molluscs"
880342,"Mollusca","Gastropoda","Littorinimorpha","Rissoidae","Onoba","Onoba asser",,,,FALSE,TRUE,FALSE,,,,"molluscs"
580665,"Mollusca","Gastropoda","Littorinimorpha","Capulidae","Trichotropis","Trichotropis cancellata",,,,FALSE,TRUE,FALSE,,,"cancellate hairysnail","molluscs"
580786,"Mollusca","Gastropoda","Littorinimorpha","Eulimidae","Vitreolina","Vitreolina columbiana",,,,FALSE,TRUE,FALSE,,,,"molluscs"
138969,"Mollusca","Gastropoda","Neogastropoda","Cancellariidae","Admete","Admete viridula",,,,FALSE,TRUE,FALSE,,,,"molluscs"
511361,"Mollusca","Gastropoda","Neogastropoda","Columbellidae","Amphissa","Amphissa columbiana",,,,FALSE,TRUE,FALSE,,,,"molluscs"
511362,"Mollusca","Gastropoda","Neogastropoda","Columbellidae","Amphissa","Amphissa reticulata",,,,FALSE,TRUE,FALSE,,,,"molluscs"
433018,"Mollusca","Gastropoda","Neogastropoda","Pseudomelatomidae","Antiplanes","Antiplanes catalinae",,,,FALSE,TRUE,FALSE,,,,"molluscs"
254474,"Mollusca","Gastropoda","Neogastropoda","Buccinidae","Beringius","Beringius crebricostatus",,,,FALSE,TRUE,FALSE,,,,"molluscs"
398930,"Mollusca","Gastropoda","Neogastropoda","Muricidae","Boreotrophon","Boreotrophon multicostatus",,,,FALSE,TRUE,FALSE,,,,"molluscs"
490785,"Mollusca","Gastropoda","Neogastropoda","Buccinidae","Buccinum","Buccinum baerii",,,,FALSE,TRUE,FALSE,,,,"molluscs"
138864,"Mollusca","Gastropoda","Neogastropoda","Buccinidae","Buccinum","Buccinum glaciale",,,,FALSE,TRUE,FALSE,,,"Glacial whelk","molluscs"
490857,"Mollusca","Gastropoda","Neogastropoda","Buccinidae","Buccinum","Buccinum strigillatum",,,,FALSE,TRUE,FALSE,,,,"molluscs"
464702,"Mollusca","Gastropoda","Neogastropoda","Cancellariidae","Cancellaria","Cancellaria crawfordiana",,,,FALSE,TRUE,FALSE,,,,"molluscs"
240767,"Mollusca","Gastropoda","Neogastropoda","Muricidae","Ceratostoma","Ceratostoma foliatum",,,,FALSE,TRUE,FALSE,,,"foliate thornmouth","molluscs"
491061,"Mollusca","Gastropoda","Neogastropoda","Buccinidae","Latisipho","Latisipho hallii",,,,FALSE,TRUE,FALSE,,,,"molluscs"
491076,"Mollusca","Gastropoda","Neogastropoda","Tudiclidae","Lirabuccinum","Lirabuccinum dirum",,,,FALSE,TRUE,FALSE,,,,"molluscs"
560256,"Mollusca","Gastropoda","Neogastropoda","Nassariidae","Nassarius","Nassarius mendicus",,,,FALSE,TRUE,FALSE,,,,"molluscs"
254477,"Mollusca","Gastropoda","Neogastropoda","Buccinidae","Neptunea","Neptunea lyrata",,,,FALSE,TRUE,FALSE,,,"Common Northwest neptune","molluscs"
491192,"Mollusca","Gastropoda","Neogastropoda","Buccinidae","Neptunea","Neptunea tabulata",,,,FALSE,TRUE,FALSE,,,"tabled neptune","molluscs"
404205,"Mollusca","Gastropoda","Neogastropoda","Muricidae","Nucella","Nucella canaliculata",2,2007,,TRUE,TRUE,FALSE,,,,"molluscs"
404208,"Mollusca","Gastropoda","Neogastropoda","Muricidae","Nucella","Nucella emarginata",,,,FALSE,TRUE,FALSE,,,,"molluscs"
404218,"Mollusca","Gastropoda","Neogastropoda","Muricidae","Nucella","Nucella lamellosa",,,,FALSE,TRUE,FALSE,,,,"molluscs"
404384,"Mollusca","Gastropoda","Neogastropoda","Muricidae","Nucella","Nucella lima",,,,FALSE,TRUE,FALSE,,,"file dog winkle","molluscs"
404225,"Mollusca","Gastropoda","Neogastropoda","Muricidae","Nucella","Nucella ostrina",,,,FALSE,TRUE,FALSE,,,,"molluscs"
1329778,"Mollusca","Gastropoda","Neogastropoda","Muricidae","Paciocinebrina","Paciocinebrina interfossa",,,,FALSE,TRUE,FALSE,,,,"molluscs"
1329756,"Mollusca","Gastropoda","Neogastropoda","Muricidae","Paciocinebrina","Paciocinebrina lurida",,,,FALSE,TRUE,FALSE,,,,"molluscs"
434737,"Mollusca","Gastropoda","Neogastropoda","Mangeliidae","Propebela","Propebela popovia",,,,FALSE,TRUE,FALSE,,,,"molluscs"
399334,"Mollusca","Gastropoda","Neogastropoda","Muricidae","Scabrotrophon","Scabrotrophon maltzani",,,,FALSE,TRUE,FALSE,,,,"molluscs"
399364,"Mollusca","Gastropoda","Neogastropoda","Muricidae","Trophonopsis","Trophonopsis orpheus",,,,FALSE,TRUE,FALSE,,,,"molluscs"
491383,"Mollusca","Gastropoda","Neogastropoda","Buccinidae","Volutharpa","Volutharpa ampullacea",,,,FALSE,TRUE,FALSE,,,"Ample fragile buccinum","molluscs"
1340034,"Mollusca","Gastropoda","Nudibranchia","Janolidae","Antiopella","Antiopella fusca",,,,FALSE,TRUE,FALSE,,,,"molluscs"
886611,"Mollusca","Gastropoda","Pleurotomariida","Ptychocaulidae","Medfracaulus","Medfracaulus karlae",,,,FALSE,TRUE,FALSE,,,,"molluscs"
580412,"Mollusca","Gastropoda","Trochida","Calliostomatidae","Calliostoma","Calliostoma ligatum",,,,FALSE,TRUE,FALSE,,,,"molluscs"
141821,"Mollusca","Gastropoda","Trochida","Margaritidae","Margarites","Margarites helicinus",,,,FALSE,TRUE,FALSE,,,"spiral margarite","molluscs"
528731,"Mollusca","Gastropoda","Trochida","Margaritidae","Margarites","Margarites pupillus",,,,FALSE,TRUE,FALSE,,,"puppet margarite","molluscs"
141859,"Mollusca","Gastropoda","Trochida","Colloniidae","Moelleria","Moelleria costulata",,,,FALSE,TRUE,FALSE,,,"ribbed moelleria","molluscs"
141840,"Mollusca","Gastropoda","Trochida","Solariellidae","Solariella","Solariella obscura",,,,FALSE,TRUE,FALSE,,,"obscure solarelle","molluscs"
534194,"Mollusca","Gastropoda","Trochida","Tegulidae","Tegula","Tegula pulligo",1,1989,,TRUE,TRUE,FALSE,,,"brown turban","molluscs"
1712931,"Mollusca","Gastropoda","[unassigned] Caenogastropoda","Turritellidae","Cristispira","Cristispira pugetensis",,,,FALSE,TRUE,FALSE,,,,"molluscs"
456582,"Mollusca","Gastropoda",,"Acmaeidae","Acmaea","Acmaea mitra",,,,FALSE,TRUE,FALSE,,,"Pacific white cap limpet","molluscs"
1673075,"Mollusca","Gastropoda",,"Euomphalopteridae","Bathmopterus","Bathmopterus liratus",,,,FALSE,TRUE,FALSE,,,,"molluscs"
527810,"Mollusca","Gastropoda",,"Lepetidae","Lepeta","Lepeta concentrica",,,,FALSE,TRUE,FALSE,,,,"molluscs"
456588,"Mollusca","Gastropoda",,"Lottiidae","Lottia","Lottia digitalis",,,,FALSE,TRUE,FALSE,,,,"molluscs"
456591,"Mollusca","Gastropoda",,"Lottiidae","Lottia","Lottia fenestrata",,,,FALSE,TRUE,FALSE,,,,"molluscs"
510025,"Mollusca","Gastropoda",,"Lottiidae","Lottia","Lottia instabilis",1,2007,,TRUE,TRUE,FALSE,,,,"molluscs"
456602,"Mollusca","Gastropoda",,"Lottiidae","Lottia","Lottia pelta",2,2007,,TRUE,TRUE,FALSE,,,,"molluscs"
456603,"Mollusca","Gastropoda",,"Lottiidae","Lottia","Lottia persona",,,,FALSE,TRUE,FALSE,,,,"molluscs"
456605,"Mollusca","Gastropoda",,"Lottiidae","Lottia","Lottia scutum",,,,FALSE,TRUE,FALSE,,,,"molluscs"
181582,"Mollusca","Gastropoda",,"Lymnaeidae","Lymnaea","Lymnaea stagnalis",,,,FALSE,TRUE,FALSE,"LC","LC","great pondsnail","molluscs"
234208,"Mollusca","Gastropoda",,"Lottiidae","Testudinalia","Testudinalia testudinalis",,,,FALSE,TRUE,FALSE,,,"common tortoiseshell limpet","molluscs"
386338,"Mollusca","Polyplacophora","Chitonida","Mopaliidae","Katharina","Katharina tunicata",4,2007,,TRUE,TRUE,FALSE,,,,"molluscs"
386441,"Mollusca","Polyplacophora","Chitonida","Tonicellidae","Tonicella","Tonicella lineata",7,1972,,TRUE,TRUE,FALSE,,,"lined chiton","molluscs"
166637,"Porifera","Demospongiae","Haplosclerida","Chalinidae","Haliclona","Haliclona (Rhizoniera) rosea",1,2005,,TRUE,TRUE,FALSE,,,,"sponges"
132804,"Porifera","Demospongiae","Haplosclerida","Chalinidae","Haliclona","Haliclona gracilis",,,,FALSE,TRUE,FALSE,,,"slender horny sponge, éponge gracile","sponges"
165853,"Porifera","Demospongiae","Suberitida","Halichondriidae","Halichondria","Halichondria (Halichondria) panicea",,,,FALSE,TRUE,FALSE,,,"breadcrumb sponge","sponges"
134282,"Porifera","Demospongiae","Suberitida","Suberitidae","Suberites","Suberites domuncula",1,2013,,TRUE,FALSE,FALSE,,,"hermit crab sponge","sponges"
134285,"Porifera","Demospongiae","Suberitida","Suberitidae","Suberites","Suberites ficus",1,1996,,TRUE,TRUE,FALSE,,,"fig sponge, éponge figuier","sponges"
171632,"Porifera","Hexactinellida","Sceptrulophora","Aphrocallistidae","Aphrocallistes","Aphrocallistes vastus",2,2013,,TRUE,TRUE,FALSE,,,"cloud glass sponge, éponge moutonnée","sponges"
255040,"Echinodermata","Asteroidea","Forcipulatida","Asteriidae","Evasterias","Evasterias troschelii",,,,FALSE,TRUE,FALSE,,,,"starfish"
369153,"Echinodermata","Asteroidea","Forcipulatida","Asteriidae","Leptasterias","Leptasterias (Hexasterias) alaskensis",,,,FALSE,TRUE,FALSE,,,,"starfish"
125154,"Echinodermata","Asteroidea","Forcipulatida","Asteriidae","Leptasterias","Leptasterias (Hexasterias) polaris",,,,FALSE,TRUE,FALSE,,,"grande astérie polaire","starfish"
369177,"Echinodermata","Asteroidea","Forcipulatida","Asteriidae","Leptasterias","Leptasterias hexactis",,,,FALSE,TRUE,FALSE,,,,"starfish"
255116,"Echinodermata","Asteroidea","Forcipulatida","Pedicellasteridae","Pedicellaster","Pedicellaster magister",,,,FALSE,TRUE,FALSE,,,,"starfish"
240764,"Echinodermata","Asteroidea","Forcipulatida","Asteriidae","Pycnopodia","Pycnopodia helianthoides",1,1903,,TRUE,TRUE,FALSE,"CR","CR",,"starfish"
123915,"Echinodermata","Asteroidea","Paxillosida","Ctenodiscidae","Ctenodiscus","Ctenodiscus crispatus",,,,FALSE,TRUE,FALSE,,,"Common mud star","starfish"
124321,"Echinodermata","Echinoidea","Camarodonta","Strongylocentrotidae","Strongylocentrotus","Strongylocentrotus droebachiensis",,,,FALSE,TRUE,FALSE,,,"green sea urchin, oursin vert","starfish"
1034331,"Echinodermata","Echinoidea","Echinolampadacea","Echinarachniidae","Kewia","Kewia kannoi",,,,FALSE,TRUE,FALSE,,,,"starfish"
528995,"Echinodermata","Holothuroidea","Dendrochirotida","Cucumariidae","Cucumaria","Cucumaria fallax",,,,FALSE,TRUE,FALSE,,,,"starfish"
124969,"Echinodermata","Ophiuroidea","Euryalida","Gorgonocephalidae","Gorgonocephalus","Gorgonocephalus eucnemis",,,,FALSE,TRUE,FALSE,,,"Common basket star","starfish"
244282,"Echinodermata","Ophiuroidea","Ophiurida","Ophiuridae","Ophiura","Ophiura luetkenii",1,1903,,TRUE,TRUE,FALSE,,,,"starfish"
124934,"Echinodermata","Ophiuroidea","Ophiurida","Ophiuridae","Ophiura","Ophiura sarsii",,,,FALSE,TRUE,FALSE,,,"Sars' spider seastar","starfish"
475668,"Annelida","Clitellata","Enchytraeida","Enchytraeidae","Enchytraeus","Enchytraeus kincaidi",,,,FALSE,TRUE,FALSE,,,,"worms"
333724,"Annelida","Polychaeta","Eunicida","Lumbrineridae","Kuwaita","Kuwaita heteropoda",1,1979,,TRUE,TRUE,FALSE,,,,"worms"
333920,"Annelida","Polychaeta","Eunicida","Lumbrineridae","Lumbrineris","Lumbrineris similabris",,,,FALSE,TRUE,FALSE,,,,"worms"
254455,"Annelida","Polychaeta","Phyllodocida","Polynoidae","Eunoe","Eunoe depressa",,,,FALSE,TRUE,FALSE,,,,"worms"
335446,"Annelida","Polychaeta","Phyllodocida","Polynoidae","Eunoe","Eunoe depressa",1,1903,,TRUE,FALSE,FALSE,,,,"worms"
240562,"Annelida","Polychaeta","Phyllodocida","Goniadidae","Goniada","Goniada annulata",,,,FALSE,TRUE,FALSE,,,,"worms"
869884,"Annelida","Polychaeta","Phyllodocida","Nephtyidae","Micronephthys","Micronephthys cornuta",,,,FALSE,TRUE,FALSE,,,,"worms"
334137,"Annelida","Polychaeta","Phyllodocida","Nephtyidae","Nephtys","Nephtys californiensis",,,,FALSE,TRUE,FALSE,,,,"worms"
254751,"Annelida","Polychaeta","Phyllodocida","Nephtyidae","Nephtys","Nephtys punctata",,,,FALSE,TRUE,FALSE,,,,"worms"
130602,"Annelida","Polychaeta","Phyllodocida","Sigalionidae","Pholoe","Pholoe longa",,,,FALSE,TRUE,FALSE,,,,"worms"
334512,"Annelida","Polychaeta","Phyllodocida","Phyllodocidae","Phyllodoce","Phyllodoce mucosa",,,,FALSE,TRUE,FALSE,,,,"worms"
332682,"Annelida","Polychaeta","Sabellida","Sabellidae","Chone","Chone magna",,,,FALSE,TRUE,FALSE,,,,"worms"
130903,"Annelida","Polychaeta","Sabellida","Sabellidae","Euchone","Euchone analis",,,,FALSE,TRUE,FALSE,,,,"worms"
131131,"Annelida","Polychaeta","Spionida","Spionidae","Malacoceros","Malacoceros fuliginosus",,,,FALSE,TRUE,FALSE,,,,"worms"
131153,"Annelida","Polychaeta","Spionida","Spionidae","Prionospio","Prionospio cirrifera",,,,FALSE,TRUE,FALSE,,,,"worms"
129804,"Annelida","Polychaeta","Terebellida","Melinnidae","Melinna","Melinna cristata",,,,FALSE,TRUE,FALSE,,,,"worms"
333667,"Annelida","Polychaeta",,"Sabellariidae","Idanthyrsus","Idanthyrsus macropaleus",,,,FALSE,TRUE,FALSE,,,,"worms"
333668,"Annelida","Polychaeta",,"Sabellariidae","Idanthyrsus","Idanthyrsus saxicavus",,,,FALSE,TRUE,FALSE,,,,"worms"
254746,"Annelida","Polychaeta",,"Orbiniidae","Leitoscoloplos","Leitoscoloplos pugettensis",,,,FALSE,TRUE,FALSE,,,,"worms"
100614,"Acanthocephala","Palaeacanthocephala","Polymorphida","Polymorphidae","Corynosoma","Corynosoma strumosum",,,,FALSE,TRUE,FALSE,,,,
231986,"Arthropoda","Arachnida","Trombidiformes","Bdellidae","Neomolgus","Neomolgus littoralis",,,,FALSE,TRUE,FALSE,,,,
150836,"Arthropoda","Hexapoda","Coleoptera","Hydraenidae","Ochthebius","Ochthebius marinus",,,,FALSE,TRUE,FALSE,,,"marine moss beetle",
158482,"Arthropoda","Hexapoda","Diptera","Chironomidae","Cricotopus","Cricotopus sylvestris",,,,FALSE,TRUE,FALSE,,,,
151067,"Arthropoda","Hexapoda","Diptera","Scathophagidae","Scathophaga","Scathophaga litorea",,,,FALSE,TRUE,FALSE,,,,
504118,"Arthropoda","Hexapoda","Hemiptera","Saldidae","Saldula","Saldula saltatoria",,,,FALSE,TRUE,FALSE,,,"common shorebug",
232012,"Arthropoda","Hexapoda",,"Isotomidae","Archisotoma","Archisotoma besselsi",,,,FALSE,TRUE,FALSE,,,,
106215,"Arthropoda","Thecostraca","Balanomorpha","Balanidae","Balanus","Balanus crenatus",,,,FALSE,TRUE,FALSE,,,"crenate barnacle, balane crénelée",
394848,"Arthropoda","Thecostraca","Balanomorpha","Balanidae","Balanus","Balanus glandula",2,2007,,TRUE,TRUE,FALSE,,,,
594745,"Arthropoda","Thecostraca","Balanomorpha","Balanidae","Balanus","Balanus nubilus",2,2007,,TRUE,TRUE,FALSE,,,"giant acorn barnacle",
106236,"Arthropoda","Thecostraca","Balanomorpha","Coronulidae","Coronula","Coronula diadema",,,,FALSE,TRUE,FALSE,,,,
594746,"Arthropoda","Thecostraca","Balanomorpha","Balanidae","Semibalanus","Semibalanus cariosus",2,2007,,TRUE,TRUE,FALSE,,,"thatched barnacle",
134787,"Arthropoda","Thecostraca",,"Clistosaccidae","Sylon","Sylon hippolytes",,,,FALSE,TRUE,FALSE,,,,
1456971,"Basidiomycota","Agaricomycetes","Agaricales","Agaricaceae","Amanita","Amanita muscaria",,,,FALSE,TRUE,FALSE,,,,
235423,"Brachiopoda","Rhynchonellata","Rhynchonellida","Frieleiidae","Frieleia","Frieleia halli",,,,FALSE,TRUE,FALSE,,,,
104054,"Brachiopoda","Rhynchonellata","Rhynchonellida","Hemithirididae","Hemithiris","Hemithiris psittacea",,,,FALSE,TRUE,FALSE,,,"rhynchonella grise",
869709,"Brachiopoda","Rhynchonellata","Terebratulida","Laqueidae","Laqueus","Laqueus japonicus",,,,FALSE,TRUE,FALSE,,,,
235615,"Brachiopoda","Rhynchonellata","Terebratulida","Terebrataliidae","Terebratalia","Terebratalia transversa",,,,FALSE,TRUE,FALSE,,,,
235529,"Brachiopoda","Rhynchonellata","Terebratulida","Cancellothyrididae","Terebratulina","Terebratulina unguicula",,,,FALSE,TRUE,FALSE,,,,
382471,"Bryophyta","Bryopsida","Dicranales","Dicranaceae","Dicranum","Dicranum scoparium",,,,FALSE,TRUE,FALSE,,,"broom fork-moss",
426103,"Bryophyta","Bryopsida","Pottiales","Pottiaceae","Hennediella","Hennediella heimii",,,,FALSE,TRUE,FALSE,,,"Heim's pottia",
250250,"Chordata","Ascidiacea","Aplousobranchia","Polycitoridae","Eudistoma","Eudistoma ritteri",,,,FALSE,TRUE,FALSE,,,,
251422,"Chordata","Ascidiacea","Stolidobranchia","Styelidae","Styela","Styela yakutatensis",1,2003,,TRUE,TRUE,FALSE,,,,
101104,"Kinorhyncha","Cyclorhagida","Echinorhagata","Echinoderidae","Echinoderes","Echinoderes angustus",,,,FALSE,TRUE,FALSE,,,,
101105,"Kinorhyncha","Cyclorhagida","Echinorhagata","Echinoderidae","Echinoderes","Echinoderes aquilonius",,,,FALSE,TRUE,FALSE,,,,
101113,"Kinorhyncha","Cyclorhagida","Echinorhagata","Echinoderidae","Echinoderes","Echinoderes eximus",,,,FALSE,TRUE,FALSE,,,,
265081,"Kinorhyncha","Cyclorhagida","Echinorhagata","Echinoderidae","Echinoderes","Echinoderes remanei",,,,FALSE,TRUE,FALSE,,,,
1433042,"Kinorhyncha","Cyclorhagida","Kentrorhagata","Centroderidae","Condyloderes","Condyloderes shirleyi",1,1990,,TRUE,TRUE,FALSE,,,,
715973,"Tracheophyta","Magnoliopsida","Alismatales","Araceae","Lemna","Lemna trisulca",,,,FALSE,TRUE,FALSE,"LC","LC","ivy-leaved duckweed",
1297680,"Tracheophyta","Magnoliopsida","Alismatales","Potamogetonaceae","Potamogeton","Potamogeton berchtoldii",,,,FALSE,TRUE,FALSE,"LC","LC","small pondweed",
416212,"Tracheophyta","Magnoliopsida","Alismatales","Potamogetonaceae","Potamogeton","Potamogeton perfoliatus",,,,FALSE,TRUE,FALSE,"LC","LC","perfoliate pondweed",
416218,"Tracheophyta","Magnoliopsida","Alismatales","Ruppiaceae","Ruppia","Ruppia cirrhosa",,,,FALSE,TRUE,FALSE,"LC","LC",,
588573,"Tracheophyta","Magnoliopsida","Alismatales","Potamogetonaceae","Stuckenia","Stuckenia pectinata",,,,FALSE,TRUE,FALSE,"LC","LC",,
425785,"Tracheophyta","Magnoliopsida","Brassicales","Brassicaceae","Cochlearia","Cochlearia officinalis",,,,FALSE,TRUE,FALSE,,,"common scurvygrass",
412894,"Tracheophyta","Magnoliopsida","Caryophyllales","Caryophyllaceae","Honckenya","Honckenya peploides",,,,FALSE,TRUE,FALSE,,,"seaside sandplant",
418666,"Tracheophyta","Magnoliopsida","Caryophyllales","Amaranthaceae","Suaeda","Suaeda calceoliformis",,,,FALSE,TRUE,FALSE,,,,
577514,"Tracheophyta","Magnoliopsida","Poales","Poaceae","Anthoxanthum","Anthoxanthum nitens",,,,FALSE,TRUE,FALSE,,,"vanilla grass",
577504,"Tracheophyta","Magnoliopsida","Poales","Cyperaceae","Carex","Carex mackenziei",,,,FALSE,TRUE,FALSE,,,"Mackenzie's sedge",
577503,"Tracheophyta","Magnoliopsida","Poales","Cyperaceae","Carex","Carex paleacea",,,,FALSE,TRUE,FALSE,"LC","LC","chaffy sedge",
577506,"Tracheophyta","Magnoliopsida","Poales","Poaceae","Elymus","Elymus repens",,,,FALSE,TRUE,FALSE,,,"quackgrass",
431962,"Tracheophyta","Magnoliopsida","Poales","Poaceae","Festuca","Festuca rubra",,,,FALSE,TRUE,FALSE,,,"red fescue",
577502,"Tracheophyta","Magnoliopsida","Poales","Poaceae","Hordeum","Hordeum jubatum",,,,FALSE,TRUE,FALSE,"LC","LC","squirrel-tail barley",
577515,"Tracheophyta","Magnoliopsida","Poales","Juncaceae","Juncus","Juncus filiformis",,,,FALSE,TRUE,FALSE,"LC","LC","thread rush",
577519,"Tracheophyta","Magnoliopsida","Poales","Poaceae","Phleum","Phleum pratense",,,,FALSE,TRUE,FALSE,,,"common timothy",
416216,"Tracheophyta","Magnoliopsida","Ranunculales","Ranunculaceae","Ranunculus","Ranunculus aquatilis",,,,FALSE,TRUE,FALSE,"LC","LC","water crowfoot",
416205,"Tracheophyta","Magnoliopsida","Saxifragales","Haloragaceae","Myriophyllum","Myriophyllum spicatum",,,,FALSE,TRUE,FALSE,"LC","LC","spiked water-milfoil",
1523497,"Tracheophyta","Polypodiopsida","Equisetales","Equisetaceae","Equisetum","Equisetum arvense",,,,FALSE,TRUE,FALSE,"LC","LC",,
1523519,"Tracheophyta","Polypodiopsida","Equisetales","Equisetaceae","Equisetum","Equisetum palustre",,,,FALSE,TRUE,FALSE,"LC","LC",,
