"AphiaID","phylum","class","order","family","genus","species","records","reads","asvs","max_year","target_gene","source_obis","source_gbif","source_dna","category","redlist_category","vernacular","group"
159377,"Chordata","Aves","Accipitriformes","Pandionidae","Pandion","Pandion haliaetus",,,,,,FALSE,TRUE,FALSE,"LC","LC","osprey, balbuzard pêcheur","birds"
1034711,"Chordata","Aves","Anseriformes","Anatidae","Anser","Anser caerulescens",67,,,2014,,TRUE,FALSE,FALSE,"LC","LC",,"birds"
137075,"Chordata","Aves","Anseriformes","Anatidae","Somateria","Somateria spectabilis",10,,,2008,,TRUE,FALSE,FALSE,"LC","LC","king eider, eider à tête grise","birds"
159081,"Chordata","Aves","Charadriiformes","Scolopacidae","Actitis","Actitis macularius",,,,,,FALSE,TRUE,FALSE,"LC","LC","spotted sandpiper, chevalier grivelé","birds"
344003,"Chordata","Aves","Charadriiformes","Laridae","Anous","Anous minutus",,,,,,FALSE,TRUE,FALSE,"LC","LC","black noddy,  Noddi noir","birds"
212629,"Chordata","Aves","Charadriiformes","Laridae","Anous","Anous stolidus",,,,,,FALSE,TRUE,FALSE,"LC","LC","common noddy, Noddi brun","birds"
147431,"Chordata","Aves","Charadriiformes","Scolopacidae","Arenaria","Arenaria interpres",,,,,,FALSE,TRUE,FALSE,"LC","LC","ruddy turnstone, tournepierre à collier","birds"
159084,"Chordata","Aves","Charadriiformes","Scolopacidae","Calidris","Calidris alba",,,,,,FALSE,TRUE,FALSE,"LC","LC","sanderling, bécasseau sanderling","birds"
159048,"Chordata","Aves","Charadriiformes","Scolopacidae","Calidris","Calidris bairdii",,,,,,FALSE,TRUE,FALSE,"LC","LC","Baird's sandpiper, bécasseau de Baird","birds"
159050,"Chordata","Aves","Charadriiformes","Scolopacidae","Calidris","Calidris fuscicollis",,,,,,FALSE,TRUE,FALSE,"LC","LC","white-rumped sandpiper, bécasseau de Bonaparte","birds"
366588,"Chordata","Aves","Charadriiformes","Scolopacidae","Calidris","Calidris mauri",,,,,,FALSE,TRUE,FALSE,"LC","LC","western sandpiper, bécasseau d'Alaska","birds"
159054,"Chordata","Aves","Charadriiformes","Scolopacidae","Calidris","Calidris minutilla",,,,,,FALSE,TRUE,FALSE,"LC","LC","least sandpiper","birds"
159055,"Chordata","Aves","Charadriiformes","Scolopacidae","Calidris","Calidris pusilla",,,,,,FALSE,TRUE,FALSE,"NT","NT","Semipalmated Sandpiper","birds"
159126,"Chordata","Aves","Charadriiformes","Charadriidae","Charadrius","Charadrius semipalmatus",,,,,,FALSE,TRUE,FALSE,"LC","LC","semipalmated plover,   pluvier semipalmé","birds"
159127,"Chordata","Aves","Charadriiformes","Charadriidae","Charadrius","Charadrius vociferus",,,,,,FALSE,TRUE,FALSE,"LC","LC","killdeer,  pluvier kildir","birds"
344611,"Chordata","Aves","Charadriiformes","Laridae","Creagrus","Creagrus furcatus",,,,,,FALSE,TRUE,FALSE,"LC","LC","swallow-tailed gull,  mouette à queue fourchue","birds"
148798,"Chordata","Aves","Charadriiformes","Laridae","Gelochelidon","Gelochelidon nilotica",,,,,,FALSE,TRUE,FALSE,"LC","LC","gull-billed tern","birds"
344045,"Chordata","Aves","Charadriiformes","Laridae","Gygis","Gygis alba",,,,,,FALSE,TRUE,FALSE,"LC","LC","common white-tern, gygis blanche","birds"
159128,"Chordata","Aves","Charadriiformes","Charadriidae","Haematopus","Haematopus palliatus",,,,,,FALSE,TRUE,FALSE,"LC","LC","American oystercatcher, huîtrier d'Amérique","birds"
344082,"Chordata","Aves","Charadriiformes","Laridae","Larosterna","Larosterna inca",,,,,,FALSE,TRUE,FALSE,"NT","NT","Inca tern, sterne Inca","birds"
159074,"Chordata","Aves","Charadriiformes","Laridae","Larus","Larus atricilla",,,,,,FALSE,TRUE,FALSE,"LC","LC","laughing gull, mouette atricille","birds"
159076,"Chordata","Aves","Charadriiformes","Laridae","Larus","Larus philadelphia",,,,,,FALSE,TRUE,FALSE,"LC","LC","Bonaparte's gull, mouette de Bonaparte","birds"
159077,"Chordata","Aves","Charadriiformes","Laridae","Larus","Larus pipixcan",,,,,,FALSE,TRUE,FALSE,"LC","LC","Franklin's gull, mouette de Franklin","birds"
158955,"Chordata","Aves","Charadriiformes","Scolopacidae","Limnodromus","Limnodromus griseus",,,,,,FALSE,TRUE,FALSE,"LC","LC","short-billed dowitcher, bécassin à bec court","birds"
159040,"Chordata","Aves","Charadriiformes","Scolopacidae","Numenius","Numenius phaeopus",,,,,,FALSE,TRUE,FALSE,"LC","LC","whimbrel, courlis corllieu","birds"
567827,"Chordata","Aves","Charadriiformes","Laridae","Onychoprion","Onychoprion fuscatus",,,,,,FALSE,TRUE,FALSE,"LC","LC","sooty tern","birds"
137168,"Chordata","Aves","Charadriiformes","Phalaropodidae","Phalaropus","Phalaropus fulicarius",,,,,,FALSE,TRUE,FALSE,"LC","LC","red phalarope, phalarope à bec large","birds"
137169,"Chordata","Aves","Charadriiformes","Phalaropodidae","Phalaropus","Phalaropus lobatus",,,,,,FALSE,TRUE,FALSE,"LC","LC","red-necked phalarope, phalarope à bec mince","birds"
159043,"Chordata","Aves","Charadriiformes","Phalaropodidae","Phalaropus","Phalaropus tricolor",,,,,,FALSE,TRUE,FALSE,,,"Wilson's phalarope, phalarope de Wilson","birds"
159137,"Chordata","Aves","Charadriiformes","Charadriidae","Pluvialis","Pluvialis squatarola",,,,,,FALSE,TRUE,FALSE,"LC","LC","grey plover, pluvier argenté","birds"
137171,"Chordata","Aves","Charadriiformes","Stercorariidae","Stercorarius","Stercorarius longicaudus",,,,,,FALSE,TRUE,FALSE,"LC","LC","long-tailed jaeger, labbe à longue queue","birds"
137172,"Chordata","Aves","Charadriiformes","Stercorariidae","Stercorarius","Stercorarius parasiticus",,,,,,FALSE,TRUE,FALSE,"LC","LC","parasitic jaeger, labbe parasite","birds"
137173,"Chordata","Aves","Charadriiformes","Stercorariidae","Stercorarius","Stercorarius pomarinus",1,,,1971,,TRUE,FALSE,FALSE,"LC","LC","pomarine jaeger, stercoraire pomarin","birds"
225959,"Chordata","Aves","Charadriiformes","Laridae","Sterna","Sterna elegans",,,,,,FALSE,TRUE,FALSE,,,"elegant tern, sterne élégante","birds"
137162,"Chordata","Aves","Charadriiformes","Laridae","Sterna","Sterna hirundo",,,,,,FALSE,TRUE,FALSE,"LC","LC","common tern, sterne pierregarin","birds"
137163,"Chordata","Aves","Charadriiformes","Laridae","Sterna","Sterna maxima",,,,,,FALSE,TRUE,FALSE,,,"royal tern,  sterne royale","birds"
137165,"Chordata","Aves","Charadriiformes","Laridae","Sterna","Sterna paradisaea",,,,,,FALSE,TRUE,FALSE,"LC","LC","Arctic tern, sterne à longue queue","birds"
159030,"Chordata","Aves","Charadriiformes","Scolopacidae","Tringa","Tringa flavipes",,,,,,FALSE,TRUE,FALSE,"LC","LC","lesser yellowlegs, Ppetit chevalier","birds"
567470,"Chordata","Aves","Charadriiformes","Scolopacidae","Tringa","Tringa incana",,,,,,FALSE,TRUE,FALSE,"LC","LC","wandering tattler, chevalier errant","birds"
158967,"Chordata","Aves","Charadriiformes","Scolopacidae","Tringa","Tringa melanoleuca",,,,,,FALSE,TRUE,FALSE,"LC","LC","greater yellowlegs, grand chevalier","birds"
567466,"Chordata","Aves","Charadriiformes","Scolopacidae","Tringa","Tringa semipalmata",,,,,,FALSE,TRUE,FALSE,"LC","LC","Chevalier semipalmé","birds"
159382,"Chordata","Aves","Ciconiiformes","Ardeidae","Ardea","Ardea herodias",,,,,,FALSE,TRUE,FALSE,"LC","LC","amerikaanse blauwe reiger, Grand Héron","birds"
212661,"Chordata","Aves","Ciconiiformes","Ardeidae","Butorides","Butorides striata",,,,,,FALSE,TRUE,FALSE,"LC","LC","green-backed heron, héron strié","birds"
159116,"Chordata","Aves","Ciconiiformes","Ardeidae","Egretta","Egretta thula",,,,,,FALSE,TRUE,FALSE,"LC","LC","snowy egret, aigrette neigeuse","birds"
159001,"Chordata","Aves","Coraciiformes","Alcedinidae","Megaceryle","Megaceryle alcyon",,,,,,FALSE,TRUE,FALSE,"LC","LC","belted kingfisher, Martin-pêcheur d'Amérique","birds"
343999,"Chordata","Aves","Pelecaniformes","Fregatidae","Fregata","Fregata magnificens",,,,,,FALSE,TRUE,FALSE,"LC","LC","magnificent frigatebird, frégate superbe","birds"
212654,"Chordata","Aves","Pelecaniformes","Fregatidae","Fregata","Fregata minor",,,,,,FALSE,TRUE,FALSE,"LC","LC","great frigatebird, frégate du Pacifique","birds"
343935,"Chordata","Aves","Pelecaniformes","Pelecanidae","Pelecanus","Pelecanus occidentalis",,,,,,FALSE,TRUE,FALSE,"LC","LC","brown pelican, pélican brun","birds"
137177,"Chordata","Aves","Pelecaniformes","Phaethontidae","Phaethon","Phaethon aethereus",,,,,,FALSE,TRUE,FALSE,"LC","LC","red-billed tropicbird, phaéton à bec rouge","birds"
212595,"Chordata","Aves","Pelecaniformes","Phaethontidae","Phaethon","Phaethon rubricauda",,,,,,FALSE,TRUE,FALSE,"LC","LC","red-tailed tropicbird, phaéton à brins rouges","birds"
212599,"Chordata","Aves","Pelecaniformes","Sulidae","Sula","Sula dactylatra",,,,,,FALSE,TRUE,FALSE,"LC","LC","blue-faced booby, Fou masqué","birds"
212597,"Chordata","Aves","Pelecaniformes","Sulidae","Sula","Sula leucogaster",,,,,,FALSE,TRUE,FALSE,"LC","LC","brown booby, fou brun","birds"
343959,"Chordata","Aves","Pelecaniformes","Sulidae","Sula","Sula nebouxii",,,,,,FALSE,TRUE,FALSE,"LC","LC","blue-footed booby, fou à pieds bleus","birds"
212596,"Chordata","Aves","Pelecaniformes","Sulidae","Sula","Sula sula",,,,,,FALSE,TRUE,FALSE,"LC","LC","red-footed booby, fou à pieds rouges","birds"
1674258,"Chordata","Aves","Procellariiformes","Procellariidae","Ardenna","Ardenna creatopus",,,,,,FALSE,TRUE,FALSE,"VU","VU",,"birds"
343961,"Chordata","Aves","Procellariiformes","Hydrobatidae","Oceanites","Oceanites gracilis",,,,,,FALSE,TRUE,FALSE,"DD","DD","Elliot's storm petrel, Océanite d'Elliot","birds"
137191,"Chordata","Aves","Procellariiformes","Hydrobatidae","Oceanodroma","Oceanodroma castro",,,,,,FALSE,TRUE,FALSE,,,"band-rumped storm petrel, océanite de Castro","birds"
343966,"Chordata","Aves","Procellariiformes","Hydrobatidae","Oceanodroma","Oceanodroma markhami",,,,,,FALSE,TRUE,FALSE,,,"Markham's storm-petrel, océanite de Markham","birds"
343967,"Chordata","Aves","Procellariiformes","Hydrobatidae","Oceanodroma","Oceanodroma melania",,,,,,FALSE,TRUE,FALSE,,,"black storm petrel, océanite noir","birds"
343968,"Chordata","Aves","Procellariiformes","Hydrobatidae","Oceanodroma","Oceanodroma microsoma",,,,,,FALSE,TRUE,FALSE,,,"least storm petrel, océanite minute","birds"
343969,"Chordata","Aves","Procellariiformes","Hydrobatidae","Oceanodroma","Oceanodroma tethys",,,,,,FALSE,TRUE,FALSE,,,"wedge-rumped storm petrel, océanite téthys","birds"
225914,"Chordata","Aves","Procellariiformes","Procellariidae","Procellaria","Procellaria parkinsoni",,,,,,FALSE,TRUE,FALSE,"VU","VU","black petrel, puffin de Parkinson","birds"
225904,"Chordata","Aves","Procellariiformes","Procellariidae","Procellaria","Procellaria westlandica",,,,,,FALSE,TRUE,FALSE,"EN","EN","Westland petrel, Puffin du Westland","birds"
343980,"Chordata","Aves","Procellariiformes","Procellariidae","Pterodroma","Pterodroma phaeopygia",,,,,,FALSE,TRUE,FALSE,"CR","CR","Galapagos petrel, pétrel des Galapagos","birds"
137202,"Chordata","Aves","Procellariiformes","Procellariidae","Puffinus","Puffinus griseus",,,,,,FALSE,TRUE,FALSE,,,"sooty shearwater, puffin fuligineux","birds"
212633,"Chordata","Aves","Procellariiformes","Procellariidae","Puffinus","Puffinus lherminieri",,,,,,FALSE,TRUE,FALSE,"LC","LC","dusky shearwater, puffin d'Audubon","birds"
212634,"Chordata","Aves","Procellariiformes","Procellariidae","Puffinus","Puffinus pacificus",,,,,,FALSE,TRUE,FALSE,,,"wedge-tailed shearwater, puffin fouquet","birds"
137203,"Chordata","Aves","Procellariiformes","Procellariidae","Puffinus","Puffinus puffinus",,,,,,FALSE,TRUE,FALSE,"LC","LC","Manx shearwater, puffin des Anglais","birds"
135147,"Cnidaria","Hexacorallia","Scleractinia","Cladocoridae","Cladocora","Cladocora debilis",,,,,,FALSE,TRUE,FALSE,,,"thin tube coral","cnidarians"
1450910,"Cnidaria","Hexacorallia","Scleractinia","Dendrophylliidae","Tubastraea","Tubastraea coccinea",,,,,,FALSE,TRUE,FALSE,,,,"cnidarians"
117265,"Cnidaria","Hydrozoa","Narcomedusae","Solmundaeginidae","Aeginopsis","Aeginopsis laurentii",1,,,,,TRUE,FALSE,FALSE,,,,"cnidarians"
520696,"Cnidaria","Octocorallia","Malacalcyonacea","Gorgoniidae","Pacifigorgia","Pacifigorgia media",,,,,,FALSE,TRUE,FALSE,,,,"cnidarians"
104464,"Arthropoda","Copepoda","Calanoida","Calanidae","Calanus","Calanus finmarchicus",1,,,,,TRUE,FALSE,FALSE,,,,"copepods"
104517,"Arthropoda","Copepoda","Calanoida","Clausocalanidae","Pseudocalanus","Pseudocalanus minutus",2,,,,,TRUE,FALSE,FALSE,,,,"copepods"
106656,"Arthropoda","Copepoda","Cyclopoida","Oithonidae","Oithona","Oithona similis",2,,,,,TRUE,FALSE,FALSE,,,,"copepods"
102514,"Arthropoda","Malacostraca","Amphipoda","Uristidae","Anonyx","Anonyx nugax",1,,,1935,,TRUE,FALSE,FALSE,,,,"crustaceans"
102870,"Arthropoda","Malacostraca","Amphipoda","Oedicerotidae","Arrhis","Arrhis phyllonyx",1,,,1911,,TRUE,FALSE,FALSE,,,"sea piglet","crustaceans"
102125,"Arthropoda","Malacostraca","Amphipoda","Atylidae","Atylus","Atylus carinatus",1,,,1911,,TRUE,FALSE,FALSE,,,,"crustaceans"
416573,"Arthropoda","Malacostraca","Amphipoda","Ampeliscidae","Byblis","Byblis gaimardii",1,,,1935,,TRUE,FALSE,FALSE,,,,"crustaceans"
102199,"Arthropoda","Malacostraca","Amphipoda","Eusiridae","Eusirus","Eusirus cuspidatus",1,,,1935,,TRUE,FALSE,FALSE,,,,"crustaceans"
510207,"Arthropoda","Malacostraca","Amphipoda","Lestrigonidae","Hyperioides","Hyperioides sibaginis",,,,,,FALSE,TRUE,FALSE,,,,"crustaceans"
236568,"Arthropoda","Malacostraca","Amphipoda","Lestrigonidae","Lestrigonus","Lestrigonus bengalensis",,,,,,FALSE,TRUE,FALSE,,,,"crustaceans"
102444,"Arthropoda","Malacostraca","Amphipoda","Corophiidae","Protomedeia","Protomedeia grandimana",1,,,1935,,TRUE,FALSE,FALSE,,,,"crustaceans"
102224,"Arthropoda","Malacostraca","Amphipoda","Eusiridae","Rhachotropis","Rhachotropis aculeata",1,,,1914,,TRUE,FALSE,FALSE,,,,"crustaceans"
103105,"Arthropoda","Malacostraca","Amphipoda","Stegocephalidae","Stegocephalus","Stegocephalus inflatus",2,,,1935,,TRUE,FALSE,FALSE,,,,"crustaceans"
110477,"Arthropoda","Malacostraca","Cumacea","Diastylidae","Diastylis","Diastylis edwardsii",1,,,1911,,TRUE,FALSE,FALSE,,,,"crustaceans"
181984,"Arthropoda","Malacostraca","Cumacea","Diastylidae","Diastylis","Diastylis sulcata",1,,,1911,,TRUE,FALSE,FALSE,,,,"crustaceans"
451835,"Arthropoda","Malacostraca","Decapoda","Portunidae","Achelous","Achelous affinis",,,,,,FALSE,TRUE,FALSE,,,,"crustaceans"
440878,"Arthropoda","Malacostraca","Decapoda","Acidopsidae","Acidops","Acidops fimbriatus",,,,,,FALSE,TRUE,FALSE,,,,"crustaceans"
440255,"Arthropoda","Malacostraca","Decapoda","Aethridae","Aethra","Aethra scutata",,,,,,FALSE,TRUE,FALSE,,,,"crustaceans"
514832,"Arthropoda","Malacostraca","Decapoda","Alpheidae","Alpheus","Alpheus bellimanus",,,,,,FALSE,TRUE,FALSE,,,"olive snapping shrimp","crustaceans"
240846,"Arthropoda","Malacostraca","Decapoda","Alpheidae","Alpheus","Alpheus bouvieri",,,,,,FALSE,TRUE,FALSE,,,,"crustaceans"
514877,"Arthropoda","Malacostraca","Decapoda","Alpheidae","Alpheus","Alpheus galapagensis",,,,,,FALSE,TRUE,FALSE,,,,"crustaceans"
514880,"Arthropoda","Malacostraca","Decapoda","Alpheidae","Alpheus","Alpheus grahami",,,,,,FALSE,TRUE,FALSE,,,,"crustaceans"
514884,"Arthropoda","Malacostraca","Decapoda","Alpheidae","Alpheus","Alpheus hebes",,,,,,FALSE,TRUE,FALSE,,,,"crustaceans"
514911,"Arthropoda","Malacostraca","Decapoda","Alpheidae","Alpheus","Alpheus longinquus",,,,,,FALSE,TRUE,FALSE,,,,"crustaceans"
210544,"Arthropoda","Malacostraca","Decapoda","Alpheidae","Alpheus","Alpheus lottini",,,,,,FALSE,TRUE,FALSE,,,"coral snapping shrimp","crustaceans"
240853,"Arthropoda","Malacostraca","Decapoda","Alpheidae","Alpheus","Alpheus malleator",,,,,,FALSE,TRUE,FALSE,,,"hammerclaw snapping shrimp","crustaceans"
514928,"Arthropoda","Malacostraca","Decapoda","Alpheidae","Alpheus","Alpheus panamensis",,,,,,FALSE,TRUE,FALSE,,,,"crustaceans"
210522,"Arthropoda","Malacostraca","Decapoda","Alpheidae","Alpheus","Alpheus paracrinitus",,,,,,FALSE,TRUE,FALSE,,,"smoothclaw snapping shrimp","crustaceans"
240856,"Arthropoda","Malacostraca","Decapoda","Alpheidae","Alpheus","Alpheus sulcatus",,,,,,FALSE,TRUE,FALSE,,,,"crustaceans"
1258716,"Arthropoda","Malacostraca","Decapoda","Mithracidae","Amphithrax","Amphithrax tuberculatus",,,,,,FALSE,TRUE,FALSE,,,,"crustaceans"
367402,"Arthropoda","Malacostraca","Decapoda","Diogenidae","Aniculus","Aniculus elegans",,,,,,FALSE,TRUE,FALSE,,,,"crustaceans"
107611,"Arthropoda","Malacostraca","Decapoda","Palaemonidae","Brachycarpus","Brachycarpus biunguiculatus",,,,,,FALSE,TRUE,FALSE,,,"twoclaw shrimp","crustaceans"
440299,"Arthropoda","Malacostraca","Decapoda","Calappidae","Calappa","Calappa convexa",,,,,,FALSE,TRUE,FALSE,,,,"crustaceans"
209501,"Arthropoda","Malacostraca","Decapoda","Calappidae","Calappa","Calappa hepatica",,,,,,FALSE,TRUE,FALSE,,,"smooth box crab","crustaceans"
212922,"Arthropoda","Malacostraca","Decapoda","Rhynchocinetidae","Cinetorhynchus","Cinetorhynchus hiatti",,,,,,FALSE,TRUE,FALSE,,,"candystripe hingebeak","crustaceans"
441864,"Arthropoda","Malacostraca","Decapoda","Inachidae","Coryrhynchus","Coryrhynchus margaritarius",,,,,,FALSE,TRUE,FALSE,,,,"crustaceans"
241109,"Arthropoda","Malacostraca","Decapoda","Portunidae","Cronius","Cronius ruber",,,,,,FALSE,TRUE,FALSE,,,"blackpoint sculling crab","crustaceans"
440316,"Arthropoda","Malacostraca","Decapoda","Calappidae","Cryptosoma","Cryptosoma bairdii",,,,,,FALSE,TRUE,FALSE,,,"shameface heart crab","crustaceans"
444240,"Arthropoda","Malacostraca","Decapoda","Xanthidae","Cycloxanthops","Cycloxanthops vittatus",,,,,,FALSE,TRUE,FALSE,,,,"crustaceans"
442233,"Arthropoda","Malacostraca","Decapoda","Parthenopidae","Daldorfia","Daldorfia trigona",,,,,,FALSE,TRUE,FALSE,,,,"crustaceans"
441121,"Arthropoda","Malacostraca","Decapoda","Leucosiidae","Ebalia","Ebalia hancocki",,,,,,FALSE,TRUE,FALSE,,,,"crustaceans"
441903,"Arthropoda","Malacostraca","Decapoda","Inachidae","Ericerodes","Ericerodes angulatus",,,,,,FALSE,TRUE,FALSE,,,,"crustaceans"
440486,"Arthropoda","Malacostraca","Decapoda","Eriphiidae","Eriphia","Eriphia granulosa",,,,,,FALSE,TRUE,FALSE,,,,"crustaceans"
442743,"Arthropoda","Malacostraca","Decapoda","Portunidae","Euphylax","Euphylax dovii",,,,,,FALSE,TRUE,FALSE,,,,"crustaceans"
440512,"Arthropoda","Malacostraca","Decapoda","Oziidae","Eupilumnus","Eupilumnus xantusii",,,,,,FALSE,TRUE,FALSE,,,,"crustaceans"
441981,"Arthropoda","Malacostraca","Decapoda","Inachoididae","Euprognatha","Euprognatha granulata",,,,,,FALSE,TRUE,FALSE,,,,"crustaceans"
241196,"Arthropoda","Malacostraca","Decapoda","Grapsidae","Geograpsus","Geograpsus lividus",,,,,,FALSE,TRUE,FALSE,,,"variegate shore crab","crustaceans"
444137,"Arthropoda","Malacostraca","Decapoda","Xanthidae","Glyptoxanthus","Glyptoxanthus labyrinthicus",,,,,,FALSE,TRUE,FALSE,,,,"crustaceans"
220567,"Arthropoda","Malacostraca","Decapoda","Palaemonidae","Gnathophylloides","Gnathophylloides mineri",,,,,,FALSE,TRUE,FALSE,,,"squat urchin shrimp","crustaceans"
514428,"Arthropoda","Malacostraca","Decapoda","Palaemonidae","Gnathophyllum","Gnathophyllum panamense",,,,,,FALSE,TRUE,FALSE,,,,"crustaceans"
422188,"Arthropoda","Malacostraca","Decapoda","Grapsidae","Grapsus","Grapsus grapsus",,,,,,FALSE,TRUE,FALSE,,,"Sally lightfoot crab","crustaceans"
211149,"Arthropoda","Malacostraca","Decapoda","Cryptochiridae","Hapalocarcinus","Hapalocarcinus marsupialis",,,,,,FALSE,TRUE,FALSE,,,"coral gall crab","crustaceans"
220131,"Arthropoda","Malacostraca","Decapoda","Palaemonidae","Harpiliopsis","Harpiliopsis depressa",,,,,,FALSE,TRUE,FALSE,,,"flattened shrimp","crustaceans"
220130,"Arthropoda","Malacostraca","Decapoda","Palaemonidae","Harpiliopsis","Harpiliopsis spinigera",,,,,,FALSE,TRUE,FALSE,,,,"crustaceans"
220255,"Arthropoda","Malacostraca","Decapoda","Aristeidae","Hemipenaeus","Hemipenaeus carpenteri",,,,,,FALSE,TRUE,FALSE,,,,"crustaceans"
441548,"Arthropoda","Malacostraca","Decapoda","Epialtidae","Herbstia","Herbstia tumida",,,,,,FALSE,TRUE,FALSE,,,,"crustaceans"
444037,"Arthropoda","Malacostraca","Decapoda","Xanthidae","Heteractaea","Heteractaea lunata",,,,,,FALSE,TRUE,FALSE,,,"fuzzy mud crab","crustaceans"
515432,"Arthropoda","Malacostraca","Decapoda","Pandalidae","Heterocarpus","Heterocarpus hostilis",,,,,,FALSE,TRUE,FALSE,,,,"crustaceans"
210554,"Arthropoda","Malacostraca","Decapoda","Palaemonidae","Hymenocera","Hymenocera picta",,,,,,FALSE,TRUE,FALSE,,,"harlequin shrimp","crustaceans"
440123,"Arthropoda","Malacostraca","Decapoda","Dromiidae","Hypoconcha","Hypoconcha panamensis",,,,,,FALSE,TRUE,FALSE,,,,"crustaceans"
366483,"Arthropoda","Malacostraca","Decapoda","Paguridae","Iridopagurus","Iridopagurus occidentalis",,,,,,FALSE,TRUE,FALSE,,,,"crustaceans"
208975,"Arthropoda","Malacostraca","Decapoda","Xanthidae","Liomera","Liomera cinctimanus",,,,,,FALSE,TRUE,FALSE,,,,"crustaceans"
515361,"Arthropoda","Malacostraca","Decapoda","Lysmatidae","Lysmata","Lysmata argentopunctata",,,,,,FALSE,TRUE,FALSE,,,,"crustaceans"
515367,"Arthropoda","Malacostraca","Decapoda","Lysmatidae","Lysmata","Lysmata galapagensis",,,,,,FALSE,TRUE,FALSE,,,,"crustaceans"
515382,"Arthropoda","Malacostraca","Decapoda","Lysmatidae","Lysmata","Lysmata trisetacea",,,,,,FALSE,TRUE,FALSE,,,,"crustaceans"
107397,"Arthropoda","Malacostraca","Decapoda","Polybiidae","Macropipus","Macropipus tuberculatus",,,,,,FALSE,TRUE,FALSE,,,"portunid crab","crustaceans"
377497,"Arthropoda","Malacostraca","Decapoda","Penaeidae","Metapenaeopsis","Metapenaeopsis kishinouyei",,,,,,FALSE,TRUE,FALSE,,,,"crustaceans"
444300,"Arthropoda","Malacostraca","Decapoda","Nanocassiopidae","Microcassiope","Microcassiope xantusii",,,,,,FALSE,TRUE,FALSE,,,,"crustaceans"
442109,"Arthropoda","Malacostraca","Decapoda","Mithracidae","Microphrys","Microphrys aculeatus",,,,,,FALSE,TRUE,FALSE,,,,"crustaceans"
440096,"Arthropoda","Malacostraca","Decapoda","Dromiidae","Moreiradromia","Moreiradromia sarraburei",,,,,,FALSE,TRUE,FALSE,,,,"crustaceans"
107573,"Arthropoda","Malacostraca","Decapoda","Nematocarcinidae","Nematocarcinus","Nematocarcinus ensifer",,,,,,FALSE,TRUE,FALSE,,,,"crustaceans"
514598,"Arthropoda","Malacostraca","Decapoda","Palaemonidae","Neopontonides","Neopontonides dentiger",,,,,,FALSE,TRUE,FALSE,,,,"crustaceans"
514133,"Arthropoda","Malacostraca","Decapoda","Sergestidae","Neosergestes","Neosergestes orientalis",,,,,,FALSE,TRUE,FALSE,,,,"crustaceans"
440274,"Arthropoda","Malacostraca","Decapoda","Aethridae","Osachila","Osachila levis",,,,,,FALSE,TRUE,FALSE,,,,"crustaceans"
440522,"Arthropoda","Malacostraca","Decapoda","Oziidae","Ozius","Ozius verreauxii",,,,,,FALSE,TRUE,FALSE,,,,"crustaceans"
425866,"Arthropoda","Malacostraca","Decapoda","Porcellanidae","Pachycheles","Pachycheles biocellatus",,,,,,FALSE,TRUE,FALSE,,,,"crustaceans"
107457,"Arthropoda","Malacostraca","Decapoda","Grapsidae","Pachygrapsus","Pachygrapsus transversus",,,,,,FALSE,TRUE,FALSE,,,"mottled shore crab","crustaceans"
366658,"Arthropoda","Malacostraca","Decapoda","Paguridae","Pagurus","Pagurus benedicti",,,,,,FALSE,TRUE,FALSE,,,,"crustaceans"
366737,"Arthropoda","Malacostraca","Decapoda","Paguridae","Pagurus","Pagurus nesiotes",,,,,,FALSE,TRUE,FALSE,,,,"crustaceans"
442191,"Arthropoda","Malacostraca","Decapoda","Palicidae","Palicus","Palicus fragilis",,,,,,FALSE,TRUE,FALSE,,,,"crustaceans"
442193,"Arthropoda","Malacostraca","Decapoda","Palicidae","Palicus","Palicus lucasii",,,,,,FALSE,TRUE,FALSE,,,,"crustaceans"
210358,"Arthropoda","Malacostraca","Decapoda","Palinuridae","Panulirus","Panulirus penicillatus",,,,,,FALSE,TRUE,FALSE,"LC","LC","pronghorn spiny lobster, grosses têtes","crustaceans"
823869,"Arthropoda","Malacostraca","Decapoda","Callianideidae","Paracallianidea","Paracallianidea laevicauda",,,,,,FALSE,TRUE,FALSE,,,,"crustaceans"
444054,"Arthropoda","Malacostraca","Decapoda","Xanthidae","Paractaea","Paractaea sulcata",,,,,,FALSE,TRUE,FALSE,,,,"crustaceans"
368060,"Arthropoda","Malacostraca","Decapoda","Parapaguridae","Parapagurus","Parapagurus holthuisi",,,,,,FALSE,TRUE,FALSE,,,,"crustaceans"
584944,"Arthropoda","Malacostraca","Decapoda","Penaeidae","Penaeus","Penaeus californiensis",,,,,,FALSE,TRUE,FALSE,,,"yellowleg shrimp","crustaceans"
584982,"Arthropoda","Malacostraca","Decapoda","Penaeidae","Penaeus","Penaeus stylirostris",,,,,,FALSE,TRUE,FALSE,,,"Pacific blue shrimp","crustaceans"
107458,"Arthropoda","Malacostraca","Decapoda","Percnidae","Percnon","Percnon gibbesi",,,,,,FALSE,TRUE,FALSE,,,"flat crab, Sally-pied-léger","crustaceans"
514640,"Arthropoda","Malacostraca","Decapoda","Palaemonidae","Periclimenaeus","Periclimenaeus hancocki",,,,,,FALSE,TRUE,FALSE,,,,"crustaceans"
368345,"Arthropoda","Malacostraca","Decapoda","Diogenidae","Petrochirus","Petrochirus californiensis",,,,,,FALSE,TRUE,FALSE,,,,"crustaceans"
431846,"Arthropoda","Malacostraca","Decapoda","Porcellanidae","Petrolisthes","Petrolisthes edwardsii",,,,,,FALSE,TRUE,FALSE,,,,"crustaceans"
431849,"Arthropoda","Malacostraca","Decapoda","Porcellanidae","Petrolisthes","Petrolisthes glasselli",,,,,,FALSE,TRUE,FALSE,,,,"crustaceans"
431852,"Arthropoda","Malacostraca","Decapoda","Porcellanidae","Petrolisthes","Petrolisthes haigae",,,,,,FALSE,TRUE,FALSE,,,,"crustaceans"
431864,"Arthropoda","Malacostraca","Decapoda","Porcellanidae","Petrolisthes","Petrolisthes polymitus",,,,,,FALSE,TRUE,FALSE,,,,"crustaceans"
431835,"Arthropoda","Malacostraca","Decapoda","Porcellanidae","Petrolisthes","Petrolisthes tonsorius",,,,,,FALSE,TRUE,FALSE,,,,"crustaceans"
366817,"Arthropoda","Malacostraca","Decapoda","Paguridae","Phimochirus","Phimochirus californiensis",,,,,,FALSE,TRUE,FALSE,,,,"crustaceans"
207571,"Arthropoda","Malacostraca","Decapoda","Plagusiidae","Plagusia","Plagusia immaculata",,,,,,FALSE,TRUE,FALSE,,,,"crustaceans"
444058,"Arthropoda","Malacostraca","Decapoda","Xanthidae","Platyactaea","Platyactaea dovii",,,,,,FALSE,TRUE,FALSE,,,,"crustaceans"
440341,"Arthropoda","Malacostraca","Decapoda","Calappidae","Platymera","Platymera gaudichaudii",,,,,,FALSE,TRUE,FALSE,,,"armed box crab, crabe armé","crustaceans"
444391,"Arthropoda","Malacostraca","Decapoda","Xanthidae","Platypodiella","Platypodiella gemmata",,,,,,FALSE,TRUE,FALSE,,,,"crustaceans"
515078,"Arthropoda","Malacostraca","Decapoda","Alpheidae","Pomagnathus","Pomagnathus corallinus",,,,,,FALSE,TRUE,FALSE,,,,"crustaceans"
514752,"Arthropoda","Malacostraca","Decapoda","Palaemonidae","Pontonia","Pontonia margarita",,,,,,FALSE,TRUE,FALSE,,,,"crustaceans"
514763,"Arthropoda","Malacostraca","Decapoda","Palaemonidae","Pseudocoutierea","Pseudocoutierea elegans",,,,,,FALSE,TRUE,FALSE,,,,"crustaceans"
514765,"Arthropoda","Malacostraca","Decapoda","Palaemonidae","Pseudoveleronia","Pseudoveleronia laevifrons",,,,,,FALSE,TRUE,FALSE,,,,"crustaceans"
366928,"Arthropoda","Malacostraca","Decapoda","Paguridae","Pylopaguropsis","Pylopaguropsis teevana",,,,,,FALSE,TRUE,FALSE,,,,"crustaceans"
443871,"Arthropoda","Malacostraca","Decapoda","Trapeziidae","Quadrella","Quadrella nitida",,,,,,FALSE,TRUE,FALSE,,,,"crustaceans"
514385,"Arthropoda","Malacostraca","Decapoda","Rhynchocinetidae","Rhynchocinetes","Rhynchocinetes typus",,,,,,FALSE,TRUE,FALSE,,,,"crustaceans"
377579,"Arthropoda","Malacostraca","Decapoda","Penaeidae","Rimapenaeus","Rimapenaeus pacificus",,,,,,FALSE,TRUE,FALSE,,,,"crustaceans"
220245,"Arthropoda","Malacostraca","Decapoda","Alpheidae","Salmoneus","Salmoneus serratidigitus",,,,,,FALSE,TRUE,FALSE,,,,"crustaceans"
377610,"Arthropoda","Malacostraca","Decapoda","Sergestidae","Sergia","Sergia inoa",,,,,,FALSE,TRUE,FALSE,,,,"crustaceans"
377621,"Arthropoda","Malacostraca","Decapoda","Sicyoniidae","Sicyonia","Sicyonia affinis",,,,,,FALSE,TRUE,FALSE,,,,"crustaceans"
377622,"Arthropoda","Malacostraca","Decapoda","Sicyoniidae","Sicyonia","Sicyonia aliaffinis",,,,,,FALSE,TRUE,FALSE,,,,"crustaceans"
377630,"Arthropoda","Malacostraca","Decapoda","Sicyoniidae","Sicyonia","Sicyonia disparri",,,,,,FALSE,TRUE,FALSE,,,,"crustaceans"
442136,"Arthropoda","Malacostraca","Decapoda","Epialtidae","Stenocionops","Stenocionops ovatus",,,,,,FALSE,TRUE,FALSE,,,,"crustaceans"
441967,"Arthropoda","Malacostraca","Decapoda","Inachoididae","Stenorhynchus","Stenorhynchus debilis",,,,,,FALSE,TRUE,FALSE,,,,"crustaceans"
515117,"Arthropoda","Malacostraca","Decapoda","Alpheidae","Synalpheus","Synalpheus bannerorum",,,,,,FALSE,TRUE,FALSE,,,,"crustaceans"
515122,"Arthropoda","Malacostraca","Decapoda","Alpheidae","Synalpheus","Synalpheus biunguiculatus",,,,,,FALSE,TRUE,FALSE,,,"twoclaw snapping shrimp","crustaceans"
210494,"Arthropoda","Malacostraca","Decapoda","Alpheidae","Synalpheus","Synalpheus charon",,,,,,FALSE,TRUE,FALSE,,,"red-coral pistol shrimp","crustaceans"
515136,"Arthropoda","Malacostraca","Decapoda","Alpheidae","Synalpheus","Synalpheus digueti",,,,,,FALSE,TRUE,FALSE,,,,"crustaceans"
515165,"Arthropoda","Malacostraca","Decapoda","Alpheidae","Synalpheus","Synalpheus nobilii",,,,,,FALSE,TRUE,FALSE,,,,"crustaceans"
515183,"Arthropoda","Malacostraca","Decapoda","Alpheidae","Synalpheus","Synalpheus sanjosei",,,,,,FALSE,TRUE,FALSE,,,,"crustaceans"
107604,"Arthropoda","Malacostraca","Decapoda","Oplophoridae","Systellaspis","Systellaspis cristata",,,,,,FALSE,TRUE,FALSE,,,"Krygier spiny-tailed shrimp, crevette à crête","crustaceans"
1634065,"Arthropoda","Malacostraca","Decapoda","Leucosiidae","Tanaoa","Tanaoa agaricias",,,,,,FALSE,TRUE,FALSE,,,,"crustaceans"
107534,"Arthropoda","Malacostraca","Decapoda","Thoridae","Thor","Thor amboinensis",,,,,,FALSE,TRUE,FALSE,,,"squat anemone shrimp","crustaceans"
377685,"Arthropoda","Malacostraca","Decapoda","Penaeidae","Trachysalambria","Trachysalambria brevisuturae",,,,,,FALSE,TRUE,FALSE,,,,"crustaceans"
367549,"Arthropoda","Malacostraca","Decapoda","Diogenidae","Trizopagurus","Trizopagurus magnificus",,,,,,FALSE,TRUE,FALSE,,,,"crustaceans"
441357,"Arthropoda","Malacostraca","Decapoda","Leucosiidae","Uhlias","Uhlias ellipticus",,,,,,FALSE,TRUE,FALSE,,,,"crustaceans"
444340,"Arthropoda","Malacostraca","Decapoda","Xanthidae","Xanthodius","Xanthodius cooksoni",,,,,,FALSE,TRUE,FALSE,,,,"crustaceans"
871471,"Arthropoda","Malacostraca","Decapoda","Palaemonidae","Zenopontonia","Zenopontonia soror",,,,,,FALSE,TRUE,FALSE,,,,"crustaceans"
221063,"Arthropoda","Malacostraca","Euphausiacea","Euphausiidae","Thysanopoda","Thysanopoda orientalis",,,,,,FALSE,TRUE,FALSE,,,,"crustaceans"
408956,"Arthropoda","Malacostraca","Stomatopoda","Gonodactylidae","Neogonodactylus","Neogonodactylus zacae",,,,,,FALSE,TRUE,FALSE,,,,"crustaceans"
409011,"Arthropoda","Malacostraca","Stomatopoda","Pseudosquillidae","Pseudosquillisma","Pseudosquillisma adiastalta",,,,,,FALSE,TRUE,FALSE,,,,"crustaceans"
409123,"Arthropoda","Malacostraca","Stomatopoda","Tetrasquillidae","Tetrasquilla","Tetrasquilla mccullochae",,,,,,FALSE,TRUE,FALSE,,,,"crustaceans"
106223,"Arthropoda","Thecostraca","Balanomorpha","Balanidae","Balanus","Balanus trigonus",,,,,,FALSE,TRUE,FALSE,,,,"crustaceans"
421133,"Arthropoda","Thecostraca","Balanomorpha","Balanidae","Conopea","Conopea galeata",,,,,,FALSE,TRUE,FALSE,,,,"crustaceans"
535227,"Arthropoda","Thecostraca","Balanomorpha","Balanidae","Megabalanus","Megabalanus peninsularis",,,,,,FALSE,TRUE,FALSE,,,,"crustaceans"
535235,"Arthropoda","Thecostraca","Balanomorpha","Balanidae","Megabalanus","Megabalanus vinaceus",,,,,,FALSE,TRUE,FALSE,,,,"crustaceans"
1564539,"Arthropoda","Thecostraca","Balanomorpha","Tetraclitidae","Tetraclita","Tetraclita panamensis",,,,,,FALSE,TRUE,FALSE,,,,"crustaceans"
421131,"Arthropoda","Thecostraca","Balanomorpha","Tetraclitidae","Tetraclita","Tetraclita stalactifera",,,,,,FALSE,TRUE,FALSE,,,,"crustaceans"
733346,"Arthropoda","Thecostraca","Scalpellomorpha","Lepadidae","Lepas","Lepas (Lepas) anatifera",,,,,,FALSE,TRUE,FALSE,,,"duck barnacle, anatife commun","crustaceans"
733347,"Arthropoda","Thecostraca","Scalpellomorpha","Lepadidae","Lepas","Lepas (Lepas) anserifera",,,,,,FALSE,TRUE,FALSE,,,"goose barnacle","crustaceans"
535312,"Arthropoda","Thecostraca","Scalpellomorpha","Heteralepadidae","Paralepas","Paralepas quadrata",,,,,,FALSE,TRUE,FALSE,,,,"crustaceans"
213289,"Echinodermata","Asteroidea","Valvatida","Acanthasteridae","Acanthaster","Acanthaster planci",,,,,,FALSE,TRUE,FALSE,,,"crown-of-thorns","echinoderms"
124154,"Echinodermata","Asteroidea","Valvatida","Solasteridae","Crossaster","Crossaster papposus",1,,,1914,,TRUE,FALSE,FALSE,,,"common sun star","echinoderms"
254919,"Echinodermata","Asteroidea","Valvatida","Oreasteridae","Nidorellia","Nidorellia armata",,,,,,FALSE,TRUE,FALSE,,,,"echinoderms"
370899,"Echinodermata","Asteroidea","Valvatida","Oreasteridae","Pentaceraster","Pentaceraster cumingi",,,,,,FALSE,TRUE,FALSE,,,,"echinoderms"
513266,"Echinodermata","Echinoidea","Cidaroida","Cidaridae","Eucidaris","Eucidaris thouarsii",,,,,,FALSE,TRUE,FALSE,,,,"echinoderms"
513322,"Echinodermata","Echinoidea","Cidaroida","Cidaridae","Hesperocidaris","Hesperocidaris dubia",,,,,,FALSE,TRUE,FALSE,,,,"echinoderms"
513324,"Echinodermata","Echinoidea","Cidaroida","Cidaridae","Hesperocidaris","Hesperocidaris panamensis",,,,,,FALSE,TRUE,FALSE,,,,"echinoderms"
213377,"Echinodermata","Echinoidea","Diadematoida","Diadematidae","Echinothrix","Echinothrix calamaris",,,,,,FALSE,TRUE,FALSE,,,"banded sea urchin","echinoderms"
513527,"Echinodermata","Echinoidea","Salenioida","Saleniidae","Salenocidaris","Salenocidaris miliaris",,,,,,FALSE,TRUE,FALSE,,,,"echinoderms"
124446,"Echinodermata","Holothuroidea","Apodida","Myriotrochidae","Myriotrochus","Myriotrochus rinkii",1,,,1911,,TRUE,FALSE,FALSE,,,"Rink's footless sea cucumber, holothurie de Rink","echinoderms"
243468,"Echinodermata","Ophiuroidea","Amphilepidida","Ophiactidae","Ophiactis","Ophiactis simplex",,,,,,FALSE,TRUE,FALSE,,,,"echinoderms"
124860,"Echinodermata","Ophiuroidea","Ophiurida","Ophiuridae","Ophiocten","Ophiocten sericeum",10,,,1946,,TRUE,FALSE,FALSE,,,,"echinoderms"
124934,"Echinodermata","Ophiuroidea","Ophiurida","Ophiuridae","Ophiura","Ophiura sarsii",4,,,1935,,TRUE,FALSE,FALSE,,,"Sars' spider seastar","echinoderms"
105800,"Chordata","Elasmobranchii","Carcharhiniformes","Carcharhinidae","Negaprion","Negaprion brevirostris",,,,,,FALSE,TRUE,FALSE,"VU","VU","lemon shark","fish"
105801,"Chordata","Elasmobranchii","Carcharhiniformes","Carcharhinidae","Prionace","Prionace glauca",,,,,,FALSE,TRUE,FALSE,"NT","NT","blue shark, peau bleue","fish"
271327,"Chordata","Elasmobranchii","Carcharhiniformes","Carcharhinidae","Rhizoprionodon","Rhizoprionodon longurio",,,,,,FALSE,TRUE,FALSE,"VU","VU","Pacific sharpnose shark","fish"
279058,"Chordata","Elasmobranchii","Carcharhiniformes","Triakidae","Triakis","Triakis maculata",,,,,,FALSE,TRUE,FALSE,"CR","CR",,"fish"
276697,"Chordata","Elasmobranchii","Heterodontiformes","Heterodontidae","Heterodontus","Heterodontus mexicanus",,,,,,FALSE,TRUE,FALSE,"LC","LC","Mexican hornshark, requin dormeur buffle","fish"
105835,"Chordata","Elasmobranchii","Lamniformes","Alopiidae","Alopias","Alopias superciliosus",,,,,,FALSE,TRUE,FALSE,"VU","VU","bigeye thresher shark, renard à gros yeux","fish"
271428,"Chordata","Elasmobranchii","Myliobatiformes","Dasyatidae","Dasyatis","Dasyatis brevis",,,,,,FALSE,TRUE,FALSE,,,"diamond stingray","fish"
105859,"Chordata","Elasmobranchii","Myliobatiformes","Mobulidae","Mobula","Mobula tarapacana",,,,,,FALSE,TRUE,FALSE,"EN","EN","sicklefin devil ray","fish"
217430,"Chordata","Elasmobranchii","Myliobatiformes","Mobulidae","Mobula","Mobula thurstoni",,,,,,FALSE,TRUE,FALSE,"EN","EN","smoothtail mobula","fish"
158540,"Chordata","Elasmobranchii","Myliobatiformes","Dasyatidae","Pteroplatytrygon","Pteroplatytrygon violacea",,,,,,FALSE,TRUE,FALSE,"LC","LC","pelagic stingray","fish"
271498,"Chordata","Elasmobranchii","Myliobatiformes","Rhinopteridae","Rhinoptera","Rhinoptera steindachneri",,,,,,FALSE,TRUE,FALSE,"NT","NT","golden cownose ray","fish"
315723,"Chordata","Elasmobranchii","Rajiformes","Arhynchobatidae","Sympterygia","Sympterygia brevicaudata",,,,,,FALSE,TRUE,FALSE,"NT","NT",,"fish"
271665,"Chordata","Elasmobranchii","Squatiniformes","Squatinidae","Squatina","Squatina armata",,,,,,FALSE,TRUE,FALSE,"CR","CR",,"fish"
271667,"Chordata","Elasmobranchii","Squatiniformes","Squatinidae","Squatina","Squatina californica",,,,,,FALSE,TRUE,FALSE,"NT","NT","Pacific angel shark","fish"
273633,"Chordata","Teleostei","Acanthuriformes","Lobotidae","Lobotes","Lobotes pacifica",,,,,,FALSE,TRUE,FALSE,,,"Pacific tripletail","fish"
126974,"Chordata","Teleostei","Acanthuriformes","Luvaridae","Luvarus","Luvarus imperialis",,,,,,FALSE,TRUE,FALSE,"LC","LC","luvar, louvereau","fish"
273374,"Chordata","Teleostei","Acanthuriformes","Chaetodontidae","Prognathodes","Prognathodes falcifer",,,,,,FALSE,TRUE,FALSE,"LC","LC","scythe butterflyfish","fish"
276870,"Chordata","Teleostei","Anguilliformes","Congridae","Bathycongrus","Bathycongrus macrurus",,,,,,FALSE,TRUE,FALSE,"LC","LC","shorthead conger","fish"
271713,"Chordata","Teleostei","Anguilliformes","Chlopsidae","Chlopsis","Chlopsis bicollaris",,,,,,FALSE,TRUE,FALSE,"NT","NT",,"fish"
275446,"Chordata","Teleostei","Anguilliformes","Nettastomatidae","Hoplunnis","Hoplunnis pacifica",,,,,,FALSE,TRUE,FALSE,"LC","LC","silver pikeconger","fish"
275449,"Chordata","Teleostei","Anguilliformes","Nettastomatidae","Hoplunnis","Hoplunnis sicarius",,,,,,FALSE,TRUE,FALSE,"DD","DD",,"fish"
217578,"Chordata","Teleostei","Anguilliformes","Ophichthidae","Myrichthys","Myrichthys maculosus",,,,,,FALSE,TRUE,FALSE,"LC","LC","tiger snake-eel","fish"
275489,"Chordata","Teleostei","Anguilliformes","Ophichthidae","Myrichthys","Myrichthys tigrinus",,,,,,FALSE,TRUE,FALSE,"LC","LC","tiger snake eel","fish"
275441,"Chordata","Teleostei","Anguilliformes","Moringuidae","Neoconger","Neoconger vermiformis",,,,,,FALSE,TRUE,FALSE,"LC","LC",,"fish"
271976,"Chordata","Teleostei","Anguilliformes","Ophichthidae","Ophichthus","Ophichthus remiger",,,,,,FALSE,TRUE,FALSE,"LC","LC",,"fish"
271980,"Chordata","Teleostei","Anguilliformes","Ophichthidae","Ophichthus","Ophichthus rugifer",,,,,,FALSE,TRUE,FALSE,"LC","LC",,"fish"
271987,"Chordata","Teleostei","Anguilliformes","Ophichthidae","Ophichthus","Ophichthus triserialis",,,,,,FALSE,TRUE,FALSE,"LC","LC","Pacific snake eel","fish"
282062,"Chordata","Teleostei","Anguilliformes","Ophichthidae","Paraletharchus","Paraletharchus pacificus",,,,,,FALSE,TRUE,FALSE,"LC","LC","Pacific sailfin eel","fish"
275426,"Chordata","Teleostei","Anguilliformes","Congridae","Rhynchoconger","Rhynchoconger nitens",,,,,,FALSE,TRUE,FALSE,"LC","LC","needletail conger","fish"
217530,"Chordata","Teleostei","Anguilliformes","Muraenidae","Scuticaria","Scuticaria tigrina",,,,,,FALSE,TRUE,FALSE,"LC","LC","tiger reef eel","fish"
272891,"Chordata","Teleostei","Argentiniformes","Argentinidae","Argentina","Argentina aliceae",,,,,,FALSE,TRUE,FALSE,"LC","LC",,"fish"
712443,"Chordata","Teleostei","Argentiniformes","Bathylagidae","Bathylagoides","Bathylagoides nigrigenys",,,,,,FALSE,TRUE,FALSE,,,,"fish"
272041,"Chordata","Teleostei","Aulopiformes","Aulopidae","Aulopus","Aulopus bajacali",,,,,,FALSE,TRUE,FALSE,"LC","LC","eastern Pacific flagfin","fish"
272058,"Chordata","Teleostei","Aulopiformes","Chlorophthalmidae","Chlorophthalmus","Chlorophthalmus mento",,,,,,FALSE,TRUE,FALSE,"LC","LC",,"fish"
272106,"Chordata","Teleostei","Aulopiformes","Scopelarchidae","Rosenblattichthys","Rosenblattichthys volucris",,,,,,FALSE,TRUE,FALSE,"LC","LC",,"fish"
272124,"Chordata","Teleostei","Aulopiformes","Synodontidae","Synodus","Synodus evermanni",,,,,,FALSE,TRUE,FALSE,"LC","LC","spotted lizardfish","fish"
272130,"Chordata","Teleostei","Aulopiformes","Synodontidae","Synodus","Synodus lacertinus",,,,,,FALSE,TRUE,FALSE,"LC","LC","calico lizardfish","fish"
159261,"Chordata","Teleostei","Beloniformes","Exocoetidae","Cheilopogon","Cheilopogon furcatus",,,,,,FALSE,TRUE,FALSE,"LC","LC","spotfin flyingfish","fish"
126382,"Chordata","Teleostei","Beloniformes","Exocoetidae","Cheilopogon","Cheilopogon heterurus",,,,,,FALSE,TRUE,FALSE,"LC","LC","Mediterranean flyingfish","fish"
278730,"Chordata","Teleostei","Beloniformes","Exocoetidae","Cypselurus","Cypselurus callopterus",,,,,,FALSE,TRUE,FALSE,"LC","LC","beautyfin flyingfish","fish"
126385,"Chordata","Teleostei","Beloniformes","Exocoetidae","Exocoetus","Exocoetus volitans",,,,,,FALSE,TRUE,FALSE,"LC","LC","flying fish, poisson volant","fish"
272170,"Chordata","Teleostei","Beloniformes","Exocoetidae","Hirundichthys","Hirundichthys marginatus",,,,,,FALSE,TRUE,FALSE,"LC","LC","bladewing flyingfish","fish"
126387,"Chordata","Teleostei","Beloniformes","Exocoetidae","Hirundichthys","Hirundichthys speculiger",,,,,,FALSE,TRUE,FALSE,"LC","LC","mirrorwing flyingfish","fish"
217871,"Chordata","Teleostei","Beloniformes","Hemiramphidae","Oxyporhamphus","Oxyporhamphus micropterus",,,,,,FALSE,TRUE,FALSE,,,"smallwing flyingfish","fish"
126377,"Chordata","Teleostei","Beloniformes","Belonidae","Platybelone","Platybelone argalus",,,,,,FALSE,TRUE,FALSE,"LC","LC","keeltail needlefish","fish"
277927,"Chordata","Teleostei","Beloniformes","Exocoetidae","Prognichthys","Prognichthys tringa",,,,,,FALSE,TRUE,FALSE,"LC","LC","Panamic flyingfish","fish"
275978,"Chordata","Teleostei","Beloniformes","Belonidae","Strongylura","Strongylura exilis",,,,,,FALSE,TRUE,FALSE,"LC","LC","California needlefish","fish"
126378,"Chordata","Teleostei","Beloniformes","Belonidae","Tylosurus","Tylosurus acus",,,,,,FALSE,TRUE,FALSE,"LC","LC","agujon needlefish","fish"
159259,"Chordata","Teleostei","Beloniformes","Belonidae","Tylosurus","Tylosurus crocodilus",,,,,,FALSE,TRUE,FALSE,"LC","LC","houndfish","fish"
274929,"Chordata","Teleostei","Beryciformes","Melamphaidae","Melamphaes","Melamphaes janae",,,,,,FALSE,TRUE,FALSE,"LC","LC",,"fish"
127274,"Chordata","Teleostei","Beryciformes","Melamphaidae","Poromitra","Poromitra megalops",,,,,,FALSE,TRUE,FALSE,"DD","DD",,"fish"
306621,"Chordata","Teleostei","Beryciformes","Melamphaidae","Scopelogadus","Scopelogadus bispinosus",,,,,,FALSE,TRUE,FALSE,"LC","LC",,"fish"
281294,"Chordata","Teleostei","Blenniiformes","Tripterygiidae","Lepidonectes","Lepidonectes clarkhubbsi",,,,,,FALSE,TRUE,FALSE,"LC","LC",,"fish"
281295,"Chordata","Teleostei","Blenniiformes","Tripterygiidae","Lepidonectes","Lepidonectes corallicola",,,,,,FALSE,TRUE,FALSE,"VU","VU",,"fish"
281495,"Chordata","Teleostei","Blenniiformes","Labrisomidae","Malacoctenus","Malacoctenus ebisui",,,,,,FALSE,TRUE,FALSE,"LC","LC","fishgod blenny","fish"
281506,"Chordata","Teleostei","Blenniiformes","Labrisomidae","Malacoctenus","Malacoctenus zonifer",,,,,,FALSE,TRUE,FALSE,"LC","LC","glossy blenny","fish"
280783,"Chordata","Teleostei","Carangaria incertae sedis","Polynemidae","Filimanus","Filimanus sealei",,,,,,FALSE,TRUE,FALSE,,,"eigthfinger threadfin, barbure à huit doigts","fish"
367295,"Chordata","Teleostei","Carangaria incertae sedis","Polynemidae","Polydactylus","Polydactylus opercularis",,,,,,FALSE,TRUE,FALSE,"LC","LC","yellow bobo, barbure jaune","fish"
219729,"Chordata","Teleostei","Carangiformes","Istiophoridae","Makaira","Makaira mazara",,,,,,FALSE,TRUE,FALSE,,,"Indo-Pacific blue marlin, makaire bleu pacifique","fish"
281664,"Chordata","Teleostei","Carangiformes","Nematistiidae","Nematistius","Nematistius pectoralis",,,,,,FALSE,TRUE,FALSE,,,"roosterfish","fish"
126849,"Chordata","Teleostei","Carangiformes","Echeneidae","Phtheirichthys","Phtheirichthys lineatus",,,,,,FALSE,TRUE,FALSE,"LC","LC","slender suckerfish","fish"
126850,"Chordata","Teleostei","Carangiformes","Echeneidae","Remora","Remora australis",,,,,,FALSE,TRUE,FALSE,"LC","LC","whalesucker, rémora austral","fish"
126851,"Chordata","Teleostei","Carangiformes","Echeneidae","Remora","Remora brachyptera",,,,,,FALSE,TRUE,FALSE,"LC","LC","spearfish remora","fish"
126852,"Chordata","Teleostei","Carangiformes","Echeneidae","Remora","Remora osteochir",,,,,,FALSE,TRUE,FALSE,"LC","LC","marlinsucker","fish"
273283,"Chordata","Teleostei","Carangiformes","Carangidae","Selene","Selene brevoortii",,,,,,FALSE,TRUE,FALSE,"LC","LC","Mexican lookdown","fish"
273285,"Chordata","Teleostei","Carangiformes","Carangidae","Selene","Selene orstedii",,,,,,FALSE,TRUE,FALSE,"LC","LC","Mexican moonfish","fish"
219734,"Chordata","Teleostei","Carangiformes","Istiophoridae","Tetrapturus","Tetrapturus angustirostris",,,,,,FALSE,TRUE,FALSE,"DD","DD","shortbill spearfish, makaire à rostre court","fish"
273297,"Chordata","Teleostei","Carangiformes","Carangidae","Trachinotus","Trachinotus rhodopus",,,,,,FALSE,TRUE,FALSE,"LC","LC","gafftopsail pompano","fish"
275763,"Chordata","Teleostei","Eupercaria incertae sedis","Labridae","Halichoeres","Halichoeres dispilus",,,,,,FALSE,TRUE,FALSE,"LC","LC","chameleon wrasse","fish"
276131,"Chordata","Teleostei","Eupercaria incertae sedis","Sciaenidae","Larimus","Larimus pacificus",,,,,,FALSE,TRUE,FALSE,"LC","LC","Pacific drum","fish"
282144,"Chordata","Teleostei","Eupercaria incertae sedis","Sciaenidae","Pareques","Pareques viola",,,,,,FALSE,TRUE,FALSE,"LC","LC","rock croaker","fish"
126433,"Chordata","Teleostei","Gadiformes","Gadidae","Boreogadus","Boreogadus saida",1,,,,,TRUE,FALSE,FALSE,,,"Arctic cod, morue polaire","fish"
280334,"Chordata","Teleostei","Gadiformes","Macrouridae","Coelorinchus","Coelorinchus scaphopsis",,,,,,FALSE,TRUE,FALSE,,,,"fish"
276193,"Chordata","Teleostei","Holocentriformes","Holocentridae","Myripristis","Myripristis clarionensis",,,,,,FALSE,TRUE,FALSE,"VU","VU","yellow soldierfish","fish"
217925,"Chordata","Teleostei","Holocentriformes","Holocentridae","Myripristis","Myripristis murdjan",,,,,,FALSE,TRUE,FALSE,"LC","LC","blotcheye soldierfish","fish"
273009,"Chordata","Teleostei","Kurtiformes","Apogonidae","Apogon","Apogon dovii",,,,,,FALSE,TRUE,FALSE,"LC","LC","tailspot cardinalfish","fish"
272532,"Chordata","Teleostei","Lampriformes","Trachipteridae","Trachipterus","Trachipterus fukuzakii",,,,,,FALSE,TRUE,FALSE,"LC","LC","tapertail ribbonfish","fish"
279941,"Chordata","Teleostei","Lophiiformes","Linophrynidae","Borophryne","Borophryne apogon",,,,,,FALSE,TRUE,FALSE,"LC","LC",,"fish"
712506,"Chordata","Teleostei","Lophiiformes","Antennariidae","Fowlerichthys","Fowlerichthys avalonis",,,,,,FALSE,TRUE,FALSE,"LC","LC",,"fish"
283203,"Chordata","Teleostei","Lophiiformes","Ogcocephalidae","Zalieutes","Zalieutes elater",,,,,,FALSE,TRUE,FALSE,"LC","LC","roundel batfish","fish"
159416,"Chordata","Teleostei","Mugiliformes","Mugilidae","Mugil","Mugil curema",,,,,,FALSE,TRUE,FALSE,"LC","LC","silverside mullet","fish"
272648,"Chordata","Teleostei","Myctophiformes","Myctophidae","Benthosema","Benthosema panamense",,,,,,FALSE,TRUE,FALSE,"LC","LC",,"fish"
272701,"Chordata","Teleostei","Myctophiformes","Myctophidae","Diogenichthys","Diogenichthys laternatus",,,,,,FALSE,TRUE,FALSE,"LC","LC","Diogenes lanternfish","fish"
272714,"Chordata","Teleostei","Myctophiformes","Myctophidae","Lampanyctus","Lampanyctus omostigma",,,,,,FALSE,TRUE,FALSE,"LC","LC",,"fish"
272715,"Chordata","Teleostei","Myctophiformes","Myctophidae","Lampanyctus","Lampanyctus parvicauda",,,,,,FALSE,TRUE,FALSE,"LC","LC",,"fish"
126629,"Chordata","Teleostei","Myctophiformes","Myctophidae","Notolychnus","Notolychnus valdiviae",,,,,,FALSE,TRUE,FALSE,"LC","LC","topside lampfish","fish"
272735,"Chordata","Teleostei","Myctophiformes","Myctophidae","Symbolophorus","Symbolophorus reversus",,,,,,FALSE,TRUE,FALSE,"LC","LC",,"fish"
217721,"Chordata","Teleostei","Myctophiformes","Myctophidae","Triphoturus","Triphoturus nigrescens",,,,,,FALSE,TRUE,FALSE,"LC","LC","Highseas lampfish","fish"
278567,"Chordata","Teleostei","Myctophiformes","Myctophidae","Triphoturus","Triphoturus oculeum",,,,,,FALSE,TRUE,FALSE,"LC","LC",,"fish"
275888,"Chordata","Teleostei","Ophidiiformes","Ophidiidae","Brotula","Brotula clarkae",,,,,,FALSE,TRUE,FALSE,"DD","DD","Pacific bearded brotula","fish"
281746,"Chordata","Teleostei","Ovalentaria incertae sedis","Pomacentridae","Nexilosus","Nexilosus latifrons",,,,,,FALSE,TRUE,FALSE,"LC","LC",,"fish"
279568,"Chordata","Teleostei","Perciformes","Serranidae","Alphestes","Alphestes immaculatus",,,,,,FALSE,TRUE,FALSE,"LC","LC","Pacific mutton hamlet","fish"
279569,"Chordata","Teleostei","Perciformes","Serranidae","Alphestes","Alphestes multiguttatus",,,,,,FALSE,TRUE,FALSE,"LC","LC","rivulated mutton hamlet","fish"
127070,"Chordata","Teleostei","Perciformes","Stichaeidae","Anisarchus","Anisarchus medius",3,,,2009,,TRUE,FALSE,FALSE,,,"stout eelblenny, lompénie naine","fish"
276275,"Chordata","Teleostei","Perciformes","Triglidae","Bellator","Bellator loxias",,,,,,FALSE,TRUE,FALSE,"LC","LC","chevron searobin","fish"
159353,"Chordata","Teleostei","Perciformes","Serranidae","Epinephelus","Epinephelus itajara",,,,,,FALSE,TRUE,FALSE,"VU","VU","itajara","fish"
254583,"Chordata","Teleostei","Perciformes","Zoarcidae","Gymnelus","Gymnelus hemifasciatus",1,,,,,TRUE,FALSE,FALSE,,,"halfbarred pout","fish"
127200,"Chordata","Teleostei","Perciformes","Cottidae","Icelus","Icelus spatula",2,,,,,TRUE,FALSE,FALSE,,,"spatulate sculpin, icèle spatulée","fish"
127072,"Chordata","Teleostei","Perciformes","Stichaeidae","Leptoclinus","Leptoclinus maculatus",3,,,2009,,TRUE,FALSE,FALSE,,,"daubed shanny, lompénie tachetée","fish"
127218,"Chordata","Teleostei","Perciformes","Liparidae","Liparis","Liparis fabricii",3,,,2009,,TRUE,FALSE,FALSE,,,"gelatinous seasnail, limace gélaineuse","fish"
154825,"Chordata","Teleostei","Perciformes","Liparidae","Liparis","Liparis tunicatus",4,,,2009,,TRUE,FALSE,FALSE,,,"kelp snailfish, limace des laminaires","fish"
282052,"Chordata","Teleostei","Perciformes","Serranidae","Paralabrax","Paralabrax auroguttatus",,,,,,FALSE,TRUE,FALSE,"DD","DD","goldspotted sand bass","fish"
276278,"Chordata","Teleostei","Perciformes","Triglidae","Prionotus","Prionotus albirostris",,,,,,FALSE,TRUE,FALSE,"LC","LC","whitesnout searobin","fish"
126507,"Chordata","Teleostei","Perciformes","Gasterosteidae","Pungitius","Pungitius pungitius",1,,,,,TRUE,FALSE,FALSE,"LC","LC","ninespine stickleback, epinochette","fish"
274183,"Chordata","Teleostei","Pleuronectiformes","Bothidae","Bothus","Bothus constellatus",,,,,,FALSE,TRUE,FALSE,"LC","LC","Pacific eyed flounder","fish"
713801,"Chordata","Teleostei","Scombriformes","Scombridae","Auxis","Auxis brachydorax",,,,,,FALSE,TRUE,FALSE,,,,"fish"
713800,"Chordata","Teleostei","Scombriformes","Scombridae","Auxis","Auxis eudorax",,,,,,FALSE,TRUE,FALSE,,,,"fish"
221416,"Chordata","Teleostei","Scombriformes","Bramidae","Brama","Brama dussumieri",,,,,,FALSE,TRUE,FALSE,"LC","LC","lowfin pomfret","fish"
159424,"Chordata","Teleostei","Scombriformes","Nomeidae","Cubiceps","Cubiceps pauciradiatus",,,,,,FALSE,TRUE,FALSE,"LC","LC","bigeye cigarfish","fish"
126862,"Chordata","Teleostei","Scombriformes","Gempylidae","Gempylus","Gempylus serpens",,,,,,FALSE,TRUE,FALSE,"LC","LC","snake mackerel","fish"
126863,"Chordata","Teleostei","Scombriformes","Gempylidae","Lepidocybium","Lepidocybium flavobrunneum",,,,,,FALSE,TRUE,FALSE,"LC","LC","escolar, escolier noir","fish"
274018,"Chordata","Teleostei","Scombriformes","Trichiuridae","Lepidopus","Lepidopus fitchi",,,,,,FALSE,TRUE,FALSE,,,"Pacific scabbardfish","fish"
273681,"Chordata","Teleostei","Scombriformes","Nomeidae","Psenes","Psenes arafurensis",,,,,,FALSE,TRUE,FALSE,"LC","LC",,"fish"
126867,"Chordata","Teleostei","Scombriformes","Gempylidae","Ruvettus","Ruvettus pretiosus",,,,,,FALSE,TRUE,FALSE,"LC","LC","tapioca fish, rouvet","fish"
282760,"Chordata","Teleostei","Scombriformes","Centrolophidae","Seriolella","Seriolella violacea",,,,,,FALSE,TRUE,FALSE,"LC","LC",,"fish"
126787,"Chordata","Teleostei","Scombriformes","Bramidae","Taractes","Taractes rubescens",,,,,,FALSE,TRUE,FALSE,"LC","LC","keeltail pomfret","fish"
127029,"Chordata","Teleostei","Scombriformes","Scombridae","Thunnus","Thunnus thynnus",,,,,,FALSE,TRUE,FALSE,"LC","LC","tuna, thon rouge de l'Atlantique","fish"
127089,"Chordata","Teleostei","Scombriformes","Trichiuridae","Trichiurus","Trichiurus lepturus",,,,,,FALSE,TRUE,FALSE,"LC","LC","largehead hairtail, poisson-sabre commun","fish"
158836,"Chordata","Teleostei","Stomiiformes","Sternoptychidae","Argyropelecus","Argyropelecus lychnus",,,,,,FALSE,TRUE,FALSE,"LC","LC","silvery hatchetfish","fish"
275045,"Chordata","Teleostei","Stomiiformes","Stomiidae","Bathophilus","Bathophilus filifer",,,,,,FALSE,TRUE,FALSE,"LC","LC",,"fish"
154831,"Chordata","Teleostei","Stomiiformes","Gonostomatidae","Cyclothone","Cyclothone signata",,,,,,FALSE,TRUE,FALSE,"LC","LC","showy bristlemouth, cyclothone prétentieuse","fish"
127314,"Chordata","Teleostei","Stomiiformes","Sternoptychidae","Sternoptyx","Sternoptyx diaphana",,,,,,FALSE,TRUE,FALSE,"LC","LC","transparent hatchetfish","fish"
306767,"Chordata","Teleostei","Stomiiformes","Stomiidae","Stomias","Stomias colubrinus",,,,,,FALSE,TRUE,FALSE,"LC","LC",,"fish"
274961,"Chordata","Teleostei","Stomiiformes","Phosichthyidae","Vinciguerria","Vinciguerria lucetia",,,,,,FALSE,TRUE,FALSE,"LC","LC",,"fish"
276231,"Chordata","Teleostei","Syngnathiformes","Fistulariidae","Fistularia","Fistularia corneta",,,,,,FALSE,TRUE,FALSE,"LC","LC","deepwater cornetfish","fish"
219903,"Chordata","Teleostei","Tetraodontiformes","Ostraciidae","Lactoria","Lactoria diaphana",,,,,,FALSE,TRUE,FALSE,,,"roundbelly cowfish","fish"
127405,"Chordata","Teleostei","Tetraodontiformes","Molidae","Mola","Mola mola",,,,,,FALSE,TRUE,FALSE,"VU","VU","ocean sunfish, poisson-lune","fish"
275272,"Chordata","Teleostei","Tetraodontiformes","Tetraodontidae","Sphoeroides","Sphoeroides annulatus",,,,,,FALSE,TRUE,FALSE,"LC","LC","bullseye puffer","fish"
275279,"Chordata","Teleostei","Tetraodontiformes","Tetraodontidae","Sphoeroides","Sphoeroides lobatus",,,,,,FALSE,TRUE,FALSE,"LC","LC","longnose puffer","fish"
137085,"Chordata","Mammalia","Carnivora","Ursidae","Ursus","Ursus maritimus",75,,,2011,,TRUE,FALSE,FALSE,"VU","VU","polar bear","mammals"
137086,"Chordata","Mammalia","Cetartiodactyla","Balaenidae","Balaena","Balaena mysticetus",1,,,2019,,TRUE,FALSE,FALSE,"LC","LC","bowhead whale, baleine franche boréale","mammals"
137092,"Chordata","Mammalia","Cetartiodactyla","Balaenopteridae","Megaptera","Megaptera novaeangliae",2,,,2018,,TRUE,FALSE,FALSE,"LC","LC","humpback whale, rorqual keporkak","mammals"
504280,"Mollusca","Bivalvia","Arcida","Arcidae","Acar","Acar gradata",,,,,,FALSE,TRUE,FALSE,,,,"molluscs"
504383,"Mollusca","Bivalvia","Arcida","Arcidae","Barbatia","Barbatia reeveana",,,,,,FALSE,TRUE,FALSE,,,,"molluscs"
507315,"Mollusca","Bivalvia","Cardiida","Semelidae","Semele","Semele jamesi",,,,,,FALSE,TRUE,FALSE,,,,"molluscs"
1440745,"Mollusca","Bivalvia","Cardiida","Cardiidae","Serripes","Serripes groenlandicus",2,,,1938,,TRUE,FALSE,FALSE,,,,"molluscs"
388242,"Mollusca","Bivalvia","Carditida","Carditidae","Carditella","Carditella galapagana",,,,,,FALSE,TRUE,FALSE,,,,"molluscs"
504994,"Mollusca","Bivalvia","Carditida","Condylocardiidae","Condylocardia","Condylocardia digueti",,,,,,FALSE,TRUE,FALSE,,,,"molluscs"
457044,"Mollusca","Bivalvia","Carditida","Condylocardiidae","Condylocardia","Condylocardia kaiserae",,,,,,FALSE,TRUE,FALSE,,,,"molluscs"
575178,"Mollusca","Bivalvia","Galeommatida","Galeommatidae","Cymatioa","Cymatioa electilis",,,,,,FALSE,TRUE,FALSE,,,,"molluscs"
140161,"Mollusca","Bivalvia","Galeommatida","Lasaeidae","Kellia","Kellia suborbicularis",,,,,,FALSE,TRUE,FALSE,,,,"molluscs"
178911,"Mollusca","Bivalvia","Galeommatida","Lasaeidae","Lasaea","Lasaea adansoni",,,,,,FALSE,TRUE,FALSE,,,,"molluscs"
464127,"Mollusca","Bivalvia","Lucinida","Lucinidae","Ctena","Ctena galapagana",,,,,,FALSE,TRUE,FALSE,,,,"molluscs"
506074,"Mollusca","Bivalvia","Mytilida","Mytilidae","Leiosolenus","Leiosolenus levigatus",,,,,,FALSE,TRUE,FALSE,,,,"molluscs"
507054,"Mollusca","Bivalvia","Ostreida","Isognomonidae","Isognomon","Isognomon janus",,,,,,FALSE,TRUE,FALSE,,,"thin purse-oyster","molluscs"
464493,"Mollusca","Bivalvia","Ostreida","Margaritidae","Pinctada","Pinctada mazatlanica",,,,,,FALSE,TRUE,FALSE,,,,"molluscs"
507084,"Mollusca","Bivalvia","Ostreida","Pinnidae","Pinna","Pinna rugosa",,,,,,FALSE,TRUE,FALSE,,,,"molluscs"
464505,"Mollusca","Bivalvia","Ostreida","Pteriidae","Pteria","Pteria sterna",,,,,,FALSE,TRUE,FALSE,,,,"molluscs"
1728455,"Mollusca","Bivalvia","Pectinida","Pectinidae","Euvola","Euvola perulus",,,,,,FALSE,TRUE,FALSE,,,,"molluscs"
394383,"Mollusca","Bivalvia","Pectinida","Pectinidae","Nodipecten","Nodipecten subnodosus",,,,,,FALSE,TRUE,FALSE,,,"giant lion's-paw","molluscs"
506944,"Mollusca","Bivalvia","Pectinida","Spondylidae","Spondylus","Spondylus gloriosus",,,,,,FALSE,TRUE,FALSE,,,,"molluscs"
207886,"Mollusca","Bivalvia","Pectinida","Spondylidae","Spondylus","Spondylus limbatus",,,,,,FALSE,TRUE,FALSE,,,,"molluscs"
507671,"Mollusca","Bivalvia","Venerida","Veneridae","Globivenus","Globivenus isocardia",,,,,,FALSE,TRUE,FALSE,,,,"molluscs"
505221,"Mollusca","Bivalvia","Venerida","Neoleptonidae","Neolepton","Neolepton subtrigonum",,,,,,FALSE,TRUE,FALSE,,,,"molluscs"
504798,"Mollusca","Bivalvia","Venerida","Chamidae","Pseudochama","Pseudochama panamensis",,,,,,FALSE,TRUE,FALSE,,,,"molluscs"
408573,"Mollusca","Bivalvia",,"Cuspidariidae","Myonera","Myonera garretti",,,,,,FALSE,TRUE,FALSE,,,,"molluscs"
341983,"Mollusca","Cephalopoda","Octopoda","Octopodidae","Octopus","Octopus hubbsorum",,,,,,FALSE,TRUE,FALSE,"LC","LC",,"molluscs"
342001,"Mollusca","Cephalopoda","Octopoda","Octopodidae","Octopus","Octopus mimus",,,,,,FALSE,TRUE,FALSE,"LC","LC",,"molluscs"
341851,"Mollusca","Cephalopoda","Oegopsida","Enoploteuthidae","Abraliopsis","Abraliopsis hoylei",,,,,,FALSE,TRUE,FALSE,"DD","DD",,"molluscs"
1673886,"Mollusca","Gastropoda","Littorinimorpha","Hipponicidae","Antisabia","Antisabia panamensis",,,,,,FALSE,TRUE,FALSE,,,,"molluscs"
446865,"Mollusca","Gastropoda","Littorinimorpha","Littorinidae","Echinolittorina","Echinolittorina modesta",,,,,,FALSE,TRUE,FALSE,,,,"molluscs"
580710,"Mollusca","Gastropoda","Littorinimorpha","Cypraeidae","Talostolida","Talostolida pellucens",,,,,,FALSE,TRUE,FALSE,,,,"molluscs"
490864,"Mollusca","Gastropoda","Neogastropoda","Buccinidae","Buccinum","Buccinum terraenovae",1,,,,,TRUE,FALSE,FALSE,,,,"molluscs"
709213,"Mollusca","Gastropoda","Neogastropoda","Muricidae","Coralliophila","Coralliophila parva",,,,,,FALSE,TRUE,FALSE,,,,"molluscs"
723813,"Mollusca","Gastropoda","Neogastropoda","Muricidae","Favartia","Favartia cocosensis",,,,,,FALSE,TRUE,FALSE,,,,"molluscs"
835592,"Mollusca","Gastropoda","Neogastropoda","Pisaniidae","Hesperisternia","Hesperisternia grandana",,,,,,FALSE,TRUE,FALSE,,,,"molluscs"
407873,"Mollusca","Gastropoda","Neogastropoda","Muricidae","Murexsul","Murexsul nothokieneri",,,,,,FALSE,TRUE,FALSE,,,,"molluscs"
1416065,"Mollusca","Gastropoda","Neogastropoda","Terebridae","Neoterebra","Neoterebra crenifera",,,,,,FALSE,TRUE,FALSE,,,,"molluscs"
533874,"Mollusca","Gastropoda","Nudibranchia","Dendrodorididae","Dendrodoris","Dendrodoris albobrunnea",,,,,,FALSE,TRUE,FALSE,,,,"molluscs"
139034,"Mollusca","Gastropoda","Pteropoda","Creseidae","Creseis","Creseis acicula",,,,,,FALSE,TRUE,FALSE,,,,"molluscs"
708946,"Mollusca","Gastropoda","[unassigned] Caenogastropoda","Epitoniidae","Epitonium","Epitonium angustum",,,,,,FALSE,TRUE,FALSE,,,,"molluscs"
524634,"Mollusca","Gastropoda","[unassigned] Caenogastropoda","Epitoniidae","Gyroscala","Gyroscala commutata",,,,,,FALSE,TRUE,FALSE,,,,"molluscs"
533417,"Mollusca","Gastropoda","[unassigned] Caenogastropoda","Cerithiopsidae","Seila","Seila subalbida",,,,,,FALSE,TRUE,FALSE,,,,"molluscs"
111426,"Bryozoa","Gymnolaemata","Cheilostomatida","Microporidae","Micropora","Micropora coriacea",,,,,,FALSE,TRUE,FALSE,,,,"moss animals"
1415317,"Bryozoa","Gymnolaemata","Cheilostomatida","Microporidae","Micropora","Micropora coriacea",,,,,,FALSE,TRUE,FALSE,,,,"moss animals"
421254,"Arthropoda","Ostracoda","Podocopida","Bairdiidae","Bairdoppilata","Bairdoppilata hirsuta",,,,,,FALSE,TRUE,FALSE,,,,
776968,"Arthropoda","Ostracoda","Podocopida","Bythocyprididae","Bythocypris","Bythocypris (Bythotriangularia) promoza",,,,,,FALSE,TRUE,FALSE,,,,
421270,"Arthropoda","Ostracoda","Podocopida","Bythocyprididae","Bythocypris","Bythocypris affinis",,,,,,FALSE,TRUE,FALSE,,,,
777284,"Arthropoda","Ostracoda","Podocopida","Saipanettidae","Cardobairdia","Cardobairdia bensoni",,,,,,FALSE,TRUE,FALSE,,,,
421272,"Arthropoda","Ostracoda","Podocopida","Bythocyprididae","Zabythocypris","Zabythocypris helicina",,,,,,FALSE,TRUE,FALSE,,,,
103417,"Chordata","Appendicularia","Copelata","Oikopleuridae","Oikopleura","Oikopleura (Vexillaria) vanhoeffeni",1,,,,,TRUE,FALSE,FALSE,,,,
