"AphiaID","phylum","class","order","family","genus","species","remove","records","reads","asvs","max_year","target_gene","source_obis","source_gbif","source_dna","category","redlist_category","vernacular","group"
149055,"Bacillariophyta","Bacillariophyceae","Paraliales","Paraliaceae","Paralia","Paralia sulcata",FALSE,,,,,,FALSE,TRUE,FALSE,,,,"algae"
144457,"Chlorophyta","Ulvophyceae","Bryopsidales","Bryopsidaceae","Bryopsis","Bryopsis plumosa",FALSE,,,,,,FALSE,TRUE,FALSE,,,,"algae"
145086,"Chlorophyta","Ulvophyceae","Bryopsidales","Codiaceae","Codium","Codium fragile",FALSE,,,,,,FALSE,TRUE,FALSE,,,,"algae"
145093,"Chlorophyta","Ulvophyceae","Bryopsidales","Codiaceae","Codium","Codium vermilara",FALSE,,,,,,FALSE,TRUE,FALSE,,,,"algae"
145020,"Chlorophyta","Ulvophyceae","Cladophorales","Cladophoraceae","Chaetomorpha","Chaetomorpha aerea",FALSE,,,,,,FALSE,TRUE,FALSE,,,,"algae"
145037,"Chlorophyta","Ulvophyceae","Cladophorales","Cladophoraceae","Cladophora","Cladophora coelothrix",FALSE,1,,,,,TRUE,TRUE,FALSE,,,,"algae"
373426,"Chlorophyta","Ulvophyceae","Cladophorales","Pithophoraceae","Wittrockiella","Wittrockiella lyallii",FALSE,1,,,,,TRUE,FALSE,FALSE,,,,"algae"
234476,"Chlorophyta","Ulvophyceae","Ulvales","Ulvaceae","Ulva","Ulva prolifera",FALSE,,,,,,FALSE,TRUE,FALSE,,,,"algae"
246604,"Ochrophyta","Bacillariophyceae","Bacillariales","Bacillariaceae","Pseudo-nitzschia","Pseudo-nitzschia australis",FALSE,7,,,2015,,TRUE,FALSE,FALSE,,,,"algae"
246605,"Ochrophyta","Bacillariophyceae","Bacillariales","Bacillariaceae","Pseudo-nitzschia","Pseudo-nitzschia calliantha",FALSE,6,,,2015,,TRUE,FALSE,FALSE,,,,"algae"
246606,"Ochrophyta","Bacillariophyceae","Bacillariales","Bacillariaceae","Pseudo-nitzschia","Pseudo-nitzschia fraudulenta",FALSE,5,,,2015,,TRUE,FALSE,FALSE,,,,"algae"
156548,"Ochrophyta","Bacillariophyceae","Bacillariales","Bacillariaceae","Pseudo-nitzschia","Pseudo-nitzschia pseudodelicatissima",FALSE,2,,,2015,,TRUE,FALSE,FALSE,,,,"algae"
160528,"Ochrophyta","Bacillariophyceae","Bacillariales","Bacillariaceae","Pseudo-nitzschia","Pseudo-nitzschia pungens",FALSE,9,,,2015,,TRUE,FALSE,FALSE,,,,"algae"
145367,"Ochrophyta","Phaeophyceae","Dictyotales","Dictyotaceae","Dictyota","Dictyota dichotoma",FALSE,175,,,2019,,TRUE,TRUE,FALSE,,,,"algae"
145857,"Ochrophyta","Phaeophyceae","Ectocarpales","Scytosiphonaceae","Colpomenia","Colpomenia sinuosa",FALSE,1,,,2019,,TRUE,TRUE,FALSE,,,,"algae"
494940,"Ochrophyta","Phaeophyceae","Ectocarpales","Chordariaceae","Leathesia","Leathesia marina",FALSE,,,,,,FALSE,TRUE,FALSE,,,,"algae"
548021,"Ochrophyta","Phaeophyceae","Ectocarpales","Chordariaceae","Striaria","Striaria attenuata",FALSE,1,,,,,TRUE,TRUE,FALSE,,,,"algae"
232231,"Ochrophyta","Phaeophyceae","Laminariales","Laminariaceae","Macrocystis","Macrocystis pyrifera",FALSE,,,,,,FALSE,TRUE,FALSE,,,,"algae"
145721,"Ochrophyta","Phaeophyceae","Laminariales","Alariaceae","Undaria","Undaria pinnatifida",FALSE,2,,,2019,,TRUE,TRUE,FALSE,,,,"algae"
498350,"Ochrophyta","Phaeophyceae","Sphacelariales","Stypocaulaceae","Halopteris","Halopteris funicularis",FALSE,1,,,,,TRUE,TRUE,FALSE,,,,"algae"
145295,"Ochrophyta","Phaeophyceae","Tilopteridales","Cutleriaceae","Cutleria","Cutleria adspersa",FALSE,1,,,,,TRUE,TRUE,FALSE,,,,"algae"
374758,"Rhodophyta","Bangiophyceae","Bangiales","Bangiaceae","Porphyra","Porphyra argentinensis",FALSE,1,,,,,TRUE,FALSE,FALSE,,,,"algae"
144431,"Rhodophyta","Bangiophyceae","Bangiales","Bangiaceae","Porphyra","Porphyra linearis",FALSE,1,,,,,TRUE,TRUE,FALSE,,,,"algae"
144404,"Rhodophyta","Florideophyceae","Acrochaetiales","Rhodochortonaceae","Rhodochorton","Rhodochorton purpureum",FALSE,,,,,,FALSE,TRUE,FALSE,,,,"algae"
374410,"Rhodophyta","Florideophyceae","Ceramiales","Ceramiaceae","Ceramium","Ceramium dozei",FALSE,1,,,,,TRUE,FALSE,FALSE,,,,"algae"
144569,"Rhodophyta","Florideophyceae","Ceramiales","Ceramiaceae","Ceramium","Ceramium tenuicorne",FALSE,,,,,,FALSE,TRUE,FALSE,,,,"algae"
178915,"Rhodophyta","Florideophyceae","Ceramiales","Ceramiaceae","Ceramium","Ceramium virgatum",FALSE,,,,,,FALSE,TRUE,FALSE,,,,"algae"
377258,"Rhodophyta","Florideophyceae","Ceramiales","Ceramiaceae","Ceramium","Ceramium virgatum",FALSE,,,,,,FALSE,TRUE,FALSE,,,,"algae"
373641,"Rhodophyta","Florideophyceae","Ceramiales","Delesseriaceae","Hymenena","Hymenena laciniata",FALSE,,,,,,FALSE,TRUE,FALSE,,,,"algae"
325547,"Rhodophyta","Florideophyceae","Ceramiales","Delesseriaceae","Phycodrys","Phycodrys quercifolia",FALSE,,,,,,FALSE,TRUE,FALSE,,,,"algae"
374495,"Rhodophyta","Florideophyceae","Ceramiales","Rhodomelaceae","Polysiphonia","Polysiphonia hassleri",FALSE,1,,,,,TRUE,FALSE,FALSE,,,,"algae"
232563,"Rhodophyta","Florideophyceae","Ceramiales","Rhodomelaceae","Polysiphonia","Polysiphonia morrowii",FALSE,,,,,,FALSE,TRUE,FALSE,,,,"algae"
325559,"Rhodophyta","Florideophyceae","Ceramiales","Ceramiaceae","Pterothamnion","Pterothamnion simile",FALSE,1,,,,,TRUE,TRUE,FALSE,,,,"algae"
145108,"Rhodophyta","Florideophyceae","Corallinales","Corallinaceae","Corallina","Corallina officinalis",FALSE,1,,,2019,,TRUE,TRUE,FALSE,,,,"algae"
373382,"Rhodophyta","Florideophyceae","Gigartinales","Caulacanthaceae","Catenella","Catenella fusiformis",FALSE,1,,,,,TRUE,TRUE,FALSE,,,,"algae"
374127,"Rhodophyta","Florideophyceae","Gracilariales","Gracilariaceae","Gracilaria","Gracilaria spinigera",FALSE,,,,,,FALSE,TRUE,FALSE,,,,"algae"
145825,"Rhodophyta","Florideophyceae","Rhodymeniales","Lomentariaceae","Lomentaria","Lomentaria clavellosa",FALSE,5,,,2019,,TRUE,TRUE,FALSE,,,,"algae"
422573,"Chordata","Aves","Anseriformes","Anatidae","Anas","Anas bahamensis",FALSE,,,,,,FALSE,TRUE,FALSE,"LC","LC","white-cheeked pintail, canard des Bahamas","birds"
225775,"Chordata","Aves","Anseriformes","Anatidae","Anas","Anas georgica",FALSE,,,,,,FALSE,TRUE,FALSE,"LC","LC","yellow-billed pintail, canard à queue pointue","birds"
225980,"Chordata","Aves","Anseriformes","Anatidae","Lophonetta","Lophonetta specularioides",FALSE,,,,,,FALSE,TRUE,FALSE,"LC","LC","crested duck, Canard huppé","birds"
405112,"Chordata","Aves","Anseriformes","Anatidae","Tachyeres","Tachyeres leucocephalus",FALSE,,,,,,FALSE,TRUE,FALSE,"VU","VU","Chubut steamer duck, brassemer à tête blanche","birds"
225921,"Chordata","Aves","Anseriformes","Anatidae","Tachyeres","Tachyeres patachonicus",FALSE,,,,,,FALSE,TRUE,FALSE,"LC","LC","flying steamer duck, brassemer de Patagonie","birds"
147431,"Chordata","Aves","Charadriiformes","Scolopacidae","Arenaria","Arenaria interpres",FALSE,,,,,,FALSE,TRUE,FALSE,"LC","LC","ruddy turnstone, tournepierre à collier","birds"
159084,"Chordata","Aves","Charadriiformes","Scolopacidae","Calidris","Calidris alba",FALSE,,,,,,FALSE,TRUE,FALSE,"LC","LC","sanderling, bécasseau sanderling","birds"
159048,"Chordata","Aves","Charadriiformes","Scolopacidae","Calidris","Calidris bairdii",FALSE,,,,,,FALSE,TRUE,FALSE,"LC","LC","Baird's sandpiper, bécasseau de Baird","birds"
147433,"Chordata","Aves","Charadriiformes","Scolopacidae","Calidris","Calidris canutus",FALSE,,,,,,FALSE,TRUE,FALSE,"NT","NT","red knot, bécasseau maubèche","birds"
159050,"Chordata","Aves","Charadriiformes","Scolopacidae","Calidris","Calidris fuscicollis",FALSE,,,,,,FALSE,TRUE,FALSE,"LC","LC","white-rumped sandpiper, bécasseau de Bonaparte","birds"
159053,"Chordata","Aves","Charadriiformes","Scolopacidae","Calidris","Calidris melanotos",FALSE,,,,,,FALSE,TRUE,FALSE,"LC","LC","pectoral sandpiper, bécasseau de tacheté","birds"
366857,"Chordata","Aves","Charadriiformes","Charadriidae","Charadrius","Charadrius collaris",FALSE,,,,,,FALSE,TRUE,FALSE,"LC","LC","collared plover, Pluvier d'Azara","birds"
366859,"Chordata","Aves","Charadriiformes","Charadriidae","Charadrius","Charadrius falklandicus",FALSE,,,,,,FALSE,TRUE,FALSE,"LC","LC","two-banded plover, pluvier des Falkland","birds"
366860,"Chordata","Aves","Charadriiformes","Charadriidae","Charadrius","Charadrius modestus",FALSE,,,,,,FALSE,TRUE,FALSE,"LC","LC","rufous-chested plover, pluvier de d'Urville","birds"
225754,"Chordata","Aves","Charadriiformes","Chionidae","Chionis","Chionis albus",FALSE,,,,,,FALSE,TRUE,FALSE,"LC","LC","snowy sheathbill, chionis blanc","birds"
366768,"Chordata","Aves","Charadriiformes","Charadriidae","Haematopus","Haematopus ater",FALSE,,,,,,FALSE,TRUE,FALSE,"LC","LC","blackish oystercatcher, huîtrier noir","birds"
366769,"Chordata","Aves","Charadriiformes","Charadriidae","Haematopus","Haematopus leucopodus",FALSE,,,,,,FALSE,TRUE,FALSE,"LC","LC","Magellanic oystercatcher, huîtrier de Garnot","birds"
147436,"Chordata","Aves","Charadriiformes","Charadriidae","Haematopus","Haematopus ostralegus",FALSE,,,,,,FALSE,TRUE,FALSE,"NT","NT","Eurasian oyster catcher, huîtrier pie","birds"
159128,"Chordata","Aves","Charadriiformes","Charadriidae","Haematopus","Haematopus palliatus",FALSE,,,,,,FALSE,TRUE,FALSE,"LC","LC","American oystercatcher, huîtrier d'Amérique","birds"
1443768,"Chordata","Aves","Charadriiformes","Recurvirostridae","Himantopus","Himantopus melanurus",FALSE,,,,,,FALSE,TRUE,FALSE,,,,"birds"
159131,"Chordata","Aves","Charadriiformes","Recurvirostridae","Himantopus","Himantopus mexicanus",FALSE,,,,,,FALSE,TRUE,FALSE,,,"black-necked stilt, Échasse d'Amérique","birds"
343905,"Chordata","Aves","Charadriiformes","Laridae","Larus","Larus atlanticus",FALSE,,,,,,FALSE,TRUE,FALSE,"NT","NT","Olrog's Gull, goéland d'Olrog","birds"
137141,"Chordata","Aves","Charadriiformes","Laridae","Larus","Larus canus",FALSE,,,,,,FALSE,TRUE,FALSE,"LC","LC","mew gull, goéland cendré","birds"
212624,"Chordata","Aves","Charadriiformes","Laridae","Larus","Larus dominicanus",FALSE,4,,,,,TRUE,TRUE,FALSE,"LC","LC","kelp gull, goéland dominicain","birds"
225946,"Chordata","Aves","Charadriiformes","Laridae","Larus","Larus maculipennis",FALSE,,,,,,FALSE,TRUE,FALSE,"LC","LC","brown-hooded gull, mouette de Patagonie","birds"
344089,"Chordata","Aves","Charadriiformes","Laridae","Leucophaeus","Leucophaeus scoresbii",FALSE,,,,,,FALSE,TRUE,FALSE,,,"dolphin gull, goéland de Scoresby","birds"
159033,"Chordata","Aves","Charadriiformes","Scolopacidae","Limosa","Limosa haemastica",FALSE,,,,,,FALSE,TRUE,FALSE,"LC","LC","Hudsonian godwit, barge hudsonienne","birds"
159040,"Chordata","Aves","Charadriiformes","Scolopacidae","Numenius","Numenius phaeopus",FALSE,,,,,,FALSE,TRUE,FALSE,"LC","LC","whimbrel, courlis corllieu","birds"
159043,"Chordata","Aves","Charadriiformes","Phalaropodidae","Phalaropus","Phalaropus tricolor",FALSE,,,,,,FALSE,TRUE,FALSE,,,"Wilson's phalarope, phalarope de Wilson","birds"
159136,"Chordata","Aves","Charadriiformes","Charadriidae","Pluvialis","Pluvialis dominica",FALSE,,,,,,FALSE,TRUE,FALSE,"LC","LC","American golden plover, pluvier bronzé","birds"
159137,"Chordata","Aves","Charadriiformes","Charadriidae","Pluvialis","Pluvialis squatarola",FALSE,,,,,,FALSE,TRUE,FALSE,"LC","LC","grey plover, pluvier argenté","birds"
366876,"Chordata","Aves","Charadriiformes","Pluvianellidae","Pluvianellus","Pluvianellus socialis",FALSE,,,,,,FALSE,TRUE,FALSE,"NT","NT","Magellanic plover,  Pluvianelle magellanique","birds"
159079,"Chordata","Aves","Charadriiformes","Rynchopidae","Rynchops","Rynchops niger",FALSE,,,,,,FALSE,TRUE,FALSE,"LC","LC","black skimmer, Bec-en-ciseaux noir","birds"
567471,"Chordata","Aves","Charadriiformes","Stercorariidae","Stercorarius","Stercorarius antarcticus",FALSE,,,,,,FALSE,TRUE,FALSE,,,"brown skua, labbe antarctique","birds"
567472,"Chordata","Aves","Charadriiformes","Stercorariidae","Stercorarius","Stercorarius chilensis",FALSE,,,,,,FALSE,TRUE,FALSE,,,"Chilean skua, labbe du Chili","birds"
137172,"Chordata","Aves","Charadriiformes","Stercorariidae","Stercorarius","Stercorarius parasiticus",FALSE,,,,,,FALSE,TRUE,FALSE,"LC","LC","parasitic jaeger, labbe parasite","birds"
225979,"Chordata","Aves","Charadriiformes","Laridae","Sterna","Sterna hirundinacea",FALSE,7,,,,,TRUE,TRUE,FALSE,"LC","LC","South American tern, sterne hirundinacée","birds"
137162,"Chordata","Aves","Charadriiformes","Laridae","Sterna","Sterna hirundo",FALSE,,,,,,FALSE,TRUE,FALSE,"LC","LC","common tern, sterne pierregarin","birds"
137163,"Chordata","Aves","Charadriiformes","Laridae","Sterna","Sterna maxima",FALSE,,,,,,FALSE,TRUE,FALSE,,,"royal tern,  sterne royale","birds"
137165,"Chordata","Aves","Charadriiformes","Laridae","Sterna","Sterna paradisaea",FALSE,,,,,,FALSE,TRUE,FALSE,"LC","LC","Arctic tern, sterne à longue queue","birds"
137166,"Chordata","Aves","Charadriiformes","Laridae","Sterna","Sterna sandvicensis",FALSE,,,,,,FALSE,TRUE,FALSE,,,"sandwich tern, sterne caugek","birds"
225966,"Chordata","Aves","Charadriiformes","Laridae","Sterna","Sterna trudeaui",FALSE,,,,,,FALSE,TRUE,FALSE,"LC","LC","Trudeau's tern, Sterne de Trudeau","birds"
1348517,"Chordata","Aves","Charadriiformes","Laridae","Thalasseus","Thalasseus sandvicensis",FALSE,1,,,,,TRUE,FALSE,FALSE,"LC","LC",,"birds"
159030,"Chordata","Aves","Charadriiformes","Scolopacidae","Tringa","Tringa flavipes",FALSE,,,,,,FALSE,TRUE,FALSE,"LC","LC","lesser yellowlegs, Ppetit chevalier","birds"
158967,"Chordata","Aves","Charadriiformes","Scolopacidae","Tringa","Tringa melanoleuca",FALSE,,,,,,FALSE,TRUE,FALSE,"LC","LC","greater yellowlegs, grand chevalier","birds"
366839,"Chordata","Aves","Charadriiformes","Charadriidae","Vanellus","Vanellus chilensis",FALSE,,,,,,FALSE,TRUE,FALSE,"LC","LC","southern lapwing,  Vanneau téro","birds"
159116,"Chordata","Aves","Ciconiiformes","Ardeidae","Egretta","Egretta thula",FALSE,,,,,,FALSE,TRUE,FALSE,"LC","LC","snowy egret, aigrette neigeuse","birds"
1034764,"Chordata","Aves","Falconiformes","Falconidae","Phalcoboenus","Phalcoboenus chimango",FALSE,,,,,,FALSE,TRUE,FALSE,"LC","LC",,"birds"
1034730,"Chordata","Aves","Gruiformes","Rallidae","Pardirallus","Pardirallus sanguinolentus",FALSE,,,,,,FALSE,TRUE,FALSE,"LC","LC",,"birds"
1603882,"Chordata","Aves","Pelecaniformes","Phalacrocoracidae","Leucocarbo","Leucocarbo atriceps",FALSE,,,,,,FALSE,TRUE,FALSE,"LC","LC",,"birds"
343939,"Chordata","Aves","Pelecaniformes","Phalacrocoracidae","Phalacrocorax","Phalacrocorax brasilianus",FALSE,4,,,,,TRUE,TRUE,FALSE,,,"neotropical cormorant, Cormoran vigua","birds"
225960,"Chordata","Aves","Pelecaniformes","Phalacrocoracidae","Phalacrocorax","Phalacrocorax gaimardi",FALSE,,,,,,FALSE,TRUE,FALSE,,,"red-legged shag, cormoran de Gaimard","birds"
225945,"Chordata","Aves","Pelecaniformes","Phalacrocoracidae","Phalacrocorax","Phalacrocorax magellanicus",FALSE,8,,,,,TRUE,TRUE,FALSE,,,"rosk shag, cormoran de Magellan","birds"
990418,"Chordata","Aves","Phoenicopteriformes","Phoenicopteridae","Phoenicopterus","Phoenicopterus chilensis",FALSE,,,,,,FALSE,TRUE,FALSE,"NT","NT","Chilean flamingo","birds"
366612,"Chordata","Aves","Podicipediformes","Podicipedidae","Podiceps","Podiceps major",FALSE,,,,,,FALSE,TRUE,FALSE,"LC","LC","great grebe, grand Grèbe","birds"
366621,"Chordata","Aves","Podicipediformes","Podicipedidae","Podiceps","Podiceps occipitalis",FALSE,,,,,,FALSE,TRUE,FALSE,"LC","LC","silvery grebe, grèbe aux belles joues","birds"
159062,"Chordata","Aves","Podicipediformes","Podicipedidae","Podilymbus","Podilymbus podiceps",FALSE,,,,,,FALSE,TRUE,FALSE,"LC","LC","pied-billed grebe, grèbe à bec bigarré","birds"
366614,"Chordata","Aves","Podicipediformes","Podicipedidae","Rollandia","Rollandia rolland",FALSE,,,,,,FALSE,TRUE,FALSE,"LC","LC","white-tufted grebe, grèbe de Rolland","birds"
1674258,"Chordata","Aves","Procellariiformes","Procellariidae","Ardenna","Ardenna creatopus",FALSE,,,,,,FALSE,TRUE,FALSE,"VU","VU",,"birds"
212640,"Chordata","Aves","Procellariiformes","Procellariidae","Daption","Daption capense",FALSE,,,,,,FALSE,TRUE,FALSE,"LC","LC","Cape petrel, damier du Cap","birds"
212638,"Chordata","Aves","Procellariiformes","Procellariidae","Fulmarus","Fulmarus glacialoides",FALSE,,,,,,FALSE,TRUE,FALSE,"LC","LC","southern fulmar, fulmar argenté","birds"
212636,"Chordata","Aves","Procellariiformes","Procellariidae","Macronectes","Macronectes giganteus",FALSE,,,,,,FALSE,TRUE,FALSE,"LC","LC","southern giant petrel, pétrel géant","birds"
212637,"Chordata","Aves","Procellariiformes","Procellariidae","Macronectes","Macronectes halli",FALSE,,,,,,FALSE,TRUE,FALSE,"LC","LC","northern giant petrel, pétrel de Hall","birds"
137190,"Chordata","Aves","Procellariiformes","Hydrobatidae","Oceanites","Oceanites oceanicus",FALSE,,,,,,FALSE,TRUE,FALSE,"LC","LC","Wilson's storm petrel, océanite de Wilson","birds"
212646,"Chordata","Aves","Procellariiformes","Procellariidae","Pachyptila","Pachyptila belcheri",FALSE,,,,,,FALSE,TRUE,FALSE,"LC","LC","slender-billed prion, prion de belcher","birds"
212651,"Chordata","Aves","Procellariiformes","Procellariidae","Procellaria","Procellaria aequinoctialis",FALSE,16,,,2003,,TRUE,TRUE,FALSE,"VU","VU","white-chinned petrel, puffin à menton blanc","birds"
137201,"Chordata","Aves","Procellariiformes","Procellariidae","Puffinus","Puffinus gravis",FALSE,8,,,2019,,TRUE,TRUE,FALSE,,,"great shearwater, puffin majeur","birds"
137202,"Chordata","Aves","Procellariiformes","Procellariidae","Puffinus","Puffinus griseus",FALSE,7,,,2022,,TRUE,TRUE,FALSE,,,"sooty shearwater, puffin fuligineux","birds"
137203,"Chordata","Aves","Procellariiformes","Procellariidae","Puffinus","Puffinus puffinus",FALSE,,,,,,FALSE,TRUE,FALSE,"LC","LC","Manx shearwater, puffin des Anglais","birds"
159069,"Chordata","Aves","Procellariiformes","Diomedeidae","Thalassarche","Thalassarche chlororhynchos",FALSE,,,,,,FALSE,TRUE,FALSE,"EN","EN","yellow-nosed albatross, albatros à nez jaune","birds"
343995,"Chordata","Aves","Procellariiformes","Diomedeidae","Thalassarche","Thalassarche melanophris",FALSE,,,,,,FALSE,TRUE,FALSE,"LC","LC","black-browed albatross","birds"
225777,"Chordata","Aves","Sphenisciformes","Spheniscidae","Pygoscelis","Pygoscelis papua",FALSE,,,,,,FALSE,TRUE,FALSE,"LC","LC","gentoo penguin, Manchot papou","birds"
225782,"Chordata","Aves","Sphenisciformes","Spheniscidae","Spheniscus","Spheniscus magellanicus",FALSE,7,,,,,TRUE,TRUE,FALSE,"LC","LC","Magellanic penguin, Manchot de Magellan","birds"
283733,"Cnidaria","Anthozoa","Actiniaria","Sagartiidae","Actinothoe","Actinothoe lobata",FALSE,,,,,,FALSE,TRUE,FALSE,,,,"cnidarians"
283738,"Cnidaria","Anthozoa","Actiniaria","Sagartiidae","Actinothoe","Actinothoe patagonica",FALSE,5,,,,,TRUE,FALSE,FALSE,,,,"cnidarians"
283321,"Cnidaria","Anthozoa","Actiniaria","Actiniidae","Anemonia","Anemonia chubutensis",FALSE,3,,,,,TRUE,FALSE,FALSE,,,,"cnidarians"
287436,"Cnidaria","Anthozoa","Actiniaria","Actinostolidae","Antholoba","Antholoba achates",FALSE,,,,,,FALSE,TRUE,FALSE,,,,"cnidarians"
289437,"Cnidaria","Anthozoa","Actiniaria","Sagartiidae","Anthothoe","Anthothoe chilensis",FALSE,15,,,2019,,TRUE,TRUE,FALSE,,,,"cnidarians"
283400,"Cnidaria","Anthozoa","Actiniaria","Actiniidae","Bunodactis","Bunodactis patagoniensis",FALSE,6,,,,,TRUE,TRUE,FALSE,,,,"cnidarians"
395099,"Cnidaria","Anthozoa","Actiniaria","Diadumenidae","Diadumene","Diadumene lineata",FALSE,,,,,,FALSE,TRUE,FALSE,,,"orangestriped green anemone, anémone de mer","cnidarians"
592999,"Cnidaria","Anthozoa","Actiniaria","Harenactidae","Harenactis","Harenactis argentina",FALSE,1,,,,,TRUE,TRUE,FALSE,,,,"cnidarians"
290226,"Cnidaria","Anthozoa","Actiniaria","Andvakiidae","Isophellia","Isophellia madrynensis",FALSE,4,,,,,TRUE,TRUE,FALSE,,,,"cnidarians"
100982,"Cnidaria","Anthozoa","Actiniaria","Metridiidae","Metridium","Metridium senile",FALSE,2,,,2019,,TRUE,TRUE,FALSE,,,"clonal plumose anemone, oeillet de mer","cnidarians"
290457,"Cnidaria","Anthozoa","Actiniaria","Actiniidae","Neoparacondylactis","Neoparacondylactis haraldoi",FALSE,,,,,,FALSE,TRUE,FALSE,,,,"cnidarians"
290601,"Cnidaria","Anthozoa","Actiniaria","Actiniidae","Parabunodactis","Parabunodactis imperfecta",FALSE,19,,,2019,,TRUE,TRUE,FALSE,,,,"cnidarians"
290741,"Cnidaria","Anthozoa","Actiniaria","Actiniidae","Phlyctenanthus","Phlyctenanthus australis",FALSE,4,,,,,TRUE,TRUE,FALSE,,,"southern anemone","cnidarians"
290742,"Cnidaria","Anthozoa","Actiniaria","Actiniidae","Phlyctenanthus","Phlyctenanthus regularis",FALSE,3,,,,,TRUE,FALSE,FALSE,,,,"cnidarians"
283837,"Cnidaria","Anthozoa","Corallimorpharia","Corallimorphidae","Corynactis","Corynactis carnea",FALSE,417,,,2019,,TRUE,TRUE,FALSE,,,,"cnidarians"
290987,"Cnidaria","Anthozoa","Malacalcyonacea","Tubiporidae","Rhodelinda","Rhodelinda gardineri",FALSE,1,,,,,TRUE,TRUE,FALSE,,,,"cnidarians"
286700,"Cnidaria","Anthozoa","Scleralcyonacea","Virgulariidae","Stylatula","Stylatula polyzoidea",FALSE,,,,,,FALSE,TRUE,FALSE,,,,"cnidarians"
291239,"Cnidaria","Anthozoa","Scleralcyonacea","Spongiodermidae","Tripalea","Tripalea clavaria",FALSE,2,,,2019,,TRUE,TRUE,FALSE,,,,"cnidarians"
117981,"Cnidaria","Hydrozoa","Anthoathecata","Tubulariidae","Ectopleura","Ectopleura crocea",FALSE,,,,,,FALSE,TRUE,FALSE,,,"pinkmouth hydroid","cnidarians"
117874,"Cnidaria","Hydrozoa","Leptothecata","Sertulariidae","Amphisbetia","Amphisbetia operculata",FALSE,1,,,,,TRUE,TRUE,FALSE,,,"tamaris de mer","cnidarians"
117392,"Cnidaria","Hydrozoa","Leptothecata","Campanulariidae","Orthopyxis","Orthopyxis everta",FALSE,1,,,,,TRUE,TRUE,FALSE,,,,"cnidarians"
117393,"Cnidaria","Hydrozoa","Leptothecata","Campanulariidae","Orthopyxis","Orthopyxis integra",FALSE,1,,,,,TRUE,TRUE,FALSE,,,,"cnidarians"
285655,"Cnidaria","Hydrozoa","Leptothecata","Symplectoscyphidae","Symplectoscyphus","Symplectoscyphus flexilis",FALSE,1,,,,,TRUE,TRUE,FALSE,,,,"cnidarians"
174538,"Cnidaria","Hydrozoa","Leptothecata","Symplectoscyphidae","Symplectoscyphus","Symplectoscyphus glacialis",FALSE,1,,,,,TRUE,TRUE,FALSE,,,,"cnidarians"
285109,"Cnidaria","Hydrozoa","Limnomedusae","Olindiidae","Olindias","Olindias sambaquiensis",FALSE,,,,,,FALSE,TRUE,FALSE,,,,"cnidarians"
117622,"Cnidaria","Hydrozoa","Trachymedusae","Halicreatidae","Halitrephes","Halitrephes maasi",FALSE,,,,,,FALSE,TRUE,FALSE,,,,"cnidarians"
287210,"Cnidaria","Scyphozoa","Semaeostomeae","Pelagiidae","Chrysaora","Chrysaora plocamia",FALSE,,,,,,FALSE,TRUE,FALSE,,,,"cnidarians"
102005,"Arthropoda","Malacostraca","Amphipoda","Ampithoidae","Ampithoe","Ampithoe valida",FALSE,,,,,,FALSE,TRUE,FALSE,,,,"crustaceans"
237103,"Arthropoda","Malacostraca","Amphipoda","Gammarellidae","Austroregia","Austroregia huxleyana",FALSE,,,,,,FALSE,TRUE,FALSE,,,,"crustaceans"
531682,"Arthropoda","Malacostraca","Amphipoda","Maeridae","Elasmopus","Elasmopus marplatensis",FALSE,,,,,,FALSE,TRUE,FALSE,,,,"crustaceans"
237403,"Arthropoda","Malacostraca","Amphipoda","Phoxocephalopsidae","Eophoxocephalopsis","Eophoxocephalopsis colombus",FALSE,,,,,,FALSE,TRUE,FALSE,,,,"crustaceans"
237456,"Arthropoda","Malacostraca","Amphipoda","Phoxocephalidae","Fuegiphoxus","Fuegiphoxus fuegiensis",FALSE,6,,,,,TRUE,TRUE,FALSE,,,,"crustaceans"
237110,"Arthropoda","Malacostraca","Amphipoda","Corophiidae","Haplocheira","Haplocheira barbimana",FALSE,,,,,,FALSE,TRUE,FALSE,,,,"crustaceans"
237269,"Arthropoda","Malacostraca","Amphipoda","Urohaustoriidae","Huarpe","Huarpe escofeti",FALSE,1,,,1975,,TRUE,TRUE,FALSE,,,,"crustaceans"
237495,"Arthropoda","Malacostraca","Amphipoda","Liljeborgiidae","Liljeborgia","Liljeborgia octodentata",FALSE,,,,,,FALSE,TRUE,FALSE,,,,"crustaceans"
102843,"Arthropoda","Malacostraca","Amphipoda","Melitidae","Melita","Melita palmata",FALSE,2,,,,,TRUE,TRUE,FALSE,,,,"crustaceans"
237532,"Arthropoda","Malacostraca","Amphipoda","Phoxocephalidae","Metharpinia","Metharpinia iado",FALSE,2,,,,,TRUE,TRUE,FALSE,,,,"crustaceans"
237170,"Arthropoda","Malacostraca","Amphipoda","Phoxocephalidae","Metharpinia","Metharpinia protuberantis",FALSE,5,,,,,TRUE,TRUE,FALSE,,,,"crustaceans"
237405,"Arthropoda","Malacostraca","Amphipoda","Phoxocephalidae","Microphoxus","Microphoxus cornutus",FALSE,8,,,,,TRUE,TRUE,FALSE,,,,"crustaceans"
148592,"Arthropoda","Malacostraca","Amphipoda","Corophiidae","Monocorophium","Monocorophium insidiosum",FALSE,,,,,,FALSE,TRUE,FALSE,,,,"crustaceans"
103202,"Arthropoda","Malacostraca","Amphipoda","Talitridae","Orchestia","Orchestia gammarellus",FALSE,,,,,,FALSE,TRUE,FALSE,,,"common shore-skipper","crustaceans"
237451,"Arthropoda","Malacostraca","Amphipoda","Phoxocephalidae","Parafoxiphalus","Parafoxiphalus longicarpus",FALSE,4,,,,,TRUE,TRUE,FALSE,,,,"crustaceans"
237565,"Arthropoda","Malacostraca","Amphipoda","Oedicerotidae","Paramonoculopsis","Paramonoculopsis acuta",FALSE,2,,,,,TRUE,FALSE,FALSE,,,,"crustaceans"
237515,"Arthropoda","Malacostraca","Amphipoda","Phoxocephalopsidae","Puelche","Puelche orensanzi",FALSE,1,,,1975,,TRUE,TRUE,FALSE,,,,"crustaceans"
237697,"Arthropoda","Malacostraca","Amphipoda","Tryphosidae","Tryphosites","Tryphosites chevreuxi",FALSE,,,,,,FALSE,TRUE,FALSE,,,,"crustaceans"
951983,"Arthropoda","Malacostraca","Amphipoda","Uristidae","Uristes","Uristes schellenbergi",FALSE,,,,,,FALSE,TRUE,FALSE,,,,"crustaceans"
182483,"Arthropoda","Malacostraca","Cumacea","Nannastacidae","Cumella","Cumella (Cumella) argentinae",FALSE,1,,,,,TRUE,FALSE,FALSE,,,,"crustaceans"
181867,"Arthropoda","Malacostraca","Cumacea","Bodotriidae","Leptocuma","Leptocuma patagonicum",FALSE,,,,,,FALSE,TRUE,FALSE,,,,"crustaceans"
182064,"Arthropoda","Malacostraca","Cumacea","Diastylidae","Leptostylis","Leptostylis vemae",FALSE,1,,,,,TRUE,FALSE,FALSE,,,,"crustaceans"
1662151,"Arthropoda","Malacostraca","Decapoda","Polybiidae","Archaeogeryon","Archaeogeryon latus",FALSE,,,,,,FALSE,TRUE,FALSE,,,,"crustaceans"
246225,"Arthropoda","Malacostraca","Decapoda","Penaeidae","Artemesia","Artemesia longinaris",FALSE,,,,,,FALSE,TRUE,FALSE,,,"Argentine stiletto shrimp","crustaceans"
515419,"Arthropoda","Malacostraca","Decapoda","Pandalidae","Austropandalus","Austropandalus grayi",FALSE,,,,,,FALSE,TRUE,FALSE,,,,"crustaceans"
467719,"Arthropoda","Malacostraca","Decapoda","Blepharipodidae","Blepharipoda","Blepharipoda doelloi",FALSE,,,,,,FALSE,TRUE,FALSE,,,,"crustaceans"
107381,"Arthropoda","Malacostraca","Decapoda","Carcinidae","Carcinus","Carcinus maenas",FALSE,,,,,,FALSE,TRUE,FALSE,,,"green crab, crabe enragé","crustaceans"
444763,"Arthropoda","Malacostraca","Decapoda","Varunidae","Cyrtograpsus","Cyrtograpsus altimanus",FALSE,,,,,,FALSE,TRUE,FALSE,,,,"crustaceans"
444764,"Arthropoda","Malacostraca","Decapoda","Varunidae","Cyrtograpsus","Cyrtograpsus angulatus",FALSE,,,,,,FALSE,TRUE,FALSE,,,,"crustaceans"
877895,"Arthropoda","Malacostraca","Decapoda","Platyxanthidae","Danielethus","Danielethus patagonicus",FALSE,,,,,,FALSE,TRUE,FALSE,,,,"crustaceans"
366245,"Arthropoda","Malacostraca","Decapoda","Inachidae","Eurypodius","Eurypodius latreillii",FALSE,,,,,,FALSE,TRUE,FALSE,,,,"crustaceans"
392883,"Arthropoda","Malacostraca","Decapoda","Munididae","Grimothea","Grimothea gregaria",FALSE,,,,,,FALSE,TRUE,FALSE,,,,"crustaceans"
441785,"Arthropoda","Malacostraca","Decapoda","Hymenosomatidae","Halicarcinus","Halicarcinus planatus",FALSE,1,,,1998,,TRUE,TRUE,FALSE,,,,"crustaceans"
441460,"Arthropoda","Malacostraca","Decapoda","Epialtidae","Leucippa","Leucippa pentagona",FALSE,20,,,2019,,TRUE,TRUE,FALSE,,,,"crustaceans"
441987,"Arthropoda","Malacostraca","Decapoda","Inachoididae","Leurocyclus","Leurocyclus tuberculosus",FALSE,,,,,,FALSE,TRUE,FALSE,,,,"crustaceans"
515319,"Arthropoda","Malacostraca","Decapoda","Hippolytidae","Nauticaris","Nauticaris magellanica",FALSE,,,,,,FALSE,TRUE,FALSE,,,,"crustaceans"
444742,"Arthropoda","Malacostraca","Decapoda","Varunidae","Neohelice","Neohelice granulata",FALSE,,,,,,FALSE,TRUE,FALSE,,,,"crustaceans"
1617268,"Arthropoda","Malacostraca","Decapoda","Ocypodidae","Ocypode","Ocypode vericoncava",FALSE,,,,,,FALSE,TRUE,FALSE,,,,"crustaceans"
246565,"Arthropoda","Malacostraca","Decapoda","Ovalipidae","Ovalipes","Ovalipes trimaculatus",FALSE,,,,,,FALSE,TRUE,FALSE,,,"three-spot swimming crab","crustaceans"
425860,"Arthropoda","Malacostraca","Decapoda","Porcellanidae","Pachycheles","Pachycheles chubutensis",FALSE,3,,,2019,,TRUE,TRUE,FALSE,,,,"crustaceans"
1617267,"Arthropoda","Malacostraca","Decapoda","Panopeidae","Panopeus","Panopeus piramidensis",FALSE,,,,,,FALSE,TRUE,FALSE,,,,"crustaceans"
366243,"Arthropoda","Malacostraca","Decapoda","Trichopeltariidae","Peltarion","Peltarion spinulosum",FALSE,,,,,,FALSE,TRUE,FALSE,,,,"crustaceans"
445026,"Arthropoda","Malacostraca","Decapoda","Pinnotheridae","Pinnixa","Pinnixa bahamondei",FALSE,,,,,,FALSE,TRUE,FALSE,,,,"crustaceans"
377568,"Arthropoda","Malacostraca","Decapoda","Solenoceridae","Pleoticus","Pleoticus muelleri",FALSE,,,,,,FALSE,TRUE,FALSE,,,"Argentine red shrimp, Salicoque rouge d'Argentine","crustaceans"
1617266,"Arthropoda","Malacostraca","Decapoda","Cancridae","Romaleon","Romaleon parspinosus",FALSE,,,,,,FALSE,TRUE,FALSE,,,,"crustaceans"
1653331,"Arthropoda","Malacostraca","Decapoda","Epialtidae","Scyramathia","Scyramathia boschii",FALSE,,,,,,FALSE,TRUE,FALSE,,,,"crustaceans"
175144,"Arthropoda","Malacostraca","Isopoda","Serolidae","Acanthoserolis","Acanthoserolis schythei",FALSE,,,,,,FALSE,TRUE,FALSE,,,,"crustaceans"
175200,"Arthropoda","Malacostraca","Isopoda","Sphaeromatidae","Cassidinopsis","Cassidinopsis emarginata",FALSE,,,,,,FALSE,TRUE,FALSE,,,,"crustaceans"
258412,"Arthropoda","Malacostraca","Isopoda","Cirolanidae","Excirolana","Excirolana armata",FALSE,,,,,,FALSE,TRUE,FALSE,,,,"crustaceans"
119039,"Arthropoda","Malacostraca","Isopoda","Idoteidae","Idotea","Idotea balthica",FALSE,2,,,1974,,TRUE,TRUE,FALSE,,,"Baltic isopod","crustaceans"
256694,"Arthropoda","Malacostraca","Isopoda","Cirolanidae","Natatolana","Natatolana pastorei",FALSE,1,,,1974,,TRUE,TRUE,FALSE,,,,"crustaceans"
396650,"Arthropoda","Malacostraca","Leptostraca","Paranebaliidae","Paranebalia","Paranebalia longipes",FALSE,,,,,,FALSE,TRUE,FALSE,,,,"crustaceans"
246444,"Arthropoda","Malacostraca","Stomatopoda","Squillidae","Pterygosquilla","Pterygosquilla armata",FALSE,1,,,,,TRUE,TRUE,FALSE,,,,"crustaceans"
868466,"Arthropoda","Malacostraca","Tanaidacea","Kalliapseudidae","Acutihumerus","Acutihumerus patagoniensis",FALSE,,,,,,FALSE,TRUE,FALSE,,,,"crustaceans"
136546,"Arthropoda","Malacostraca","Tanaidacea","Tanaididae","Tanais","Tanais dulongii",FALSE,,,,,,FALSE,TRUE,FALSE,,,,"crustaceans"
535006,"Arthropoda","Thecostraca","Balanomorpha","Balanidae","Austromegabalanus","Austromegabalanus psittacus",FALSE,3,,,2019,,TRUE,TRUE,FALSE,,,"giant barnacle, balane géante","crustaceans"
394848,"Arthropoda","Thecostraca","Balanomorpha","Balanidae","Balanus","Balanus glandula",FALSE,,,,,,FALSE,TRUE,FALSE,,,,"crustaceans"
178784,"Echinodermata","Asteroidea","Forcipulatida","Stichasteridae","Allostichaster","Allostichaster capensis",FALSE,3,,,2019,,TRUE,TRUE,FALSE,,,,"echinoderms"
178786,"Echinodermata","Asteroidea","Forcipulatida","Asteriidae","Anasterias","Anasterias antarctica",FALSE,2,,,1978,,TRUE,TRUE,FALSE,,,,"echinoderms"
172678,"Echinodermata","Asteroidea","Forcipulatida","Stichasteridae","Cosmasterias","Cosmasterias lurida",FALSE,10,,,2019,,TRUE,TRUE,FALSE,,,,"echinoderms"
172748,"Echinodermata","Asteroidea","Valvatida","Asterinidae","Cycethra","Cycethra verrucosa",FALSE,13,,,2019,,TRUE,TRUE,FALSE,,,,"echinoderms"
177915,"Echinodermata","Asteroidea","Valvatida","Odontasteridae","Diplodontias","Diplodontias singularis",FALSE,,,,,,FALSE,TRUE,FALSE,,,,"echinoderms"
177924,"Echinodermata","Asteroidea","Valvatida","Odontasteridae","Odontaster","Odontaster penicillatus",FALSE,4,,,2019,,TRUE,TRUE,FALSE,,,,"echinoderms"
160786,"Echinodermata","Echinoidea","Arbacioida","Arbaciidae","Arbacia","Arbacia dufresnii",FALSE,231,,,2019,,TRUE,TRUE,FALSE,,,,"echinoderms"
160822,"Echinodermata","Echinoidea","Camarodonta","Temnopleuridae","Pseudechinus","Pseudechinus magellanicus",FALSE,34,,,2019,,TRUE,TRUE,FALSE,,,,"echinoderms"
887066,"Echinodermata","Echinoidea","Echinolampadacea","Monophorasteridae","Monophoraster","Monophoraster darwini",FALSE,,,,,,FALSE,TRUE,FALSE,,,,"echinoderms"
160759,"Echinodermata","Echinoidea","Spatangoida","Schizasteridae","Abatus","Abatus agassizii",FALSE,2,,,,,TRUE,FALSE,FALSE,,,,"echinoderms"
160832,"Echinodermata","Echinoidea","Spatangoida","Schizasteridae","Tripylaster","Tripylaster philippii",FALSE,15,,,,,TRUE,TRUE,FALSE,,,,"echinoderms"
529115,"Echinodermata","Holothuroidea","Apodida","Chiridotidae","Chiridota","Chiridota marenzelleri",FALSE,1,,,,,TRUE,TRUE,FALSE,,,,"echinoderms"
746129,"Echinodermata","Holothuroidea","Dendrochirotida","Sclerodactylidae","Havelockia","Havelockia pegi",FALSE,,,,,,FALSE,TRUE,FALSE,,,,"echinoderms"
866526,"Echinodermata","Holothuroidea","Dendrochirotida","Cucumariidae","Pentactella","Pentactella leonina",FALSE,,,,,,FALSE,TRUE,FALSE,,,,"echinoderms"
529595,"Echinodermata","Holothuroidea","Dendrochirotida","Phyllophoridae","Pentamera","Pentamera chiloensis",FALSE,1,,,,,TRUE,TRUE,FALSE,,,,"echinoderms"
242749,"Echinodermata","Ophiuroidea","Amphilepidida","Amphiuridae","Amphioplus","Amphioplus albidus",FALSE,,,,,,FALSE,TRUE,FALSE,,,,"echinoderms"
242918,"Echinodermata","Ophiuroidea","Amphilepidida","Amphiuridae","Amphiura","Amphiura crassipes",FALSE,1,,,,,TRUE,TRUE,FALSE,,,,"echinoderms"
236037,"Echinodermata","Ophiuroidea","Amphilepidida","Ophiactidae","Ophiactis","Ophiactis asperula",FALSE,1,,,,,TRUE,TRUE,FALSE,,,,"echinoderms"
243986,"Echinodermata","Ophiuroidea","Amphilepidida","Hemieuryalidae","Ophioplocus","Ophioplocus januarii",FALSE,10,,,2019,,TRUE,TRUE,FALSE,,,,"echinoderms"
236016,"Echinodermata","Ophiuroidea","Ophiurida","Ophiopyrgidae","Amphiophiura","Amphiophiura antarctica",FALSE,,,,,,FALSE,TRUE,FALSE,,,,"echinoderms"
105820,"Chordata","Elasmobranchii","Carcharhiniformes","Triakidae","Galeorhinus","Galeorhinus galeus",FALSE,3,,,,,TRUE,TRUE,FALSE,"CR","CR","tope, requin-hâ","fish"
271393,"Chordata","Elasmobranchii","Carcharhiniformes","Triakidae","Mustelus","Mustelus schmitti",FALSE,1,,,,,TRUE,TRUE,FALSE,"CR","CR",,"fish"
217628,"Chordata","Elasmobranchii","Hexanchiformes","Hexanchidae","Notorynchus","Notorynchus cepedianus",FALSE,1,,,,,TRUE,TRUE,FALSE,"VU","VU","broadnose sevengill shark, requin à sept branchies","fish"
271487,"Chordata","Elasmobranchii","Myliobatiformes","Myliobatidae","Myliobatis","Myliobatis goodei",FALSE,2,,,,,TRUE,TRUE,FALSE,"VU","VU","southern eagle ray","fish"
279818,"Chordata","Elasmobranchii","Rajiformes","Arhynchobatidae","Atlantoraja","Atlantoraja platana",FALSE,,,,,,FALSE,TRUE,FALSE,"EN","EN",,"fish"
271545,"Chordata","Elasmobranchii","Rajiformes","Rajidae","Dipturus","Dipturus flavirostris",FALSE,1,,,,,TRUE,TRUE,FALSE,,,,"fish"
282390,"Chordata","Elasmobranchii","Rajiformes","Arhynchobatidae","Psammobatis","Psammobatis normani",FALSE,,,,,,FALSE,TRUE,FALSE,"LC","LC",,"fish"
282917,"Chordata","Elasmobranchii","Rajiformes","Arhynchobatidae","Sympterygia","Sympterygia bonapartii",FALSE,,,,,,FALSE,TRUE,FALSE,"NT","NT",,"fish"
105923,"Chordata","Elasmobranchii","Squaliformes","Squalidae","Squalus","Squalus acanthias",FALSE,1,,,,,TRUE,TRUE,FALSE,"VU","VU","spiny dogfish, chien dard","fish"
217371,"Chordata","Elasmobranchii","Squaliformes","Squalidae","Squalus","Squalus mitsukurii",FALSE,,,,,,FALSE,TRUE,FALSE,"EN","EN","shortspine spurdog","fish"
271664,"Chordata","Elasmobranchii","Squatiniformes","Squatinidae","Squatina","Squatina argentina",FALSE,1,,,,,TRUE,TRUE,FALSE,"CR","CR",,"fish"
280568,"Chordata","Elasmobranchii","Torpediniformes","Narcinidae","Discopyge","Discopyge tschudii",FALSE,1,,,,,TRUE,TRUE,FALSE,"LC","LC",,"fish"
321912,"Chordata","Elasmobranchii","Torpediniformes","Torpedinidae","Tetronarce","Tetronarce puelcha",FALSE,1,,,,,TRUE,TRUE,FALSE,"CR","CR",,"fish"
278468,"Chordata","Holocephali","Chimaeriformes","Callorhinchidae","Callorhinchus","Callorhinchus callorynchus",FALSE,6,,,1995,,TRUE,TRUE,FALSE,"VU","VU","plownose chimaera, masca","fish"
278469,"Chordata","Holocephali","Chimaeriformes","Callorhinchidae","Callorhinchus","Callorhinchus milii",FALSE,2,,,1996,,TRUE,FALSE,FALSE,"LC","LC",,"fish"
234629,"Chordata","Myxini","Myxiniformes","Myxinidae","Myxine","Myxine australis",FALSE,,,,,,FALSE,TRUE,FALSE,"LC","LC",,"fish"
281794,"Chordata","Myxini","Myxiniformes","Myxinidae","Notomyxine","Notomyxine tridentiger",FALSE,,,,,,FALSE,TRUE,FALSE,"DD","DD",,"fish"
126998,"Chordata","Teleostei","Acropomatiformes","Polyprionidae","Polyprion","Polyprion americanus",FALSE,1,,,,,TRUE,TRUE,FALSE,"DD","DD","wreck-fish, cernia","fish"
271747,"Chordata","Teleostei","Anguilliformes","Congridae","Conger","Conger orbignianus",FALSE,1,,,,,TRUE,TRUE,FALSE,"LC","LC",,"fish"
281824,"Chordata","Teleostei","Atheriniformes","Atherinopsidae","Odontesthes","Odontesthes argentinensis",FALSE,2,,,,,TRUE,TRUE,FALSE,,,,"fish"
281826,"Chordata","Teleostei","Atheriniformes","Atherinopsidae","Odontesthes","Odontesthes incisa",FALSE,1,,,,,TRUE,TRUE,FALSE,"LC","LC",,"fish"
281828,"Chordata","Teleostei","Atheriniformes","Atherinopsidae","Odontesthes","Odontesthes nigricans",FALSE,2,,,,,TRUE,TRUE,FALSE,,,,"fish"
281829,"Chordata","Teleostei","Atheriniformes","Atherinopsidae","Odontesthes","Odontesthes platensis",FALSE,1,,,,,TRUE,TRUE,FALSE,,,,"fish"
275662,"Chordata","Teleostei","Batrachoidiformes","Batrachoididae","Porichthys","Porichthys porosissimus",FALSE,1,,,,,TRUE,TRUE,FALSE,,,,"fish"
283038,"Chordata","Teleostei","Batrachoidiformes","Batrachoididae","Triathalassothia","Triathalassothia argentina",FALSE,1,,,,,TRUE,TRUE,FALSE,,,,"fish"
279353,"Chordata","Teleostei","Blenniiformes","Tripterygiidae","Helcogrammoides","Helcogrammoides cunninghami",FALSE,133,,,2019,,TRUE,TRUE,FALSE,"LC","LC",,"fish"
282611,"Chordata","Teleostei","Blenniiformes","Clinidae","Ribeiroclinus","Ribeiroclinus eigenmanni",FALSE,10,,,2019,,TRUE,TRUE,FALSE,"LC","LC",,"fish"
282169,"Chordata","Teleostei","Carangiformes","Carangidae","Parona","Parona signata",FALSE,1,,,,,TRUE,TRUE,FALSE,"LC","LC",,"fish"
218436,"Chordata","Teleostei","Carangiformes","Carangidae","Seriola","Seriola lalandi",FALSE,1,,,,,TRUE,TRUE,FALSE,"LC","LC","yellowtail, sériole chicard","fish"
159655,"Chordata","Teleostei","Carangiformes","Carangidae","Trachurus","Trachurus lathami",FALSE,1,,,,,TRUE,TRUE,FALSE,"LC","LC","rough scad","fish"
281650,"Chordata","Teleostei","Centrarchiformes","Cheilodactylidae","Nemadactylus","Nemadactylus bergi",FALSE,2,,,,,TRUE,TRUE,FALSE,,,,"fish"
275498,"Chordata","Teleostei","Clupeiformes","Alosidae","Brevoortia","Brevoortia aurea",FALSE,,,,,,FALSE,TRUE,FALSE,"LC","LC",,"fish"
272284,"Chordata","Teleostei","Clupeiformes","Engraulidae","Engraulis","Engraulis anchoita",FALSE,1,,,,,TRUE,TRUE,FALSE,"LC","LC","Argentine anchovy, anchois d'Argentine","fish"
293578,"Chordata","Teleostei","Eupercaria incertae sedis","Sparidae","Diplodus","Diplodus argenteus",FALSE,1,,,,,TRUE,TRUE,FALSE,"LC","LC","silver porgy","fish"
127063,"Chordata","Teleostei","Eupercaria incertae sedis","Sparidae","Pagrus","Pagrus pagrus",FALSE,2,,,,,TRUE,TRUE,FALSE,"LC","LC","red porgy, pagre commun","fish"
272449,"Chordata","Teleostei","Gadiformes","Merlucciidae","Macruronus","Macruronus magellanicus",FALSE,1,,,,,TRUE,TRUE,FALSE,,,"Patagonian grenadier, grenadier de Patagonie","fish"
272455,"Chordata","Teleostei","Gadiformes","Merlucciidae","Merluccius","Merluccius hubbsi",FALSE,1,,,,,TRUE,TRUE,FALSE,,,"Argentine hake, merlu d'Argentine","fish"
234703,"Chordata","Teleostei","Gadiformes","Moridae","Notophycis","Notophycis marginata",FALSE,,,,,,FALSE,TRUE,FALSE,,,"dwarf codling","fish"
282654,"Chordata","Teleostei","Gadiformes","Moridae","Salilota","Salilota australis",FALSE,1,,,,,TRUE,TRUE,FALSE,"DD","DD",,"fish"
272519,"Chordata","Teleostei","Gadiformes","Phycidae","Urophycis","Urophycis brasiliensis",FALSE,1,,,,,TRUE,TRUE,FALSE,,,"Brazilian codling, phycis brésilien","fish"
280811,"Chordata","Teleostei","Galaxiiformes","Galaxiidae","Galaxias","Galaxias maculatus",FALSE,,,,,,FALSE,TRUE,FALSE,"LC","LC",,"fish"
273655,"Chordata","Teleostei","Mugiliformes","Mugilidae","Mugil","Mugil liza",FALSE,1,,,,,TRUE,TRUE,FALSE,"DD","DD","liza","fish"
273661,"Chordata","Teleostei","Mulliformes","Mullidae","Mullus","Mullus argentinae",FALSE,,,,,,FALSE,TRUE,FALSE,,,,"fish"
278702,"Chordata","Teleostei","Ophidiiformes","Ophidiidae","Genypterus","Genypterus blacodes",FALSE,1,,,,,TRUE,TRUE,FALSE,,,"pink cusk-eel","fish"
282548,"Chordata","Teleostei","Ophidiiformes","Ophidiidae","Raneya","Raneya brasiliensis",FALSE,1,,,,,TRUE,TRUE,FALSE,"LC","LC",,"fish"
278720,"Chordata","Teleostei","Perciformes","Serranidae","Acanthistius","Acanthistius brasilianus",FALSE,1,,,,,TRUE,TRUE,FALSE,"DD","DD","Argentine seabass","fish"
278725,"Chordata","Teleostei","Perciformes","Serranidae","Acanthistius","Acanthistius patachonicus",FALSE,5,,,,,TRUE,TRUE,FALSE,"DD","DD",,"fish"
279520,"Chordata","Teleostei","Perciformes","Agonidae","Agonopsis","Agonopsis chiloensis",FALSE,7,,,1989,,TRUE,TRUE,FALSE,,,,"fish"
1019169,"Chordata","Teleostei","Perciformes","Zoarcidae","Argentinolycus","Argentinolycus elongatus",FALSE,,,,,,FALSE,TRUE,FALSE,,,,"fish"
279844,"Chordata","Teleostei","Perciformes","Zoarcidae","Austrolycus","Austrolycus laticinctus",FALSE,,,,,,FALSE,TRUE,FALSE,,,,"fish"
279373,"Chordata","Teleostei","Perciformes","Bovichtidae","Bovichtus","Bovichtus argentinus",FALSE,3,,,1992,,TRUE,TRUE,FALSE,,,,"fish"
278357,"Chordata","Teleostei","Perciformes","Congiopodidae","Congiopodus","Congiopodus peruvianus",FALSE,2,,,,,TRUE,TRUE,FALSE,"LC","LC",,"fish"
280409,"Chordata","Teleostei","Perciformes","Bovichtidae","Cottoperca","Cottoperca gobio",FALSE,1,,,,,TRUE,TRUE,FALSE,,,,"fish"
310626,"Chordata","Teleostei","Perciformes","Serranidae","Dules","Dules auriga",FALSE,1,,,,,TRUE,TRUE,FALSE,,,,"fish"
280634,"Chordata","Teleostei","Perciformes","Eleginopidae","Eleginops","Eleginops maclovinus",FALSE,2,,,,,TRUE,TRUE,FALSE,,,,"fish"
127036,"Chordata","Teleostei","Perciformes","Serranidae","Epinephelus","Epinephelus marginatus",FALSE,1,,,,,TRUE,TRUE,FALSE,,,"dusky grouper, mérou noir","fish"
274767,"Chordata","Teleostei","Perciformes","Sebastidae","Helicolenus","Helicolenus lahillei",FALSE,1,,,,,TRUE,TRUE,FALSE,,,,"fish"
475101,"Chordata","Teleostei","Perciformes","Serranidae","Hyporthodus","Hyporthodus niveatus",FALSE,,,,,,FALSE,TRUE,FALSE,"VU","VU",,"fish"
281173,"Chordata","Teleostei","Perciformes","Zoarcidae","Iluocoetes","Iluocoetes fimbriatus",FALSE,,,,,,FALSE,TRUE,FALSE,,,,"fish"
234751,"Chordata","Teleostei","Perciformes","Nototheniidae","Patagonotothen","Patagonotothen brevicauda",FALSE,1,,,,,TRUE,TRUE,FALSE,,,,"fish"
712787,"Chordata","Teleostei","Perciformes","Nototheniidae","Patagonotothen","Patagonotothen canina",FALSE,,,,,,FALSE,TRUE,FALSE,,,,"fish"
279339,"Chordata","Teleostei","Perciformes","Nototheniidae","Patagonotothen","Patagonotothen cornucola",FALSE,1,,,,,TRUE,TRUE,FALSE,"LC","LC",,"fish"
279344,"Chordata","Teleostei","Perciformes","Nototheniidae","Patagonotothen","Patagonotothen sima",FALSE,1,,,,,TRUE,TRUE,FALSE,,,,"fish"
282218,"Chordata","Teleostei","Perciformes","Percophidae","Percophis","Percophis brasiliensis",FALSE,1,,,,,TRUE,TRUE,FALSE,,,,"fish"
282247,"Chordata","Teleostei","Perciformes","Zoarcidae","Phucocoetes","Phucocoetes latitans",FALSE,,,,,,FALSE,TRUE,FALSE,"LC","LC",,"fish"
236485,"Chordata","Teleostei","Perciformes","Pinguipedidae","Pinguipes","Pinguipes brasilianus",FALSE,2,,,,,TRUE,TRUE,FALSE,,,,"fish"
276286,"Chordata","Teleostei","Perciformes","Triglidae","Prionotus","Prionotus nudigula",FALSE,1,,,,,TRUE,TRUE,FALSE,,,,"fish"
282462,"Chordata","Teleostei","Perciformes","Pinguipedidae","Pseudopercis","Pseudopercis numida",FALSE,1,,,,,TRUE,TRUE,FALSE,"LC","LC",,"fish"
282463,"Chordata","Teleostei","Perciformes","Pinguipedidae","Pseudopercis","Pseudopercis semifasciata",FALSE,2,,,,,TRUE,TRUE,FALSE,,,,"fish"
274829,"Chordata","Teleostei","Perciformes","Sebastidae","Sebastes","Sebastes oculatus",FALSE,10,,,2019,,TRUE,TRUE,FALSE,"LC","LC",,"fish"
281885,"Chordata","Teleostei","Pleuronectiformes","Pleuronectidae","Oncopterus","Oncopterus darwinii",FALSE,1,,,,,TRUE,TRUE,FALSE,"LC","LC",,"fish"
275814,"Chordata","Teleostei","Pleuronectiformes","Paralichthyidae","Paralichthys","Paralichthys isosceles",FALSE,1,,,,,TRUE,TRUE,FALSE,"DD","DD",,"fish"
275818,"Chordata","Teleostei","Pleuronectiformes","Paralichthyidae","Paralichthys","Paralichthys patagonicus",FALSE,2,,,,,TRUE,TRUE,FALSE,"VU","VU",,"fish"
283200,"Chordata","Teleostei","Pleuronectiformes","Paralichthyidae","Xystreurys","Xystreurys rasilis",FALSE,1,,,,,TRUE,TRUE,FALSE,"LC","LC",,"fish"
219709,"Chordata","Teleostei","Scombriformes","Scombridae","Gasterochisma","Gasterochisma melampus",FALSE,,,,,,FALSE,TRUE,FALSE,"LC","LC","butterfly kingfish","fish"
151482,"Chordata","Teleostei","Scombriformes","Pomatomidae","Pomatomus","Pomatomus saltatrix",FALSE,1,,,,,TRUE,TRUE,FALSE,"VU","VU","blue fish, tassergal","fish"
127022,"Chordata","Teleostei","Scombriformes","Scombridae","Scomber","Scomber japonicus",FALSE,1,,,,,TRUE,TRUE,FALSE,"LC","LC","Atlantic chub mackerel, maquereaux blanc","fish"
282757,"Chordata","Teleostei","Scombriformes","Centrolophidae","Seriolella","Seriolella porosa",FALSE,1,,,,,TRUE,TRUE,FALSE,,,,"fish"
273998,"Chordata","Teleostei","Scombriformes","Stromateidae","Stromateus","Stromateus brasiliensis",FALSE,1,,,,,TRUE,TRUE,FALSE,,,,"fish"
159445,"Chordata","Teleostei","Syngnathiformes","Syngnathidae","Hippocampus","Hippocampus erectus",FALSE,1,,,,,TRUE,FALSE,FALSE,"VU","VU","lined seahorse","fish"
281324,"Chordata","Teleostei","Syngnathiformes","Syngnathidae","Leptonotus","Leptonotus blainvilleanus",FALSE,,,,,,FALSE,TRUE,FALSE,"LC","LC",,"fish"
127426,"Chordata","Teleostei","Zeiformes","Zeidae","Zenopsis","Zenopsis conchifer",FALSE,,,,,,FALSE,TRUE,FALSE,"LC","LC","silvery John dory","fish"
147709,"Ascomycota","Lecanoromycetes","Teloschistales","Teloschistaceae","Xanthoria","Xanthoria parietina",FALSE,,,,,,FALSE,TRUE,FALSE,,,"common orange lichen","fungi"
128552,"Phoronida",,,"Phoronidae","Phoronis","Phoronis psammophila",FALSE,1,,,,,TRUE,TRUE,FALSE,,,,"horseshoe worms"
231435,"Chordata","Mammalia","Carnivora","Otariidae","Arctocephalus","Arctocephalus australis",FALSE,,,,,,FALSE,TRUE,FALSE,"LC","LC","South American fur seal","mammals"
477318,"Chordata","Mammalia","Carnivora","Otariidae","Arctocephalus","Arctocephalus australis forsteri",FALSE,,,,,,FALSE,TRUE,FALSE,,,"New Zealand fur seal","mammals"
254999,"Chordata","Mammalia","Carnivora","Otariidae","Eumetopias","Eumetopias jubatus",FALSE,,,,,,FALSE,TRUE,FALSE,"NT","NT","Steller sea lion","mammals"
231417,"Chordata","Mammalia","Carnivora","Phocidae","Hydrurga","Hydrurga leptonyx",FALSE,,,,,,FALSE,TRUE,FALSE,"LC","LC","leopard seal","mammals"
344008,"Chordata","Mammalia","Carnivora","Phocidae","Lobodon","Lobodon carcinophagus",FALSE,,,,,,FALSE,TRUE,FALSE,,,"crabeater seal","mammals"
231413,"Chordata","Mammalia","Carnivora","Phocidae","Mirounga","Mirounga leonina",FALSE,1320,,,2010,,TRUE,TRUE,FALSE,"LC","LC","southern elephant seal","mammals"
344630,"Chordata","Mammalia","Carnivora","Otariidae","Otaria","Otaria byronia",FALSE,393,,,2013,,TRUE,TRUE,FALSE,"LC","LC","South American sea lion","mammals"
137087,"Chordata","Mammalia","Cetartiodactyla","Balaenopteridae","Balaenoptera","Balaenoptera acutorostrata",FALSE,,,,,,FALSE,TRUE,FALSE,"LC","LC","minke whale, rorqual mineur","mammals"
137088,"Chordata","Mammalia","Cetartiodactyla","Balaenopteridae","Balaenoptera","Balaenoptera borealis",FALSE,,,,,,FALSE,TRUE,FALSE,"EN","EN","pollack whale, rorqual de Rudolph","mammals"
254976,"Chordata","Mammalia","Cetartiodactyla","Delphinidae","Cephalorhynchus","Cephalorhynchus commersonii",FALSE,2,,,1985,,TRUE,TRUE,FALSE,"LC","LC","piebald dolphin, jacobite","mammals"
137094,"Chordata","Mammalia","Cetartiodactyla","Delphinidae","Delphinus","Delphinus delphis",FALSE,,,,,,FALSE,TRUE,FALSE,"LC","LC","common dolphin, dauphin ordinaire","mammals"
220222,"Chordata","Mammalia","Cetartiodactyla","Balaenidae","Eubalaena","Eubalaena australis",FALSE,403,,,2023,,TRUE,TRUE,FALSE,"LC","LC","southern right whale, baleine du Cap","mammals"
137097,"Chordata","Mammalia","Cetartiodactyla","Delphinidae","Globicephala","Globicephala melas",FALSE,1,,,1976,,TRUE,TRUE,FALSE,"LC","LC","long-finned pilot whale, globicéphale noir","mammals"
343900,"Chordata","Mammalia","Cetartiodactyla","Ziphiidae","Hyperoodon","Hyperoodon planifrons",FALSE,,,,,,FALSE,TRUE,FALSE,"LC","LC","southern bottlenose whale, hyperodon antarctique","mammals"
137099,"Chordata","Mammalia","Cetartiodactyla","Delphinidae","Lagenodelphis","Lagenodelphis hosei",FALSE,,,,,,FALSE,TRUE,FALSE,"LC","LC","Sarawak dolphin, dauphin de Fraser","mammals"
231434,"Chordata","Mammalia","Cetartiodactyla","Delphinidae","Lagenorhynchus","Lagenorhynchus obscurus",FALSE,6,,,1990,,TRUE,TRUE,FALSE,"LC","LC","dusky dolphin, dauphin obscur","mammals"
137092,"Chordata","Mammalia","Cetartiodactyla","Balaenopteridae","Megaptera","Megaptera novaeangliae",FALSE,5,,,2023,,TRUE,TRUE,FALSE,"LC","LC","humpback whale, rorqual keporkak","mammals"
137124,"Chordata","Mammalia","Cetartiodactyla","Ziphiidae","Mesoplodon","Mesoplodon grayi",FALSE,,,,,,FALSE,TRUE,FALSE,"LC","LC","Gray's beaked whale, mesoplodon de Gray","mammals"
137102,"Chordata","Mammalia","Cetartiodactyla","Delphinidae","Orcinus","Orcinus orca",FALSE,2,,,1996,,TRUE,TRUE,FALSE,"DD","DD","killer-trasher, orque","mammals"
254971,"Chordata","Mammalia","Cetartiodactyla","Phocoenidae","Phocoena","Phocoena dioptrica",FALSE,,,,,,FALSE,TRUE,FALSE,"LC","LC","spectacled porpoise, marsouin de Lahille","mammals"
343898,"Chordata","Mammalia","Cetartiodactyla","Phocoenidae","Phocoena","Phocoena spinipinnis",FALSE,,,,,,FALSE,TRUE,FALSE,"NT","NT","Burmeister's porpoise, marsouin de Burmeister","mammals"
137119,"Chordata","Mammalia","Cetartiodactyla","Physeteridae","Physeter","Physeter macrocephalus",FALSE,,,,,,FALSE,TRUE,FALSE,"VU","VU","sperm whale, cachalot à dents pointues","mammals"
254964,"Chordata","Mammalia","Cetartiodactyla","Pontoporiidae","Pontoporia","Pontoporia blainvillei",FALSE,1,,,,,TRUE,TRUE,FALSE,"VU","VU","franciscana, dauphin de la Plata","mammals"
231433,"Chordata","Mammalia","Cetartiodactyla","Ziphiidae","Tasmacetus","Tasmacetus shepherdi",FALSE,,,,,,FALSE,TRUE,FALSE,"DD","DD","Shepherd's beaked whale, tasmacete","mammals"
137111,"Chordata","Mammalia","Cetartiodactyla","Delphinidae","Tursiops","Tursiops truncatus",FALSE,,,,,,FALSE,TRUE,FALSE,"LC","LC","bottlenose dolphin, grand dauphin","mammals"
413610,"Mollusca","Bivalvia","Adapedonta","Pharidae","Ensis","Ensis macha",FALSE,38,,,1999,,TRUE,TRUE,FALSE,,,,"molluscs"
532903,"Mollusca","Bivalvia","Adapedonta","Hiatellidae","Hiatella","Hiatella antarctica",FALSE,,,,,,FALSE,TRUE,FALSE,,,,"molluscs"
140103,"Mollusca","Bivalvia","Adapedonta","Hiatellidae","Hiatella","Hiatella arctica",FALSE,1,,,,,TRUE,TRUE,FALSE,,,"Arctic hiatella","molluscs"
532904,"Mollusca","Bivalvia","Adapedonta","Hiatellidae","Hiatella","Hiatella meridionalis",FALSE,,,,,,FALSE,TRUE,FALSE,,,,"molluscs"
505404,"Mollusca","Bivalvia","Adapedonta","Hiatellidae","Panopea","Panopea abbreviata",FALSE,15,,,1999,,TRUE,TRUE,FALSE,,,,"molluscs"
1605153,"Mollusca","Bivalvia","Arcida","Arcidae","Anadara","Anadara lirata",FALSE,,,,,,FALSE,TRUE,FALSE,,,,"molluscs"
504499,"Mollusca","Bivalvia","Arcida","Glycymerididae","Glycymeris","Glycymeris longior",FALSE,,,,,,FALSE,TRUE,FALSE,,,,"molluscs"
878313,"Mollusca","Bivalvia","Cardiida","Tellinidae","Ardeamya","Ardeamya petitiana",FALSE,,,,,,FALSE,TRUE,FALSE,,,,"molluscs"
1384743,"Mollusca","Bivalvia","Cardiida","Cardiidae","Dallocardia","Dallocardia delicatula",FALSE,,,,,,FALSE,TRUE,FALSE,,,,"molluscs"
381280,"Mollusca","Bivalvia","Cardiida","Cardiidae","Dallocardia","Dallocardia muricata",FALSE,1,,,1993,,TRUE,TRUE,FALSE,,,,"molluscs"
878202,"Mollusca","Bivalvia","Cardiida","Tellinidae","Eurytellina","Eurytellina gibber",FALSE,1,,,,,TRUE,TRUE,FALSE,,,,"molluscs"
879984,"Mollusca","Bivalvia","Cardiida","Tellinidae","Macoploma","Macoploma tenta",FALSE,1,,,,,TRUE,TRUE,FALSE,,,,"molluscs"
420915,"Mollusca","Bivalvia","Cardiida","Semelidae","Semele","Semele proficua",FALSE,1,,,,,TRUE,TRUE,FALSE,,,,"molluscs"
877248,"Mollusca","Bivalvia","Cardiida","Tellinidae","Serratina","Serratina alerta",FALSE,1,,,,,TRUE,TRUE,FALSE,,,,"molluscs"
505075,"Mollusca","Bivalvia","Carditida","Crassatellidae","Crassinella","Crassinella maldonadoensis",FALSE,1,,,,,TRUE,TRUE,FALSE,,,,"molluscs"
140161,"Mollusca","Bivalvia","Galeommatida","Lasaeidae","Kellia","Kellia suborbicularis",FALSE,,,,,,FALSE,TRUE,FALSE,,,,"molluscs"
178911,"Mollusca","Bivalvia","Galeommatida","Lasaeidae","Lasaea","Lasaea adansoni",FALSE,1,,,,,TRUE,TRUE,FALSE,,,,"molluscs"
140176,"Mollusca","Bivalvia","Galeommatida","Lasaeidae","Lasaea","Lasaea rubra",FALSE,,,,,,FALSE,TRUE,FALSE,,,,"molluscs"
505416,"Mollusca","Bivalvia","Limida","Limidae","Acesta","Acesta patagonica",FALSE,,,,,,FALSE,TRUE,FALSE,,,,"molluscs"
1605119,"Mollusca","Bivalvia","Myida","Corbulidae","Caryocorbula","Caryocorbula pulchella",FALSE,1,,,,,TRUE,TRUE,FALSE,,,,"molluscs"
505845,"Mollusca","Bivalvia","Myida","Corbulidae","Corbula","Corbula patagonica",FALSE,1,,,,,TRUE,TRUE,FALSE,,,,"molluscs"
505847,"Mollusca","Bivalvia","Myida","Corbulidae","Corbula","Corbula tryoni",FALSE,1,,,,,TRUE,TRUE,FALSE,,,,"molluscs"
140430,"Mollusca","Bivalvia","Myida","Myidae","Mya","Mya arenaria",FALSE,1,,,,,TRUE,TRUE,FALSE,,,"softshell, mye","molluscs"
507005,"Mollusca","Bivalvia","Myida","Pholadidae","Netastoma","Netastoma darwinii",FALSE,,,,,,FALSE,TRUE,FALSE,,,,"molluscs"
505963,"Mollusca","Bivalvia","Mytilida","Mytilidae","Aulacomya","Aulacomya atra",FALSE,221,,,2019,,TRUE,TRUE,FALSE,,,,"molluscs"
1466247,"Mollusca","Bivalvia","Mytilida","Mytilidae","Aulacomya","Aulacomya atra",FALSE,3,,,,,TRUE,FALSE,FALSE,,,,"molluscs"
367978,"Mollusca","Bivalvia","Mytilida","Mytilidae","Brachidontes","Brachidontes rodriguezii",FALSE,1,,,,,TRUE,TRUE,FALSE,,,,"molluscs"
506057,"Mollusca","Bivalvia","Mytilida","Mytilidae","Leiosolenus","Leiosolenus patagonicus",FALSE,3,,,1904,,TRUE,TRUE,FALSE,,,,"molluscs"
506130,"Mollusca","Bivalvia","Mytilida","Mytilidae","Musculus","Musculus viator",FALSE,,,,,,FALSE,TRUE,FALSE,,,,"molluscs"
397041,"Mollusca","Bivalvia","Mytilida","Mytilidae","Mytilus","Mytilus chilensis",FALSE,1,,,,,TRUE,TRUE,FALSE,,,"Chilean blue mussel","molluscs"
140480,"Mollusca","Bivalvia","Mytilida","Mytilidae","Mytilus","Mytilus edulis",FALSE,1,,,,,TRUE,TRUE,FALSE,,,"blue mussel, moule commune","molluscs"
506158,"Mollusca","Bivalvia","Mytilida","Mytilidae","Mytilus","Mytilus platensis",FALSE,8,,,2003,,TRUE,TRUE,FALSE,,,"Chilean mussel, moule chilienne","molluscs"
600490,"Mollusca","Bivalvia","Mytilida","Mytilidae","Perumytilus","Perumytilus purpuratus",FALSE,,,,,,FALSE,TRUE,FALSE,,,,"molluscs"
506277,"Mollusca","Bivalvia","Nuculanida","Nuculanidae","Adrana","Adrana patagonica",FALSE,1,,,,,TRUE,TRUE,FALSE,,,,"molluscs"
506215,"Mollusca","Bivalvia","Nuculanida","Malletiidae","Malletia","Malletia cumingii",FALSE,1,,,,,TRUE,TRUE,FALSE,,,,"molluscs"
506594,"Mollusca","Bivalvia","Nuculida","Nuculidae","Ennucula","Ennucula puelcha",FALSE,,,,,,FALSE,TRUE,FALSE,,,,"molluscs"
506660,"Mollusca","Bivalvia","Nuculida","Nuculidae","Nucula","Nucula pisum",FALSE,1,,,,,TRUE,TRUE,FALSE,,,,"molluscs"
420740,"Mollusca","Bivalvia","Ostreida","Pinnidae","Atrina","Atrina seminuda",FALSE,35,,,1999,,TRUE,TRUE,FALSE,,,"half-naked penshell","molluscs"
1598462,"Mollusca","Bivalvia","Ostreida","Ostreidae","Crassostrea","Crassostrea patagonica",FALSE,,,,,,FALSE,TRUE,FALSE,,,,"molluscs"
836033,"Mollusca","Bivalvia","Ostreida","Ostreidae","Magallana","Magallana gigas",FALSE,,,,,,FALSE,TRUE,FALSE,,,,"molluscs"
397163,"Mollusca","Bivalvia","Ostreida","Ostreidae","Ostrea","Ostrea puelchana",FALSE,34,,,1999,,TRUE,TRUE,FALSE,,,"Argentine flat oyster","molluscs"
1598449,"Mollusca","Bivalvia","Pectinida","Pectinidae","Aequipecten","Aequipecten paranensis",FALSE,,,,,,FALSE,TRUE,FALSE,,,,"molluscs"
394229,"Mollusca","Bivalvia","Pectinida","Pectinidae","Aequipecten","Aequipecten tehuelchus",FALSE,61,,,2019,,TRUE,TRUE,FALSE,,,,"molluscs"
1637945,"Mollusca","Bivalvia","Pectinida","Pectinidae","Amusium","Amusium paris",FALSE,,,,,,FALSE,TRUE,FALSE,,,,"molluscs"
1637968,"Mollusca","Bivalvia","Pectinida","Pectinidae","Argopecten","Argopecten gratus",FALSE,,,,,,FALSE,TRUE,FALSE,,,,"molluscs"
1637969,"Mollusca","Bivalvia","Pectinida","Pectinidae","Argopecten","Argopecten insuetus",FALSE,,,,,,FALSE,TRUE,FALSE,,,,"molluscs"
1598454,"Mollusca","Bivalvia","Pectinida","Pectinidae","Chesapecten","Chesapecten patagonensis",FALSE,,,,,,FALSE,TRUE,FALSE,,,,"molluscs"
394234,"Mollusca","Bivalvia","Pectinida","Pectinidae","Flexopecten","Flexopecten felipponei",FALSE,2,,,1999,,TRUE,TRUE,FALSE,,,,"molluscs"
1638814,"Mollusca","Bivalvia","Pectinida","Pectinidae","Leopecten","Leopecten pyramidesius",FALSE,,,,,,FALSE,TRUE,FALSE,,,,"molluscs"
1317023,"Mollusca","Bivalvia","Pectinida","Pectinidae","Moirechlamys","Moirechlamys actinodes",FALSE,,,,,,FALSE,TRUE,FALSE,,,,"molluscs"
420776,"Mollusca","Bivalvia","Pectinida","Anomiidae","Pododesmus","Pododesmus rudis",FALSE,,,,,,FALSE,TRUE,FALSE,,,,"molluscs"
236717,"Mollusca","Bivalvia","Pectinida","Pectinidae","Zygochlamys","Zygochlamys patagonica",FALSE,1,,,,,TRUE,TRUE,FALSE,,,"Patagonian scallop, peigne de Patagonie","molluscs"
507120,"Mollusca","Bivalvia","Solemyida","Solemyidae","Acharax","Acharax patagonica",FALSE,1,,,,,TRUE,TRUE,FALSE,,,,"molluscs"
507438,"Mollusca","Bivalvia","Venerida","Veneridae","Ameghinomya","Ameghinomya antiqua",FALSE,14,,,1999,,TRUE,TRUE,FALSE,,,,"molluscs"
505658,"Mollusca","Bivalvia","Venerida","Mactridae","Darina","Darina solenoides",FALSE,,,,,,FALSE,TRUE,FALSE,,,,"molluscs"
532742,"Mollusca","Bivalvia","Venerida","Ungulinidae","Diplodonta","Diplodonta patagonica",FALSE,1,,,,,TRUE,TRUE,FALSE,,,,"molluscs"
1362684,"Mollusca","Bivalvia","Venerida","Veneridae","Eucallista","Eucallista purpurata",FALSE,,,,,,FALSE,TRUE,FALSE,,,,"molluscs"
533008,"Mollusca","Bivalvia","Venerida","Mactridae","Mactra","Mactra patagonica",FALSE,,,,,,FALSE,TRUE,FALSE,,,,"molluscs"
1043751,"Mollusca","Bivalvia","Venerida","Mactridae","Mactrotoma","Mactrotoma janeiroensis",FALSE,,,,,,FALSE,TRUE,FALSE,,,,"molluscs"
507416,"Mollusca","Bivalvia","Venerida","Veneridae","Petricola","Petricola dactylus",FALSE,1,,,,,TRUE,TRUE,FALSE,,,,"molluscs"
420810,"Mollusca","Bivalvia","Venerida","Ungulinidae","Phlyctiderma","Phlyctiderma semiasperum",FALSE,,,,,,FALSE,TRUE,FALSE,,,,"molluscs"
1361654,"Mollusca","Bivalvia","Venerida","Veneridae","Proteopitar","Proteopitar patagonicus",FALSE,1,,,,,TRUE,TRUE,FALSE,,,,"molluscs"
533373,"Mollusca","Bivalvia","Venerida","Veneridae","Retrotapes","Retrotapes exalbidus",FALSE,,,,,,FALSE,TRUE,FALSE,,,,"molluscs"
507917,"Mollusca","Bivalvia","Venerida","Veneridae","Tawera","Tawera elliptica",FALSE,2,,,1904,,TRUE,TRUE,FALSE,,,,"molluscs"
506876,"Mollusca","Bivalvia",,"Thraciidae","Asthenothaerus","Asthenothaerus rushii",FALSE,1,,,,,TRUE,TRUE,FALSE,,,,"molluscs"
506765,"Mollusca","Bivalvia",,"Lyonsiidae","Entodesma","Entodesma patagonicum",FALSE,,,,,,FALSE,TRUE,FALSE,,,,"molluscs"
506776,"Mollusca","Bivalvia",,"Lyonsiidae","Lyonsia","Lyonsia alvarezii",FALSE,,,,,,FALSE,TRUE,FALSE,,,,"molluscs"
141647,"Mollusca","Bivalvia",,"Thraciidae","Thracia","Thracia distorta",FALSE,,,,,,FALSE,TRUE,FALSE,,,,"molluscs"
506911,"Mollusca","Bivalvia",,"Thraciidae","Thracia","Thracia similis",FALSE,,,,,,FALSE,TRUE,FALSE,,,,"molluscs"
574545,"Mollusca","Cephalopoda","Myopsida","Loliginidae","Doryteuthis","Doryteuthis sanpaulensis",FALSE,1,,,,,TRUE,TRUE,FALSE,"LC","LC",,"molluscs"
341935,"Mollusca","Cephalopoda","Octopoda","Eledonidae","Eledone","Eledone massyae",FALSE,1,,,,,TRUE,TRUE,FALSE,"LC","LC","combed octopus","molluscs"
342307,"Mollusca","Cephalopoda","Octopoda","Enteroctopodidae","Enteroctopus","Enteroctopus megalocyathus",FALSE,1,,,1979,,TRUE,TRUE,FALSE,"LC","LC",,"molluscs"
342032,"Mollusca","Cephalopoda","Octopoda","Octopodidae","Octopus","Octopus tehuelchus",FALSE,2,,,1980,,TRUE,TRUE,FALSE,"DD","DD","Tehuelche octopus","molluscs"
342384,"Mollusca","Cephalopoda","Octopoda","Octopodidae","Robsonella","Robsonella fontaniana",FALSE,,,,,,FALSE,TRUE,FALSE,,,,"molluscs"
342233,"Mollusca","Cephalopoda","Sepiida","Sepiolidae","Semirossia","Semirossia patagonica",FALSE,,,,,,FALSE,TRUE,FALSE,"LC","LC",,"molluscs"
160065,"Mollusca","Gastropoda","Cephalaspidea","Tornatinidae","Acteocina","Acteocina canaliculata",FALSE,1,,,,,TRUE,TRUE,FALSE,,,"channeled barrel-bubble, bulle cannelée","molluscs"
570469,"Mollusca","Gastropoda","Lepetellida","Fissurellidae","Fissurella","Fissurella maxima",FALSE,,,,,,FALSE,TRUE,FALSE,,,,"molluscs"
197181,"Mollusca","Gastropoda","Lepetellida","Fissurellidae","Fissurella","Fissurella radiosa",FALSE,2,,,,,TRUE,TRUE,FALSE,,,,"molluscs"
533644,"Mollusca","Gastropoda","Lepetellida","Fissurellidae","Fissurella","Fissurella radiosa",FALSE,6,,,2019,,TRUE,FALSE,FALSE,,,,"molluscs"
532850,"Mollusca","Gastropoda","Lepetellida","Fissurellidae","Fissurellidea","Fissurellidea megatrema",FALSE,1,,,,,TRUE,TRUE,FALSE,,,,"molluscs"
532851,"Mollusca","Gastropoda","Lepetellida","Fissurellidae","Fissurellidea","Fissurellidea patagonica",FALSE,7,,,2019,,TRUE,TRUE,FALSE,,,,"molluscs"
493080,"Mollusca","Gastropoda","Lepetellida","Scissurellidae","Scissurella","Scissurella petermannensis",FALSE,1,,,,,TRUE,TRUE,FALSE,,,,"molluscs"
532433,"Mollusca","Gastropoda","Littorinimorpha","Barleeiidae","Barleeia","Barleeia rubrooperculata",FALSE,1,,,,,TRUE,FALSE,FALSE,,,,"molluscs"
419700,"Mollusca","Gastropoda","Littorinimorpha","Calyptraeidae","Bostrycapulus","Bostrycapulus aculeatus",FALSE,,,,,,FALSE,TRUE,FALSE,,,,"molluscs"
397063,"Mollusca","Gastropoda","Littorinimorpha","Calyptraeidae","Crepidula","Crepidula onyx",FALSE,,,,,,FALSE,TRUE,FALSE,,,"onyx slippersnail","molluscs"
532686,"Mollusca","Gastropoda","Littorinimorpha","Calyptraeidae","Crepidula","Crepidula protea",FALSE,1,,,,,TRUE,TRUE,FALSE,,,,"molluscs"
234137,"Mollusca","Gastropoda","Littorinimorpha","Calyptraeidae","Crepipatella","Crepipatella dilatata",FALSE,1,,,,,TRUE,TRUE,FALSE,,,,"molluscs"
584317,"Mollusca","Gastropoda","Littorinimorpha","Naticidae","Falsilunatia","Falsilunatia patagonica",FALSE,1,,,,,TRUE,TRUE,FALSE,,,,"molluscs"
419567,"Mollusca","Gastropoda","Littorinimorpha","Littorinidae","Littoraria","Littoraria nebulosa",FALSE,,,,,,FALSE,TRUE,FALSE,,,,"molluscs"
140264,"Mollusca","Gastropoda","Littorinimorpha","Littorinidae","Littorina","Littorina saxatilis",FALSE,,,,,,FALSE,TRUE,FALSE,,,"black-lined periwinkle, littorine des rochers","molluscs"
419760,"Mollusca","Gastropoda","Littorinimorpha","Naticidae","Naticarius","Naticarius canrena",FALSE,,,,,,FALSE,TRUE,FALSE,,,"colorful Atlantic moonsnail","molluscs"
533181,"Mollusca","Gastropoda","Littorinimorpha","Naticidae","Notocochlis","Notocochlis isabelleana",FALSE,1,,,,,TRUE,TRUE,FALSE,,,,"molluscs"
533534,"Mollusca","Gastropoda","Littorinimorpha","Calyptraeidae","Trochita","Trochita pileolus",FALSE,,,,,,FALSE,TRUE,FALSE,,,,"molluscs"
533535,"Mollusca","Gastropoda","Littorinimorpha","Calyptraeidae","Trochita","Trochita pileus",FALSE,,,,,,FALSE,TRUE,FALSE,,,,"molluscs"
606556,"Mollusca","Gastropoda","Neogastropoda","Volutidae","Adelomelon","Adelomelon ancilla",FALSE,38,,,1999,,TRUE,TRUE,FALSE,,,,"molluscs"
606557,"Mollusca","Gastropoda","Neogastropoda","Volutidae","Adelomelon","Adelomelon beckii",FALSE,38,,,1999,,TRUE,TRUE,FALSE,,,,"molluscs"
745066,"Mollusca","Gastropoda","Neogastropoda","Volutidae","Adelomelon","Adelomelon posei",FALSE,1,,,,,TRUE,FALSE,FALSE,,,,"molluscs"
490731,"Mollusca","Gastropoda","Neogastropoda","Prosiphonidae","Antistreptus","Antistreptus magellanicus",FALSE,1,,,,,TRUE,FALSE,FALSE,,,,"molluscs"
532463,"Mollusca","Gastropoda","Neogastropoda","Buccinanopsidae","Buccinanops","Buccinanops cochlidium",FALSE,2,,,,,TRUE,TRUE,FALSE,,,,"molluscs"
1514657,"Mollusca","Gastropoda","Neogastropoda","Buccinanopsidae","Buccinastrum","Buccinastrum deforme",FALSE,4,,,1996,,TRUE,TRUE,FALSE,,,,"molluscs"
399142,"Mollusca","Gastropoda","Neogastropoda","Muricidae","Fuegotrophon","Fuegotrophon pallidus",FALSE,,,,,,FALSE,TRUE,FALSE,,,,"molluscs"
399153,"Mollusca","Gastropoda","Neogastropoda","Muricidae","Gemixystus","Gemixystus laminatus",FALSE,,,,,,FALSE,TRUE,FALSE,,,,"molluscs"
384729,"Mollusca","Gastropoda","Neogastropoda","Volutidae","Odontocymbiola","Odontocymbiola magellanica",FALSE,45,,,1999,,TRUE,TRUE,FALSE,,,,"molluscs"
435278,"Mollusca","Gastropoda","Neogastropoda","Mangeliidae","Oenopota","Oenopota magellanica",FALSE,1,,,,,TRUE,TRUE,FALSE,,,,"molluscs"
533206,"Mollusca","Gastropoda","Neogastropoda","Olividae","Olivancillaria","Olivancillaria auricularia",FALSE,,,,,,FALSE,TRUE,FALSE,,,,"molluscs"
215628,"Mollusca","Gastropoda","Neogastropoda","Olividae","Olivancillaria","Olivancillaria carcellesi",FALSE,,,,,,FALSE,TRUE,FALSE,,,,"molluscs"
573238,"Mollusca","Gastropoda","Neogastropoda","Olividae","Olivancillaria","Olivancillaria orbignyi",FALSE,1,,,1997,,TRUE,TRUE,FALSE,,,,"molluscs"
448240,"Mollusca","Gastropoda","Neogastropoda","Olividae","Olivella","Olivella puelcha",FALSE,1,,,,,TRUE,TRUE,FALSE,,,,"molluscs"
448256,"Mollusca","Gastropoda","Neogastropoda","Olividae","Olivella","Olivella tehuelcha",FALSE,2,,,2003,,TRUE,TRUE,FALSE,,,,"molluscs"
1457762,"Mollusca","Gastropoda","Neogastropoda","Volutidae","Pachycymbiola","Pachycymbiola brasiliana",FALSE,,,,,,FALSE,TRUE,FALSE,,,,"molluscs"
1457763,"Mollusca","Gastropoda","Neogastropoda","Volutidae","Pachycymbiola","Pachycymbiola ferussacii",FALSE,,,,,,FALSE,TRUE,FALSE,,,,"molluscs"
889613,"Mollusca","Gastropoda","Neogastropoda","Cominellidae","Pareuthria","Pareuthria atrata",FALSE,1,,,,,TRUE,TRUE,FALSE,,,,"molluscs"
491214,"Mollusca","Gastropoda","Neogastropoda","Cominellidae","Pareuthria","Pareuthria fuscata",FALSE,1,,,,,TRUE,TRUE,FALSE,,,,"molluscs"
197512,"Mollusca","Gastropoda","Neogastropoda","Muricidae","Trophon","Trophon geversianus",FALSE,3,,,,,TRUE,TRUE,FALSE,,,,"molluscs"
197516,"Mollusca","Gastropoda","Neogastropoda","Muricidae","Trophon","Trophon plicatus",FALSE,,,,,,FALSE,TRUE,FALSE,,,,"molluscs"
474083,"Mollusca","Gastropoda","Neogastropoda","Marginellidae","Volvarina","Volvarina warrenii",FALSE,1,,,,,TRUE,FALSE,FALSE,,,,"molluscs"
382412,"Mollusca","Gastropoda","Neogastropoda","Volutidae","Zidona","Zidona dufresnii",FALSE,38,,,1999,,TRUE,TRUE,FALSE,,,,"molluscs"
880370,"Mollusca","Gastropoda","Nudibranchia","Aeolidiidae","Aeolidia","Aeolidia campbellii",FALSE,,,,,,FALSE,TRUE,FALSE,,,,"molluscs"
430397,"Mollusca","Gastropoda","Nudibranchia","Cadlinidae","Cadlina","Cadlina sparsa",FALSE,,,,,,FALSE,TRUE,FALSE,,,,"molluscs"
532734,"Mollusca","Gastropoda","Nudibranchia","Discodorididae","Diaulula","Diaulula punctuolata",FALSE,5,,,2019,,TRUE,TRUE,FALSE,,,,"molluscs"
536827,"Mollusca","Gastropoda","Nudibranchia","Dorididae","Doris","Doris fontainii",FALSE,3,,,2019,,TRUE,TRUE,FALSE,,,,"molluscs"
536809,"Mollusca","Gastropoda","Nudibranchia","Discodorididae","Gargamella","Gargamella immaculata",FALSE,,,,,,FALSE,TRUE,FALSE,,,,"molluscs"
532876,"Mollusca","Gastropoda","Nudibranchia","Discodorididae","Geitodoris","Geitodoris patagonica",FALSE,,,,,,FALSE,TRUE,FALSE,,,,"molluscs"
531063,"Mollusca","Gastropoda","Nudibranchia","Polyceridae","Polycera","Polycera marplatensis",FALSE,2,,,2019,,TRUE,TRUE,FALSE,,,,"molluscs"
533390,"Mollusca","Gastropoda","Nudibranchia","Discodorididae","Rostanga","Rostanga byga",FALSE,1,,,,,TRUE,TRUE,FALSE,,,,"molluscs"
536910,"Mollusca","Gastropoda","Nudibranchia","Chromodorididae","Tyrinna","Tyrinna delicata",FALSE,1,,,,,TRUE,TRUE,FALSE,,,,"molluscs"
531612,"Mollusca","Gastropoda","Pleurobranchida","Pleurobranchaeidae","Pleurobranchaea","Pleurobranchaea maculata",FALSE,4,,,2019,,TRUE,TRUE,FALSE,,,,"molluscs"
533427,"Mollusca","Gastropoda","Siphonariida","Siphonariidae","Siphonaria","Siphonaria lessonii",FALSE,,,,,,FALSE,TRUE,FALSE,,,,"molluscs"
532514,"Mollusca","Gastropoda","Trochida","Calliostomatidae","Calliostoma","Calliostoma coppingeri",FALSE,,,,,,FALSE,TRUE,FALSE,,,,"molluscs"
532532,"Mollusca","Gastropoda","Trochida","Calliostomatidae","Calliostoma","Calliostoma nordenskjoldi",FALSE,,,,,,FALSE,TRUE,FALSE,,,,"molluscs"
1630237,"Mollusca","Gastropoda","Trochida","Calliostomatidae","Neocalliostoma","Neocalliostoma militare",FALSE,,,,,,FALSE,TRUE,FALSE,,,,"molluscs"
533296,"Mollusca","Gastropoda","Trochida","Calliostomatidae","Photinula","Photinula coerulescens",FALSE,,,,,,FALSE,TRUE,FALSE,,,,"molluscs"
533433,"Mollusca","Gastropoda","Trochida","Solariellidae","Solariella","Solariella patriae",FALSE,1,,,,,TRUE,FALSE,FALSE,,,,"molluscs"
533470,"Mollusca","Gastropoda","Trochida","Tegulidae","Tegula","Tegula patagonica",FALSE,163,,,2019,,TRUE,TRUE,FALSE,,,,"molluscs"
419803,"Mollusca","Gastropoda","[unassigned] Caenogastropoda","Epitoniidae","Epitonium","Epitonium albidum",FALSE,3,,,1996,,TRUE,TRUE,FALSE,,,,"molluscs"
160289,"Mollusca","Gastropoda","[unassigned] Caenogastropoda","Epitoniidae","Epitonium","Epitonium angulatum",FALSE,,,,,,FALSE,TRUE,FALSE,,,"angulate wentletrap","molluscs"
458075,"Mollusca","Gastropoda","[unassigned] Caenogastropoda","Epitoniidae","Epitonium","Epitonium fabrizioi",FALSE,3,,,1995,,TRUE,TRUE,FALSE,,,,"molluscs"
523856,"Mollusca","Gastropoda","[unassigned] Caenogastropoda","Epitoniidae","Epitonium","Epitonium georgettinum",FALSE,,,,,,FALSE,TRUE,FALSE,,,,"molluscs"
160293,"Mollusca","Gastropoda","[unassigned] Caenogastropoda","Epitoniidae","Epitonium","Epitonium humphreysii",FALSE,,,,,,FALSE,TRUE,FALSE,,,,"molluscs"
160295,"Mollusca","Gastropoda","[unassigned] Caenogastropoda","Epitoniidae","Epitonium","Epitonium multistriatum",FALSE,,,,,,FALSE,TRUE,FALSE,,,"many-ribbed wentletrap","molluscs"
1643230,"Mollusca","Gastropoda","[unassigned] Caenogastropoda","Epitoniidae","Epitonium","Epitonium multistriatum",FALSE,,,,,,FALSE,TRUE,FALSE,,,,"molluscs"
523982,"Mollusca","Gastropoda","[unassigned] Caenogastropoda","Epitoniidae","Epitonium","Epitonium striatellum",FALSE,1,,,,,TRUE,TRUE,FALSE,,,,"molluscs"
532822,"Mollusca","Gastropoda","[unassigned] Caenogastropoda","Newtoniellidae","Eumetula","Eumetula pulla",FALSE,,,,,,FALSE,TRUE,FALSE,,,,"molluscs"
1616269,"Mollusca","Gastropoda","[unassigned] Caenogastropoda","Epitoniidae","Opaliopsis","Opaliopsis linaresi",FALSE,,,,,,FALSE,TRUE,FALSE,,,,"molluscs"
472990,"Mollusca","Gastropoda","[unassigned] Caenogastropoda","Turritellidae","Turritella","Turritella algida",FALSE,,,,,,FALSE,TRUE,FALSE,,,,"molluscs"
160311,"Mollusca","Gastropoda",,"Pyramidellidae","Eulimella","Eulimella smithii",FALSE,,,,,,FALSE,TRUE,FALSE,,,,"molluscs"
567926,"Mollusca","Gastropoda",,"Lepetidae","Iothia","Iothia emarginuloides",FALSE,1,,,,,TRUE,TRUE,FALSE,,,,"molluscs"
1616275,"Mollusca","Gastropoda",,"Amathinidae","Iselica","Iselica dessantii",FALSE,,,,,,FALSE,TRUE,FALSE,,,,"molluscs"
456656,"Mollusca","Gastropoda",,"Nacellidae","Nacella","Nacella deaurata",FALSE,,,,,,FALSE,TRUE,FALSE,,,"golden limpet","molluscs"
456657,"Mollusca","Gastropoda",,"Nacellidae","Nacella","Nacella magellanica",FALSE,,,,,,FALSE,TRUE,FALSE,,,,"molluscs"
456647,"Mollusca","Gastropoda",,"Lottiidae","Scurria","Scurria scurra",FALSE,,,,,,FALSE,TRUE,FALSE,,,,"molluscs"
533540,"Mollusca","Gastropoda",,"Pyramidellidae","Turbonilla","Turbonilla americana",FALSE,1,,,,,TRUE,TRUE,FALSE,,,,"molluscs"
458143,"Mollusca","Gastropoda",,"Pyramidellidae","Turbonilla","Turbonilla macaensis",FALSE,,,,,,FALSE,TRUE,FALSE,,,,"molluscs"
533568,"Mollusca","Gastropoda",,"Pyramidellidae","Turbonilla","Turbonilla madrinensis",FALSE,1,,,,,TRUE,FALSE,FALSE,,,,"molluscs"
532308,"Mollusca","Gastropoda",,"Pyramidellidae","Turbonilla","Turbonilla rushii",FALSE,1,,,,,TRUE,FALSE,FALSE,,,,"molluscs"
848025,"Mollusca","Polyplacophora","Chitonida","Chaetopleuridae","Chaetopleura","Chaetopleura angulata",FALSE,1,,,,,TRUE,TRUE,FALSE,,,,"molluscs"
848053,"Mollusca","Polyplacophora","Chitonida","Chaetopleuridae","Chaetopleura","Chaetopleura asperrima",FALSE,,,,,,FALSE,TRUE,FALSE,,,,"molluscs"
848060,"Mollusca","Polyplacophora","Chitonida","Chaetopleuridae","Chaetopleura","Chaetopleura isabellei",FALSE,3,,,1996,,TRUE,TRUE,FALSE,,,,"molluscs"
532597,"Mollusca","Polyplacophora","Chitonida","Chaetopleuridae","Chaetopleura","Chaetopleura sowerbiana",FALSE,5,,,1996,,TRUE,TRUE,FALSE,,,,"molluscs"
817223,"Mollusca","Polyplacophora","Chitonida","Mopaliidae","Plaxiphora","Plaxiphora aurata",FALSE,3,,,1996,,TRUE,TRUE,FALSE,,,,"molluscs"
817224,"Mollusca","Polyplacophora","Chitonida","Mopaliidae","Plaxiphora","Plaxiphora aurata",FALSE,1,,,,,TRUE,FALSE,FALSE,,,,"molluscs"
386019,"Mollusca","Polyplacophora","Chitonida","Ischnochitonidae","Stenosemus","Stenosemus mexicanus",FALSE,1,,,1978,,TRUE,TRUE,FALSE,,,,"molluscs"
386333,"Mollusca","Polyplacophora","Chitonida","Chitonidae","Tonicia","Tonicia lebruni",FALSE,1,,,,,TRUE,TRUE,FALSE,,,,"molluscs"
385815,"Mollusca","Polyplacophora","Lepidopleurida","Leptochitonidae","Leptochiton","Leptochiton medinae",FALSE,4,,,,,TRUE,TRUE,FALSE,,,,"molluscs"
111304,"Bryozoa","Gymnolaemata","Cheilostomatida","Chorizoporidae","Chorizopora","Chorizopora brongniartii",FALSE,,,,,,FALSE,TRUE,FALSE,,,,"moss animals"
111343,"Bryozoa","Gymnolaemata","Cheilostomatida","Cryptosulidae","Cryptosula","Cryptosula pallasiana",FALSE,2,,,,,TRUE,TRUE,FALSE,,,"red crust","moss animals"
173637,"Chordata","Ascidiacea","Aplousobranchia","Polyclinidae","Aplidium","Aplidium variabile",FALSE,,,,,,FALSE,TRUE,FALSE,,,,"sea squirts"
173244,"Chordata","Ascidiacea","Aplousobranchia","Didemnidae","Didemnum","Didemnum studeri",FALSE,,,,,,FALSE,TRUE,FALSE,,,,"sea squirts"
103579,"Chordata","Ascidiacea","Aplousobranchia","Didemnidae","Diplosoma","Diplosoma listerianum",FALSE,66,,,2019,,TRUE,TRUE,FALSE,,,"gray encrusting compound tunicate, Didemnide de lister","sea squirts"
250786,"Chordata","Ascidiacea","Aplousobranchia","Didemnidae","Lissoclinum","Lissoclinum fragile",FALSE,91,,,2019,,TRUE,TRUE,FALSE,,,,"sea squirts"
251426,"Chordata","Ascidiacea","Aplousobranchia","Holozoidae","Sycozoa","Sycozoa gaimardi",FALSE,,,,,,FALSE,TRUE,FALSE,,,,"sea squirts"
173399,"Chordata","Ascidiacea","Aplousobranchia","Holozoidae","Sycozoa","Sycozoa sigillinoides",FALSE,,,,,,FALSE,TRUE,FALSE,,,,"sea squirts"
250003,"Chordata","Ascidiacea","Phlebobranchia","Ascidiidae","Ascidia","Ascidia meridionalis",FALSE,,,,,,FALSE,TRUE,FALSE,,,,"sea squirts"
103718,"Chordata","Ascidiacea","Phlebobranchia","Ascidiidae","Ascidiella","Ascidiella aspersa",FALSE,71,,,2019,,TRUE,TRUE,FALSE,,,"dirty sea-squirt, ascidie sale","sea squirts"
103732,"Chordata","Ascidiacea","Phlebobranchia","Cionidae","Ciona","Ciona intestinalis",FALSE,1,,,2019,,TRUE,TRUE,FALSE,,,"sea vase, cione","sea squirts"
252565,"Chordata","Ascidiacea","Phlebobranchia","Cionidae","Ciona","Ciona robusta",FALSE,10,,,2019,,TRUE,TRUE,FALSE,,,,"sea squirts"
173223,"Chordata","Ascidiacea","Phlebobranchia","Corellidae","Corella","Corella eumyota",FALSE,5,,,2019,,TRUE,TRUE,FALSE,,,"Orange-tipped sea squirt","sea squirts"
250047,"Chordata","Ascidiacea","Stolidobranchia","Styelidae","Asterocarpa","Asterocarpa humilis",FALSE,12,,,2019,,TRUE,TRUE,FALSE,,,,"sea squirts"
250972,"Chordata","Ascidiacea","Stolidobranchia","Molgulidae","Paramolgula","Paramolgula gregaria",FALSE,6,,,2019,,TRUE,TRUE,FALSE,,,,"sea squirts"
173973,"Chordata","Ascidiacea","Stolidobranchia","Styelidae","Polyzoa","Polyzoa opuntia",FALSE,,,,,,FALSE,TRUE,FALSE,,,,"sea squirts"
103929,"Chordata","Ascidiacea","Stolidobranchia","Styelidae","Styela","Styela clava",FALSE,,,,,,FALSE,TRUE,FALSE,,,"leathery sea squirt, ascidie japonaise","sea squirts"
134121,"Porifera","Demospongiae","Clionaida","Clionaidae","Cliona","Cliona celata",FALSE,,,,,,FALSE,TRUE,FALSE,,,"boring sponge, clione jaune","sponges"
170434,"Porifera","Demospongiae","Clionaida","Clionaidae","Cliona","Cliona chilensis",FALSE,,,,,,FALSE,TRUE,FALSE,,,,"sponges"
170489,"Porifera","Demospongiae","Clionaida","Clionaidae","Clionaopsis","Clionaopsis platei",FALSE,,,,,,FALSE,TRUE,FALSE,,,,"sponges"
164872,"Porifera","Demospongiae","Dendroceratida","Darwinellidae","Darwinella","Darwinella rosacea",FALSE,43,,,2019,,TRUE,TRUE,FALSE,,,,"sponges"
166109,"Porifera","Demospongiae","Haplosclerida","Callyspongiidae","Callyspongia","Callyspongia fusifera",FALSE,4,,,,,TRUE,TRUE,FALSE,,,,"sponges"
166298,"Porifera","Demospongiae","Haplosclerida","Chalinidae","Chalinula","Chalinula variabilis",FALSE,,,,,,FALSE,TRUE,FALSE,,,,"sponges"
166714,"Porifera","Demospongiae","Haplosclerida","Niphatidae","Dasychalina","Dasychalina validissima",FALSE,2,,,,,TRUE,TRUE,FALSE,,,,"sponges"
166488,"Porifera","Demospongiae","Haplosclerida","Chalinidae","Haliclona","Haliclona (Reniera) topsenti",FALSE,2,,,,,TRUE,TRUE,FALSE,,,,"sponges"
166324,"Porifera","Demospongiae","Haplosclerida","Chalinidae","Haliclona","Haliclona bilamellata",FALSE,4,,,1915,,TRUE,TRUE,FALSE,,,,"sponges"
166776,"Porifera","Demospongiae","Haplosclerida","Niphatidae","Niphates","Niphates erecta",FALSE,2,,,1916,,TRUE,FALSE,FALSE,,,"lavender rope sponge","sponges"
170813,"Porifera","Demospongiae","Suberitida","Suberitidae","Pseudosuberites","Pseudosuberites sulcatus",FALSE,2,,,1916,,TRUE,FALSE,FALSE,,,,"sponges"
170816,"Porifera","Demospongiae","Suberitida","Suberitidae","Rhizaxinella","Rhizaxinella australiensis",FALSE,4,,,1916,,TRUE,TRUE,FALSE,,,,"sponges"
137206,"Chordata",,"Testudines","Cheloniidae","Chelonia","Chelonia mydas",FALSE,1,,,2021,,TRUE,TRUE,FALSE,"EN","EN","green turtle, tortue verte","turtles"
109603,"Myzozoa","Dinophyceae","Dinophysiales","Dinophysaceae","Dinophysis","Dinophysis acuminata",FALSE,2,,,1996,,TRUE,FALSE,FALSE,,,,"unicellular"
231873,"Myzozoa","Dinophyceae","Gonyaulacales","Ostreopsidaceae","Alexandrium","Alexandrium catenella",FALSE,2,,,1997,,TRUE,FALSE,FALSE,,,,"unicellular"
109714,"Myzozoa","Dinophyceae","Gonyaulacales","Ostreopsidaceae","Alexandrium","Alexandrium tamarense",FALSE,8,,,1995,,TRUE,TRUE,FALSE,,,,"unicellular"
232595,"Myzozoa","Dinophyceae","Gonyaulacales","Pyrophacaceae","Pyrophacus","Pyrophacus vancampoae",FALSE,,,,,,FALSE,TRUE,FALSE,,,,"unicellular"
110301,"Myzozoa","Dinophyceae","Prorocentrales","Prorocentraceae","Prorocentrum","Prorocentrum lima",FALSE,2,,,2001,,TRUE,FALSE,FALSE,,,,"unicellular"
110303,"Myzozoa","Dinophyceae","Prorocentrales","Prorocentraceae","Prorocentrum","Prorocentrum micans",FALSE,1,,,1988,,TRUE,FALSE,FALSE,,,,"unicellular"
327464,"Annelida","Polychaeta","Eunicida","Oenonidae","Drilonereis","Drilonereis falcata",FALSE,1,,,,,TRUE,TRUE,FALSE,,,,"worms"
333297,"Annelida","Polychaeta","Eunicida","Eunicidae","Eunice","Eunice argentinensis",FALSE,2,,,,,TRUE,TRUE,FALSE,,,,"worms"
173203,"Annelida","Polychaeta","Eunicida","Eunicidae","Eunice","Eunice frauenfeldi",FALSE,1,,,,,TRUE,TRUE,FALSE,,,,"worms"
333966,"Annelida","Polychaeta","Eunicida","Eunicidae","Marphysa","Marphysa aenea",FALSE,,,,,,FALSE,TRUE,FALSE,,,,"worms"
329827,"Annelida","Polychaeta","Eunicida","Lumbrineridae","Ninoe","Ninoe brasiliensis",FALSE,1,,,,,TRUE,TRUE,FALSE,,,,"worms"
130265,"Annelida","Polychaeta","Eunicida","Lumbrineridae","Scoletoma","Scoletoma tetraura",FALSE,1,,,,,TRUE,TRUE,FALSE,,,,"worms"
129841,"Annelida","Polychaeta","Phyllodocida","Aphroditidae","Aphrodita","Aphrodita alta",FALSE,,,,,,FALSE,TRUE,FALSE,,,,"worms"
326501,"Annelida","Polychaeta","Phyllodocida","Aphroditidae","Aphrodita","Aphrodita longicornis",FALSE,1,,,,,TRUE,TRUE,FALSE,,,,"worms"
157388,"Annelida","Polychaeta","Phyllodocida","Glyceridae","Glycera","Glycera americana",FALSE,1,,,,,TRUE,TRUE,FALSE,,,,"worms"
130118,"Annelida","Polychaeta","Phyllodocida","Glyceridae","Glycera","Glycera capitata",FALSE,,,,,,FALSE,TRUE,FALSE,,,"glycère","worms"
240570,"Annelida","Polychaeta","Phyllodocida","Goniadidae","Goniada","Goniada crudelis",FALSE,,,,,,FALSE,TRUE,FALSE,,,,"worms"
238731,"Annelida","Polychaeta","Phyllodocida","Goniadidae","Goniada","Goniada gigantea",FALSE,,,,,,FALSE,TRUE,FALSE,,,,"worms"
130140,"Annelida","Polychaeta","Phyllodocida","Goniadidae","Goniada","Goniada maculata",FALSE,1,,,,,TRUE,TRUE,FALSE,,,,"worms"
333566,"Annelida","Polychaeta","Phyllodocida","Polynoidae","Harmothoe","Harmothoe exanthema",FALSE,,,,,,FALSE,TRUE,FALSE,,,,"worms"
174468,"Annelida","Polychaeta","Phyllodocida","Polynoidae","Harmothoe","Harmothoe magellanica",FALSE,2,,,,,TRUE,TRUE,FALSE,,,,"worms"
130673,"Annelida","Polychaeta","Phyllodocida","Phyllodocidae","Phyllodoce","Phyllodoce longipes",FALSE,1,,,,,TRUE,TRUE,FALSE,,,,"worms"
155081,"Annelida","Polychaeta","Phyllodocida","Sigalionidae","Sthenelais","Sthenelais helenae",FALSE,1,,,,,TRUE,TRUE,FALSE,,,,"worms"
334866,"Annelida","Polychaeta","Phyllodocida","Sigalionidae","Sthenelais","Sthenelais tehuelcha",FALSE,1,,,,,TRUE,TRUE,FALSE,,,,"worms"
131458,"Annelida","Polychaeta","Phyllodocida","Syllidae","Syllis","Syllis variegata",FALSE,1,,,,,TRUE,TRUE,FALSE,,,,"worms"
1006754,"Annelida","Polychaeta","Sabellida","Sabellidae","Chone","Chone orensanzi",FALSE,,,,,,FALSE,TRUE,FALSE,,,,"worms"
174614,"Annelida","Polychaeta","Sabellida","Sabellidae","Myxicola","Myxicola sulcata",FALSE,,,,,,FALSE,TRUE,FALSE,,,,"worms"
530921,"Annelida","Polychaeta","Sabellida","Sabellidae","Parasabella","Parasabella columbi",FALSE,,,,,,FALSE,TRUE,FALSE,,,,"worms"
1006763,"Annelida","Polychaeta","Sabellida","Sabellidae","Parasabella","Parasabella yonowae",FALSE,1,,,,,TRUE,TRUE,FALSE,,,,"worms"
334461,"Annelida","Polychaeta","Sabellida","Sabellidae","Perkinsiana","Perkinsiana magalhaensis",FALSE,1,,,,,TRUE,TRUE,FALSE,,,,"worms"
327249,"Annelida","Polychaeta","Spionida","Spionidae","Boccardia","Boccardia proboscidea",FALSE,,,,,,FALSE,TRUE,FALSE,,,,"worms"
333120,"Annelida","Polychaeta","Spionida","Spionidae","Boccardia","Boccardia tricuspa",FALSE,,,,,,FALSE,TRUE,FALSE,,,,"worms"
131124,"Annelida","Polychaeta","Spionida","Spionidae","Dipolydora","Dipolydora socialis",FALSE,,,,,,FALSE,TRUE,FALSE,,,,"worms"
330830,"Annelida","Polychaeta","Spionida","Poecilochaetidae","Poecilochaetus","Poecilochaetus australis",FALSE,1,,,,,TRUE,TRUE,FALSE,,,,"worms"
330949,"Annelida","Polychaeta","Spionida","Spionidae","Polydora","Polydora rickettsi",FALSE,,,,,,FALSE,TRUE,FALSE,,,,"worms"
598978,"Annelida","Polychaeta","Terebellida","Cirratulidae","Caulleriella","Caulleriella bremecae",FALSE,,,,,,FALSE,TRUE,FALSE,,,,"worms"
327013,"Annelida","Polychaeta","Terebellida","Cirratulidae","Dodecaceria","Dodecaceria choromytilicola",FALSE,,,,,,FALSE,TRUE,FALSE,,,,"worms"
598775,"Annelida","Polychaeta","Terebellida","Flabelligeridae","Flabelligera","Flabelligera orensanzi",FALSE,,,,,,FALSE,TRUE,FALSE,,,,"worms"
174928,"Annelida","Polychaeta","Terebellida","Terebellidae","Lanice","Lanice flabellum",FALSE,1,,,,,TRUE,TRUE,FALSE,,,,"worms"
173288,"Annelida","Polychaeta","Terebellida","Flabelligeridae","Pherusa","Pherusa kerguelarum",FALSE,1,,,,,TRUE,TRUE,FALSE,,,,"worms"
330529,"Annelida","Polychaeta","Terebellida","Flabelligeridae","Pherusa","Pherusa neopapillata",FALSE,,,,,,FALSE,TRUE,FALSE,,,,"worms"
131538,"Annelida","Polychaeta","Terebellida","Terebellidae","Streblosoma","Streblosoma bairdi",FALSE,,,,,,FALSE,TRUE,FALSE,,,,"worms"
335723,"Annelida","Polychaeta","Terebellida","Terebellidae","Streblosoma","Streblosoma bairdi",FALSE,1,,,,,TRUE,FALSE,FALSE,,,,"worms"
934479,"Annelida","Polychaeta",,"Orbiniidae","Leodamas","Leodamas cirratus",FALSE,1,,,,,TRUE,TRUE,FALSE,,,,"worms"
173571,"Annelida","Polychaeta",,"Maldanidae","Maldanella","Maldanella grossa",FALSE,1,,,,,TRUE,TRUE,FALSE,,,,"worms"
130319,"Annelida","Polychaeta",,"Maldanidae","Petaloproctus","Petaloproctus borealis",FALSE,1,,,,,TRUE,TRUE,FALSE,,,,"worms"
266862,"Annelida",,"Sipuncula","Golfingiidae","Themiste","Themiste (Themiste) alutacea",FALSE,,,,,,FALSE,TRUE,FALSE,,,,"worms"
387865,"Nemertea","Hoplonemertea","Monostilifera","Malacobdellidae","Malacobdella","Malacobdella arrokeana",FALSE,1,,,2000,,TRUE,TRUE,FALSE,,,,"worms"
148605,"Nemertea","Pilidiophora","Heteronemertea","Lineidae","Lineus","Lineus sanguineus",FALSE,,,,,,FALSE,TRUE,FALSE,,,,"worms"
391277,"Arthropoda","Ostracoda","Podocopida","Hemicytheridae","Austroaurila","Austroaurila theeli",FALSE,1,,,,,TRUE,FALSE,FALSE,,,,
391234,"Arthropoda","Ostracoda","Podocopida","Cytherideidae","Austrocytheridea","Austrocytheridea dispersopunctata",FALSE,1,,,,,TRUE,FALSE,FALSE,,,,
391232,"Arthropoda","Ostracoda","Podocopida","Leptocytheridae","Callistocythere","Callistocythere dispersocostata",FALSE,2,,,,,TRUE,FALSE,FALSE,,,,
460632,"Arthropoda","Ostracoda","Podocopida","Trachyleberididae","Cytheretta","Cytheretta punctata",FALSE,1,,,,,TRUE,FALSE,FALSE,,,,
599873,"Arthropoda","Ostracoda","Podocopida","Leptocytheridae","Leptocythere","Leptocythere santacruzensis",FALSE,1,,,,,TRUE,FALSE,FALSE,,,,
391366,"Arthropoda","Ostracoda","Podocopida","Cytheruridae","Loxoreticulatum","Loxoreticulatum dictyotos",FALSE,1,,,,,TRUE,FALSE,FALSE,,,,
391274,"Arthropoda","Ostracoda","Podocopida","Hemicytheridae","Meridionalicythere","Meridionalicythere mesodiscus",FALSE,3,,,,,TRUE,FALSE,FALSE,,,,
599891,"Arthropoda","Ostracoda","Podocopida","Pectocytheridae","Munseyella","Munseyella undulata",FALSE,1,,,,,TRUE,FALSE,FALSE,,,,
599908,"Arthropoda","Ostracoda","Podocopida","Paradoxostomatidae","Paradoxostoma","Paradoxostoma dolichoforma",FALSE,1,,,,,TRUE,FALSE,FALSE,,,,
461721,"Arthropoda","Ostracoda","Podocopida","Krithidae","Parakrithella","Parakrithella hanaii",FALSE,1,,,,,TRUE,FALSE,FALSE,,,,
391266,"Arthropoda","Ostracoda","Podocopida","Hemicytheridae","Patagonacythere","Patagonacythere tricostata",FALSE,1,,,,,TRUE,FALSE,FALSE,,,,
599912,"Arthropoda","Ostracoda","Podocopida","Cytherideidae","Perissocytheridea","Perissocytheridea sanatoniensis",FALSE,1,,,,,TRUE,FALSE,FALSE,,,,
391283,"Arthropoda","Ostracoda","Podocopida","Hemicytheridae","Procythereis","Procythereis igandersoni",FALSE,1,,,,,TRUE,FALSE,FALSE,,,,
564031,"Bacteroidetes","Flavobacteria","Flavobacteriales","Flavobacteriaceae","Robiginitalea","Robiginitalea myxolifaciens",FALSE,,,,,,FALSE,TRUE,FALSE,,,,
562113,"Bacteroidetes","Flavobacteria","Flavobacteriales","Flavobacteriaceae","Winogradskyella","Winogradskyella thalassocola",FALSE,,,,,,FALSE,TRUE,FALSE,,,,
235688,"Brachiopoda","Rhynchonellata","Terebratulida","Terebratellidae","Aerothyris","Aerothyris kerguelensis",FALSE,,,,,,FALSE,TRUE,FALSE,,,,
235687,"Brachiopoda","Rhynchonellata","Terebratulida","Terebratellidae","Magellania","Magellania venosa",FALSE,14,,,2019,,TRUE,TRUE,FALSE,,,"large smooth brachiopod",
235661,"Brachiopoda","Rhynchonellata","Terebratulida","Terebratellidae","Terebratella","Terebratella dorsata",FALSE,1,,,1997,,TRUE,TRUE,FALSE,,,,
112643,"Foraminifera","Tubothalamea","Miliolida","Hauerinidae","Quinqueloculina","Quinqueloculina lamarckiana",FALSE,,,,,,FALSE,TRUE,FALSE,,,,
388964,"Nematoda","Chromadorea","Araeolaimida","Comesomatidae","Hopperia","Hopperia patagonica",FALSE,12,,,1984,,TRUE,TRUE,FALSE,,,,
229017,"Nematoda","Chromadorea","Araeolaimida","Axonolaimidae","Odontophora","Odontophora peritricha",FALSE,,,,,,FALSE,TRUE,FALSE,,,,
229859,"Nematoda","Chromadorea","Araeolaimida","Comesomatidae","Sabatieria","Sabatieria flecha",FALSE,14,,,1984,,TRUE,TRUE,FALSE,,,,
229860,"Nematoda","Chromadorea","Araeolaimida","Comesomatidae","Sabatieria","Sabatieria sanjosensis",FALSE,9,,,1984,,TRUE,TRUE,FALSE,,,,
843172,"Nematoda","Chromadorea","Chromadorida","Ethmolaimidae","Paraethmolaimus","Paraethmolaimus dahli",FALSE,,,,,,FALSE,TRUE,FALSE,,,,
583501,"Nematoda","Chromadorea","Chromadorida","Chromadoridae","Prochromadora","Prochromadora argentinensis",FALSE,,,,,,FALSE,TRUE,FALSE,,,,
388965,"Nematoda","Chromadorea","Desmodorida","Desmodoridae","Metachromadora","Metachromadora zaixsi",FALSE,13,,,1984,,TRUE,TRUE,FALSE,,,,
584151,"Nematoda","Chromadorea","Desmodorida","Richtersiidae","Richtersia","Richtersia argentinae",FALSE,,,,,,FALSE,TRUE,FALSE,,,,
584150,"Nematoda","Chromadorea","Desmodorida","Richtersiidae","Richtersia","Richtersia bicornis",FALSE,,,,,,FALSE,TRUE,FALSE,,,,
834487,"Nematoda","Chromadorea","Monhysterida","Xyalidae","Cobbia","Cobbia macrodentata",FALSE,,,,,,FALSE,TRUE,FALSE,,,,
230349,"Nematoda","Chromadorea","Monhysterida","Monhysteridae","Diplolaimella","Diplolaimella gerlachi",FALSE,,,,,,FALSE,TRUE,FALSE,,,,
121426,"Nematoda","Chromadorea","Monhysterida","Monhysteridae","Diplolaimella","Diplolaimella ocellata",FALSE,,,,,,FALSE,TRUE,FALSE,,,,
121434,"Nematoda","Chromadorea","Monhysterida","Monhysteridae","Diplolaimelloides","Diplolaimelloides oschei",FALSE,,,,,,FALSE,TRUE,FALSE,,,,
1546426,"Nematoda","Chromadorea","Monhysterida","Monhysteridae","Diplolaimelloides","Diplolaimelloides tehuelchus",FALSE,,,,,,FALSE,TRUE,FALSE,,,,
1546427,"Nematoda","Chromadorea","Monhysterida","Monhysteridae","Diplolaimelloides","Diplolaimelloides warwicki",FALSE,,,,,,FALSE,TRUE,FALSE,,,,
121672,"Nematoda","Chromadorea","Monhysterida","Linhomoeidae","Metalinhomoeus","Metalinhomoeus typicus",FALSE,,,,,,FALSE,TRUE,FALSE,,,,
1047324,"Nematoda","Chromadorea","Monhysterida","Sphaerolaimidae","Parasphaerolaimus","Parasphaerolaimus pentasetus",FALSE,,,,,,FALSE,TRUE,FALSE,,,,
121479,"Nematoda","Chromadorea","Monhysterida","Monhysteridae","Thalassomonhystera","Thalassomonhystera parva",FALSE,,,,,,FALSE,TRUE,FALSE,,,,
228912,"Nematoda","Chromadorea","Monhysterida","Xyalidae","Theristus","Theristus metaflevensis",FALSE,,,,,,FALSE,TRUE,FALSE,,,,
230554,"Nematoda","Chromadorea","Plectida","Leptolaimidae","Leptolaimus","Leptolaimus sebastiani",FALSE,,,,,,FALSE,TRUE,FALSE,,,,
388369,"Nematoda","Chromadorea","Plectida","Camacolaimidae","Procamacolaimus","Procamacolaimus dorylaimus",FALSE,,,,,,FALSE,TRUE,FALSE,,,,
1537767,"Nematoda","Chromadorea","Rhabditida","Rhabditidae","Litoditis","Litoditis fluviatilis",FALSE,,,,,,FALSE,TRUE,FALSE,,,,
760681,"Nematoda","Chromadorea","Rhabditida","Rhabditidae","Litoditis","Litoditis marina",FALSE,,,,,,FALSE,TRUE,FALSE,,,,
584254,"Nematoda","Enoplea","Enoplida","Oncholaimidae","Oncholaimus","Oncholaimus salobrus",FALSE,,,,,,FALSE,TRUE,FALSE,,,,
726084,"Platyhelminthes","Trematoda","Plagiorchiida","Gymnophallidae","Bartolius","Bartolius pierrei",FALSE,,,,,,FALSE,TRUE,FALSE,,,,
879128,"Platyhelminthes",,"Polycladida","Pseudocerotidae","Phrikoceros","Phrikoceros mopsus",FALSE,4,,,2019,,TRUE,TRUE,FALSE,,,,
880484,"Proteobacteria","Alphaproteobacteria","Alphaproteobacteria incertae sedis",,"Methyloceanibacter","Methyloceanibacter caenitepidi",FALSE,,,,,,FALSE,TRUE,FALSE,,,,
396470,"Proteobacteria","Deltaproteobacteria","Desulfuromonadales","Desulfuromonadaceae","Desulfuromonas","Desulfuromonas svalbardensis",FALSE,,,,,,FALSE,TRUE,FALSE,,,,
426131,"Tracheophyta","Magnoliopsida","Apiales","Apiaceae","Apium","Apium graveolens",FALSE,,,,,,FALSE,TRUE,FALSE,"LC","LC","wild celery",
1114094,"Tracheophyta","Magnoliopsida","Asterales","Compositae","Baccharis","Baccharis juncea",FALSE,,,,,,FALSE,TRUE,FALSE,,,,
418663,"Tracheophyta","Magnoliopsida","Caryophyllales","Chenopodiaceae","Salsola","Salsola kali",FALSE,,,,,,FALSE,TRUE,FALSE,,,"prickly saltwort",
1433670,"Tracheophyta","Magnoliopsida","Poales","Poaceae","Distichlis","Distichlis spicata",FALSE,,,,,,FALSE,TRUE,FALSE,"LC","LC",,
