"AphiaID","phylum","class","order","family","genus","species","remove","records","reads","asvs","max_year","target_gene","source_obis","source_gbif","source_dna","category","redlist_category","vernacular","group"
145984,"Chlorophyta","Ulvophyceae","Ulvales","Ulvaceae","Ulva","Ulva lactuca",FALSE,,,,,,FALSE,TRUE,FALSE,,,,"algae"
221490,"Ochrophyta","Phaeophyceae","Fucales","Sargassaceae","Turbinaria","Turbinaria ornata",FALSE,,,,,,FALSE,TRUE,FALSE,,,,"algae"
377084,"Ochrophyta","Phaeophyceae","Laminariales","Laminariaceae","Saccharina","Saccharina japonica",FALSE,,,,,,FALSE,TRUE,FALSE,,,,"algae"
371666,"Rhodophyta","Florideophyceae","Ceramiales","Rhodomelaceae","Herposiphonia","Herposiphonia dendroidea",FALSE,,,,,,FALSE,TRUE,FALSE,,,,"algae"
212603,"Chordata","Aves","Charadriiformes","Scolopacidae","Actitis","Actitis hypoleucos",FALSE,1,,,1932,,TRUE,FALSE,FALSE,"LC","LC","common sandpiper, chevalier guignette","birds"
344003,"Chordata","Aves","Charadriiformes","Laridae","Anous","Anous minutus",FALSE,,,,,,FALSE,TRUE,FALSE,"LC","LC","black noddy,  Noddi noir","birds"
212629,"Chordata","Aves","Charadriiformes","Laridae","Anous","Anous stolidus",FALSE,,,,,,FALSE,TRUE,FALSE,"LC","LC","common noddy, Noddi brun","birds"
147431,"Chordata","Aves","Charadriiformes","Scolopacidae","Arenaria","Arenaria interpres",FALSE,,,,,,FALSE,TRUE,FALSE,"LC","LC","ruddy turnstone, tournepierre à collier","birds"
225955,"Chordata","Aves","Charadriiformes","Scolopacidae","Calidris","Calidris acuminata",FALSE,,,,,,FALSE,TRUE,FALSE,"VU","VU","sharp-tailed sandpiper","birds"
344045,"Chordata","Aves","Charadriiformes","Laridae","Gygis","Gygis alba",FALSE,,,,,,FALSE,TRUE,FALSE,"LC","LC","common white-tern, gygis blanche","birds"
366863,"Chordata","Aves","Charadriiformes","Scolopacidae","Numenius","Numenius tahitiensis",FALSE,,,,,,FALSE,TRUE,FALSE,"NT","NT","bristle-thighed curlew, courlis d'Alaska","birds"
567827,"Chordata","Aves","Charadriiformes","Laridae","Onychoprion","Onychoprion fuscatus",FALSE,,,,,,FALSE,TRUE,FALSE,"LC","LC","sooty tern","birds"
567829,"Chordata","Aves","Charadriiformes","Laridae","Onychoprion","Onychoprion lunatus",FALSE,,,,,,FALSE,TRUE,FALSE,"LC","LC","spectacled tern, sterne à dos gris","birds"
232044,"Chordata","Aves","Charadriiformes","Charadriidae","Pluvialis","Pluvialis fulva",FALSE,,,,,,FALSE,TRUE,FALSE,"LC","LC","Pacific golden plover  , pluvier fauve","birds"
137165,"Chordata","Aves","Charadriiformes","Laridae","Sterna","Sterna paradisaea",FALSE,,,,,,FALSE,TRUE,FALSE,"LC","LC","Arctic tern, sterne à longue queue","birds"
212608,"Chordata","Aves","Charadriiformes","Laridae","Sterna","Sterna sumatrana",FALSE,,,,,,FALSE,TRUE,FALSE,"LC","LC","black-naped tern, sterne diamant","birds"
567470,"Chordata","Aves","Charadriiformes","Scolopacidae","Tringa","Tringa incana",FALSE,,,,,,FALSE,TRUE,FALSE,"LC","LC","wandering tattler, chevalier errant","birds"
212655,"Chordata","Aves","Pelecaniformes","Fregatidae","Fregata","Fregata ariel",FALSE,,,,,,FALSE,TRUE,FALSE,"LC","LC","lesser frigatebird, frégate ariel","birds"
212654,"Chordata","Aves","Pelecaniformes","Fregatidae","Fregata","Fregata minor",FALSE,,,,,,FALSE,TRUE,FALSE,"LC","LC","great frigatebird, frégate du Pacifique","birds"
212594,"Chordata","Aves","Pelecaniformes","Phaethontidae","Phaethon","Phaethon lepturus",FALSE,,,,,,FALSE,TRUE,FALSE,"LC","LC","white-tailed tropicbird, phaéton à bec jaune","birds"
212595,"Chordata","Aves","Pelecaniformes","Phaethontidae","Phaethon","Phaethon rubricauda",FALSE,,,,,,FALSE,TRUE,FALSE,"LC","LC","red-tailed tropicbird, phaéton à brins rouges","birds"
212599,"Chordata","Aves","Pelecaniformes","Sulidae","Sula","Sula dactylatra",FALSE,,,,,,FALSE,TRUE,FALSE,"LC","LC","blue-faced booby, Fou masqué","birds"
212597,"Chordata","Aves","Pelecaniformes","Sulidae","Sula","Sula leucogaster",FALSE,,,,,,FALSE,TRUE,FALSE,"LC","LC","brown booby, fou brun","birds"
343959,"Chordata","Aves","Pelecaniformes","Sulidae","Sula","Sula nebouxii",FALSE,,,,,,FALSE,TRUE,FALSE,"LC","LC","blue-footed booby, fou à pieds bleus","birds"
212596,"Chordata","Aves","Pelecaniformes","Sulidae","Sula","Sula sula",FALSE,,,,,,FALSE,TRUE,FALSE,"LC","LC","red-footed booby, fou à pieds rouges","birds"
137193,"Chordata","Aves","Procellariiformes","Procellariidae","Bulweria","Bulweria bulwerii",FALSE,,,,,,FALSE,TRUE,FALSE,"LC","LC","Bulwer's petrel","birds"
344097,"Chordata","Aves","Procellariiformes","Hydrobatidae","Nesofregetta","Nesofregetta fuliginosa",FALSE,,,,,,FALSE,TRUE,FALSE,"EN","EN","white-throated storm-petrel, océanite à gorge blanche","birds"
137191,"Chordata","Aves","Procellariiformes","Hydrobatidae","Oceanodroma","Oceanodroma castro",FALSE,,,,,,FALSE,TRUE,FALSE,,,"band-rumped storm petrel, océanite de Castro","birds"
137192,"Chordata","Aves","Procellariiformes","Hydrobatidae","Oceanodroma","Oceanodroma leucorhoa",FALSE,,,,,,FALSE,TRUE,FALSE,,,"Leach's storm-petrel, océanite culblanc","birds"
343972,"Chordata","Aves","Procellariiformes","Procellariidae","Pterodroma","Pterodroma alba",FALSE,,,,,,FALSE,TRUE,FALSE,"VU","VU","Phoenix petrel, pétrel à poitrine blanche","birds"
405105,"Chordata","Aves","Procellariiformes","Procellariidae","Pterodroma","Pterodroma brevipes",FALSE,,,,,,FALSE,TRUE,FALSE,"VU","VU","collared petrel, Pétrel à collier","birds"
225943,"Chordata","Aves","Procellariiformes","Procellariidae","Pterodroma","Pterodroma cookii",FALSE,,,,,,FALSE,TRUE,FALSE,"VU","VU","Cook's petrel, Pétrel de Cook","birds"
212633,"Chordata","Aves","Procellariiformes","Procellariidae","Puffinus","Puffinus lherminieri",FALSE,,,,,,FALSE,TRUE,FALSE,"LC","LC","dusky shearwater, puffin d'Audubon","birds"
343987,"Chordata","Aves","Procellariiformes","Procellariidae","Puffinus","Puffinus nativitatis",FALSE,,,,,,FALSE,TRUE,FALSE,"LC","LC","Kiritimati shearwater, puffin de la Nativité","birds"
212634,"Chordata","Aves","Procellariiformes","Procellariidae","Puffinus","Puffinus pacificus",FALSE,,,,,,FALSE,TRUE,FALSE,,,"wedge-tailed shearwater, puffin fouquet","birds"
1544948,"Arthropoda","Malacostraca","Decapoda","Dromiidae","Alcockdromia","Alcockdromia fallax",FALSE,,,,,,FALSE,TRUE,FALSE,,,,"crustaceans"
208666,"Arthropoda","Malacostraca","Decapoda","Diogenidae","Aniculus","Aniculus aniculus",FALSE,,,,,,FALSE,TRUE,FALSE,,,,"crustaceans"
209498,"Arthropoda","Malacostraca","Decapoda","Calappidae","Calappa","Calappa calappa",FALSE,,,,,,FALSE,TRUE,FALSE,,,"giant box crab","crustaceans"
209501,"Arthropoda","Malacostraca","Decapoda","Calappidae","Calappa","Calappa hepatica",FALSE,,,,,,FALSE,TRUE,FALSE,,,"smooth box crab","crustaceans"
209139,"Arthropoda","Malacostraca","Decapoda","Xanthidae","Chlorodiella","Chlorodiella barbata",FALSE,,,,,,FALSE,TRUE,FALSE,,,,"crustaceans"
209136,"Arthropoda","Malacostraca","Decapoda","Xanthidae","Chlorodiella","Chlorodiella nigra",FALSE,,,,,,FALSE,TRUE,FALSE,,,,"crustaceans"
208660,"Arthropoda","Malacostraca","Decapoda","Coenobitidae","Coenobita","Coenobita perlatus",FALSE,,,,,,FALSE,TRUE,FALSE,,,,"crustaceans"
208971,"Arthropoda","Malacostraca","Decapoda","Xanthidae","Cymo","Cymo andreossyi",FALSE,,,,,,FALSE,TRUE,FALSE,,,,"crustaceans"
209118,"Arthropoda","Malacostraca","Decapoda","Xanthidae","Etisus","Etisus electra",FALSE,,,,,,FALSE,TRUE,FALSE,,,,"crustaceans"
207578,"Arthropoda","Malacostraca","Decapoda","Ocypodidae","Ocypode","Ocypode ceratophthalmus",FALSE,,,,,,FALSE,TRUE,FALSE,,,"horned ghost crab","crustaceans"
414635,"Arthropoda","Malacostraca","Decapoda","Porcellanidae","Petrolisthes","Petrolisthes borradailei",FALSE,,,,,,FALSE,TRUE,FALSE,,,,"crustaceans"
209127,"Arthropoda","Malacostraca","Decapoda","Xanthidae","Pilodius","Pilodius areolatus",FALSE,,,,,,FALSE,TRUE,FALSE,,,"areolated xanthid crab","crustaceans"
210304,"Arthropoda","Malacostraca","Decapoda","Tetraliidae","Tetralia","Tetralia glaberrima",FALSE,,,,,,FALSE,TRUE,FALSE,,,,"crustaceans"
208849,"Arthropoda","Malacostraca","Decapoda","Portunidae","Thalamita","Thalamita admete",FALSE,,,,,,FALSE,TRUE,FALSE,,,,"crustaceans"
444335,"Arthropoda","Malacostraca","Decapoda","Xanthidae","Xanthias","Xanthias lamarckii",FALSE,,,,,,FALSE,TRUE,FALSE,,,,"crustaceans"
408908,"Arthropoda","Malacostraca","Stomatopoda","Gonodactylidae","Gonodactylellus","Gonodactylellus espinosus",FALSE,,,,,,FALSE,TRUE,FALSE,,,,"crustaceans"
217337,"Chordata","Elasmobranchii","Carcharhiniformes","Carcharhinidae","Carcharhinus","Carcharhinus amblyrhynchos",FALSE,,,,,,FALSE,TRUE,FALSE,"EN","EN","grey reef shark","fish"
105800,"Chordata","Elasmobranchii","Carcharhiniformes","Carcharhinidae","Negaprion","Negaprion brevirostris",FALSE,,,,,,FALSE,TRUE,FALSE,"VU","VU","lemon shark","fish"
214557,"Chordata","Elasmobranchii","Carcharhiniformes","Carcharhinidae","Triaenodon","Triaenodon obesus",FALSE,,,,,,FALSE,TRUE,FALSE,"VU","VU","whitetip reef shark","fish"
219625,"Chordata","Teleostei","Acanthuriformes","Acanthuridae","Acanthurus","Acanthurus olivaceus",FALSE,,,,,,FALSE,TRUE,FALSE,"LC","LC",,"fish"
1014583,"Chordata","Teleostei","Acropomatiformes","Creediidae","Crystallodytes","Crystallodytes enderburyensis",FALSE,,,,,,FALSE,TRUE,FALSE,"LC","LC",,"fish"
217723,"Chordata","Teleostei","Aulopiformes","Scopelarchidae","Scopelarchoides","Scopelarchoides signifer",FALSE,,,,,,FALSE,TRUE,FALSE,"LC","LC",,"fish"
126377,"Chordata","Teleostei","Beloniformes","Belonidae","Platybelone","Platybelone argalus",FALSE,,,,,,FALSE,TRUE,FALSE,"LC","LC","keeltail needlefish","fish"
219255,"Chordata","Teleostei","Blenniiformes","Blenniidae","Cirripectes","Cirripectes fuscoguttatus",FALSE,,,,,,FALSE,TRUE,FALSE,"LC","LC","spotted blenny","fish"
276721,"Chordata","Teleostei","Blenniiformes","Blenniidae","Cirripectes","Cirripectes jenningsi",FALSE,,,,,,FALSE,TRUE,FALSE,"LC","LC",,"fish"
345843,"Chordata","Teleostei","Carangaria incertae sedis","Sphyraenidae","Sphyraena","Sphyraena barracuda",FALSE,2,,,1948,,TRUE,FALSE,FALSE,"LC","LC","great barracuda","fish"
212045,"Chordata","Teleostei","Carangaria incertae sedis","Sphyraenidae","Sphyraena","Sphyraena jello",FALSE,,,,,,FALSE,TRUE,FALSE,,,"pickhandle barracuda","fish"
126845,"Chordata","Teleostei","Carangiformes","Coryphaenidae","Coryphaena","Coryphaena equiselis",FALSE,,,,,,FALSE,TRUE,FALSE,"LC","LC","pompano dolphin","fish"
218862,"Chordata","Teleostei","Centrarchiformes","Cirrhitidae","Cirrhitus","Cirrhitus pinnulatus",FALSE,,,,,,FALSE,TRUE,FALSE,"LC","LC","stocky hawkfish","fish"
277097,"Chordata","Teleostei","Centrarchiformes","Cirrhitidae","Paracirrhites","Paracirrhites hemistictus",FALSE,,,,,,FALSE,TRUE,FALSE,"LC","LC",,"fish"
218987,"Chordata","Teleostei","Eupercaria incertae sedis","Labridae","Halichoeres","Halichoeres margaritaceus",FALSE,,,,,,FALSE,TRUE,FALSE,"LC","LC",,"fish"
276530,"Chordata","Teleostei","Eupercaria incertae sedis","Lutjanidae","Lutjanus","Lutjanus decussatus",FALSE,2,,,,,TRUE,FALSE,FALSE,"LC","LC",,"fish"
213658,"Chordata","Teleostei","Eupercaria incertae sedis","Caesionidae","Pterocaesio","Pterocaesio pisang",FALSE,1,,,1979,,TRUE,FALSE,FALSE,"LC","LC","banana fusilier","fish"
209219,"Chordata","Teleostei","Eupercaria incertae sedis","Nemipteridae","Scolopsis","Scolopsis bilineata",FALSE,1,,,1979,,TRUE,FALSE,FALSE,"LC","LC",,"fish"
212212,"Chordata","Teleostei","Eupercaria incertae sedis","Labridae","Thalassoma","Thalassoma trilobatum",FALSE,,,,,,FALSE,TRUE,FALSE,"LC","LC","Christmas wrasse","fish"
219452,"Chordata","Teleostei","Gobiiformes","Gobiidae","Eviota","Eviota guttata",FALSE,,,,,,FALSE,TRUE,FALSE,"LC","LC",,"fish"
278603,"Chordata","Teleostei","Gobiiformes","Gobiidae","Eviota","Eviota punctulata",FALSE,,,,,,FALSE,TRUE,FALSE,"LC","LC","finespot eviota","fish"
1486864,"Chordata","Teleostei","Gobiiformes","Gobiidae","Trimma","Trimma unisquame",FALSE,,,,,,FALSE,TRUE,FALSE,,,,"fish"
277516,"Chordata","Teleostei","Kurtiformes","Apogonidae","Fowleria","Fowleria punctulata",FALSE,,,,,,FALSE,TRUE,FALSE,,,,"fish"
272653,"Chordata","Teleostei","Myctophiformes","Myctophidae","Centrobranchus","Centrobranchus andreae",FALSE,,,,,,FALSE,TRUE,FALSE,"LC","LC",,"fish"
126626,"Chordata","Teleostei","Myctophiformes","Myctophidae","Myctophum","Myctophum nitidulum",FALSE,,,,,,FALSE,TRUE,FALSE,"LC","LC","lanternfish","fish"
212814,"Chordata","Teleostei","Ovalentaria incertae sedis","Pomacentridae","Chromis","Chromis analis",FALSE,1,,,1979,,TRUE,FALSE,FALSE,"LC","LC",,"fish"
212810,"Chordata","Teleostei","Ovalentaria incertae sedis","Pomacentridae","Chromis","Chromis ternatensis",FALSE,,,,,,FALSE,TRUE,FALSE,"LC","LC","ternate chromis","fish"
277159,"Chordata","Teleostei","Ovalentaria incertae sedis","Pomacentridae","Pomacentrus","Pomacentrus moluccensis",FALSE,1,,,1979,,TRUE,FALSE,FALSE,"LC","LC",,"fish"
218100,"Chordata","Teleostei","Perciformes","Scorpaenidae","Scorpaenodes","Scorpaenodes parvipinnis",FALSE,,,,,,FALSE,TRUE,FALSE,"LC","LC","lowfin scorpionfish","fish"
154831,"Chordata","Teleostei","Stomiiformes","Gonostomatidae","Cyclothone","Cyclothone signata",FALSE,,,,,,FALSE,TRUE,FALSE,"LC","LC","showy bristlemouth, cyclothone prétentieuse","fish"
127303,"Chordata","Teleostei","Stomiiformes","Phosichthyidae","Vinciguerria","Vinciguerria nimbaria",FALSE,,,,,,FALSE,TRUE,FALSE,"LC","LC","oceanic lightfish","fish"
217988,"Chordata","Teleostei","Syngnathiformes","Syngnathidae","Choeroichthys","Choeroichthys sculptus",FALSE,,,,,,FALSE,TRUE,FALSE,"LC","LC","sculptured pipefish","fish"
219875,"Chordata","Teleostei","Tetraodontiformes","Balistidae","Balistoides","Balistoides viridescens",FALSE,,,,,,FALSE,TRUE,FALSE,"LC","LC","titan triggerfish","fish"
437706,"Ascomycota","Sordariomycetes","Hypocreomycetidae incertae sedis",,"Juncigena","Juncigena adarca",FALSE,,,,,,FALSE,TRUE,FALSE,,,,"fungi"
207083,"Cnidaria","Anthozoa","Scleractinia","Acroporidae","Acropora","Acropora abrotanoides",FALSE,,,,,,FALSE,TRUE,FALSE,"LC","LC",,"jellyfish"
207016,"Cnidaria","Anthozoa","Scleractinia","Acroporidae","Acropora","Acropora cerealis",FALSE,,,,,,FALSE,TRUE,FALSE,"LC","LC",,"jellyfish"
207095,"Cnidaria","Anthozoa","Scleractinia","Acroporidae","Acropora","Acropora cytherea",FALSE,,,,,,FALSE,TRUE,FALSE,"LC","LC",,"jellyfish"
207094,"Cnidaria","Anthozoa","Scleractinia","Acroporidae","Acropora","Acropora humilis",FALSE,,,,,,FALSE,TRUE,FALSE,"NT","NT",,"jellyfish"
207007,"Cnidaria","Anthozoa","Scleractinia","Acroporidae","Acropora","Acropora muricata",FALSE,,,,,,FALSE,TRUE,FALSE,,,,"jellyfish"
207072,"Cnidaria","Anthozoa","Scleractinia","Acroporidae","Acropora","Acropora valida",FALSE,,,,,,FALSE,TRUE,FALSE,"LC","LC",,"jellyfish"
207416,"Cnidaria","Anthozoa","Scleractinia","Merulinidae","Cyphastrea","Cyphastrea microphthalma",FALSE,,,,,,FALSE,TRUE,FALSE,"LC","LC","lesser knob coral","jellyfish"
207413,"Cnidaria","Anthozoa","Scleractinia","Merulinidae","Cyphastrea","Cyphastrea serailia",FALSE,,,,,,FALSE,TRUE,FALSE,"LC","LC","lesser knob coral","jellyfish"
758233,"Cnidaria","Anthozoa","Scleractinia","Merulinidae","Dipsastraea","Dipsastraea pallida",FALSE,,,,,,FALSE,TRUE,FALSE,"LC","LC",,"jellyfish"
758219,"Cnidaria","Anthozoa","Scleractinia","Merulinidae","Dipsastraea","Dipsastraea speciosa",FALSE,,,,,,FALSE,TRUE,FALSE,"LC","LC",,"jellyfish"
207370,"Cnidaria","Anthozoa","Scleractinia","Lobophylliidae","Echinophyllia","Echinophyllia aspera",FALSE,,,,,,FALSE,TRUE,FALSE,"LC","LC","flat lettuce coral","jellyfish"
207421,"Cnidaria","Anthozoa","Scleractinia","Merulinidae","Echinopora","Echinopora lamellosa",FALSE,,,,,,FALSE,TRUE,FALSE,"LC","LC","hedgehog coral","jellyfish"
207449,"Cnidaria","Anthozoa","Scleractinia","Merulinidae","Favites","Favites abdita",FALSE,,,,,,FALSE,TRUE,FALSE,"NT","NT","larger star coral","jellyfish"
207446,"Cnidaria","Anthozoa","Scleractinia","Merulinidae","Favites","Favites pentagona",FALSE,,,,,,FALSE,TRUE,FALSE,"LC","LC","larger star coral","jellyfish"
207464,"Cnidaria","Anthozoa","Scleractinia","Merulinidae","Goniastrea","Goniastrea pectinata",FALSE,,,,,,FALSE,TRUE,FALSE,"LC","LC","lesser star coral","jellyfish"
207470,"Cnidaria","Anthozoa","Scleractinia","Leptastreidae","Leptastrea","Leptastrea purpurea",FALSE,,,,,,FALSE,TRUE,FALSE,"LC","LC","crust coral","jellyfish"
207283,"Cnidaria","Anthozoa","Scleractinia","Agariciidae","Leptoseris","Leptoseris mycetoseroides",FALSE,,,,,,FALSE,TRUE,FALSE,"LC","LC","porcelain coral","jellyfish"
716542,"Cnidaria","Anthozoa","Scleractinia","Fungiidae","Lobactis","Lobactis scutaria",FALSE,,,,,,FALSE,TRUE,FALSE,"LC","LC",,"jellyfish"
207393,"Cnidaria","Anthozoa","Scleractinia","Lobophylliidae","Lobophyllia","Lobophyllia costata",FALSE,,,,,,FALSE,TRUE,FALSE,,,"lobed cactus coral","jellyfish"
207144,"Cnidaria","Anthozoa","Scleractinia","Acroporidae","Montipora","Montipora aequituberculata",FALSE,,,,,,FALSE,TRUE,FALSE,"LC","LC","pore coral","jellyfish"
207133,"Cnidaria","Anthozoa","Scleractinia","Acroporidae","Montipora","Montipora foveolata",FALSE,,,,,,FALSE,TRUE,FALSE,"NT","NT","pore coral","jellyfish"
207186,"Cnidaria","Anthozoa","Scleractinia","Acroporidae","Montipora","Montipora informis",FALSE,,,,,,FALSE,TRUE,FALSE,"LC","LC","pore coral","jellyfish"
207139,"Cnidaria","Anthozoa","Scleractinia","Acroporidae","Montipora","Montipora venosa",FALSE,,,,,,FALSE,TRUE,FALSE,"NT","NT","pore coral","jellyfish"
207136,"Cnidaria","Anthozoa","Scleractinia","Acroporidae","Montipora","Montipora verrilli",FALSE,,,,,,FALSE,TRUE,FALSE,"DD","DD","pore coral","jellyfish"
207312,"Cnidaria","Anthozoa","Scleractinia","Agariciidae","Pavona","Pavona cactus",FALSE,,,,,,FALSE,TRUE,FALSE,"VU","VU","leaf coral","jellyfish"
207318,"Cnidaria","Anthozoa","Scleractinia","Agariciidae","Pavona","Pavona clavus",FALSE,,,,,,FALSE,TRUE,FALSE,"LC","LC","leaf coral","jellyfish"
289201,"Cnidaria","Anthozoa","Scleractinia","Agariciidae","Pavona","Pavona gigantea",FALSE,,,,,,FALSE,TRUE,FALSE,"LC","LC","leaf coral","jellyfish"
207317,"Cnidaria","Anthozoa","Scleractinia","Agariciidae","Pavona","Pavona minuta",FALSE,,,,,,FALSE,TRUE,FALSE,"NT","NT","leaf coral","jellyfish"
207494,"Cnidaria","Anthozoa","Scleractinia","Plesiastreidae","Plesiastrea","Plesiastrea versipora",FALSE,,,,,,FALSE,TRUE,FALSE,"LC","LC","small knob coral","jellyfish"
206951,"Cnidaria","Anthozoa","Scleractinia","Pocilloporidae","Pocillopora","Pocillopora brevicornis",FALSE,,,,,,FALSE,TRUE,FALSE,,,,"jellyfish"
206956,"Cnidaria","Anthozoa","Scleractinia","Pocilloporidae","Pocillopora","Pocillopora elegans",FALSE,,,,,,FALSE,TRUE,FALSE,"VU","VU","cauliflower coral","jellyfish"
206952,"Cnidaria","Anthozoa","Scleractinia","Pocilloporidae","Pocillopora","Pocillopora grandis",FALSE,,,,,,FALSE,TRUE,FALSE,,,,"jellyfish"
206954,"Cnidaria","Anthozoa","Scleractinia","Pocilloporidae","Pocillopora","Pocillopora verrucosa",FALSE,,,,,,FALSE,TRUE,FALSE,"LC","LC","cauliflower coral","jellyfish"
207249,"Cnidaria","Anthozoa","Scleractinia","Poritidae","Porites","Porites australiensis",FALSE,,,,,,FALSE,TRUE,FALSE,"LC","LC","hump coral","jellyfish"
411263,"Cnidaria","Anthozoa","Scleractinia","Poritidae","Porites","Porites brighami",FALSE,,,,,,FALSE,TRUE,FALSE,"LC","LC",,"jellyfish"
862921,"Cnidaria","Anthozoa","Scleractinia","Poritidae","Porites","Porites fragosa",FALSE,,,,,,FALSE,TRUE,FALSE,,,,"jellyfish"
207225,"Cnidaria","Anthozoa","Scleractinia","Poritidae","Porites","Porites lobata",FALSE,,,,,,FALSE,TRUE,FALSE,"NT","NT","hump coral","jellyfish"
207227,"Cnidaria","Anthozoa","Scleractinia","Poritidae","Porites","Porites solida",FALSE,,,,,,FALSE,TRUE,FALSE,"LC","LC","hump coral","jellyfish"
207267,"Cnidaria","Anthozoa","Scleractinia","Psammocoridae","Psammocora","Psammocora contigua",FALSE,,,,,,FALSE,TRUE,FALSE,"NT","NT",,"jellyfish"
207261,"Cnidaria","Anthozoa","Scleractinia","Psammocoridae","Psammocora","Psammocora nierstraszi",FALSE,,,,,,FALSE,TRUE,FALSE,"LC","LC",,"jellyfish"
207271,"Cnidaria","Anthozoa","Scleractinia","Psammocoridae","Psammocora","Psammocora profundacella",FALSE,,,,,,FALSE,TRUE,FALSE,"LC","LC",,"jellyfish"
291010,"Cnidaria","Anthozoa","Scleractinia","Fungiidae","Sandalolitha","Sandalolitha robusta",FALSE,,,,,,FALSE,TRUE,FALSE,"LC","LC","irregular boomerang coral","jellyfish"
206973,"Cnidaria","Anthozoa","Scleractinia","Pocilloporidae","Seriatopora","Seriatopora hystrix",FALSE,,,,,,FALSE,TRUE,FALSE,"LC","LC","needle coral","jellyfish"
367759,"Cnidaria","Anthozoa","Scleractinia","Dendrophylliidae","Tubastraea","Tubastraea aurea",FALSE,,,,,,FALSE,TRUE,FALSE,,,,"jellyfish"
207505,"Cnidaria","Anthozoa","Scleractinia","Dendrophylliidae","Turbinaria","Turbinaria irregularis",FALSE,,,,,,FALSE,TRUE,FALSE,"LC","LC","disc coral","jellyfish"
210730,"Cnidaria","Hydrozoa","Anthoathecata","Milleporidae","Millepora","Millepora platyphylla",FALSE,,,,,,FALSE,TRUE,FALSE,"LC","LC","sheet fire coral","jellyfish"
135420,"Cnidaria","Hydrozoa","Siphonophorae","Diphyidae","Diphyes","Diphyes dispar",FALSE,,,,,,FALSE,TRUE,FALSE,,,,"jellyfish"
135479,"Cnidaria","Hydrozoa","Siphonophorae","Physaliidae","Physalia","Physalia physalis",FALSE,,,,,,FALSE,TRUE,FALSE,,,"Portuguese man-of-war, galère portugaise","jellyfish"
137111,"Chordata","Mammalia","Cetartiodactyla","Delphinidae","Tursiops","Tursiops truncatus",FALSE,,,,,,FALSE,TRUE,FALSE,"LC","LC","bottlenose dolphin, grand dauphin","mammals"
504472,"Mollusca","Bivalvia","Arcida","Arcidae","Tegillarca","Tegillarca nodifera",FALSE,1,,,,,TRUE,FALSE,FALSE,,,,"molluscs"
207666,"Mollusca","Bivalvia","Cardiida","Cardiidae","Fragum","Fragum fragum",FALSE,,,,,,FALSE,TRUE,FALSE,,,,"molluscs"
381510,"Mollusca","Bivalvia","Cardiida","Cardiidae","Fragum","Fragum unedo",FALSE,,,,,,FALSE,TRUE,FALSE,,,"strawberry cockle","molluscs"
216411,"Mollusca","Bivalvia","Cardiida","Cardiidae","Hippopus","Hippopus hippopus",FALSE,,,,,,FALSE,TRUE,FALSE,"LR/cd","LR/cd","horses hoof","molluscs"
876272,"Mollusca","Bivalvia","Galeommatida","Lasaeidae","Nesobornia","Nesobornia hawaiensis",FALSE,,,,,,FALSE,TRUE,FALSE,,,,"molluscs"
530847,"Mollusca","Bivalvia","Myida","Teredinidae","Dicyathifer","Dicyathifer mannii",FALSE,,,,,,FALSE,TRUE,FALSE,,,,"molluscs"
141600,"Mollusca","Bivalvia","Myida","Teredinidae","Lyrodus","Lyrodus pedicellatus",FALSE,,,,,,FALSE,TRUE,FALSE,,,"blacktip shipworm","molluscs"
397192,"Mollusca","Bivalvia","Myida","Teredinidae","Teredo","Teredo clappi",FALSE,,,,,,FALSE,TRUE,FALSE,,,,"molluscs"
397193,"Mollusca","Bivalvia","Myida","Teredinidae","Teredo","Teredo furcifera",FALSE,,,,,,FALSE,TRUE,FALSE,,,,"molluscs"
207899,"Mollusca","Bivalvia","Ostreida","Margaritidae","Pinctada","Pinctada margaritifera",FALSE,,,,,,FALSE,TRUE,FALSE,,,"black-lip pearl shell","molluscs"
216656,"Mollusca","Bivalvia","Ostreida","Pinnidae","Streptopinna","Streptopinna saccata",FALSE,2,,,,,TRUE,FALSE,FALSE,,,"baggy pen shell","molluscs"
504274,"Mollusca","Bivalvia","Pectinida","Placunidae","Placuna","Placuna ephippium",FALSE,1,,,1962,,TRUE,FALSE,FALSE,,,"greater Pacific saddle oyster","molluscs"
215400,"Mollusca","Bivalvia","Pectinida","Pectinidae","Semipallium","Semipallium fulvicostatum",FALSE,1,,,,,TRUE,FALSE,FALSE,,,"white-streaked scallop","molluscs"
506964,"Mollusca","Bivalvia","Pectinida","Spondylidae","Spondylus","Spondylus butleri",FALSE,2,,,,,TRUE,FALSE,FALSE,,,"Butler's thorny oyster","molluscs"
207858,"Mollusca","Bivalvia","Pectinida","Spondylidae","Spondylus","Spondylus regius",FALSE,1,,,1945,,TRUE,FALSE,FALSE,,,"royal thorny oyster","molluscs"
207871,"Mollusca","Bivalvia","Pectinida","Spondylidae","Spondylus","Spondylus sinensis",FALSE,1,,,,,TRUE,FALSE,FALSE,,,,"molluscs"
507696,"Mollusca","Bivalvia","Venerida","Veneridae","Hyphantosoma","Hyphantosoma spoori",FALSE,,,,,,FALSE,TRUE,FALSE,,,,"molluscs"
216577,"Mollusca","Bivalvia","Venerida","Veneridae","Lioconcha","Lioconcha castrensis",FALSE,2,,,,,TRUE,FALSE,FALSE,,,"zigzag venus","molluscs"
1391128,"Mollusca","Bivalvia","Venerida","Veneridae","Periglypta","Periglypta exclathrata",FALSE,,,,,,FALSE,TRUE,FALSE,,,,"molluscs"
216384,"Mollusca","Cephalopoda","Nautilida","Nautilidae","Nautilus","Nautilus pompilius",FALSE,,,,,,FALSE,TRUE,FALSE,,,"Emperor nautilus, Nautile flammé","molluscs"
342070,"Mollusca","Cephalopoda","Oegopsida","Onychoteuthidae","Onychoteuthis","Onychoteuthis compacta",FALSE,,,,,,FALSE,TRUE,FALSE,"DD","DD",,"molluscs"
342066,"Mollusca","Cephalopoda","Oegopsida","Ommastrephidae","Sthenoteuthis","Sthenoteuthis oualaniensis",FALSE,,,,,,FALSE,TRUE,FALSE,"LC","LC","purpleback flying squid","molluscs"
1055233,"Mollusca","Gastropoda","Cephalaspidea","Aglajidae","Biuve","Biuve fulvipunctata",FALSE,,,,,,FALSE,TRUE,FALSE,,,,"molluscs"
181195,"Mollusca","Gastropoda","Cephalaspidea","Bullidae","Bulla","Bulla ampulla",FALSE,,,,,,FALSE,TRUE,FALSE,,,"ampulle bubble","molluscs"
420528,"Mollusca","Gastropoda","Cephalaspidea","Aglajidae","Chelidonura","Chelidonura hirundinina",FALSE,,,,,,FALSE,TRUE,FALSE,,,,"molluscs"
873981,"Mollusca","Gastropoda","Cephalaspidea","Haminoeidae","Lamprohaminoea","Lamprohaminoea cymbalum",FALSE,,,,,,FALSE,TRUE,FALSE,,,,"molluscs"
216254,"Mollusca","Gastropoda","Cycloneritida","Neritidae","Nerita","Nerita albicilla",FALSE,,,,,,FALSE,TRUE,FALSE,,,"blotched nerite","molluscs"
600671,"Mollusca","Gastropoda","Cycloneritida","Neritidae","Nerita","Nerita polita",FALSE,,,,,,FALSE,TRUE,FALSE,,,"polished nerite","molluscs"
215198,"Mollusca","Gastropoda","Cycloneritida","Neritidae","Smaragdia","Smaragdia rangiana",FALSE,1,,,,,TRUE,FALSE,FALSE,,,,"molluscs"
597182,"Mollusca","Gastropoda","Littorinimorpha","Cypraeidae","Bistolida","Bistolida goodalli",FALSE,,,,,,FALSE,TRUE,FALSE,,,,"molluscs"
216963,"Mollusca","Gastropoda","Littorinimorpha","Bursidae","Bufonaria","Bufonaria rana",FALSE,,,,,,FALSE,TRUE,FALSE,,,"common frogsnail","molluscs"
531880,"Mollusca","Gastropoda","Littorinimorpha","Strombidae","Canarium","Canarium mutabile",FALSE,,,,,,FALSE,TRUE,FALSE,,,,"molluscs"
532183,"Mollusca","Gastropoda","Littorinimorpha","Strombidae","Canarium","Canarium urceus",FALSE,1,,,1980,,TRUE,FALSE,FALSE,,,,"molluscs"
211107,"Mollusca","Gastropoda","Littorinimorpha","Cassidae","Casmaria","Casmaria erinaceus",FALSE,2,,,1987,,TRUE,FALSE,FALSE,,,,"molluscs"
141102,"Mollusca","Gastropoda","Littorinimorpha","Charoniidae","Charonia","Charonia tritonis",FALSE,,,,,,FALSE,TRUE,FALSE,,,"Triton's trumpet shell","molluscs"
565370,"Mollusca","Gastropoda","Littorinimorpha","Strombidae","Conomurex","Conomurex luhuanus",FALSE,,,,,,FALSE,TRUE,FALSE,,,,"molluscs"
216843,"Mollusca","Gastropoda","Littorinimorpha","Cypraeidae","Cypraea","Cypraea tigris",FALSE,,,,,,FALSE,TRUE,FALSE,,,"tiger cowrie","molluscs"
217011,"Mollusca","Gastropoda","Littorinimorpha","Personidae","Distorsio","Distorsio anus",FALSE,,,,,,FALSE,TRUE,FALSE,,,"common distorsio","molluscs"
1472307,"Mollusca","Gastropoda","Littorinimorpha","Bursidae","Dulcerana","Dulcerana affinis",FALSE,1,,,,,TRUE,FALSE,FALSE,,,,"molluscs"
530903,"Mollusca","Gastropoda","Littorinimorpha","Cypraeidae","Eclogavena","Eclogavena dayritiana",FALSE,2,,,,,TRUE,FALSE,FALSE,,,,"molluscs"
564627,"Mollusca","Gastropoda","Littorinimorpha","Strombidae","Gibberulus","Gibberulus gibberulus",FALSE,,,,,,FALSE,TRUE,FALSE,,,,"molluscs"
220950,"Mollusca","Gastropoda","Littorinimorpha","Cymatiidae","Gutturnium","Gutturnium muricinum",FALSE,,,,,,FALSE,TRUE,FALSE,,,,"molluscs"
211099,"Mollusca","Gastropoda","Littorinimorpha","Strombidae","Lambis","Lambis millepeda",FALSE,1,,,,,TRUE,FALSE,FALSE,,,"milleped spider conch","molluscs"
396637,"Mollusca","Gastropoda","Littorinimorpha","Cypraeidae","Leporicypraea","Leporicypraea mappa",FALSE,,,,,,FALSE,TRUE,FALSE,,,"map cowrie","molluscs"
208939,"Mollusca","Gastropoda","Littorinimorpha","Littorinidae","Littoraria","Littoraria scabra",FALSE,1,,,1987,,TRUE,FALSE,FALSE,,,,"molluscs"
216862,"Mollusca","Gastropoda","Littorinimorpha","Cypraeidae","Luria","Luria isabella",FALSE,1,,,,,TRUE,FALSE,FALSE,,,"dirty-yellow cowrie","molluscs"
216866,"Mollusca","Gastropoda","Littorinimorpha","Cypraeidae","Lyncina","Lyncina carneola",FALSE,2,,,1973,,TRUE,FALSE,FALSE,,,,"molluscs"
578038,"Mollusca","Gastropoda","Littorinimorpha","Cypraeidae","Lyncina","Lyncina ventriculus",FALSE,,,,,,FALSE,TRUE,FALSE,,,,"molluscs"
530884,"Mollusca","Gastropoda","Littorinimorpha","Cypraeidae","Lyncina","Lyncina vitellus",FALSE,,,,,,FALSE,TRUE,FALSE,,,,"molluscs"
216872,"Mollusca","Gastropoda","Littorinimorpha","Cypraeidae","Mauritia","Mauritia arabica",FALSE,,,,,,FALSE,TRUE,FALSE,,,,"molluscs"
216868,"Mollusca","Gastropoda","Littorinimorpha","Cypraeidae","Mauritia","Mauritia mauritiana",FALSE,1,,,,,TRUE,FALSE,FALSE,,,"humpback cowrie","molluscs"
216867,"Mollusca","Gastropoda","Littorinimorpha","Cypraeidae","Mauritia","Mauritia scurra",FALSE,,,,,,FALSE,TRUE,FALSE,,,"jester cowrie","molluscs"
216875,"Mollusca","Gastropoda","Littorinimorpha","Cypraeidae","Monetaria","Monetaria annulus",FALSE,1,,,,,TRUE,FALSE,FALSE,,,"ring cowrie","molluscs"
476529,"Mollusca","Gastropoda","Littorinimorpha","Cymatiidae","Monoplex","Monoplex nicobaricus",FALSE,,,,,,FALSE,TRUE,FALSE,,,,"molluscs"
1079106,"Mollusca","Gastropoda","Littorinimorpha","Cypraeidae","Naria","Naria boivinii",FALSE,1,,,,,TRUE,FALSE,FALSE,,,,"molluscs"
570002,"Mollusca","Gastropoda","Littorinimorpha","Naticidae","Natica","Natica fasciata",FALSE,,,,,,FALSE,TRUE,FALSE,,,"solid moonsnail","molluscs"
396647,"Mollusca","Gastropoda","Littorinimorpha","Cypraeidae","Nesiocypraea","Nesiocypraea teramachii",FALSE,1,,,2000,,TRUE,FALSE,FALSE,,,,"molluscs"
570727,"Mollusca","Gastropoda","Littorinimorpha","Cypraeidae","Nucleolaria","Nucleolaria granulata",FALSE,,,,,,FALSE,TRUE,FALSE,,,"granulated cowry","molluscs"
570723,"Mollusca","Gastropoda","Littorinimorpha","Cypraeidae","Nucleolaria","Nucleolaria nucleus",FALSE,1,,,,,TRUE,FALSE,FALSE,,,"Kernel cowry","molluscs"
530995,"Mollusca","Gastropoda","Littorinimorpha","Cypraeidae","Ovatipsa","Ovatipsa chinensis",FALSE,1,,,1972,,TRUE,FALSE,FALSE,,,,"molluscs"
597568,"Mollusca","Gastropoda","Littorinimorpha","Cypraeidae","Palmadusta","Palmadusta saulae",FALSE,1,,,,,TRUE,FALSE,FALSE,,,,"molluscs"
216907,"Mollusca","Gastropoda","Littorinimorpha","Pediculariidae","Pseudocypraea","Pseudocypraea adamsonii",FALSE,,,,,,FALSE,TRUE,FALSE,,,,"molluscs"
527780,"Mollusca","Gastropoda","Littorinimorpha","Cypraeidae","Pustularia","Pustularia bistrinotata",FALSE,1,,,2004,,TRUE,FALSE,FALSE,,,"treblespotted cowrie","molluscs"
216886,"Mollusca","Gastropoda","Littorinimorpha","Cypraeidae","Pustularia","Pustularia cicercula",FALSE,,,,,,FALSE,TRUE,FALSE,,,"chick-pea cowrie","molluscs"
216888,"Mollusca","Gastropoda","Littorinimorpha","Cypraeidae","Pustularia","Pustularia globulus",FALSE,,,,,,FALSE,TRUE,FALSE,,,"globose cowrie","molluscs"
742656,"Mollusca","Gastropoda","Littorinimorpha","Rissoinidae","Rissoina","Rissoina angasii",FALSE,,,,,,FALSE,TRUE,FALSE,,,,"molluscs"
216949,"Mollusca","Gastropoda","Littorinimorpha","Rissoinidae","Rissoina","Rissoina turricula",FALSE,,,,,,FALSE,TRUE,FALSE,,,,"molluscs"
476590,"Mollusca","Gastropoda","Littorinimorpha","Cymatiidae","Septa","Septa rubecula",FALSE,,,,,,FALSE,TRUE,FALSE,,,,"molluscs"
216892,"Mollusca","Gastropoda","Littorinimorpha","Cypraeidae","Staphylaea","Staphylaea limacina",FALSE,,,,,,FALSE,TRUE,FALSE,,,,"molluscs"
216890,"Mollusca","Gastropoda","Littorinimorpha","Cypraeidae","Staphylaea","Staphylaea staphylaea",FALSE,,,,,,FALSE,TRUE,FALSE,,,,"molluscs"
208014,"Mollusca","Gastropoda","Littorinimorpha","Tonnidae","Tonna","Tonna perdix",FALSE,,,,,,FALSE,TRUE,FALSE,,,"partridge tun","molluscs"
208143,"Mollusca","Gastropoda","Neogastropoda","Muricidae","Chicoreus","Chicoreus brunneus",FALSE,1,,,,,TRUE,FALSE,FALSE,,,"adusta murex","molluscs"
558817,"Mollusca","Gastropoda","Neogastropoda","Muricidae","Chicoreus","Chicoreus rubescens",FALSE,,,,,,FALSE,TRUE,FALSE,,,,"molluscs"
208137,"Mollusca","Gastropoda","Neogastropoda","Muricidae","Chicoreus","Chicoreus torrefactus",FALSE,,,,,,FALSE,TRUE,FALSE,,,"firebrand murex","molluscs"
426289,"Mollusca","Gastropoda","Neogastropoda","Conidae","Conus","Conus adamsonii",FALSE,,,,,,FALSE,TRUE,FALSE,"LC","LC",,"molluscs"
428934,"Mollusca","Gastropoda","Neogastropoda","Conidae","Conus","Conus araneosus",FALSE,2,,,,,TRUE,FALSE,FALSE,"LC","LC",,"molluscs"
215515,"Mollusca","Gastropoda","Neogastropoda","Conidae","Conus","Conus archiepiscopus",FALSE,,,,,,FALSE,TRUE,FALSE,,,,"molluscs"
215482,"Mollusca","Gastropoda","Neogastropoda","Conidae","Conus","Conus arenatus",FALSE,,,,,,FALSE,TRUE,FALSE,"LC","LC","sand-dusted cone","molluscs"
426364,"Mollusca","Gastropoda","Neogastropoda","Conidae","Conus","Conus aristophanes",FALSE,,,,,,FALSE,TRUE,FALSE,,,,"molluscs"
215471,"Mollusca","Gastropoda","Neogastropoda","Conidae","Conus","Conus aulicus",FALSE,1,,,,,TRUE,FALSE,FALSE,"LC","LC","court cone","molluscs"
426369,"Mollusca","Gastropoda","Neogastropoda","Conidae","Conus","Conus aureus",FALSE,,,,,,FALSE,TRUE,FALSE,"LC","LC",,"molluscs"
426372,"Mollusca","Gastropoda","Neogastropoda","Conidae","Conus","Conus aurisiacus",FALSE,,,,,,FALSE,TRUE,FALSE,"LC","LC",,"molluscs"
215557,"Mollusca","Gastropoda","Neogastropoda","Conidae","Conus","Conus bandanus",FALSE,3,,,,,TRUE,FALSE,FALSE,"LC","LC",,"molluscs"
215495,"Mollusca","Gastropoda","Neogastropoda","Conidae","Conus","Conus bullatus",FALSE,,,,,,FALSE,TRUE,FALSE,"LC","LC","bubble cone","molluscs"
215546,"Mollusca","Gastropoda","Neogastropoda","Conidae","Conus","Conus canonicus",FALSE,,,,,,FALSE,TRUE,FALSE,"LC","LC",,"molluscs"
426443,"Mollusca","Gastropoda","Neogastropoda","Conidae","Conus","Conus caracteristicus",FALSE,1,,,,,TRUE,FALSE,FALSE,"LC","LC",,"molluscs"
215441,"Mollusca","Gastropoda","Neogastropoda","Conidae","Conus","Conus catus",FALSE,,,,,,FALSE,TRUE,FALSE,"LC","LC",,"molluscs"
430457,"Mollusca","Gastropoda","Neogastropoda","Conidae","Conus","Conus chaldaeus",FALSE,,,,,,FALSE,TRUE,FALSE,"LC","LC","astrologer's cone","molluscs"
215559,"Mollusca","Gastropoda","Neogastropoda","Conidae","Conus","Conus eburneus",FALSE,1,,,,,TRUE,FALSE,FALSE,"LC","LC","ivory cone","molluscs"
215518,"Mollusca","Gastropoda","Neogastropoda","Conidae","Conus","Conus flavidus",FALSE,,,,,,FALSE,TRUE,FALSE,"LC","LC",,"molluscs"
428130,"Mollusca","Gastropoda","Neogastropoda","Conidae","Conus","Conus furvus",FALSE,1,,,,,TRUE,FALSE,FALSE,"LC","LC",,"molluscs"
215520,"Mollusca","Gastropoda","Neogastropoda","Conidae","Conus","Conus generalis",FALSE,1,,,,,TRUE,FALSE,FALSE,"LC","LC","general cone","molluscs"
215464,"Mollusca","Gastropoda","Neogastropoda","Conidae","Conus","Conus leopardus",FALSE,1,,,,,TRUE,FALSE,FALSE,"LC","LC","leopard cone","molluscs"
215541,"Mollusca","Gastropoda","Neogastropoda","Conidae","Conus","Conus lividus",FALSE,,,,,,FALSE,TRUE,FALSE,"LC","LC","livid cone","molluscs"
215429,"Mollusca","Gastropoda","Neogastropoda","Conidae","Conus","Conus magus",FALSE,3,,,1973,,TRUE,FALSE,FALSE,"LC","LC","magical cone","molluscs"
215533,"Mollusca","Gastropoda","Neogastropoda","Conidae","Conus","Conus miliaris",FALSE,,,,,,FALSE,TRUE,FALSE,"LC","LC",,"molluscs"
215445,"Mollusca","Gastropoda","Neogastropoda","Conidae","Conus","Conus mustelinus",FALSE,,,,,,FALSE,TRUE,FALSE,"LC","LC","weasel cone","molluscs"
428220,"Mollusca","Gastropoda","Neogastropoda","Conidae","Conus","Conus nobilis",FALSE,1,,,,,TRUE,FALSE,FALSE,"LC","LC","noble cone","molluscs"
428224,"Mollusca","Gastropoda","Neogastropoda","Conidae","Conus","Conus ochroleucus",FALSE,1,,,,,TRUE,FALSE,FALSE,"LC","LC",,"molluscs"
215475,"Mollusca","Gastropoda","Neogastropoda","Conidae","Conus","Conus planorbis",FALSE,1,,,,,TRUE,FALSE,FALSE,"LC","LC",,"molluscs"
215492,"Mollusca","Gastropoda","Neogastropoda","Conidae","Conus","Conus pulicarius",FALSE,,,,,,FALSE,TRUE,FALSE,"LC","LC","flea-bite cone","molluscs"
215537,"Mollusca","Gastropoda","Neogastropoda","Conidae","Conus","Conus retifer",FALSE,,,,,,FALSE,TRUE,FALSE,"LC","LC","netted cone","molluscs"
215451,"Mollusca","Gastropoda","Neogastropoda","Conidae","Conus","Conus sponsalis",FALSE,,,,,,FALSE,TRUE,FALSE,"LC","LC","sponsal cone","molluscs"
428381,"Mollusca","Gastropoda","Neogastropoda","Conidae","Conus","Conus telatus",FALSE,1,,,1995,,TRUE,FALSE,FALSE,"LC","LC",,"molluscs"
215488,"Mollusca","Gastropoda","Neogastropoda","Conidae","Conus","Conus tenuistriatus",FALSE,,,,,,FALSE,TRUE,FALSE,"LC","LC",,"molluscs"
215519,"Mollusca","Gastropoda","Neogastropoda","Conidae","Conus","Conus tessulatus",FALSE,1,,,,,TRUE,FALSE,FALSE,"LC","LC","tessellate cone","molluscs"
215529,"Mollusca","Gastropoda","Neogastropoda","Conidae","Conus","Conus textile",FALSE,1,,,2006,,TRUE,FALSE,FALSE,"LC","LC","textile cone","molluscs"
215503,"Mollusca","Gastropoda","Neogastropoda","Conidae","Conus","Conus tulipa",FALSE,1,,,,,TRUE,FALSE,FALSE,"LC","LC","tulip cone","molluscs"
215516,"Mollusca","Gastropoda","Neogastropoda","Conidae","Conus","Conus vexillum",FALSE,,,,,,FALSE,TRUE,FALSE,"LC","LC","vexillum cone","molluscs"
429412,"Mollusca","Gastropoda","Neogastropoda","Conidae","Conus","Conus vidua",FALSE,1,,,,,TRUE,FALSE,FALSE,,,,"molluscs"
428408,"Mollusca","Gastropoda","Neogastropoda","Conidae","Conus","Conus voluminalis",FALSE,1,,,,,TRUE,FALSE,FALSE,"LC","LC",,"molluscs"
568006,"Mollusca","Gastropoda","Neogastropoda","Volutidae","Cymbiola","Cymbiola vespertilio",FALSE,,,,,,FALSE,TRUE,FALSE,,,"bat volute","molluscs"
490953,"Mollusca","Gastropoda","Neogastropoda","Pisaniidae","Engina","Engina fusiformis",FALSE,,,,,,FALSE,TRUE,FALSE,,,,"molluscs"
212172,"Mollusca","Gastropoda","Neogastropoda","Pisaniidae","Engina","Engina lineata",FALSE,,,,,,FALSE,TRUE,FALSE,,,,"molluscs"
208165,"Mollusca","Gastropoda","Neogastropoda","Harpidae","Harpa","Harpa amouretta",FALSE,,,,,,FALSE,TRUE,FALSE,,,"lesser harp","molluscs"
225060,"Mollusca","Gastropoda","Neogastropoda","Harpidae","Harpa","Harpa doris",FALSE,,,,,,FALSE,TRUE,FALSE,,,"rose harp","molluscs"
980562,"Mollusca","Gastropoda","Neogastropoda","Raphitomidae","Hemilienardia","Hemilienardia subspurca",FALSE,,,,,,FALSE,TRUE,FALSE,,,,"molluscs"
1258909,"Mollusca","Gastropoda","Neogastropoda","Pseudomelatomidae","Inquisitor","Inquisitor lorenzi",FALSE,1,,,1994,,TRUE,FALSE,FALSE,,,,"molluscs"
434277,"Mollusca","Gastropoda","Neogastropoda","Clathurellidae","Lienardia","Lienardia rosella",FALSE,,,,,,FALSE,TRUE,FALSE,,,,"molluscs"
828289,"Mollusca","Gastropoda","Neogastropoda","Fasciolariidae","Marmorofusus","Marmorofusus nicobaricus",FALSE,1,,,,,TRUE,FALSE,FALSE,,,,"molluscs"
438734,"Mollusca","Gastropoda","Neogastropoda","Terebridae","Myurella","Myurella affinis",FALSE,,,,,,FALSE,TRUE,FALSE,,,,"molluscs"
1417518,"Mollusca","Gastropoda","Neogastropoda","Terebridae","Myurella","Myurella pygmaea",FALSE,,,,,,FALSE,TRUE,FALSE,,,,"molluscs"
560218,"Mollusca","Gastropoda","Neogastropoda","Nassariidae","Nassarius","Nassarius granifer",FALSE,,,,,,FALSE,TRUE,FALSE,,,,"molluscs"
1063168,"Mollusca","Gastropoda","Neogastropoda","Mitridae","Nebularia","Nebularia acuminata",FALSE,,,,,,FALSE,TRUE,FALSE,,,,"molluscs"
1063207,"Mollusca","Gastropoda","Neogastropoda","Mitridae","Nebularia","Nebularia ferruginea",FALSE,1,,,1960,,TRUE,FALSE,FALSE,,,,"molluscs"
1063492,"Mollusca","Gastropoda","Neogastropoda","Mitridae","Nebularia","Nebularia nivea",FALSE,,,,,,FALSE,TRUE,FALSE,,,,"molluscs"
1321284,"Mollusca","Gastropoda","Neogastropoda","Olividae","Oliva","Oliva guttata",FALSE,1,,,,,TRUE,FALSE,FALSE,,,,"molluscs"
208379,"Mollusca","Gastropoda","Neogastropoda","Olividae","Oliva","Oliva miniacea",FALSE,,,,,,FALSE,TRUE,FALSE,,,"Pacific common olive","molluscs"
1322762,"Mollusca","Gastropoda","Neogastropoda","Olividae","Oliva","Oliva samarensis",FALSE,1,,,,,TRUE,FALSE,FALSE,,,,"molluscs"
448164,"Mollusca","Gastropoda","Neogastropoda","Olividae","Oliva","Oliva vidua",FALSE,3,,,1993,,TRUE,FALSE,FALSE,,,"black olive","molluscs"
564247,"Mollusca","Gastropoda","Neogastropoda","Terebridae","Oxymeris","Oxymeris dimidiata",FALSE,,,,,,FALSE,TRUE,FALSE,,,,"molluscs"
564249,"Mollusca","Gastropoda","Neogastropoda","Terebridae","Oxymeris","Oxymeris felina",FALSE,,,,,,FALSE,TRUE,FALSE,,,,"molluscs"
448471,"Mollusca","Gastropoda","Neogastropoda","Fasciolariidae","Peristernia","Peristernia gemmata",FALSE,,,,,,FALSE,TRUE,FALSE,,,,"molluscs"
208048,"Mollusca","Gastropoda","Neogastropoda","Fasciolariidae","Peristernia","Peristernia nassatula",FALSE,,,,,,FALSE,TRUE,FALSE,,,,"molluscs"
957126,"Mollusca","Gastropoda","Neogastropoda","Costellariidae","Pusia","Pusia lauta",FALSE,,,,,,FALSE,TRUE,FALSE,,,,"molluscs"
986852,"Mollusca","Gastropoda","Neogastropoda","Conidae","Pygmaeconus","Pygmaeconus papalis",FALSE,,,,,,FALSE,TRUE,FALSE,,,,"molluscs"
511645,"Mollusca","Gastropoda","Neogastropoda","Columbellidae","Pyrene","Pyrene punctata",FALSE,,,,,,FALSE,TRUE,FALSE,,,"punctate dovesnail","molluscs"
1509930,"Mollusca","Gastropoda","Neogastropoda","Pisaniidae","Sinetectula","Sinetectula egregia",FALSE,,,,,,FALSE,TRUE,FALSE,,,,"molluscs"
217220,"Mollusca","Gastropoda","Neogastropoda","Mitridae","Strigatella","Strigatella paupercula",FALSE,1,,,,,TRUE,FALSE,FALSE,,,,"molluscs"
716636,"Mollusca","Gastropoda","Neogastropoda","Muricidae","Tenguella","Tenguella granulata",FALSE,,,,,,FALSE,TRUE,FALSE,,,"granular drupe","molluscs"
489063,"Mollusca","Gastropoda","Neogastropoda","Fasciolariidae","Turrilatirus","Turrilatirus iris",FALSE,,,,,,FALSE,TRUE,FALSE,,,,"molluscs"
1048566,"Mollusca","Gastropoda","Neogastropoda","Muricidae","Tylothais","Tylothais aculeata",FALSE,,,,,,FALSE,TRUE,FALSE,,,,"molluscs"
211100,"Mollusca","Gastropoda","Neogastropoda","Turbinellidae","Vasum","Vasum tubiferum",FALSE,1,,,,,TRUE,FALSE,FALSE,,,"tube vase","molluscs"
211103,"Mollusca","Gastropoda","Neogastropoda","Turbinellidae","Vasum","Vasum turbinellus",FALSE,,,,,,FALSE,TRUE,FALSE,,,"Pacific top vase","molluscs"
139519,"Mollusca","Gastropoda","Nudibranchia","Dendrodorididae","Dendrodoris","Dendrodoris nigra",FALSE,,,,,,FALSE,TRUE,FALSE,,,,"molluscs"
597112,"Mollusca","Gastropoda","Nudibranchia","Polyceridae","Gymnodoris","Gymnodoris okinawae",FALSE,,,,,,FALSE,TRUE,FALSE,,,,"molluscs"
597878,"Mollusca","Gastropoda","Nudibranchia","Chromodorididae","Mexichromis","Mexichromis lemniscata",FALSE,,,,,,FALSE,TRUE,FALSE,,,,"molluscs"
536617,"Mollusca","Gastropoda","Nudibranchia","Phyllidiidae","Phyllidia","Phyllidia elegans",FALSE,,,,,,FALSE,TRUE,FALSE,,,,"molluscs"
213527,"Mollusca","Gastropoda","Nudibranchia","Facelinidae","Pteraeolidia","Pteraeolidia ianthina",FALSE,,,,,,FALSE,TRUE,FALSE,,,,"molluscs"
766653,"Mollusca","Gastropoda","Nudibranchia","Samlidae","Samla","Samla bicolor",FALSE,,,,,,FALSE,TRUE,FALSE,,,,"molluscs"
599477,"Mollusca","Gastropoda","Pleurobranchida","Pleurobranchidae","Pleurobranchus","Pleurobranchus peronii",FALSE,,,,,,FALSE,TRUE,FALSE,,,,"molluscs"
1720806,"Mollusca","Gastropoda","Pleurobranchida","Pleurobranchidae","Tomoberthella","Tomoberthella martensi",FALSE,,,,,,FALSE,TRUE,FALSE,,,,"molluscs"
215204,"Mollusca","Gastropoda","Trochida","Angariidae","Angaria","Angaria melanacantha",FALSE,3,,,1973,,TRUE,FALSE,FALSE,,,"black-tankard angaria","molluscs"
211267,"Mollusca","Gastropoda","Trochida","Trochidae","Clanculus","Clanculus clanguloides",FALSE,,,,,,FALSE,TRUE,FALSE,,,,"molluscs"
1251282,"Mollusca","Gastropoda","Trochida","Tegulidae","Rochia","Rochia nilotica",FALSE,,,,,,FALSE,TRUE,FALSE,,,,"molluscs"
584883,"Mollusca","Gastropoda","[unassigned] Caenogastropoda","Triphoridae","Bouchetriphora","Bouchetriphora pallida",FALSE,,,,,,FALSE,TRUE,FALSE,,,,"molluscs"
571870,"Mollusca","Gastropoda","[unassigned] Caenogastropoda","Ampullinidae","Cernina","Cernina fluctuata",FALSE,1,,,,,TRUE,FALSE,FALSE,,,"waved moonsnail","molluscs"
547190,"Mollusca","Gastropoda","[unassigned] Caenogastropoda","Dialidae","Diala","Diala sulcifera",FALSE,,,,,,FALSE,TRUE,FALSE,,,,"molluscs"
591645,"Mollusca","Gastropoda","[unassigned] Caenogastropoda","Triphoridae","Iniforis","Iniforis progressa",FALSE,,,,,,FALSE,TRUE,FALSE,,,,"molluscs"
473486,"Mollusca","Gastropoda","[unassigned] Caenogastropoda","Cerithiidae","Pseudovertagus","Pseudovertagus aluco",FALSE,,,,,,FALSE,TRUE,FALSE,,,"aluco creeper","molluscs"
215120,"Mollusca","Gastropoda","[unassigned] Caenogastropoda","Cerithiidae","Rhinoclavis","Rhinoclavis aspera",FALSE,,,,,,FALSE,TRUE,FALSE,,,"rough horn","molluscs"
215122,"Mollusca","Gastropoda","[unassigned] Caenogastropoda","Cerithiidae","Rhinoclavis","Rhinoclavis vertagus",FALSE,,,,,,FALSE,TRUE,FALSE,,,,"molluscs"
215421,"Mollusca","Gastropoda",,"Aplustridae","Hydatina","Hydatina amplustre",FALSE,,,,,,FALSE,TRUE,FALSE,,,,"molluscs"
220948,"Mollusca","Gastropoda",,"Lottiidae","Patelloida","Patelloida saccharina",FALSE,1,,,2004,,TRUE,FALSE,FALSE,,,"Pacific sugar limpet","molluscs"
344491,"Mollusca","Scaphopoda","Dentaliida","Calliodentaliidae","Calliodentalium","Calliodentalium crocinum",FALSE,1,,,,,TRUE,FALSE,FALSE,,,,"molluscs"
231886,"Myzozoa","Dinophyceae","Gonyaulacales","Goniodomataceae","Pyrodinium","Pyrodinium bahamense",FALSE,77,,,2021,,TRUE,FALSE,FALSE,,,,"single-cell"
233399,"Myzozoa","Dinophyceae","Gonyaulacales","Goniodomataceae","Pyrodinium","Pyrodinium bahamense",FALSE,7,,,2018,,TRUE,FALSE,FALSE,,,,"single-cell"
232813,"Myzozoa","Dinophyceae","Gymnodiniales","Gymnodiniaceae","Gymnodinium","Gymnodinium microreticulatum",FALSE,,,,,,FALSE,TRUE,FALSE,,,,"single-cell"
990876,"Myzozoa","Dinophyceae","Gymnodiniales","Gymnodiniaceae","Margalefidinium","Margalefidinium polykrikoides",FALSE,1,,,2005,,TRUE,FALSE,FALSE,,,,"single-cell"
134391,"Porifera","Hexactinellida","Sceptrulophora","Farreidae","Farrea","Farrea occa",FALSE,,,,,,FALSE,TRUE,FALSE,,,"reversed glass sponge, éponge renversée","sponges"
1672771,"Echinodermata","Holothuroidea","Holothuriida","Holothuriidae","Holothuria","Holothuria edulis",FALSE,,,,,,FALSE,TRUE,FALSE,"LC","LC",,"starfish"
137206,"Chordata",,"Testudines","Cheloniidae","Chelonia","Chelonia mydas",FALSE,6,,,2015,,TRUE,FALSE,FALSE,"EN","EN","green turtle, tortue verte","turtles"
330060,"Annelida","Polychaeta","Phyllodocida","Syllidae","Odontosyllis","Odontosyllis atypica",FALSE,,,,,,FALSE,TRUE,FALSE,,,,"worms"
865848,"Arthropoda","Hexapoda","Odonata","Libellulidae","Pantala","Pantala flavescens",FALSE,,,,,,FALSE,TRUE,FALSE,"LC","LC","wandering glider",
104016,"Bigyra","Bicoecea","Anoecida","Caecitellidae","Caecitellus","Caecitellus parvulus",FALSE,,,,,,FALSE,TRUE,FALSE,,,,
495604,"Cyanobacteria","Cyanophyceae","Coleofasciculales","Coleofasciculaceae","Coleofasciculus","Coleofasciculus chthonoplastes",FALSE,,,,,,FALSE,TRUE,FALSE,,,,
156201,"Cyanobacteria","Cyanophyceae","Leptolyngbyales","Leptolyngbyaceae","Leptolyngbya","Leptolyngbya terebrans",FALSE,,,,,,FALSE,TRUE,FALSE,,,,
608309,"Cyanobacteria","Cyanophyceae","Leptolyngbyales","Trichocoleusaceae","Schizothrix","Schizothrix cresswellii",FALSE,,,,,,FALSE,TRUE,FALSE,,,,
548385,"Cyanobacteria","Cyanophyceae","Leptolyngbyales","Trichocoleusaceae","Schizothrix","Schizothrix heufleri",FALSE,,,,,,FALSE,TRUE,FALSE,,,,
157084,"Cyanobacteria","Cyanophyceae","Oscillatoriales","Microcoleaceae","Lyngbya","Lyngbya aestuarii",FALSE,,,,,,FALSE,TRUE,FALSE,,,,
146163,"Euglenozoa","Kinetoplastea","Eubodonida","Bodonaceae","Rhynchomonas","Rhynchomonas nasuta",FALSE,,,,,,FALSE,TRUE,FALSE,,,,
113479,"Foraminifera","Globothalamea","Rotaliida","Homotrematidae","Miniacina","Miniacina miniacea",FALSE,,,,,,FALSE,TRUE,FALSE,,,,
412947,"Radiozoa","Polycystina","Spumellaria","Spongodiscidae","Spongopyle","Spongopyle osculosa",FALSE,,,,,,FALSE,TRUE,FALSE,,,,
412949,"Radiozoa","Polycystina","Spumellaria","Spongodiscidae","Spongotrochus","Spongotrochus glacialis",FALSE,,,,,,FALSE,TRUE,FALSE,,,,
208931,"Tracheophyta","Magnoliopsida","Alismatales","Hydrocharitaceae","Thalassia","Thalassia hemprichii",FALSE,,,,,,FALSE,TRUE,FALSE,"LC","LC",,
235052,"Tracheophyta","Magnoliopsida","Myrtales","Combretaceae","Lumnitzera","Lumnitzera littorea",FALSE,,,,,,FALSE,TRUE,FALSE,"LC","LC",,
235107,"Tracheophyta","Magnoliopsida","Myrtales","Lythraceae","Sonneratia","Sonneratia alba",FALSE,,,,,,FALSE,TRUE,FALSE,"LC","LC",,
118073,,,,,"Solenicola","Solenicola setigera",FALSE,,,,,,FALSE,TRUE,FALSE,,,,
