"AphiaID","phylum","class","order","family","genus","species","records","reads","asvs","max_year","target_gene","source_obis","source_gbif","source_dna","category","redlist_category","vernacular","group"
159377,"Chordata","Aves","Accipitriformes","Pandionidae","Pandion","Pandion haliaetus",,,,,,FALSE,TRUE,FALSE,"LC","LC","osprey, balbuzard pêcheur","birds"
147431,"Chordata","Aves","Charadriiformes","Scolopacidae","Arenaria","Arenaria interpres",,,,,,FALSE,TRUE,FALSE,"LC","LC","ruddy turnstone, tournepierre à collier","birds"
212600,"Chordata","Aves","Charadriiformes","Scolopacidae","Calidris","Calidris minuta",,,,,,FALSE,TRUE,FALSE,"LC","LC","little stint, bécasseau minute","birds"
212611,"Chordata","Aves","Charadriiformes","Charadriidae","Charadrius","Charadrius alexandrinus",,,,,,FALSE,TRUE,FALSE,"LC","LC","Kentish plover, gravelot à collier interrompu","birds"
212619,"Chordata","Aves","Charadriiformes","Charadriidae","Charadrius","Charadrius hiaticula",,,,,,FALSE,TRUE,FALSE,"LC","LC","common ringed plover, grand gravelot","birds"
212616,"Chordata","Aves","Charadriiformes","Charadriidae","Charadrius","Charadrius leschenaultii",,,,,,FALSE,TRUE,FALSE,"LC","LC","great sand-plover","birds"
212718,"Chordata","Aves","Charadriiformes","Dromadidae","Dromas","Dromas ardeola",,,,,,FALSE,TRUE,FALSE,"LC","LC","crab-plover, drome ardéole","birds"
567825,"Chordata","Aves","Charadriiformes","Laridae","Hydroprogne","Hydroprogne caspia",,,,,,FALSE,TRUE,FALSE,"LC","LC","Caspian tern","birds"
212625,"Chordata","Aves","Charadriiformes","Laridae","Larus","Larus hemprichii",2,,,1820,,TRUE,FALSE,FALSE,"LC","LC","Hemprich's gull, goéland de Hemprich","birds"
159037,"Chordata","Aves","Charadriiformes","Scolopacidae","Numenius","Numenius arquata",,,,,,FALSE,TRUE,FALSE,"NT","NT","Eurasian curlew, courlis cendré","birds"
137158,"Chordata","Aves","Charadriiformes","Laridae","Sterna","Sterna bengalensis",,,,,,FALSE,TRUE,FALSE,,,"lesser crested tern, sterne voyageuse","birds"
158968,"Chordata","Aves","Charadriiformes","Scolopacidae","Tringa","Tringa nebularia",,,,,,FALSE,TRUE,FALSE,"LC","LC","common greenshank, chevalier aboyeur","birds"
158970,"Chordata","Aves","Charadriiformes","Scolopacidae","Tringa","Tringa totanus",,,,,,FALSE,TRUE,FALSE,"LC","LC","redshank, chevalier gambette","birds"
159115,"Chordata","Aves","Ciconiiformes","Ardeidae","Egretta","Egretta garzetta",,,,,,FALSE,TRUE,FALSE,"LC","LC","little egret, aigrette garzette","birds"
416678,"Chordata","Aves","Ciconiiformes","Threskiornithidae","Platalea","Platalea leucorodia",,,,,,FALSE,TRUE,FALSE,"LC","LC","Eurasian spoonbill, spatule blanche","birds"
137179,"Chordata","Aves","Pelecaniformes","Phalacrocoracidae","Phalacrocorax","Phalacrocorax carbo",,,,,,FALSE,TRUE,FALSE,"LC","LC","great cormorant, grand cormoran","birds"
207074,"Cnidaria","Anthozoa","Scleractinia","Acroporidae","Acropora","Acropora loripes",4,,,,,TRUE,TRUE,FALSE,"NT","NT",,"cnidarians"
207059,"Cnidaria","Anthozoa","Scleractinia","Acroporidae","Acropora","Acropora pharaonis",4,,,,,TRUE,TRUE,FALSE,"VU","VU",,"cnidarians"
207050,"Cnidaria","Anthozoa","Scleractinia","Acroporidae","Acropora","Acropora polystoma",1,,,,,TRUE,TRUE,FALSE,"VU","VU",,"cnidarians"
207255,"Cnidaria","Anthozoa","Scleractinia","Coscinaraeidae","Coscinaraea","Coscinaraea monile",1,,,,,TRUE,TRUE,FALSE,"LC","LC","wrinkle coral","cnidarians"
716609,"Cnidaria","Anthozoa","Scleractinia","Fungiidae","Danafungia","Danafungia scruposa",1,,,,,TRUE,FALSE,FALSE,"LC","LC",,"cnidarians"
758235,"Cnidaria","Anthozoa","Scleractinia","Merulinidae","Dipsastraea","Dipsastraea laxa",1,,,,,TRUE,TRUE,FALSE,"NT","NT",,"cnidarians"
758219,"Cnidaria","Anthozoa","Scleractinia","Merulinidae","Dipsastraea","Dipsastraea speciosa",1,,,,,TRUE,TRUE,FALSE,"LC","LC",,"cnidarians"
207418,"Cnidaria","Anthozoa","Scleractinia","Merulinidae","Echinopora","Echinopora gemmacea",2,,,,,TRUE,TRUE,FALSE,"LC","LC","hedgehog coral","cnidarians"
207455,"Cnidaria","Anthozoa","Scleractinia","Merulinidae","Favites","Favites complanata",1,,,,,TRUE,TRUE,FALSE,"NT","NT","larger star coral","cnidarians"
207447,"Cnidaria","Anthozoa","Scleractinia","Merulinidae","Favites","Favites halicora",1,,,,,TRUE,TRUE,FALSE,"NT","NT","larger star coral","cnidarians"
207366,"Cnidaria","Anthozoa","Scleractinia","Euphylliidae","Galaxea","Galaxea fascicularis",1,,,,,TRUE,TRUE,FALSE,"NT","NT","octopus coral","cnidarians"
207464,"Cnidaria","Anthozoa","Scleractinia","Merulinidae","Goniastrea","Goniastrea pectinata",1,,,,,TRUE,TRUE,FALSE,"LC","LC","lesser star coral","cnidarians"
207461,"Cnidaria","Anthozoa","Scleractinia","Merulinidae","Goniastrea","Goniastrea retiformis",1,,,,,TRUE,TRUE,FALSE,"LC","LC","lesser star coral","cnidarians"
763067,"Cnidaria","Anthozoa","Scleractinia","Merulinidae","Goniastrea","Goniastrea stelligera",1,,,,,TRUE,TRUE,FALSE,"NT","NT",,"cnidarians"
207220,"Cnidaria","Anthozoa","Scleractinia","Poritidae","Goniopora","Goniopora planulata",1,,,,,TRUE,TRUE,FALSE,"VU","VU","anemone coral","cnidarians"
207403,"Cnidaria","Anthozoa","Scleractinia","Merulinidae","Hydnophora","Hydnophora exesa",1,,,,,TRUE,TRUE,FALSE,"NT","NT","spine coral","cnidarians"
207391,"Cnidaria","Anthozoa","Scleractinia","Lobophylliidae","Lobophyllia","Lobophyllia corymbosa",2,,,,,TRUE,TRUE,FALSE,"LC","LC","lobed cactus coral","cnidarians"
207293,"Cnidaria","Anthozoa","Scleractinia","Scleractinia incertae sedis","Pachyseris","Pachyseris speciosa",2,,,,,TRUE,TRUE,FALSE,"LC","LC","serpent coral","cnidarians"
207312,"Cnidaria","Anthozoa","Scleractinia","Agariciidae","Pavona","Pavona cactus",1,,,,,TRUE,TRUE,FALSE,"VU","VU","leaf coral","cnidarians"
207320,"Cnidaria","Anthozoa","Scleractinia","Agariciidae","Pavona","Pavona decussata",1,,,,,TRUE,TRUE,FALSE,"VU","VU","leaf coral","cnidarians"
207303,"Cnidaria","Anthozoa","Scleractinia","Agariciidae","Pavona","Pavona varians",1,,,,,TRUE,TRUE,FALSE,"LC","LC","leaf coral","cnidarians"
207487,"Cnidaria","Anthozoa","Scleractinia","Merulinidae","Platygyra","Platygyra lamellina",2,,,,,TRUE,TRUE,FALSE,"NT","NT","lesser valley coral","cnidarians"
206954,"Cnidaria","Anthozoa","Scleractinia","Pocilloporidae","Pocillopora","Pocillopora verrucosa",1,,,,,TRUE,TRUE,FALSE,"LC","LC","cauliflower coral","cnidarians"
207227,"Cnidaria","Anthozoa","Scleractinia","Poritidae","Porites","Porites solida",1,,,,,TRUE,TRUE,FALSE,"LC","LC","hump coral","cnidarians"
718603,"Cnidaria","Anthozoa","Scleractinia","Psammocoridae","Psammocora","Psammocora haimiana",1,,,,,TRUE,TRUE,FALSE,"LC","LC",,"cnidarians"
287784,"Cnidaria","Anthozoa","Scleractinia","Psammocoridae","Psammocora","Psammocora stellata",1,,,,,TRUE,TRUE,FALSE,"VU","VU",,"cnidarians"
206982,"Cnidaria","Anthozoa","Scleractinia","Pocilloporidae","Stylophora","Stylophora pistillata",2,,,,,TRUE,TRUE,FALSE,"NT","NT","hood coral","cnidarians"
207511,"Cnidaria","Anthozoa","Scleractinia","Dendrophylliidae","Turbinaria","Turbinaria mesenterina",1,,,,,TRUE,TRUE,FALSE,"VU","VU","disc coral","cnidarians"
854493,"Cnidaria","Hexacorallia","Actiniaria","Stichodactylidae","Radianthus","Radianthus magnifica",,,,,,FALSE,TRUE,FALSE,,,,"cnidarians"
1287835,"Cnidaria","Hexacorallia","Antipatharia","Antipathidae","Stichopathes","Stichopathes luetkeni",,,,,,FALSE,TRUE,FALSE,,,"black wire coral","cnidarians"
207045,"Cnidaria","Hexacorallia","Scleractinia","Acroporidae","Acropora","Acropora digitifera",,,,,,FALSE,TRUE,FALSE,"NT","NT",,"cnidarians"
288875,"Cnidaria","Hexacorallia","Scleractinia","Fungiidae","Ctenactis","Ctenactis crassa",,,,,,FALSE,TRUE,FALSE,"LC","LC",,"cnidarians"
135206,"Cnidaria","Hexacorallia","Scleractinia","Guyniidae","Guynia","Guynia annulata",,,,,,FALSE,TRUE,FALSE,,,,"cnidarians"
207392,"Cnidaria","Hexacorallia","Scleractinia","Lobophylliidae","Lobophyllia","Lobophyllia hemprichii",,,,,,FALSE,TRUE,FALSE,"LC","LC","lobed cactus coral","cnidarians"
207498,"Cnidaria","Hexacorallia","Scleractinia","Plerogyridae","Plerogyra","Plerogyra sinuosa",,,,,,FALSE,TRUE,FALSE,"NT","NT","rounded bubblegum coral","cnidarians"
207246,"Cnidaria","Hexacorallia","Scleractinia","Poritidae","Porites","Porites lutea",,,,,,FALSE,TRUE,FALSE,"LC","LC","hump coral","cnidarians"
216159,"Cnidaria","Hexacorallia","Scleractinia","Flabellidae","Rhizotrochus","Rhizotrochus typus",,,,,,FALSE,TRUE,FALSE,,,,"cnidarians"
210733,"Cnidaria","Hydrozoa","Anthoathecata","Milleporidae","Millepora","Millepora dichotoma",,,,,,FALSE,TRUE,FALSE,"LC","LC","ramified fire coral","cnidarians"
210730,"Cnidaria","Hydrozoa","Anthoathecata","Milleporidae","Millepora","Millepora platyphylla",,,,,,FALSE,TRUE,FALSE,"LC","LC","sheet fire coral","cnidarians"
117305,"Cnidaria","Hydrozoa","Leptothecata","Aglaopheniidae","Macrorhynchia","Macrorhynchia philippina",3,,,1878,,TRUE,FALSE,FALSE,,,"stinging hydroid","cnidarians"
209999,"Cnidaria","Octocorallia","Malacalcyonacea","Xeniidae","Anthelia","Anthelia glauca",,,,,,FALSE,TRUE,FALSE,,,"pulse coral","cnidarians"
210004,"Cnidaria","Octocorallia","Malacalcyonacea","Xeniidae","Heteroxenia","Heteroxenia fuscescens",,,,,,FALSE,TRUE,FALSE,,,,"cnidarians"
747373,"Cnidaria","Octocorallia","Malacalcyonacea","Xeniidae","Ovabunda","Ovabunda ainex",,,,,,FALSE,TRUE,FALSE,,,,"cnidarians"
290551,"Cnidaria","Octocorallia","Malacalcyonacea","Xeniidae","Ovabunda","Ovabunda biseriata",,,,,,FALSE,TRUE,FALSE,,,,"cnidarians"
747374,"Cnidaria","Octocorallia","Malacalcyonacea","Xeniidae","Ovabunda","Ovabunda crenata",,,,,,FALSE,TRUE,FALSE,,,,"cnidarians"
290552,"Cnidaria","Octocorallia","Malacalcyonacea","Xeniidae","Ovabunda","Ovabunda faraunensis",,,,,,FALSE,TRUE,FALSE,,,,"cnidarians"
747375,"Cnidaria","Octocorallia","Malacalcyonacea","Xeniidae","Ovabunda","Ovabunda gohari",,,,,,FALSE,TRUE,FALSE,,,,"cnidarians"
520698,"Cnidaria","Octocorallia","Malacalcyonacea","Xeniidae","Ovabunda","Ovabunda hamsina",,,,,,FALSE,TRUE,FALSE,,,,"cnidarians"
520699,"Cnidaria","Octocorallia","Malacalcyonacea","Xeniidae","Ovabunda","Ovabunda impulsatilla",,,,,,FALSE,TRUE,FALSE,,,,"cnidarians"
290553,"Cnidaria","Octocorallia","Malacalcyonacea","Xeniidae","Ovabunda","Ovabunda macrospiculata",,,,,,FALSE,TRUE,FALSE,,,,"cnidarians"
290555,"Cnidaria","Octocorallia","Malacalcyonacea","Xeniidae","Ovabunda","Ovabunda verseveldti",,,,,,FALSE,TRUE,FALSE,,,,"cnidarians"
210007,"Cnidaria","Octocorallia","Malacalcyonacea","Xeniidae","Sympodium","Sympodium caeruleum",,,,,,FALSE,TRUE,FALSE,,,,"cnidarians"
210023,"Cnidaria","Octocorallia","Malacalcyonacea","Xeniidae","Xenia","Xenia umbellata",,,,,,FALSE,TRUE,FALSE,,,"white pulse coral","cnidarians"
209051,"Arthropoda","Malacostraca","Decapoda","Xanthidae","Actaeodes","Actaeodes hirsutissimus",,,,,,FALSE,TRUE,FALSE,,,,"crustaceans"
1398833,"Arthropoda","Malacostraca","Decapoda","Callianassidae","Aqaballianassa","Aqaballianassa aqabaensis",,,,,,FALSE,TRUE,FALSE,,,,"crustaceans"
366169,"Arthropoda","Malacostraca","Decapoda","Paguridae","Catapaguroides","Catapaguroides pectinipes",2,,,,,TRUE,TRUE,FALSE,,,,"crustaceans"
209138,"Arthropoda","Malacostraca","Decapoda","Xanthidae","Chlorodiella","Chlorodiella cytherea",,,,,,FALSE,TRUE,FALSE,,,,"crustaceans"
209136,"Arthropoda","Malacostraca","Decapoda","Xanthidae","Chlorodiella","Chlorodiella nigra",,,,,,FALSE,TRUE,FALSE,,,,"crustaceans"
955192,"Arthropoda","Malacostraca","Decapoda","Ocypodidae","Cranuca","Cranuca inversa",,,,,,FALSE,TRUE,FALSE,,,,"crustaceans"
514293,"Arthropoda","Malacostraca","Decapoda","Disciadidae","Discias","Discias musicus",,,,,,FALSE,TRUE,FALSE,,,,"crustaceans"
207600,"Arthropoda","Malacostraca","Decapoda","Dotillidae","Dotilla","Dotilla sulcata",,,,,,FALSE,TRUE,FALSE,,,,"crustaceans"
209145,"Arthropoda","Malacostraca","Decapoda","Xanthidae","Liocarpilodes","Liocarpilodes armiger",,,,,,FALSE,TRUE,FALSE,,,,"crustaceans"
881757,"Arthropoda","Malacostraca","Decapoda","Xanthidae","Luniella","Luniella spinipes",,,,,,FALSE,TRUE,FALSE,,,,"crustaceans"
209419,"Arthropoda","Malacostraca","Decapoda","Macrophthalmidae","Macrophthalmus","Macrophthalmus (Mareotis) depressus",,,,,,FALSE,TRUE,FALSE,,,,"crustaceans"
208908,"Arthropoda","Malacostraca","Decapoda","Epialtidae","Menaethius","Menaethius monoceros",10,,,,,TRUE,FALSE,FALSE,,,,"crustaceans"
207536,"Arthropoda","Malacostraca","Decapoda","Grapsidae","Metopograpsus","Metopograpsus messor",1,,,,,TRUE,TRUE,FALSE,,,"alamihi","crustaceans"
107351,"Arthropoda","Malacostraca","Decapoda","Majidae","Micippa","Micippa thalia",1,,,,,TRUE,FALSE,FALSE,,,,"crustaceans"
1398891,"Arthropoda","Malacostraca","Decapoda","Callichiridae","Mucrollichirus","Mucrollichirus mucronatus",,,,,,FALSE,TRUE,FALSE,,,,"crustaceans"
207539,"Arthropoda","Malacostraca","Decapoda","Grapsidae","Pachygrapsus","Pachygrapsus minutus",,,,,,FALSE,TRUE,FALSE,,,,"crustaceans"
210358,"Arthropoda","Malacostraca","Decapoda","Palinuridae","Panulirus","Panulirus penicillatus",,,,,,FALSE,TRUE,FALSE,"LC","LC","pronghorn spiny lobster, grosses têtes","crustaceans"
377710,"Arthropoda","Malacostraca","Decapoda","Penaeidae","Parapenaeus","Parapenaeus fissuroides",,,,,,FALSE,TRUE,FALSE,,,,"crustaceans"
377711,"Arthropoda","Malacostraca","Decapoda","Penaeidae","Parapenaeus","Parapenaeus fissuroides",1,,,,,TRUE,FALSE,FALSE,,,,"crustaceans"
514239,"Arthropoda","Malacostraca","Decapoda","Pasiphaeidae","Pasiphaea","Pasiphaea marisrubri",6,,,,,TRUE,TRUE,FALSE,,,,"crustaceans"
220292,"Arthropoda","Malacostraca","Decapoda","Solenoceridae","Pleoticus","Pleoticus steindachneri",1,,,,,TRUE,TRUE,FALSE,,,,"crustaceans"
241302,"Arthropoda","Malacostraca","Decapoda","Pandalidae","Plesionika","Plesionika adensameri",1,,,,,TRUE,TRUE,FALSE,,,,"crustaceans"
107662,"Arthropoda","Malacostraca","Decapoda","Pandalidae","Plesionika","Plesionika narval",3,,,,,TRUE,TRUE,FALSE,,,"narval","crustaceans"
241305,"Arthropoda","Malacostraca","Decapoda","Pandalidae","Plesionika","Plesionika persica",1,,,,,TRUE,TRUE,FALSE,,,,"crustaceans"
515659,"Arthropoda","Malacostraca","Decapoda","Crangonidae","Pontocaris","Pontocaris profundior",2,,,,,TRUE,TRUE,FALSE,,,,"crustaceans"
107407,"Arthropoda","Malacostraca","Decapoda","Portunidae","Thalamita","Thalamita poissonii",2,,,,,TRUE,TRUE,FALSE,,,,"crustaceans"
208846,"Arthropoda","Malacostraca","Decapoda","Portunidae","Thalamita","Thalamita prymna",,,,,,FALSE,TRUE,FALSE,,,,"crustaceans"
208842,"Arthropoda","Malacostraca","Decapoda","Portunidae","Thalamita","Thalamita savignyi",,,,,,FALSE,TRUE,FALSE,,,,"crustaceans"
477838,"Arthropoda","Malacostraca","Decapoda","Callianideidae","Thomassinia","Thomassinia gebioides",,,,,,FALSE,TRUE,FALSE,,,,"crustaceans"
443875,"Arthropoda","Malacostraca","Decapoda","Trapeziidae","Trapezia","Trapezia bidentata",,,,,,FALSE,TRUE,FALSE,,,,"crustaceans"
210176,"Arthropoda","Malacostraca","Decapoda","Trapeziidae","Trapezia","Trapezia cymodoce",,,,,,FALSE,TRUE,FALSE,,,,"crustaceans"
210186,"Arthropoda","Malacostraca","Decapoda","Trapeziidae","Trapezia","Trapezia tigrina",,,,,,FALSE,TRUE,FALSE,,,"red-spotted guard crab","crustaceans"
1607116,"Arthropoda","Malacostraca","Decapoda","Munididae","Trapezionida","Trapezionida babai",1,,,,,TRUE,TRUE,FALSE,,,,"crustaceans"
1607131,"Arthropoda","Malacostraca","Decapoda","Munididae","Trapezionida","Trapezionida dispar",3,,,,,TRUE,TRUE,FALSE,,,,"crustaceans"
1061734,"Arthropoda","Malacostraca","Decapoda","Portunidae","Xiphonectes","Xiphonectes tenuicaudatus",1,,,,,TRUE,TRUE,FALSE,,,,"crustaceans"
256547,"Arthropoda","Malacostraca","Isopoda","Cirolanidae","Cirolana","Cirolana meseda",1,,,,,TRUE,TRUE,FALSE,,,,"crustaceans"
394941,"Arthropoda","Malacostraca","Stomatopoda","Gonodactylidae","Gonodactylaceus","Gonodactylaceus falcatus",,,,,,FALSE,TRUE,FALSE,,,"Philippine mantis shrimp","crustaceans"
724164,"Arthropoda","Malacostraca","Stomatopoda","Squillidae","Kempella","Kempella mikado",,,,,,FALSE,TRUE,FALSE,,,,"crustaceans"
220684,"Arthropoda","Malacostraca","Stomatopoda","Nannosquillidae","Pullosquilla","Pullosquilla thomassini",,,,,,FALSE,TRUE,FALSE,,,,"crustaceans"
213372,"Echinodermata","Echinoidea","Diadematoida","Diadematidae","Diadema","Diadema setosum",,,,,,FALSE,TRUE,FALSE,,,,"echinoderms"
210909,"Echinodermata","Holothuroidea","Synallactida","Stichopodidae","Stichopus","Stichopus monotuberculatus",1,,,,,TRUE,FALSE,FALSE,"DD","DD",,"echinoderms"
243710,"Echinodermata","Ophiuroidea","Ophioleucida","Ophioleucidae","Ophioleuce","Ophioleuce seminudum",,,,,,FALSE,TRUE,FALSE,,,,"echinoderms"
217337,"Chordata","Elasmobranchii","Carcharhiniformes","Carcharhinidae","Carcharhinus","Carcharhinus amblyrhynchos",,,,,,FALSE,TRUE,FALSE,"EN","EN","grey reef shark","fish"
105797,"Chordata","Elasmobranchii","Carcharhiniformes","Carcharhinidae","Carcharhinus","Carcharhinus plumbeus",,,,,,FALSE,TRUE,FALSE,"EN","EN","sandbar shark, requin gris","fish"
105816,"Chordata","Elasmobranchii","Carcharhiniformes","Sphyrnidae","Sphyrna","Sphyrna lewini",,,,,,FALSE,TRUE,FALSE,"CR","CR","scalloped hammerhead","fish"
214557,"Chordata","Elasmobranchii","Carcharhiniformes","Carcharhinidae","Triaenodon","Triaenodon obesus",,,,,,FALSE,TRUE,FALSE,"VU","VU","whitetip reef shark","fish"
105851,"Chordata","Elasmobranchii","Myliobatiformes","Dasyatidae","Dasyatis","Dasyatis pastinaca",,,,,,FALSE,TRUE,FALSE,"VU","VU","stingray, pastenague commune","fish"
1026118,"Chordata","Elasmobranchii","Myliobatiformes","Mobulidae","Mobula","Mobula birostris",,,,,,FALSE,TRUE,FALSE,"EN","EN",,"fish"
217430,"Chordata","Elasmobranchii","Myliobatiformes","Mobulidae","Mobula","Mobula thurstoni",,,,,,FALSE,TRUE,FALSE,"EN","EN","smoothtail mobula","fish"
271496,"Chordata","Elasmobranchii","Myliobatiformes","Myliobatidae","Rhinoptera","Rhinoptera jayakari",1,,,2013,,TRUE,FALSE,FALSE,"EN","EN",,"fish"
217422,"Chordata","Elasmobranchii","Myliobatiformes","Dasyatidae","Taeniura","Taeniura lymma",,,,,,FALSE,TRUE,FALSE,"LC","LC","reef stingray","fish"
989371,"Chordata","Elasmobranchii","Myliobatiformes","Dasyatidae","Urogymnus","Urogymnus granulatus",1,,,2013,,TRUE,FALSE,FALSE,"VU","VU",,"fish"
105847,"Chordata","Elasmobranchii","Orectolobiformes","Rhincodontidae","Rhincodon","Rhincodon typus",1,,,2007,,TRUE,FALSE,FALSE,"EN","EN","whale shark, requin baleine","fish"
217379,"Chordata","Elasmobranchii","Torpediniformes","Torpedinidae","Torpedo","Torpedo fuscomaculata",,,,,,FALSE,TRUE,FALSE,"DD","DD","blackspotted electric ray","fish"
219638,"Chordata","Teleostei","Acanthuriformes","Acanthuridae","Acanthurus","Acanthurus nigricans",,,,,,FALSE,TRUE,FALSE,"LC","LC","backsurgeonfish","fish"
219649,"Chordata","Teleostei","Acanthuriformes","Acanthuridae","Acanthurus","Acanthurus sohal",,,,,,FALSE,TRUE,FALSE,"LC","LC","Sohal","fish"
218730,"Chordata","Teleostei","Acanthuriformes","Chaetodontidae","Chaetodon","Chaetodon auriga",,,,,,FALSE,TRUE,FALSE,"LC","LC","threadfin butterflyfish","fish"
218737,"Chordata","Teleostei","Acanthuriformes","Chaetodontidae","Chaetodon","Chaetodon fasciatus",,,,,,FALSE,TRUE,FALSE,"LC","LC","striped butterflyfish","fish"
218734,"Chordata","Teleostei","Acanthuriformes","Chaetodontidae","Chaetodon","Chaetodon lineolatus",,,,,,FALSE,TRUE,FALSE,"LC","LC","lined butterflyfish","fish"
219659,"Chordata","Teleostei","Acanthuriformes","Acanthuridae","Ctenochaetus","Ctenochaetus striatus",,,,,,FALSE,TRUE,FALSE,"LC","LC","lined bristletooth","fish"
218767,"Chordata","Teleostei","Acanthuriformes","Chaetodontidae","Heniochus","Heniochus intermedius",,,,,,FALSE,TRUE,FALSE,"LC","LC","Red Sea bannerfish","fish"
218711,"Chordata","Teleostei","Acanthuriformes","Ephippidae","Platax","Platax orbicularis",,,,,,FALSE,TRUE,FALSE,"LC","LC","circular spadefish","fish"
127044,"Chordata","Teleostei","Acanthuriformes","Siganidae","Siganus","Siganus luridus",1,,,,,TRUE,FALSE,FALSE,"LC","LC","squaretail rabbitfish","fish"
127045,"Chordata","Teleostei","Acanthuriformes","Siganidae","Siganus","Siganus rivulatus",1,,,,,TRUE,FALSE,FALSE,"LC","LC","rivulated rabbitfish","fish"
219692,"Chordata","Teleostei","Acanthuriformes","Siganidae","Siganus","Siganus stellatus",,,,,,FALSE,TRUE,FALSE,"LC","LC","stellate rabbitfish","fish"
1577315,"Chordata","Teleostei","Anguilliformes","Nettastomatidae","Facciolella","Facciolella karrerae",,,,,,FALSE,TRUE,FALSE,,,,"fish"
217502,"Chordata","Teleostei","Anguilliformes","Muraenidae","Gymnothorax","Gymnothorax javanicus",,,,,,FALSE,TRUE,FALSE,"LC","LC","giant moray","fish"
275429,"Chordata","Teleostei","Anguilliformes","Congridae","Uroconger","Uroconger erythraeus",,,,,,FALSE,TRUE,FALSE,"LC","LC",,"fish"
277383,"Chordata","Teleostei","Aulopiformes","Synodontidae","Harpadon","Harpadon erythraeus",,,,,,FALSE,TRUE,FALSE,"DD","DD",,"fish"
217662,"Chordata","Teleostei","Aulopiformes","Synodontidae","Saurida","Saurida gracilis",,,,,,FALSE,TRUE,FALSE,"LC","LC","slender lizardfish","fish"
217670,"Chordata","Teleostei","Aulopiformes","Synodontidae","Synodus","Synodus variegatus",,,,,,FALSE,TRUE,FALSE,"LC","LC","common lizardfish","fish"
1495336,"Chordata","Teleostei","Beloniformes","Exocoetidae","Cheilopogon","Cheilopogon marisrubri",,,,,,FALSE,TRUE,FALSE,,,,"fish"
213174,"Chordata","Teleostei","Beloniformes","Hemiramphidae","Hyporhamphus","Hyporhamphus gamberur",,,,,,FALSE,TRUE,FALSE,,,,"fish"
219271,"Chordata","Teleostei","Blenniiformes","Blenniidae","Ecsenius","Ecsenius midas",,,,,,FALSE,TRUE,FALSE,"LC","LC","midas blenny","fish"
219179,"Chordata","Teleostei","Blenniiformes","Tripterygiidae","Enneapterygius","Enneapterygius abeli",2,,,2009,,TRUE,TRUE,FALSE,"LC","LC","yellow triplefin","fish"
277297,"Chordata","Teleostei","Blenniiformes","Tripterygiidae","Enneapterygius","Enneapterygius altipinnis",1,,,2009,,TRUE,FALSE,FALSE,"LC","LC",,"fish"
277327,"Chordata","Teleostei","Blenniiformes","Tripterygiidae","Enneapterygius","Enneapterygius obscurus",1,,,2009,,TRUE,TRUE,FALSE,"LC","LC",,"fish"
712812,"Chordata","Teleostei","Blenniiformes","Tripterygiidae","Enneapterygius","Enneapterygius qirmiz",1,,,2009,,TRUE,TRUE,FALSE,"LC","LC",,"fish"
219180,"Chordata","Teleostei","Blenniiformes","Tripterygiidae","Enneapterygius","Enneapterygius tutuilae",,,,,,FALSE,TRUE,FALSE,"LC","LC",,"fish"
212049,"Chordata","Teleostei","Carangaria incertae sedis","Sphyraenidae","Sphyraena","Sphyraena qenie",,,,,,FALSE,TRUE,FALSE,,,"blackfin barracuda","fish"
159629,"Chordata","Teleostei","Carangiformes","Carangidae","Alectis","Alectis ciliaris",,,,,,FALSE,TRUE,FALSE,"LC","LC","African pompano","fish"
218391,"Chordata","Teleostei","Carangiformes","Carangidae","Carangoides","Carangoides bajad",,,,,,FALSE,TRUE,FALSE,"LC","LC","orangespotted trevally/jack","fish"
218414,"Chordata","Teleostei","Carangiformes","Carangidae","Caranx","Caranx ignobilis",,,,,,FALSE,TRUE,FALSE,"LC","LC","giant trevally","fish"
218419,"Chordata","Teleostei","Carangiformes","Carangidae","Caranx","Caranx melampygus",,,,,,FALSE,TRUE,FALSE,"LC","LC","bluefin trevally","fish"
218404,"Chordata","Teleostei","Carangiformes","Carangidae","Caranx","Caranx sexfasciatus",,,,,,FALSE,TRUE,FALSE,"LC","LC","bigeye trevally","fish"
126848,"Chordata","Teleostei","Carangiformes","Echeneidae","Echeneis","Echeneis naucrates",,,,,,FALSE,TRUE,FALSE,"LC","LC","sharksucker","fish"
218434,"Chordata","Teleostei","Carangiformes","Carangidae","Scomberoides","Scomberoides lysan",,,,,,FALSE,TRUE,FALSE,"LC","LC","doublespotted queenfish","fish"
218853,"Chordata","Teleostei","Centrarchiformes","Cirrhitidae","Cirrhitichthys","Cirrhitichthys oxycephalus",,,,,,FALSE,TRUE,FALSE,"LC","LC","pixy hawkfish","fish"
218862,"Chordata","Teleostei","Centrarchiformes","Cirrhitidae","Cirrhitus","Cirrhitus pinnulatus",,,,,,FALSE,TRUE,FALSE,"LC","LC","stocky hawkfish","fish"
218707,"Chordata","Teleostei","Centrarchiformes","Kyphosidae","Kyphosus","Kyphosus bigibbus",1,,,,,TRUE,FALSE,FALSE,"LC","LC","grey sea chub","fish"
218708,"Chordata","Teleostei","Centrarchiformes","Kyphosidae","Kyphosus","Kyphosus cinerascens",1,,,,,TRUE,TRUE,FALSE,"LC","LC","snubnose chub","fish"
218865,"Chordata","Teleostei","Centrarchiformes","Cirrhitidae","Oxycirrhites","Oxycirrhites typus",,,,,,FALSE,TRUE,FALSE,"LC","LC","longnose hawkfish","fish"
218867,"Chordata","Teleostei","Centrarchiformes","Cirrhitidae","Paracirrhites","Paracirrhites forsteri",,,,,,FALSE,TRUE,FALSE,"LC","LC","blackside hawkfish","fish"
126420,"Chordata","Teleostei","Clupeiformes","Dorosomatidae","Herklotsichthys","Herklotsichthys punctatus",,,,,,FALSE,TRUE,FALSE,"LC","LC","spotback herring","fish"
126424,"Chordata","Teleostei","Clupeiformes","Spratelloididae","Spratelloides","Spratelloides delicatulus",,,,,,FALSE,TRUE,FALSE,"LC","LC","delicate round herring","fish"
219990,"Chordata","Teleostei","Eupercaria incertae sedis","Caesionidae","Caesio","Caesio striata",,,,,,FALSE,TRUE,FALSE,"LC","LC",,"fish"
218942,"Chordata","Teleostei","Eupercaria incertae sedis","Labridae","Cheilinus","Cheilinus lunulatus",,,,,,FALSE,TRUE,FALSE,"LC","LC","broomtail wrasse","fish"
367242,"Chordata","Teleostei","Eupercaria incertae sedis","Gerreidae","Gerres","Gerres longirostris",,,,,,FALSE,TRUE,FALSE,"LC","LC",,"fish"
218532,"Chordata","Teleostei","Eupercaria incertae sedis","Gerreidae","Gerres","Gerres methueni",,,,,,FALSE,TRUE,FALSE,,,,"fish"
218535,"Chordata","Teleostei","Eupercaria incertae sedis","Gerreidae","Gerres","Gerres oyena",1,,,,,TRUE,FALSE,FALSE,"LC","LC","slenderspine mojarra","fish"
218990,"Chordata","Teleostei","Eupercaria incertae sedis","Labridae","Halichoeres","Halichoeres scapularis",,,,,,FALSE,TRUE,FALSE,"LC","LC","zigzag wrasse","fish"
212061,"Chordata","Teleostei","Eupercaria incertae sedis","Lethrinidae","Lethrinus","Lethrinus lentjan",1,,,,,TRUE,FALSE,FALSE,"LC","LC","redspot emperor","fish"
218489,"Chordata","Teleostei","Eupercaria incertae sedis","Lutjanidae","Lutjanus","Lutjanus ehrenbergii",,,,,,FALSE,TRUE,FALSE,"LC","LC","blackspot snapper","fish"
218490,"Chordata","Teleostei","Eupercaria incertae sedis","Lutjanidae","Lutjanus","Lutjanus fulviflamma",2,,,,,TRUE,FALSE,FALSE,"LC","LC","dory snapper","fish"
218480,"Chordata","Teleostei","Eupercaria incertae sedis","Lutjanidae","Lutjanus","Lutjanus gibbus",,,,,,FALSE,TRUE,FALSE,"LC","LC","humpback snapper","fish"
218482,"Chordata","Teleostei","Eupercaria incertae sedis","Lutjanidae","Lutjanus","Lutjanus kasmira",,,,,,FALSE,TRUE,FALSE,"LC","LC","common bluestripe snapper","fish"
218584,"Chordata","Teleostei","Eupercaria incertae sedis","Lethrinidae","Monotaxis","Monotaxis grandoculis",,,,,,FALSE,TRUE,FALSE,"LC","LC","bigeye emperor","fish"
218552,"Chordata","Teleostei","Eupercaria incertae sedis","Haemulidae","Plectorhinchus","Plectorhinchus gaterinus",,,,,,FALSE,TRUE,FALSE,"LC","LC","blackspotted grunt","fish"
212213,"Chordata","Teleostei","Eupercaria incertae sedis","Labridae","Thalassoma","Thalassoma purpureum",,,,,,FALSE,TRUE,FALSE,"LC","LC","surge wrasse","fish"
273590,"Chordata","Teleostei","Eupercaria incertae sedis","Labridae","Thalassoma","Thalassoma rueppellii",,,,,,FALSE,TRUE,FALSE,"LC","LC",,"fish"
217736,"Chordata","Teleostei","Gadiformes","Moridae","Physiculus","Physiculus marisrubri",,,,,,FALSE,TRUE,FALSE,,,,"fish"
277497,"Chordata","Teleostei","Gobiiformes","Gobiidae","Asterropteryx","Asterropteryx semipunctata",,,,,,FALSE,TRUE,FALSE,"LC","LC",,"fish"
219466,"Chordata","Teleostei","Gobiiformes","Gobiidae","Feia","Feia nympha",2,,,2009,,TRUE,TRUE,FALSE,"LC","LC",,"fish"
219479,"Chordata","Teleostei","Gobiiformes","Gobiidae","Gobiodon","Gobiodon citrinus",,,,,,FALSE,TRUE,FALSE,"LC","LC","citron goby","fish"
276932,"Chordata","Teleostei","Gobiiformes","Gobiidae","Gobiodon","Gobiodon prolixus",3,,,,,TRUE,TRUE,FALSE,"LC","LC",,"fish"
219616,"Chordata","Teleostei","Gobiiformes","Microdesmidae","Ptereleotris","Ptereleotris microlepis",,,,,,FALSE,TRUE,FALSE,"LC","LC","smallscale hover goby","fish"
219592,"Chordata","Teleostei","Gobiiformes","Gobiidae","Trimmatom","Trimmatom nanus",3,,,,,TRUE,TRUE,FALSE,"LC","LC",,"fish"
217915,"Chordata","Teleostei","Holocentriformes","Holocentridae","Myripristis","Myripristis kuntee",,,,,,FALSE,TRUE,FALSE,"LC","LC","pearly soldierfish","fish"
217925,"Chordata","Teleostei","Holocentriformes","Holocentridae","Myripristis","Myripristis murdjan",,,,,,FALSE,TRUE,FALSE,"LC","LC","blotcheye soldierfish","fish"
159393,"Chordata","Teleostei","Holocentriformes","Holocentridae","Neoniphon","Neoniphon sammara",,,,,,FALSE,TRUE,FALSE,"LC","LC","sammara squirrelfish","fish"
217940,"Chordata","Teleostei","Holocentriformes","Holocentridae","Sargocentron","Sargocentron caudimaculatum",,,,,,FALSE,TRUE,FALSE,"LC","LC","silverspot squirrelfish","fish"
217948,"Chordata","Teleostei","Holocentriformes","Holocentridae","Sargocentron","Sargocentron marisrubri",,,,,,FALSE,TRUE,FALSE,,,,"fish"
217941,"Chordata","Teleostei","Holocentriformes","Holocentridae","Sargocentron","Sargocentron punctatissimum",,,,,,FALSE,TRUE,FALSE,"LC","LC","speckled squirrelfish","fish"
217950,"Chordata","Teleostei","Holocentriformes","Holocentridae","Sargocentron","Sargocentron spiniferum",,,,,,FALSE,TRUE,FALSE,"LC","LC","sabre squirrelfish","fish"
712695,"Chordata","Teleostei","Kurtiformes","Apogonidae","Pristiapogon","Pristiapogon exostigma",,,,,,FALSE,TRUE,FALSE,"LC","LC",,"fish"
151498,"Chordata","Teleostei","Mugiliformes","Mugilidae","Crenimugil","Crenimugil crenilabis",2,,,,,TRUE,TRUE,FALSE,"LC","LC","fringelip mullet","fish"
126983,"Chordata","Teleostei","Mugiliformes","Mugilidae","Mugil","Mugil cephalus",2,,,,,TRUE,FALSE,FALSE,"LC","LC","grey mullet, muge","fish"
218899,"Chordata","Teleostei","Mugiliformes","Mugilidae","Plicomugil","Plicomugil labiosus",,,,,,FALSE,TRUE,FALSE,,,,"fish"
218647,"Chordata","Teleostei","Mulliformes","Mullidae","Mulloidichthys","Mulloidichthys flavolineatus",,,,,,FALSE,TRUE,FALSE,"LC","LC","yellowstripe goatfish","fish"
218669,"Chordata","Teleostei","Mulliformes","Mullidae","Parupeneus","Parupeneus forsskali",,,,,,FALSE,TRUE,FALSE,"LC","LC","Forsskal's goatfish","fish"
217680,"Chordata","Teleostei","Myctophiformes","Myctophidae","Benthosema","Benthosema pterotum",,,,,,FALSE,TRUE,FALSE,"LC","LC","skinnycheek lanternfish","fish"
276641,"Chordata","Teleostei","Ophidiiformes","Ophidiidae","Neobythites","Neobythites stefanovi",,,,,,FALSE,TRUE,FALSE,"LC","LC",,"fish"
159289,"Chordata","Teleostei","Ovalentaria incertae sedis","Pomacentridae","Abudefduf","Abudefduf sexfasciatus",,,,,,FALSE,TRUE,FALSE,"LC","LC","scissortail sergeant","fish"
212888,"Chordata","Teleostei","Ovalentaria incertae sedis","Pomacentridae","Abudefduf","Abudefduf sordidus",,,,,,FALSE,TRUE,FALSE,"LC","LC","blackspot sergeant","fish"
212879,"Chordata","Teleostei","Ovalentaria incertae sedis","Pomacentridae","Abudefduf","Abudefduf vaigiensis",,,,,,FALSE,TRUE,FALSE,"LC","LC","Indo-Pacific sergeant","fish"
212811,"Chordata","Teleostei","Ovalentaria incertae sedis","Pomacentridae","Chromis","Chromis viridis",,,,,,FALSE,TRUE,FALSE,"LC","LC","blue-green damselfish","fish"
218782,"Chordata","Teleostei","Ovalentaria incertae sedis","Pomacentridae","Chrysiptera","Chrysiptera unimaculata",,,,,,FALSE,TRUE,FALSE,"LC","LC","onespot damselfish","fish"
212843,"Chordata","Teleostei","Ovalentaria incertae sedis","Pomacentridae","Dascyllus","Dascyllus aruanus",,,,,,FALSE,TRUE,FALSE,"LC","LC","banded dascyllus","fish"
218342,"Chordata","Teleostei","Ovalentaria incertae sedis","Plesiopidae","Plesiops","Plesiops coeruleolineatus",,,,,,FALSE,TRUE,FALSE,"LC","LC","crimsontip longfin","fish"
218332,"Chordata","Teleostei","Ovalentaria incertae sedis","Pseudochromidae","Pseudochromis","Pseudochromis olivaceus",,,,,,FALSE,TRUE,FALSE,"LC","LC","olive dottyback","fish"
1551095,"Chordata","Teleostei","Ovalentaria incertae sedis","Pomacentridae","Stegastes","Stegastes lacrymatus",,,,,,FALSE,TRUE,FALSE,,,,"fish"
218168,"Chordata","Teleostei","Perciformes","Serranidae","Aethaloperca","Aethaloperca rogaa",,,,,,FALSE,TRUE,FALSE,,,"redmouth grouper","fish"
219141,"Chordata","Teleostei","Perciformes","Bembropidae","Bembrops","Bembrops caudimacula",,,,,,FALSE,TRUE,FALSE,,,,"fish"
218174,"Chordata","Teleostei","Perciformes","Serranidae","Cephalopholis","Cephalopholis argus",1,,,,,TRUE,TRUE,FALSE,"LC","LC","peacock grouper","fish"
218188,"Chordata","Teleostei","Perciformes","Serranidae","Cephalopholis","Cephalopholis hemistiktos",1,,,,,TRUE,TRUE,FALSE,"LC","LC","halfspotted grouper","fish"
218189,"Chordata","Teleostei","Perciformes","Serranidae","Cephalopholis","Cephalopholis sexmaculata",,,,,,FALSE,TRUE,FALSE,"LC","LC","sixspot grouper","fish"
218205,"Chordata","Teleostei","Perciformes","Serranidae","Epinephelus","Epinephelus tauvina",,,,,,FALSE,TRUE,FALSE,"DD","DD","greasy grouper","fish"
218265,"Chordata","Teleostei","Perciformes","Serranidae","Plectropomus","Plectropomus pessuliferus",,,,,,FALSE,TRUE,FALSE,"LC","LC","roving coralgrouper","fish"
218278,"Chordata","Teleostei","Perciformes","Serranidae","Pseudanthias","Pseudanthias squamipinnis",,,,,,FALSE,TRUE,FALSE,"LC","LC","sea goldie","fish"
219795,"Chordata","Teleostei","Pleuronectiformes","Bothidae","Bothus","Bothus pantherinus",1,,,,,TRUE,TRUE,FALSE,"LC","LC","panther flounder","fish"
219845,"Chordata","Teleostei","Pleuronectiformes","Cynoglossidae","Cynoglossus","Cynoglossus acutirostris",,,,,,FALSE,TRUE,FALSE,"LC","LC",,"fish"
217623,"Chordata","Teleostei","Stomiiformes","Stomiidae","Astronesthes","Astronesthes martensii",,,,,,FALSE,TRUE,FALSE,"LC","LC",,"fish"
158736,"Chordata","Teleostei","Stomiiformes","Stomiidae","Stomias","Stomias affinis",,,,,,FALSE,TRUE,FALSE,"LC","LC","Gunther's boafish","fish"
274962,"Chordata","Teleostei","Stomiiformes","Phosichthyidae","Vinciguerria","Vinciguerria mabahiss",,,,,,FALSE,TRUE,FALSE,"LC","LC",,"fish"
217992,"Chordata","Teleostei","Syngnathiformes","Syngnathidae","Corythoichthys","Corythoichthys flavofasciatus",,,,,,FALSE,TRUE,FALSE,"LC","LC",,"fish"
217994,"Chordata","Teleostei","Syngnathiformes","Syngnathidae","Corythoichthys","Corythoichthys nigripectus",,,,,,FALSE,TRUE,FALSE,"LC","LC",,"fish"
217993,"Chordata","Teleostei","Syngnathiformes","Syngnathidae","Corythoichthys","Corythoichthys schultzi",,,,,,FALSE,TRUE,FALSE,"LC","LC","gilded pipefish","fish"
219928,"Chordata","Teleostei","Tetraodontiformes","Tetraodontidae","Arothron","Arothron stellatus",,,,,,FALSE,TRUE,FALSE,"LC","LC","blackspotted puffer","fish"
219874,"Chordata","Teleostei","Tetraodontiformes","Balistidae","Balistapus","Balistapus undulatus",,,,,,FALSE,TRUE,FALSE,"LC","LC","orangestriped","fish"
219875,"Chordata","Teleostei","Tetraodontiformes","Balistidae","Balistoides","Balistoides viridescens",,,,,,FALSE,TRUE,FALSE,"LC","LC","titan triggerfish","fish"
127403,"Chordata","Teleostei","Tetraodontiformes","Diodontidae","Diodon","Diodon hystrix",,,,,,FALSE,TRUE,FALSE,"LC","LC","spot-fin porcupinefish","fish"
403462,"Chordata","Teleostei","Tetraodontiformes","Ostraciidae","Ostracion","Ostracion cubicum",,,,,,FALSE,TRUE,FALSE,,,,"fish"
219885,"Chordata","Teleostei","Tetraodontiformes","Balistidae","Pseudobalistes","Pseudobalistes fuscus",,,,,,FALSE,TRUE,FALSE,"LC","LC","blue triggerfish","fish"
219887,"Chordata","Teleostei","Tetraodontiformes","Balistidae","Rhinecanthus","Rhinecanthus assasi",,,,,,FALSE,TRUE,FALSE,"LC","LC","Picasso triggerfish","fish"
126404,"Chordata","Teleostei","Trachichthyiformes","Trachichthyidae","Hoplostethus","Hoplostethus mediterraneus",,,,,,FALSE,TRUE,FALSE,"LC","LC","silver roughy, hoplostète argenté","fish"
207675,"Mollusca","Bivalvia","Cardiida","Cardiidae","Tridacna","Tridacna maxima",,,,,,FALSE,TRUE,FALSE,"LR/cd","LR/cd","elongate clam","molluscs"
507813,"Mollusca","Bivalvia","Venerida","Veneridae","Pelecyora","Pelecyora insularum",1,,,1867,,TRUE,FALSE,FALSE,,,,"molluscs"
216413,"Mollusca","Bivalvia",,"Penicillidae","Brechites","Brechites attrahens",,,,,,FALSE,TRUE,FALSE,,,"furbellowed watering pot","molluscs"
718605,"Mollusca","Gastropoda","Cephalaspidea","Haminoeidae","Aliculastrum","Aliculastrum cylindricum",1,,,1897,,TRUE,FALSE,FALSE,,,,"molluscs"
215006,"Mollusca","Gastropoda","Cephalaspidea","Haminoeidae","Atys","Atys ehrenbergi",1,,,1897,,TRUE,FALSE,FALSE,,,,"molluscs"
181195,"Mollusca","Gastropoda","Cephalaspidea","Bullidae","Bulla","Bulla ampulla",1,,,1891,,TRUE,FALSE,FALSE,,,"ampulle bubble","molluscs"
719745,"Mollusca","Gastropoda","Cephalaspidea","Bullidae","Bulla","Bulla succisa",1,,,1897,,TRUE,FALSE,FALSE,,,,"molluscs"
216254,"Mollusca","Gastropoda","Cycloneritida","Neritidae","Nerita","Nerita albicilla",1,,,1834,,TRUE,FALSE,FALSE,,,"blotched nerite","molluscs"
713890,"Mollusca","Gastropoda","Cycloneritida","Neritidae","Nerita","Nerita longii",1,,,1864,,TRUE,FALSE,FALSE,,,,"molluscs"
419504,"Mollusca","Gastropoda","Cycloneritida","Neritidae","Nerita","Nerita peloronta",1,,,1834,,TRUE,FALSE,FALSE,,,"bleeding tooth","molluscs"
600671,"Mollusca","Gastropoda","Cycloneritida","Neritidae","Nerita","Nerita polita",1,,,1848,,TRUE,FALSE,FALSE,,,"polished nerite","molluscs"
605546,"Mollusca","Gastropoda","Cycloneritida","Neritidae","Nerita","Nerita quadricolor",1,,,1880,,TRUE,FALSE,FALSE,,,,"molluscs"
140568,"Mollusca","Gastropoda","Cycloneritida","Neritidae","Nerita","Nerita sanguinolenta",1,,,1864,,TRUE,FALSE,FALSE,,,,"molluscs"
216256,"Mollusca","Gastropoda","Cycloneritida","Neritidae","Nerita","Nerita undata",1,,,1834,,TRUE,FALSE,FALSE,,,,"molluscs"
492990,"Mollusca","Gastropoda","Lepetellida","Anatomidae","Anatoma","Anatoma japonica",,,,,,FALSE,TRUE,FALSE,,,,"molluscs"
139954,"Mollusca","Gastropoda","Lepetellida","Fissurellidae","Diodora","Diodora ruppellii",1,,,,,TRUE,FALSE,FALSE,,,,"molluscs"
140058,"Mollusca","Gastropoda","Lepetellida","Haliotidae","Haliotis","Haliotis pustulata",1,,,1848,,TRUE,FALSE,FALSE,,,,"molluscs"
140059,"Mollusca","Gastropoda","Lepetellida","Haliotidae","Haliotis","Haliotis tuberculata",1,,,1891,,TRUE,FALSE,FALSE,"VU","VU","common ormer, ormeau tuberculeux","molluscs"
207662,"Mollusca","Gastropoda","Lepetellida","Haliotidae","Haliotis","Haliotis unilateralis",1,,,1895,,TRUE,FALSE,FALSE,"LC","LC",,"molluscs"
456822,"Mollusca","Gastropoda","Lepetellida","Scissurellidae","Scissurella","Scissurella sudanica",,,,,,FALSE,TRUE,FALSE,,,,"molluscs"
138760,"Mollusca","Gastropoda","Littorinimorpha","Aporrhaidae","Aporrhais","Aporrhais pespelecani",1,,,1891,,TRUE,FALSE,FALSE,,,"pelican's foot, pied de pélican","molluscs"
531880,"Mollusca","Gastropoda","Littorinimorpha","Strombidae","Canarium","Canarium mutabile",2,,,,,TRUE,FALSE,FALSE,,,,"molluscs"
564728,"Mollusca","Gastropoda","Littorinimorpha","Strombidae","Conomurex","Conomurex decorus",1,,,,,TRUE,FALSE,FALSE,,,,"molluscs"
564729,"Mollusca","Gastropoda","Littorinimorpha","Strombidae","Conomurex","Conomurex fasciatus",7,,,1901,,TRUE,FALSE,FALSE,,,,"molluscs"
396627,"Mollusca","Gastropoda","Littorinimorpha","Cypraeidae","Cribrarula","Cribrarula cribraria",1,,,1848,,TRUE,FALSE,FALSE,,,"sieve cowrie","molluscs"
216812,"Mollusca","Gastropoda","Littorinimorpha","Cypraeidae","Cypraea","Cypraea pantherina",11,,,1902,,TRUE,FALSE,FALSE,,,"panther cowrie","molluscs"
217011,"Mollusca","Gastropoda","Littorinimorpha","Personidae","Distorsio","Distorsio anus",1,,,1901,,TRUE,FALSE,FALSE,,,"common distorsio","molluscs"
564496,"Mollusca","Gastropoda","Littorinimorpha","Strombidae","Dolomena","Dolomena columba",1,,,1863,,TRUE,FALSE,FALSE,,,,"molluscs"
437381,"Mollusca","Gastropoda","Littorinimorpha","Littorinidae","Echinolittorina","Echinolittorina subnodosa",1,,,1848,,TRUE,FALSE,FALSE,,,,"molluscs"
216861,"Mollusca","Gastropoda","Littorinimorpha","Cypraeidae","Erronea","Erronea caurica",1,,,1891,,TRUE,FALSE,FALSE,,,"thick-edged cowry","molluscs"
214982,"Mollusca","Gastropoda","Littorinimorpha","Ficidae","Ficus","Ficus ficus",1,,,1863,,TRUE,FALSE,FALSE,,,,"molluscs"
1530223,"Mollusca","Gastropoda","Littorinimorpha","Strombidae","Gibberulus","Gibberulus albus",1,,,,,TRUE,FALSE,FALSE,,,,"molluscs"
564627,"Mollusca","Gastropoda","Littorinimorpha","Strombidae","Gibberulus","Gibberulus gibberulus",7,,,1911,,TRUE,TRUE,FALSE,,,,"molluscs"
211096,"Mollusca","Gastropoda","Littorinimorpha","Strombidae","Lambis","Lambis lambis",1,,,1865,,TRUE,FALSE,FALSE,,,"common spider conch","molluscs"
211089,"Mollusca","Gastropoda","Littorinimorpha","Strombidae","Lambis","Lambis scorpius",1,,,1891,,TRUE,FALSE,FALSE,,,"scorpion spider conch","molluscs"
211091,"Mollusca","Gastropoda","Littorinimorpha","Strombidae","Lambis","Lambis truncata",1,,,,,TRUE,TRUE,FALSE,,,"giant spider conch","molluscs"
208938,"Mollusca","Gastropoda","Littorinimorpha","Littorinidae","Littoraria","Littoraria intermedia",1,,,1848,,TRUE,FALSE,FALSE,,,,"molluscs"
216862,"Mollusca","Gastropoda","Littorinimorpha","Cypraeidae","Luria","Luria isabella",1,,,1891,,TRUE,FALSE,FALSE,,,"dirty-yellow cowrie","molluscs"
458728,"Mollusca","Gastropoda","Littorinimorpha","Cypraeidae","Luria","Luria pulchra",1,,,1888,,TRUE,FALSE,FALSE,,,"lovely cowrie","molluscs"
216863,"Mollusca","Gastropoda","Littorinimorpha","Cypraeidae","Lyncina","Lyncina camelopardalis",4,,,1877,,TRUE,FALSE,FALSE,,,"camel cowrie","molluscs"
216866,"Mollusca","Gastropoda","Littorinimorpha","Cypraeidae","Lyncina","Lyncina carneola",1,,,,,TRUE,FALSE,FALSE,,,,"molluscs"
527793,"Mollusca","Gastropoda","Littorinimorpha","Cypraeidae","Lyncina","Lyncina lynx",2,,,1911,,TRUE,TRUE,FALSE,,,"bobcat cowrie","molluscs"
217025,"Mollusca","Gastropoda","Littorinimorpha","Tonnidae","Malea","Malea pomum",1,,,,,TRUE,FALSE,FALSE,,,"apple tun","molluscs"
569972,"Mollusca","Gastropoda","Littorinimorpha","Naticidae","Mammilla","Mammilla melanostoma",1,,,1891,,TRUE,FALSE,FALSE,,,"black-mouth moonsnail","molluscs"
216872,"Mollusca","Gastropoda","Littorinimorpha","Cypraeidae","Mauritia","Mauritia arabica",1,,,,,TRUE,FALSE,FALSE,,,,"molluscs"
529733,"Mollusca","Gastropoda","Littorinimorpha","Cypraeidae","Melicerona","Melicerona felina",1,,,1888,,TRUE,FALSE,FALSE,,,,"molluscs"
216875,"Mollusca","Gastropoda","Littorinimorpha","Cypraeidae","Monetaria","Monetaria annulus",1,,,1891,,TRUE,FALSE,FALSE,,,"ring cowrie","molluscs"
570811,"Mollusca","Gastropoda","Littorinimorpha","Cypraeidae","Monetaria","Monetaria caputserpentis",2,,,,,TRUE,FALSE,FALSE,,,"serpent's head cowry","molluscs"
216874,"Mollusca","Gastropoda","Littorinimorpha","Cypraeidae","Monetaria","Monetaria moneta",2,,,1891,,TRUE,FALSE,FALSE,,,"money cowrie","molluscs"
1075042,"Mollusca","Gastropoda","Littorinimorpha","Cypraeidae","Naria","Naria erosa",3,,,1891,,TRUE,TRUE,FALSE,,,,"molluscs"
1075043,"Mollusca","Gastropoda","Littorinimorpha","Cypraeidae","Naria","Naria erosa",1,,,1911,,TRUE,FALSE,FALSE,,,,"molluscs"
1075035,"Mollusca","Gastropoda","Littorinimorpha","Cypraeidae","Naria","Naria helvola",3,,,1891,,TRUE,FALSE,FALSE,,,,"molluscs"
1079153,"Mollusca","Gastropoda","Littorinimorpha","Cypraeidae","Naria","Naria lamarckii",1,,,1891,,TRUE,FALSE,FALSE,,,,"molluscs"
1075041,"Mollusca","Gastropoda","Littorinimorpha","Cypraeidae","Naria","Naria marginalis",2,,,1891,,TRUE,FALSE,FALSE,,,,"molluscs"
1079151,"Mollusca","Gastropoda","Littorinimorpha","Cypraeidae","Naria","Naria turdus",6,,,1891,,TRUE,FALSE,FALSE,,,,"molluscs"
216882,"Mollusca","Gastropoda","Littorinimorpha","Cypraeidae","Palmadusta","Palmadusta asellus",1,,,1848,,TRUE,FALSE,FALSE,,,,"molluscs"
216885,"Mollusca","Gastropoda","Littorinimorpha","Cypraeidae","Palmadusta","Palmadusta diluculum",1,,,1891,,TRUE,FALSE,FALSE,,,,"molluscs"
216923,"Mollusca","Gastropoda","Littorinimorpha","Naticidae","Polinices","Polinices mammilla",1,,,,,TRUE,FALSE,FALSE,,,,"molluscs"
509237,"Mollusca","Gastropoda","Littorinimorpha","Cassidae","Semicassis","Semicassis saburon",1,,,,,TRUE,FALSE,FALSE,,,,"molluscs"
216890,"Mollusca","Gastropoda","Littorinimorpha","Cypraeidae","Staphylaea","Staphylaea staphylaea",1,,,1891,,TRUE,FALSE,FALSE,,,,"molluscs"
419695,"Mollusca","Gastropoda","Littorinimorpha","Strombidae","Strombus","Strombus pugilis",1,,,,,TRUE,FALSE,FALSE,,,"fighting conch","molluscs"
527790,"Mollusca","Gastropoda","Littorinimorpha","Cypraeidae","Talparia","Talparia exusta",1,,,1871,,TRUE,FALSE,FALSE,,,,"molluscs"
592609,"Mollusca","Gastropoda","Littorinimorpha","Naticidae","Tanea","Tanea lineata",1,,,1852,,TRUE,FALSE,FALSE,,,"lined moonsnail","molluscs"
531862,"Mollusca","Gastropoda","Littorinimorpha","Strombidae","Terestrombus","Terestrombus terebellatus",1,,,1852,,TRUE,FALSE,FALSE,,,,"molluscs"
215383,"Mollusca","Gastropoda","Littorinimorpha","Rostellariidae","Tibia","Tibia insulaechorab",10,,,1888,,TRUE,TRUE,FALSE,,,"Arabian tibia","molluscs"
531848,"Mollusca","Gastropoda","Littorinimorpha","Strombidae","Tricornis","Tricornis tricornis",6,,,1891,,TRUE,FALSE,FALSE,,,,"molluscs"
1644466,"Mollusca","Gastropoda","Littorinimorpha","Vermetidae","Vermetus","Vermetus maximus",1,,,,,TRUE,FALSE,FALSE,,,,"molluscs"
447917,"Mollusca","Gastropoda","Neogastropoda","Olividae","Agaronia","Agaronia gibbosa",1,,,1888,,TRUE,FALSE,FALSE,,,,"molluscs"
447991,"Mollusca","Gastropoda","Neogastropoda","Ancillariidae","Ancilla","Ancilla albisulcata",1,,,1864,,TRUE,FALSE,FALSE,,,,"molluscs"
208361,"Mollusca","Gastropoda","Neogastropoda","Ancillariidae","Ancilla","Ancilla cinnamomea",1,,,1864,,TRUE,FALSE,FALSE,,,"cinnamon ancilla","molluscs"
208354,"Mollusca","Gastropoda","Neogastropoda","Ancillariidae","Ancilla","Ancilla ventricosa",1,,,1864,,TRUE,FALSE,FALSE,,,,"molluscs"
1335434,"Mollusca","Gastropoda","Neogastropoda","Muricidae","Azumamorula","Azumamorula mutica",1,,,,,TRUE,FALSE,FALSE,,,,"molluscs"
1470806,"Mollusca","Gastropoda","Neogastropoda","Muricidae","Chicoreus","Chicoreus kahlbrocki",,,,,,FALSE,TRUE,FALSE,,,,"molluscs"
558787,"Mollusca","Gastropoda","Neogastropoda","Muricidae","Chicoreus","Chicoreus ramosus",5,,,1865,,TRUE,FALSE,FALSE,,,"branched murex","molluscs"
558788,"Mollusca","Gastropoda","Neogastropoda","Muricidae","Chicoreus","Chicoreus virgineus",4,,,1865,,TRUE,FALSE,FALSE,,,"virgin murex","molluscs"
433222,"Mollusca","Gastropoda","Neogastropoda","Drilliidae","Clathrodrillia","Clathrodrillia flavidula",3,,,1834,,TRUE,FALSE,FALSE,,,,"molluscs"
835413,"Mollusca","Gastropoda","Neogastropoda","Conidae","Conasprella","Conasprella orbignyi",1,,,1871,,TRUE,FALSE,FALSE,,,,"molluscs"
215482,"Mollusca","Gastropoda","Neogastropoda","Conidae","Conus","Conus arenatus",4,,,1901,,TRUE,FALSE,FALSE,"LC","LC","sand-dusted cone","molluscs"
215525,"Mollusca","Gastropoda","Neogastropoda","Conidae","Conus","Conus capitaneus",1,,,1888,,TRUE,FALSE,FALSE,"LC","LC","captain cone","molluscs"
181089,"Mollusca","Gastropoda","Neogastropoda","Conidae","Conus","Conus fumigatus",3,,,1864,,TRUE,FALSE,FALSE,"LC","LC",,"molluscs"
215513,"Mollusca","Gastropoda","Neogastropoda","Conidae","Conus","Conus gubernator",1,,,1901,,TRUE,FALSE,FALSE,"LC","LC",,"molluscs"
215541,"Mollusca","Gastropoda","Neogastropoda","Conidae","Conus","Conus lividus",1,,,1901,,TRUE,FALSE,FALSE,"LC","LC","livid cone","molluscs"
428189,"Mollusca","Gastropoda","Neogastropoda","Conidae","Conus","Conus locumtenens",2,,,1834,,TRUE,FALSE,FALSE,"LC","LC","vice admiral cone","molluscs"
429215,"Mollusca","Gastropoda","Neogastropoda","Conidae","Conus","Conus nigropunctatus",3,,,1871,,TRUE,FALSE,FALSE,"LC","LC",,"molluscs"
215434,"Mollusca","Gastropoda","Neogastropoda","Conidae","Conus","Conus nussatella",2,,,1877,,TRUE,FALSE,FALSE,"LC","LC","Nussatella cone","molluscs"
215432,"Mollusca","Gastropoda","Neogastropoda","Conidae","Conus","Conus spectrum",1,,,1864,,TRUE,FALSE,FALSE,"LC","LC","spectral cone","molluscs"
428361,"Mollusca","Gastropoda","Neogastropoda","Conidae","Conus","Conus splendidulus",1,,,1864,,TRUE,FALSE,FALSE,"DD","DD",,"molluscs"
215497,"Mollusca","Gastropoda","Neogastropoda","Conidae","Conus","Conus taeniatus",1,,,1864,,TRUE,FALSE,FALSE,"LC","LC","ringed cone","molluscs"
215519,"Mollusca","Gastropoda","Neogastropoda","Conidae","Conus","Conus tessulatus",1,,,1901,,TRUE,FALSE,FALSE,"LC","LC","tessellate cone","molluscs"
215529,"Mollusca","Gastropoda","Neogastropoda","Conidae","Conus","Conus textile",2,,,1983,,TRUE,FALSE,FALSE,"LC","LC","textile cone","molluscs"
215516,"Mollusca","Gastropoda","Neogastropoda","Conidae","Conus","Conus vexillum",3,,,1834,,TRUE,FALSE,FALSE,"LC","LC","vexillum cone","molluscs"
459085,"Mollusca","Gastropoda","Neogastropoda","Muricidae","Drupa","Drupa morum",2,,,,,TRUE,FALSE,FALSE,,,"mulberry drupe","molluscs"
607908,"Mollusca","Gastropoda","Neogastropoda","Fasciolariidae","Filifusus","Filifusus filamentosus",1,,,1865,,TRUE,FALSE,FALSE,,,,"molluscs"
217087,"Mollusca","Gastropoda","Neogastropoda","Terebridae","Hastula","Hastula hectica",2,,,1897,,TRUE,FALSE,FALSE,,,,"molluscs"
217157,"Mollusca","Gastropoda","Neogastropoda","Muricidae","Haustellum","Haustellum haustellum",1,,,,,TRUE,FALSE,FALSE,,,"snipe's bill murex","molluscs"
140396,"Mollusca","Gastropoda","Neogastropoda","Muricidae","Hexaplex","Hexaplex trunculus",1,,,1834,,TRUE,FALSE,FALSE,,,"banded dye-murex, rocher fascié","molluscs"
217162,"Mollusca","Gastropoda","Neogastropoda","Muricidae","Homalocantha","Homalocantha anatomica",1,,,,,TRUE,FALSE,FALSE,,,"anatomical murex","molluscs"
1318046,"Mollusca","Gastropoda","Neogastropoda","Fasciolariidae","Lyonsifusus","Lyonsifusus ansatus",1,,,1848,,TRUE,FALSE,FALSE,,,,"molluscs"
1395903,"Mollusca","Gastropoda","Neogastropoda","Fasciolariidae","Marmorofusus","Marmorofusus polygonoides",3,,,1877,,TRUE,FALSE,FALSE,,,,"molluscs"
1394807,"Mollusca","Gastropoda","Neogastropoda","Fasciolariidae","Marmorofusus","Marmorofusus verrucosus",2,,,1877,,TRUE,FALSE,FALSE,,,,"molluscs"
590808,"Mollusca","Gastropoda","Neogastropoda","Volutidae","Melo","Melo aethiopicus",1,,,1865,,TRUE,FALSE,FALSE,,,,"molluscs"
420062,"Mollusca","Gastropoda","Neogastropoda","Melongenidae","Melongena","Melongena melongena",4,,,1865,,TRUE,FALSE,FALSE,,,"West Indian crown conch","molluscs"
743629,"Mollusca","Gastropoda","Neogastropoda","Muricidae","Murex","Murex trapa",2,,,,,TRUE,FALSE,FALSE,,,"rare spined murex","molluscs"
743630,"Mollusca","Gastropoda","Neogastropoda","Muricidae","Murex","Murex tribulus",3,,,,,TRUE,FALSE,FALSE,,,"caltrop murex","molluscs"
438734,"Mollusca","Gastropoda","Neogastropoda","Terebridae","Myurella","Myurella affinis",2,,,1897,,TRUE,FALSE,FALSE,,,,"molluscs"
438744,"Mollusca","Gastropoda","Neogastropoda","Terebridae","Myurella","Myurella nebulosa",2,,,1897,,TRUE,FALSE,FALSE,,,,"molluscs"
215680,"Mollusca","Gastropoda","Neogastropoda","Muricidae","Nassa","Nassa serta",1,,,1865,,TRUE,FALSE,FALSE,,,"sertum rock shell","molluscs"
140491,"Mollusca","Gastropoda","Neogastropoda","Nassariidae","Nassarius","Nassarius arcularia",3,,,1863,,TRUE,FALSE,FALSE,,,,"molluscs"
215725,"Mollusca","Gastropoda","Neogastropoda","Nassariidae","Nassarius","Nassarius coronatus",3,,,1864,,TRUE,FALSE,FALSE,,,"crowned nassa","molluscs"
215735,"Mollusca","Gastropoda","Neogastropoda","Nassariidae","Nassarius","Nassarius horridus",1,,,1834,,TRUE,FALSE,FALSE,,,,"molluscs"
208374,"Mollusca","Gastropoda","Neogastropoda","Olividae","Oliva","Oliva bulbosa",8,,,1874,,TRUE,FALSE,FALSE,,,"inflated olive","molluscs"
564243,"Mollusca","Gastropoda","Neogastropoda","Terebridae","Oxymeris","Oxymeris crenulata",6,,,1901,,TRUE,FALSE,FALSE,,,,"molluscs"
564247,"Mollusca","Gastropoda","Neogastropoda","Terebridae","Oxymeris","Oxymeris dimidiata",1,,,1897,,TRUE,FALSE,FALSE,,,,"molluscs"
217071,"Mollusca","Gastropoda","Neogastropoda","Fasciolariidae","Pleuroploca","Pleuroploca trapezium",2,,,1911,,TRUE,TRUE,FALSE,,,"trapeze horseconch","molluscs"
217062,"Mollusca","Gastropoda","Neogastropoda","Pisaniidae","Pollia","Pollia fumosa",1,,,,,TRUE,FALSE,FALSE,,,,"molluscs"
1319812,"Mollusca","Gastropoda","Neogastropoda","Fasciolariidae","Propefusus","Propefusus australis",2,,,1865,,TRUE,FALSE,FALSE,,,,"molluscs"
208648,"Mollusca","Gastropoda","Neogastropoda","Muricidae","Purpura","Purpura persica",1,,,,,TRUE,FALSE,FALSE,,,"princely purple","molluscs"
405271,"Mollusca","Gastropoda","Neogastropoda","Muricidae","Siratus","Siratus formosus",2,,,,,TRUE,FALSE,FALSE,,,,"molluscs"
140417,"Mollusca","Gastropoda","Neogastropoda","Muricidae","Stramonita","Stramonita haemastoma",1,,,,,TRUE,FALSE,FALSE,,,"Florida dog winkle, Pourpre bouche de sang","molluscs"
716636,"Mollusca","Gastropoda","Neogastropoda","Muricidae","Tenguella","Tenguella granulata",1,,,1834,,TRUE,FALSE,FALSE,,,"granular drupe","molluscs"
208069,"Mollusca","Gastropoda","Neogastropoda","Terebridae","Terebra","Terebra consobrina",5,,,1897,,TRUE,FALSE,FALSE,,,,"molluscs"
208080,"Mollusca","Gastropoda","Neogastropoda","Terebridae","Terebra","Terebra subulata",1,,,1901,,TRUE,FALSE,FALSE,,,"chocolate spotted auger","molluscs"
991267,"Mollusca","Gastropoda","Neogastropoda","Nassariidae","Tritia","Tritia gibbosula",3,,,1864,,TRUE,FALSE,FALSE,,,,"molluscs"
1048565,"Mollusca","Gastropoda","Neogastropoda","Muricidae","Tylothais","Tylothais savignyi",1,,,,,TRUE,FALSE,FALSE,,,,"molluscs"
217077,"Mollusca","Gastropoda","Neogastropoda","Melongenidae","Volema","Volema pyrum",7,,,1871,,TRUE,FALSE,FALSE,,,,"molluscs"
209584,"Mollusca","Gastropoda","Nudibranchia","Chromodorididae","Chromodoris","Chromodoris africana",,,,,,FALSE,TRUE,FALSE,,,,"molluscs"
221077,"Mollusca","Gastropoda","Nudibranchia","Discodorididae","Halgerda","Halgerda willeyi",,,,,,FALSE,TRUE,FALSE,,,,"molluscs"
527327,"Mollusca","Gastropoda","Nudibranchia","Polyceridae","Nembrotha","Nembrotha megalocera",2,,,,,TRUE,FALSE,FALSE,,,,"molluscs"
211270,"Mollusca","Gastropoda","Trochida","Trochidae","Clanculus","Clanculus pharaonius",7,,,1891,,TRUE,FALSE,FALSE,,,"strawberry topshell","molluscs"
211269,"Mollusca","Gastropoda","Trochida","Trochidae","Clanculus","Clanculus puniceus",2,,,1864,,TRUE,FALSE,FALSE,,,,"molluscs"
141790,"Mollusca","Gastropoda","Trochida","Trochidae","Gibbula","Gibbula magus",1,,,1848,,TRUE,FALSE,FALSE,,,"turban top shell","molluscs"
216363,"Mollusca","Gastropoda","Trochida","Turbinidae","Lunella","Lunella coronata",1,,,1837,,TRUE,FALSE,FALSE,,,,"molluscs"
216318,"Mollusca","Gastropoda","Trochida","Trochidae","Monodonta","Monodonta labio",2,,,1891,,TRUE,FALSE,FALSE,,,"toothed top shell","molluscs"
689179,"Mollusca","Gastropoda","Trochida","Trochidae","Phorcus","Phorcus turbinatus",2,,,1891,,TRUE,FALSE,FALSE,,,"turbinate monodont, Gibbule Toupie","molluscs"
1554954,"Mollusca","Gastropoda","Trochida","Tegulidae","Rochia","Rochia virgata",1,,,1891,,TRUE,FALSE,FALSE,,,,"molluscs"
567201,"Mollusca","Gastropoda","Trochida","Trochidae","Rubritrochus","Rubritrochus declivis",1,,,1864,,TRUE,FALSE,FALSE,,,,"molluscs"
1477173,"Mollusca","Gastropoda","Trochida","Trochidae","Steromphala","Steromphala albida",1,,,1891,,TRUE,FALSE,FALSE,,,,"molluscs"
988483,"Mollusca","Gastropoda","Trochida","Tegulidae","Tectus","Tectus dentatus",4,,,1901,,TRUE,FALSE,FALSE,,,,"molluscs"
216325,"Mollusca","Gastropoda","Trochida","Tegulidae","Tectus","Tectus mauritianus",1,,,1891,,TRUE,FALSE,FALSE,,,,"molluscs"
1554975,"Mollusca","Gastropoda","Trochida","Tegulidae","Tectus","Tectus noduliferus",1,,,1864,,TRUE,FALSE,FALSE,,,,"molluscs"
225666,"Mollusca","Gastropoda","Trochida","Trochidae","Trochus","Trochus erithreus",3,,,1891,,TRUE,FALSE,FALSE,,,,"molluscs"
216349,"Mollusca","Gastropoda","Trochida","Trochidae","Trochus","Trochus maculatus",1,,,1891,,TRUE,FALSE,FALSE,,,"maculated top shell","molluscs"
876140,"Mollusca","Gastropoda","Trochida","Trochidae","Trochus","Trochus stellatus",2,,,1891,,TRUE,FALSE,FALSE,,,,"molluscs"
216371,"Mollusca","Gastropoda","Trochida","Turbinidae","Turbo","Turbo argyrostomus",1,,,1865,,TRUE,FALSE,FALSE,,,"silver-mouthed turban","molluscs"
216368,"Mollusca","Gastropoda","Trochida","Turbinidae","Turbo","Turbo chrysostomus",1,,,1865,,TRUE,FALSE,FALSE,,,"gold-mouthed turban","molluscs"
216372,"Mollusca","Gastropoda","Trochida","Turbinidae","Turbo","Turbo radiatus",6,,,1865,,TRUE,FALSE,FALSE,,,,"molluscs"
446437,"Mollusca","Gastropoda","[unassigned] Caenogastropoda","Batillariidae","Batillaria","Batillaria sordida",2,,,1864,,TRUE,FALSE,FALSE,,,,"molluscs"
473348,"Mollusca","Gastropoda","[unassigned] Caenogastropoda","Cerithiidae","Cerithium","Cerithium adansonii",4,,,1877,,TRUE,FALSE,FALSE,,,,"molluscs"
216702,"Mollusca","Gastropoda","[unassigned] Caenogastropoda","Cerithiidae","Cerithium","Cerithium caeruleum",2,,,1891,,TRUE,FALSE,FALSE,,,,"molluscs"
216685,"Mollusca","Gastropoda","[unassigned] Caenogastropoda","Cerithiidae","Cerithium","Cerithium rueppelli",2,,,1891,,TRUE,FALSE,FALSE,,,,"molluscs"
139065,"Mollusca","Gastropoda","[unassigned] Caenogastropoda","Cerithiidae","Cerithium","Cerithium scabridum",1,,,1836,,TRUE,FALSE,FALSE,,,,"molluscs"
139066,"Mollusca","Gastropoda","[unassigned] Caenogastropoda","Cerithiidae","Cerithium","Cerithium vulgatum",1,,,1865,,TRUE,FALSE,FALSE,,,"common cerith","molluscs"
139067,"Mollusca","Gastropoda","[unassigned] Caenogastropoda","Cerithiidae","Clypeomorus","Clypeomorus bifasciata",1,,,1864,,TRUE,FALSE,FALSE,,,,"molluscs"
216714,"Mollusca","Gastropoda","[unassigned] Caenogastropoda","Cerithiidae","Clypeomorus","Clypeomorus brevis",1,,,1891,,TRUE,FALSE,FALSE,,,,"molluscs"
211927,"Mollusca","Gastropoda","[unassigned] Caenogastropoda","Dialidae","Diala","Diala semistriata",2,,,1975,,TRUE,FALSE,FALSE,,,,"molluscs"
547190,"Mollusca","Gastropoda","[unassigned] Caenogastropoda","Dialidae","Diala","Diala sulcifera",1,,,1975,,TRUE,FALSE,FALSE,,,,"molluscs"
1478074,"Mollusca","Gastropoda","[unassigned] Caenogastropoda","Newtoniellidae","Laeocochlis","Laeocochlis woodi",1,,,1848,,TRUE,FALSE,FALSE,,,,"molluscs"
419910,"Mollusca","Gastropoda","[unassigned] Caenogastropoda","Triphoridae","Metaxia","Metaxia metaxa",1,,,1834,,TRUE,FALSE,FALSE,,,,"molluscs"
987311,"Mollusca","Gastropoda","[unassigned] Caenogastropoda","Modulidae","Modulus","Modulus obliquus",1,,,1834,,TRUE,FALSE,FALSE,,,,"molluscs"
238094,"Mollusca","Gastropoda","[unassigned] Caenogastropoda","Potamididae","Pirenella","Pirenella conica",2,,,1848,,TRUE,FALSE,FALSE,"LC","LC",,"molluscs"
140787,"Mollusca","Gastropoda","[unassigned] Caenogastropoda","Planaxidae","Planaxis","Planaxis savignyi",1,,,1862,,TRUE,FALSE,FALSE,,,,"molluscs"
216719,"Mollusca","Gastropoda","[unassigned] Caenogastropoda","Planaxidae","Planaxis","Planaxis sulcatus",3,,,1836,,TRUE,FALSE,FALSE,,,"tropical periwinkle","molluscs"
215117,"Mollusca","Gastropoda","[unassigned] Caenogastropoda","Cerithiidae","Rhinoclavis","Rhinoclavis fasciata",1,,,1891,,TRUE,FALSE,FALSE,,,,"molluscs"
1555260,"Mollusca","Gastropoda","[unassigned] Caenogastropoda","Cerithiidae","Rhinoclavis","Rhinoclavis gemmata",1,,,1837,,TRUE,FALSE,FALSE,,,,"molluscs"
139068,"Mollusca","Gastropoda","[unassigned] Caenogastropoda","Cerithiidae","Rhinoclavis","Rhinoclavis kochi",5,,,1865,,TRUE,FALSE,FALSE,,,,"molluscs"
413937,"Mollusca","Gastropoda","[unassigned] Caenogastropoda","Pickworthiidae","Sansonia","Sansonia andamanica",1,,,1975,,TRUE,FALSE,FALSE,,,,"molluscs"
757125,"Mollusca","Gastropoda","[unassigned] Caenogastropoda","Turritellidae","Turritella","Turritella nivea",1,,,1848,,TRUE,FALSE,FALSE,,,,"molluscs"
754637,"Mollusca","Gastropoda","[unassigned] Caenogastropoda","Turritellidae","Turritella","Turritella trisulcata",1,,,,,TRUE,FALSE,FALSE,,,,"molluscs"
217258,"Mollusca","Gastropoda",,"Pyramidellidae","Otopleura","Otopleura mitralis",1,,,1891,,TRUE,FALSE,FALSE,,,"miter pyram","molluscs"
1310343,"Mollusca","Gastropoda",,"Ringiculidae","Ringicula","Ringicula savignyi",1,,,1897,,TRUE,FALSE,FALSE,,,,"molluscs"
224228,"Mollusca","Polyplacophora","Chitonida","Acanthochitonidae","Acanthochitona","Acanthochitona mastalleri",2,,,1888,,TRUE,FALSE,FALSE,,,,"molluscs"
386273,"Mollusca","Polyplacophora","Chitonida","Chitonidae","Acanthopleura","Acanthopleura vaillantii",14,,,1902,,TRUE,FALSE,FALSE,,,,"molluscs"
386313,"Mollusca","Polyplacophora","Chitonida","Chitonidae","Onithochiton","Onithochiton erythraeus",1,,,1864,,TRUE,FALSE,FALSE,,,,"molluscs"
1307167,"Mollusca","Polyplacophora","Chitonida","Chitonidae","Rhyssoplax","Rhyssoplax affinis",1,,,1864,,TRUE,FALSE,FALSE,,,,"molluscs"
1392826,"Mollusca","Polyplacophora","Chitonida","Chitonidae","Rhyssoplax","Rhyssoplax peregrina",1,,,1863,,TRUE,FALSE,FALSE,,,,"molluscs"
386611,"Mollusca","Polyplacophora","Lepidopleurida","Leptochitonidae","Parachiton","Parachiton hylkiae",2,,,1902,,TRUE,FALSE,FALSE,,,,"molluscs"
111066,"Bryozoa","Gymnolaemata","Cheilostomatida","Aeteidae","Aetea","Aetea sica",1,,,,,TRUE,FALSE,FALSE,,,,"moss animals"
111513,"Bryozoa","Gymnolaemata","Cheilostomatida","Lacernidae","Arthropoma","Arthropoma cecilii",1,,,1980,,TRUE,FALSE,FALSE,,,,"moss animals"
111072,"Bryozoa","Gymnolaemata","Cheilostomatida","Beaniidae","Beania","Beania mirabilis",2,,,1977,,TRUE,TRUE,FALSE,,,,"moss animals"
471732,"Bryozoa","Gymnolaemata","Cheilostomatida","Escharinidae","Bryopesanser","Bryopesanser pesanseris",7,,,1980,,TRUE,TRUE,FALSE,,,,"moss animals"
220617,"Bryozoa","Gymnolaemata","Cheilostomatida","Celleporidae","Celleporaria","Celleporaria vermiformis",1,,,1980,,TRUE,TRUE,FALSE,,,,"moss animals"
216028,"Bryozoa","Gymnolaemata","Cheilostomatida","Celleporidae","Celleporina","Celleporina costazii",1,,,1980,,TRUE,TRUE,FALSE,,,,"moss animals"
469694,"Bryozoa","Gymnolaemata","Cheilostomatida","Cleidochasmatidae","Characodoma","Characodoma gilchristi",2,,,1977,,TRUE,TRUE,FALSE,,,,"moss animals"
111304,"Bryozoa","Gymnolaemata","Cheilostomatida","Chorizoporidae","Chorizopora","Chorizopora brongniartii",2,,,1980,,TRUE,TRUE,FALSE,,,,"moss animals"
111574,"Bryozoa","Gymnolaemata","Cheilostomatida","Colatooeciidae","Cigclisula","Cigclisula turrita",,,,,,FALSE,TRUE,FALSE,,,,"moss animals"
216011,"Bryozoa","Gymnolaemata","Cheilostomatida","Gigantoporidae","Cosciniopsis","Cosciniopsis lonchaea",5,,,1980,,TRUE,TRUE,FALSE,,,,"moss animals"
237815,"Bryozoa","Gymnolaemata","Cheilostomatida","Crepidacanthidae","Crepidacantha","Crepidacantha poissonii",1,,,1980,,TRUE,TRUE,FALSE,,,,"moss animals"
216015,"Bryozoa","Gymnolaemata","Cheilostomatida","Celleporidae","Drepanophora","Drepanophora incisor",1,,,1990,,TRUE,TRUE,FALSE,,,,"moss animals"
220607,"Bryozoa","Gymnolaemata","Cheilostomatida","Exochellidae","Escharoides","Escharoides longirostris",4,,,1980,,TRUE,TRUE,FALSE,,,,"moss animals"
111502,"Bryozoa","Gymnolaemata","Cheilostomatida","Exechonellidae","Exechonella","Exechonella antillea",4,,,1980,,TRUE,TRUE,FALSE,,,,"moss animals"
220608,"Bryozoa","Gymnolaemata","Cheilostomatida","Exechonellidae","Exechonella","Exechonella tuberculata",7,,,1990,,TRUE,TRUE,FALSE,,,,"moss animals"
111389,"Bryozoa","Gymnolaemata","Cheilostomatida","Hippopodinidae","Hippopodina","Hippopodina feegeensis",1,,,,,TRUE,TRUE,FALSE,,,,"moss animals"
111400,"Bryozoa","Gymnolaemata","Cheilostomatida","Hippothoidae","Hippothoa","Hippothoa flagellum",1,,,1980,,TRUE,TRUE,FALSE,,,,"moss animals"
723643,"Bryozoa","Gymnolaemata","Cheilostomatida","Candidae","Licornia","Licornia longispinosa",2,,,1980,,TRUE,TRUE,FALSE,,,,"moss animals"
469944,"Bryozoa","Gymnolaemata","Cheilostomatida","Margarettidae","Margaretta","Margaretta gracilior",1,,,,,TRUE,TRUE,FALSE,,,,"moss animals"
469119,"Bryozoa","Gymnolaemata","Cheilostomatida","Bitectiporidae","Metroperiella","Metroperiella montferrandii",1,,,,,TRUE,FALSE,FALSE,,,,"moss animals"
216024,"Bryozoa","Gymnolaemata","Cheilostomatida","Petraliidae","Mucropetraliella","Mucropetraliella thenardii",2,,,1980,,TRUE,TRUE,FALSE,,,,"moss animals"
210797,"Bryozoa","Gymnolaemata","Cheilostomatida","Quadricellariidae","Nellia","Nellia tenuis",1,,,1980,,TRUE,TRUE,FALSE,,,,"moss animals"
153755,"Bryozoa","Gymnolaemata","Cheilostomatida","Hippoporidridae","Odontoporella","Odontoporella adpressa",2,,,1980,,TRUE,TRUE,FALSE,,,,"moss animals"
111545,"Bryozoa","Gymnolaemata","Cheilostomatida","Smittinidae","Parasmittina","Parasmittina parsevalii",6,,,1980,,TRUE,TRUE,FALSE,,,,"moss animals"
470407,"Bryozoa","Gymnolaemata","Cheilostomatida","Smittinidae","Parasmittina","Parasmittina serrula",1,,,1980,,TRUE,TRUE,FALSE,,,,"moss animals"
111548,"Bryozoa","Gymnolaemata","Cheilostomatida","Smittinidae","Parasmittina","Parasmittina tropica",7,,,1980,,TRUE,TRUE,FALSE,,,,"moss animals"
596744,"Bryozoa","Gymnolaemata","Cheilostomatida","Phidoloporidae","Plesiocleidochasma","Plesiocleidochasma porcellanum",1,,,1980,,TRUE,TRUE,FALSE,,,,"moss animals"
1052902,"Bryozoa","Gymnolaemata","Cheilostomatida","Phidoloporidae","Pleuromucrum","Pleuromucrum multidentatum",2,,,1980,,TRUE,TRUE,FALSE,,,,"moss animals"
471965,"Bryozoa","Gymnolaemata","Cheilostomatida","Arachnopusiidae","Poricella","Poricella spathulata",,,,,,FALSE,TRUE,FALSE,,,,"moss animals"
470237,"Bryozoa","Gymnolaemata","Cheilostomatida","Phidoloporidae","Rhynchozoon","Rhynchozoon haha",6,,,1980,,TRUE,TRUE,FALSE,,,,"moss animals"
220648,"Bryozoa","Gymnolaemata","Cheilostomatida","Phidoloporidae","Rhynchozoon","Rhynchozoon tubulosum",6,,,1980,,TRUE,TRUE,FALSE,,,,"moss animals"
471345,"Bryozoa","Gymnolaemata","Cheilostomatida","Robertsonidridae","Robertsonidra","Robertsonidra praecipua",1,,,,,TRUE,TRUE,FALSE,,,,"moss animals"
220640,"Bryozoa","Gymnolaemata","Cheilostomatida","Smittinidae","Smittina","Smittina nitidissima",1,,,1980,,TRUE,FALSE,FALSE,,,,"moss animals"
174380,"Bryozoa","Gymnolaemata","Cheilostomatida","Smittinidae","Smittina","Smittina obicullata",,,,,,FALSE,TRUE,FALSE,,,,"moss animals"
220628,"Bryozoa","Gymnolaemata","Cheilostomatida","Smittinidae","Smittoidea","Smittoidea levis",2,,,1980,,TRUE,TRUE,FALSE,,,,"moss animals"
216034,"Bryozoa","Gymnolaemata","Cheilostomatida","Thalamoporellidae","Thalamoporella","Thalamoporella rozieri",2,,,1980,,TRUE,TRUE,FALSE,,,,"moss animals"
471362,"Bryozoa","Gymnolaemata","Cheilostomatida","Thalamoporellidae","Thalamoporella","Thalamoporella tubifera",3,,,1980,,TRUE,TRUE,FALSE,,,,"moss animals"
883674,"Bryozoa","Gymnolaemata","Cheilostomatida","Celleporidae","Turbicellepora","Turbicellepora bernardii",3,,,1980,,TRUE,TRUE,FALSE,,,,"moss animals"
111592,"Bryozoa","Gymnolaemata","Cheilostomatida","Watersiporidae","Watersipora","Watersipora subtorquata",3,,,1980,,TRUE,FALSE,FALSE,,,"bryozoaire orange vif à points noirs","moss animals"
234373,"Porifera","Demospongiae","Dictyoceratida","Thorectidae","Phyllospongia","Phyllospongia foliascens",1,,,,,TRUE,FALSE,FALSE,,,,"sponges"
166115,"Porifera","Demospongiae","Haplosclerida","Callyspongiidae","Callyspongia","Callyspongia incrustans",1,,,,,TRUE,TRUE,FALSE,,,,"sponges"
1478289,"Porifera","Demospongiae","Poecilosclerida","Mycalidae","Mycale","Mycale (Aegogropila) erythraeana",2,,,,,TRUE,TRUE,FALSE,,,,"sponges"
134036,"Porifera","Demospongiae","Tetractinellida","Geodiidae","Geodia","Geodia micropunctata",1,,,,,TRUE,TRUE,FALSE,,,,"sponges"
169894,"Porifera","Demospongiae","Tetractinellida","Ancorinidae","Rhabdastrella","Rhabdastrella sterrastraea",1,,,,,TRUE,TRUE,FALSE,,,,"sponges"
169630,"Porifera","Demospongiae","Verongiida","Aplysinellidae","Suberea","Suberea praetensa",1,,,,,TRUE,TRUE,FALSE,,,,"sponges"
137206,"Chordata",,"Testudines","Cheloniidae","Chelonia","Chelonia mydas",,,,,,FALSE,TRUE,FALSE,"EN","EN","green turtle, tortue verte","turtles"
137207,"Chordata",,"Testudines","Cheloniidae","Eretmochelys","Eretmochelys imbricata",1,,,2011,,TRUE,FALSE,FALSE,"CR","CR","hawksbill turtle, caret","turtles"
209827,"Annelida","Polychaeta","Eunicida","Eunicidae","Eunice","Eunice tubifex",1,,,,,TRUE,FALSE,FALSE,,,,"worms"
130235,"Annelida","Polychaeta","Eunicida","Lumbrineridae","Lumbrineriopsis","Lumbrineriopsis paradoxa",1,,,,,TRUE,FALSE,FALSE,,,,"worms"
130467,"Annelida","Polychaeta","Eunicida","Onuphidae","Nothria","Nothria conchylega",1,,,,,TRUE,FALSE,FALSE,,,,"worms"
254455,"Annelida","Polychaeta","Phyllodocida","Polynoidae","Eunoe","Eunoe depressa",1,,,,,TRUE,FALSE,FALSE,,,,"worms"
333364,"Annelida","Polychaeta","Phyllodocida","Acoetidae","Eupanthalis","Eupanthalis edriophthalma",1,,,,,TRUE,TRUE,FALSE,,,,"worms"
334498,"Annelida","Polychaeta","Phyllodocida","Sigalionidae","Pholoides","Pholoides asperus",3,,,,,TRUE,FALSE,FALSE,,,,"worms"
131156,"Annelida","Polychaeta","Spionida","Spionidae","Prionospio","Prionospio ehlersi",2,,,,,TRUE,FALSE,FALSE,,,,"worms"
130207,"Annelida","Polychaeta","Terebellida","Longosomatidae","Heterospio","Heterospio longissima",1,,,,,TRUE,FALSE,FALSE,,,,"worms"
114298,"Foraminifera","Globothalamea","Lituolida","Trochamminidae","Ammoglobigerina","Ammoglobigerina globigeriniformis",8,,,,,TRUE,FALSE,FALSE,,,,
114324,"Foraminifera","Globothalamea","Lituolida","Ammosphaeroidinidae","Recurvoidella","Recurvoidella bradyi",12,,,,,TRUE,FALSE,FALSE,,,,
490027,"Foraminifera","Globothalamea","Robertinida","Robertinidae","Alliatinella","Alliatinella panayensis",12,,,,,TRUE,TRUE,FALSE,,,,
484693,"Foraminifera","Globothalamea","Robertinida","Ceratobuliminidae","Lamarckina","Lamarckina ventricosa",12,,,,,TRUE,TRUE,FALSE,,,,
113691,"Foraminifera","Globothalamea","Robertinida","Robertinidae","Robertinoides","Robertinoides bradyi",2,,,,,TRUE,TRUE,FALSE,,,,
112849,"Foraminifera","Globothalamea","Rotaliida","Ammoniidae","Ammonia","Ammonia beccarii",2,,,,,TRUE,TRUE,FALSE,,,,
112973,"Foraminifera","Globothalamea","Rotaliida","Bolivinitidae","Bolivina","Bolivina dilatata",12,,,,,TRUE,TRUE,FALSE,,,,
112980,"Foraminifera","Globothalamea","Rotaliida","Bolivinitidae","Bolivina","Bolivina persiensis",12,,,,,TRUE,TRUE,FALSE,,,,
112991,"Foraminifera","Globothalamea","Rotaliida","Bolivinitidae","Bolivina","Bolivina subspathulata",12,,,,,TRUE,TRUE,FALSE,,,,
112998,"Foraminifera","Globothalamea","Rotaliida","Bolivinitidae","Bolivina","Bolivina variabilis",12,,,,,TRUE,TRUE,FALSE,,,,
113042,"Foraminifera","Globothalamea","Rotaliida","Buliminidae","Bulimina","Bulimina marginata",12,,,,,TRUE,TRUE,FALSE,,,,
113747,"Foraminifera","Globothalamea","Rotaliida","Buliminellidae","Buliminella","Buliminella elegantissima",,,,,,FALSE,TRUE,FALSE,,,,
582554,"Foraminifera","Globothalamea","Rotaliida","Cancrisidae","Cancris","Cancris auricula",,,,,,FALSE,TRUE,FALSE,,,,
490078,"Foraminifera","Globothalamea","Rotaliida","Planorbulinidae","Caribeanella","Caribeanella elatensis",12,,,,,TRUE,TRUE,FALSE,,,,
490037,"Foraminifera","Globothalamea","Rotaliida","Stainforthiidae","Cassidelina","Cassidelina spinescens",4,,,,,TRUE,TRUE,FALSE,,,,
490069,"Foraminifera","Globothalamea","Rotaliida","Cibicididae","Cibicides","Cibicides aravaensis",2,,,,,TRUE,FALSE,FALSE,,,,
490070,"Foraminifera","Globothalamea","Rotaliida","Cibicididae","Cibicides","Cibicides mabahethi",12,,,,,TRUE,TRUE,FALSE,,,,
490071,"Foraminifera","Globothalamea","Rotaliida","Cibicididae","Cibicides","Cibicides mayori",,,,,,FALSE,TRUE,FALSE,,,,
916740,"Foraminifera","Globothalamea","Rotaliida","Cibicididae","Cibicides","Cibicides pseudolobatulus",2,,,,,TRUE,TRUE,FALSE,,,,
112886,"Foraminifera","Globothalamea","Rotaliida","Cibicididae","Cibicidoides","Cibicidoides pseudoungerianus",12,,,,,TRUE,FALSE,FALSE,,,,
533679,"Foraminifera","Globothalamea","Rotaliida","Cymbaloporidae","Cymbaloporella","Cymbaloporella tabellaeformis",6,,,,,TRUE,TRUE,FALSE,,,,
113143,"Foraminifera","Globothalamea","Rotaliida","Discorbinellidae","Discorbinella","Discorbinella bertheloti",12,,,,,TRUE,TRUE,FALSE,,,,
466375,"Foraminifera","Globothalamea","Rotaliida","Cassidulinidae","Evolvocassidulina","Evolvocassidulina belfordi",4,,,,,TRUE,TRUE,FALSE,,,,
466377,"Foraminifera","Globothalamea","Rotaliida","Cassidulinidae","Evolvocassidulina","Evolvocassidulina orientalis",4,,,,,TRUE,FALSE,FALSE,,,,
113159,"Foraminifera","Globothalamea","Rotaliida","Rosalinidae","Gavelinopsis","Gavelinopsis praegeri",,,,,,FALSE,TRUE,FALSE,,,,
490032,"Foraminifera","Globothalamea","Rotaliida","Cassidulinidae","Globocassidulina","Globocassidulina oriangulata",4,,,,,TRUE,TRUE,FALSE,,,,
113418,"Foraminifera","Globothalamea","Rotaliida","Gavelinellidae","Hansenisca","Hansenisca soldanii",12,,,,,TRUE,TRUE,FALSE,,,,
490040,"Foraminifera","Globothalamea","Rotaliida","Bolivinitidae","Loxostomina","Loxostomina amygdalaeformis",12,,,,,TRUE,FALSE,FALSE,,,,
113015,"Foraminifera","Globothalamea","Rotaliida","Bolivinitidae","Loxostomina","Loxostomina limbata",8,,,,,TRUE,TRUE,FALSE,,,,
484704,"Foraminifera","Globothalamea","Rotaliida","Cymbaloporidae","Millettiana","Millettiana millettii",6,,,,,TRUE,TRUE,FALSE,,,,
113379,"Foraminifera","Globothalamea","Rotaliida","Discorbidae","Neoeponides","Neoeponides bradyi",12,,,,,TRUE,FALSE,FALSE,,,,
418051,"Foraminifera","Globothalamea","Rotaliida","Nonionidae","Nonionoides","Nonionoides grateloupii",,,,,,FALSE,TRUE,FALSE,,,,
526529,"Foraminifera","Globothalamea","Rotaliida","Cassidulinidae","Paracassidulina","Paracassidulina minuta",4,,,,,TRUE,TRUE,FALSE,,,,
113097,"Foraminifera","Globothalamea","Rotaliida","Cassidulinidae","Paracassidulina","Paracassidulina neocarinata",,,,,,FALSE,TRUE,FALSE,,,,
582380,"Foraminifera","Globothalamea","Rotaliida","Eponididae","Paumotua","Paumotua terebra",4,,,,,TRUE,TRUE,FALSE,,,,
479161,"Foraminifera","Globothalamea","Rotaliida","Bolivinitidae","Pseudobrizalina","Pseudobrizalina lobata",,,,,,FALSE,TRUE,FALSE,,,,
490065,"Foraminifera","Globothalamea","Rotaliida","Rosalinidae","Rosalina","Rosalina orientalis",,,,,,FALSE,TRUE,FALSE,,,,
490067,"Foraminifera","Globothalamea","Rotaliida","Rosalinidae","Rosalina","Rosalina suezensis",10,,,,,TRUE,TRUE,FALSE,,,,
418101,"Foraminifera","Globothalamea","Rotaliida","Siphoninidae","Siphonina","Siphonina tubulosa",10,,,,,TRUE,FALSE,FALSE,,,,
580066,"Foraminifera","Globothalamea","Rotaliida","Uvigerinidae","Siphouvigerina","Siphouvigerina ampullacea",,,,,,FALSE,TRUE,FALSE,,,,
417942,"Foraminifera","Globothalamea","Rotaliida","Uvigerinidae","Siphouvigerina","Siphouvigerina fimbriata",,,,,,FALSE,TRUE,FALSE,,,,
580068,"Foraminifera","Globothalamea","Rotaliida","Uvigerinidae","Siphouvigerina","Siphouvigerina interrupta",6,,,,,TRUE,FALSE,FALSE,,,,
526558,"Foraminifera","Globothalamea","Rotaliida","Uvigerinidae","Siphouvigerina","Siphouvigerina porrecta",24,,,,,TRUE,TRUE,FALSE,,,,
113184,"Foraminifera","Globothalamea","Rotaliida","Rosalinidae","Tretomphalus","Tretomphalus bulloides",8,,,,,TRUE,TRUE,FALSE,,,,
489117,"Foraminifera","Globothalamea","Textulariida","Textulariidae","Sahulia","Sahulia kerimbaensis",10,,,,,TRUE,FALSE,FALSE,,,,
489118,"Foraminifera","Globothalamea","Textulariida","Textulariidae","Textularia","Textularia cushmani",12,,,,,TRUE,FALSE,FALSE,,,,
114165,"Foraminifera","Monothalamea","Astrorhizida","Saccamminidae","Lagenammina","Lagenammina difflugiformis",12,,,,,TRUE,TRUE,FALSE,,,,
490021,"Foraminifera","Nodosariata","Nodosariida","Lagenidae","Lagena","Lagena strumosa",12,,,,,TRUE,TRUE,FALSE,,,,
113429,"Foraminifera","Nodosariata","Polymorphinida","Glandulinidae","Glandulina","Glandulina laevigata",10,,,,,TRUE,TRUE,FALSE,,,,
490023,"Foraminifera","Nodosariata","Polymorphinida","Ellipsolagenidae","Palliolatella","Palliolatella bradii",1,,,,,TRUE,FALSE,FALSE,,,,
490024,"Foraminifera","Nodosariata","Polymorphinida","Ellipsolagenidae","Palliolatella","Palliolatella bradii",1,,,,,TRUE,FALSE,FALSE,,,,
490025,"Foraminifera","Nodosariata","Polymorphinida","Ellipsolagenidae","Vasicostella","Vasicostella inflatiperforata",6,,,,,TRUE,TRUE,FALSE,,,,
849852,"Foraminifera","Nodosariata",,"Hormosinellidae","Hormosinelloides","Hormosinelloides guttifer",,,,,,FALSE,TRUE,FALSE,,,,
112489,"Foraminifera","Tubothalamea","Miliolida","Cornuspiridae","Cornuspira","Cornuspira planorbis",12,,,,,TRUE,TRUE,FALSE,,,,
489135,"Foraminifera","Tubothalamea","Miliolida","Hauerinidae","Cycloforina","Cycloforina collumnosa",,,,,,FALSE,TRUE,FALSE,,,,
112564,"Foraminifera","Tubothalamea","Miliolida","Hauerinidae","Miliolinella","Miliolinella subrotunda",10,,,,,TRUE,FALSE,FALSE,,,,
112817,"Foraminifera","Tubothalamea","Miliolida","Peneroplidae","Peneroplis","Peneroplis planatus",,,,,,FALSE,TRUE,FALSE,,,,
723271,"Foraminifera","Tubothalamea","Miliolida","Hauerinidae","Pseudolachlanella","Pseudolachlanella eburnea",4,,,,,TRUE,TRUE,FALSE,,,,
492957,"Foraminifera","Tubothalamea","Miliolida","Hauerinidae","Pseudotriloculina","Pseudotriloculina patagonica",10,,,,,TRUE,TRUE,FALSE,,,,
490002,"Foraminifera","Tubothalamea","Miliolida","Hauerinidae","Sigmoilopsis","Sigmoilopsis minuta",4,,,,,TRUE,FALSE,FALSE,,,,
417729,"Foraminifera","Tubothalamea","Miliolida","Hauerinidae","Siphonaperta","Siphonaperta horrida",12,,,,,TRUE,TRUE,FALSE,,,,
490016,"Foraminifera","Tubothalamea","Miliolida","Soritidae","Sorites","Sorites variabilis",,,,,,FALSE,TRUE,FALSE,,,,
991800,"Foraminifera","Tubothalamea","Miliolida","Hauerinidae","Triloculina","Triloculina tricarinata",8,,,,,TRUE,TRUE,FALSE,,,,
112772,"Foraminifera","Tubothalamea","Miliolida","Hauerinidae","Triloculina","Triloculina trigonula",6,,,,,TRUE,TRUE,FALSE,,,,
113817,"Foraminifera","Tubothalamea","Spirillinida","Ammodiscidae","Ammodiscus","Ammodiscus flavidus",8,,,,,TRUE,FALSE,FALSE,,,,
817905,"Foraminifera","Tubothalamea","Spirillinida","Ammodiscidae","Arenoturrispirillina","Arenoturrispirillina catinus",,,,,,FALSE,TRUE,FALSE,,,,
113828,"Foraminifera","Tubothalamea","Spirillinida","Ammodiscidae","Glomospira","Glomospira charoides",12,,,,,TRUE,FALSE,FALSE,,,,
113737,"Foraminifera","Tubothalamea","Spirillinida","Spirillinidae","Spirillina","Spirillina vivipara",8,,,,,TRUE,TRUE,FALSE,,,,
381112,"Tracheophyta","Magnoliopsida","Poales","Poaceae","Aeluropus","Aeluropus lagopoides",,,,,,FALSE,TRUE,FALSE,,,,
