"AphiaID","phylum","class","order","family","genus","species","records","reads","asvs","max_year","target_gene","source_obis","source_gbif","source_dna","category","redlist_category","vernacular","group"
608214,"Chlorophyta","Chlorophyceae","Acrosiphoniales","Acrosiphoniaceae","Acrosiphonia","Acrosiphonia duriuscula",,,,,,FALSE,TRUE,FALSE,,,,"algae"
145026,"Chlorophyta","Ulvophyceae","Cladophorales","Cladophoraceae","Chaetomorpha","Chaetomorpha ligustica",,,,,,FALSE,TRUE,FALSE,,,,"algae"
413540,"Chlorophyta","Ulvophyceae","Cladophorales","Cladophoraceae","Cladophora","Cladophora opaca",,,,,,FALSE,TRUE,FALSE,,,,"algae"
494832,"Chlorophyta","Ulvophyceae","Cladophorales","Cladophoraceae","Cladophora","Cladophora stimpsonii",,,,,,FALSE,TRUE,FALSE,,,,"algae"
371797,"Chlorophyta","Ulvophyceae","Ulotrichales","Monostromataceae","Monostroma","Monostroma angicava",,,,,,FALSE,TRUE,FALSE,,,,"algae"
145946,"Chlorophyta","Ulvophyceae","Ulotrichales","Ulotrichaceae","Protomonostroma","Protomonostroma undulatum",,,,,,FALSE,TRUE,FALSE,,,,"algae"
555802,"Chlorophyta","Ulvophyceae","Ulotrichales","Ulotrichaceae","Pseudothrix","Pseudothrix groenlandica",,,,,,FALSE,TRUE,FALSE,,,,"algae"
145950,"Chlorophyta","Ulvophyceae","Ulvales","Kornmanniaceae","Blidingia","Blidingia minima",,,,,,FALSE,TRUE,FALSE,,,,"algae"
145936,"Chlorophyta","Ulvophyceae","Ulvales","Kornmanniaceae","Kornmannia","Kornmannia leptoderma",,,,,,FALSE,TRUE,FALSE,,,,"algae"
234462,"Chlorophyta","Ulvophyceae","Ulvales","Ulvaceae","Ulva","Ulva compressa",,,,,,FALSE,TRUE,FALSE,,,,"algae"
234474,"Chlorophyta","Ulvophyceae","Ulvales","Ulvaceae","Ulva","Ulva linza",,,,,,FALSE,TRUE,FALSE,,,,"algae"
494992,"Chlorophyta","Ulvophyceae","Ulvales","Ulvaceae","Ulvaria","Ulvaria splendens",,,,,,FALSE,TRUE,FALSE,,,,"algae"
495022,"Ochrophyta","Phaeophyceae","Chordales","Akkesiphycaceae","Akkesiphycus","Akkesiphycus lubricus",28,,,1968,,TRUE,FALSE,FALSE,,,,"algae"
622805,"Ochrophyta","Phaeophyceae","Chordales","Chordaceae","Chorda","Chorda asiatica",6,,,1968,,TRUE,FALSE,FALSE,,,,"algae"
145310,"Ochrophyta","Phaeophyceae","Desmarestiales","Desmarestiaceae","Desmarestia","Desmarestia viridis",,,,,,FALSE,TRUE,FALSE,,,,"algae"
145358,"Ochrophyta","Phaeophyceae","Dictyotales","Dictyotaceae","Dictyopteris","Dictyopteris divaricata",,,,,,FALSE,TRUE,FALSE,,,,"algae"
145367,"Ochrophyta","Phaeophyceae","Dictyotales","Dictyotaceae","Dictyota","Dictyota dichotoma",,,,,,FALSE,TRUE,FALSE,,,,"algae"
371899,"Ochrophyta","Phaeophyceae","Ectocarpales","Chordariaceae","Acrothrix","Acrothrix pacifica",1,,,1997,,TRUE,FALSE,FALSE,,,,"algae"
144910,"Ochrophyta","Phaeophyceae","Ectocarpales","Chordariaceae","Chordaria","Chordaria flagelliformis",,,,,,FALSE,TRUE,FALSE,,,,"algae"
1474998,"Ochrophyta","Phaeophyceae","Ectocarpales","Scytosiphonaceae","Dactylosiphon","Dactylosiphon bullosus",,,,,,FALSE,TRUE,FALSE,,,,"algae"
157151,"Ochrophyta","Phaeophyceae","Ectocarpales","Chordariaceae","Melanosiphon","Melanosiphon intestinalis",1,,,1997,,TRUE,TRUE,FALSE,,,,"algae"
144929,"Ochrophyta","Phaeophyceae","Ectocarpales","Chordariaceae","Saundersella","Saundersella simplex",,,,,,FALSE,TRUE,FALSE,,,,"algae"
144931,"Ochrophyta","Phaeophyceae","Ectocarpales","Chordariaceae","Sphaerotrichia","Sphaerotrichia divaricata",,,,,,FALSE,TRUE,FALSE,,,,"algae"
494848,"Ochrophyta","Phaeophyceae","Fucales","Sargassaceae","Sargassum","Sargassum confusum",,,,,,FALSE,TRUE,FALSE,,,,"algae"
624319,"Ochrophyta","Phaeophyceae","Fucales","Sargassaceae","Stephanocystis","Stephanocystis hakodatensis",1,,,1990,,TRUE,FALSE,FALSE,,,,"algae"
157207,"Ochrophyta","Phaeophyceae","Laminariales","Agaraceae","Agarum","Agarum clathratum",9,,,1995,,TRUE,TRUE,FALSE,,,,"algae"
371977,"Ochrophyta","Phaeophyceae","Laminariales","Alariaceae","Alaria","Alaria angusta",5,,,1968,,TRUE,TRUE,FALSE,,,,"algae"
373975,"Ochrophyta","Phaeophyceae","Laminariales","Alariaceae","Alaria","Alaria praelonga",2,,,1968,,TRUE,TRUE,FALSE,,,,"algae"
371984,"Ochrophyta","Phaeophyceae","Laminariales","Laminariaceae","Arthrothamnus","Arthrothamnus bifidus",1,,,1988,,TRUE,FALSE,FALSE,,,,"algae"
371985,"Ochrophyta","Phaeophyceae","Laminariales","Costariaceae","Costaria","Costaria costata",31,,,1995,,TRUE,TRUE,FALSE,,,,"algae"
371991,"Ochrophyta","Phaeophyceae","Laminariales","Lessoniaceae","Eisenia","Eisenia bicyclis",1,,,1990,,TRUE,FALSE,FALSE,,,,"algae"
371993,"Ochrophyta","Phaeophyceae","Laminariales","Laminariaceae","Laminaria","Laminaria yezoensis",1,,,1988,,TRUE,FALSE,FALSE,,,,"algae"
377078,"Ochrophyta","Phaeophyceae","Laminariales","Laminariaceae","Saccharina","Saccharina angustata",2,,,1931,,TRUE,FALSE,FALSE,,,,"algae"
377079,"Ochrophyta","Phaeophyceae","Laminariales","Laminariaceae","Saccharina","Saccharina cichorioides",1,,,1990,,TRUE,FALSE,FALSE,,,,"algae"
377083,"Ochrophyta","Phaeophyceae","Laminariales","Laminariaceae","Saccharina","Saccharina gyrata",7,,,1990,,TRUE,FALSE,FALSE,,,,"algae"
377084,"Ochrophyta","Phaeophyceae","Laminariales","Laminariaceae","Saccharina","Saccharina japonica",,,,,,FALSE,TRUE,FALSE,,,,"algae"
847542,"Ochrophyta","Phaeophyceae","Laminariales","Laminariaceae","Saccharina","Saccharina japonica",62,,,2009,,TRUE,FALSE,FALSE,,,,"algae"
847543,"Ochrophyta","Phaeophyceae","Laminariales","Laminariaceae","Saccharina","Saccharina japonica",18,,,1998,,TRUE,FALSE,FALSE,,,,"algae"
377085,"Ochrophyta","Phaeophyceae","Laminariales","Laminariaceae","Saccharina","Saccharina kurilensis",7,,,1985,,TRUE,FALSE,FALSE,,,,"algae"
844264,"Ochrophyta","Phaeophyceae","Laminariales","Laminariaceae","Saccharina","Saccharina sachalinensis",12,,,1992,,TRUE,FALSE,FALSE,,,,"algae"
626066,"Rhodophyta","Bangiophyceae","Bangiales","Bangiaceae","Pyropia","Pyropia pseudolinearis",,,,,,FALSE,TRUE,FALSE,,,,"algae"
1734918,"Rhodophyta","Florideophyceae","Ceramiales","Ceramiaceae","Campylaephora","Campylaephora kondoi",,,,,,FALSE,TRUE,FALSE,,,,"algae"
372436,"Rhodophyta","Florideophyceae","Ceramiales","Delesseriaceae","Neohypophyllum","Neohypophyllum middendorffii",1,,,1997,,TRUE,FALSE,FALSE,,,,"algae"
372388,"Rhodophyta","Florideophyceae","Ceramiales","Callithamniaceae","Ptilota","Ptilota phacelocarpoides",1,,,1997,,TRUE,FALSE,FALSE,,,,"algae"
145625,"Rhodophyta","Florideophyceae","Gigartinales","Gigartinaceae","Chondrus","Chondrus crispus",,,,,,FALSE,TRUE,FALSE,,,,"algae"
371694,"Rhodophyta","Florideophyceae","Gigartinales","Gigartinaceae","Chondrus","Chondrus ocellatus",1,,,1997,,TRUE,TRUE,FALSE,,,,"algae"
371693,"Rhodophyta","Florideophyceae","Gigartinales","Gigartinaceae","Chondrus","Chondrus pinnulatus",,,,,,FALSE,TRUE,FALSE,,,,"algae"
371695,"Rhodophyta","Florideophyceae","Gigartinales","Gigartinaceae","Chondrus","Chondrus yendoi",,,,,,FALSE,TRUE,FALSE,,,,"algae"
145228,"Rhodophyta","Florideophyceae","Gigartinales","Dumontiaceae","Dumontia","Dumontia contorta",,,,,,FALSE,TRUE,FALSE,,,,"algae"
372181,"Rhodophyta","Florideophyceae","Gigartinales","Endocladiaceae","Gloiopeltis","Gloiopeltis furcata",,,,,,FALSE,TRUE,FALSE,,,,"algae"
145232,"Rhodophyta","Florideophyceae","Gigartinales","Gloiosiphoniaceae","Gloiosiphonia","Gloiosiphonia capillaris",2,,,1997,,TRUE,TRUE,FALSE,,,,"algae"
372248,"Rhodophyta","Florideophyceae","Gigartinales","Phyllophoraceae","Mastocarpus","Mastocarpus pacificus",1,,,1997,,TRUE,TRUE,FALSE,,,,"algae"
371700,"Rhodophyta","Florideophyceae","Gigartinales","Gigartinaceae","Mazzaella","Mazzaella japonica",,,,,,FALSE,TRUE,FALSE,,,,"algae"
372189,"Rhodophyta","Florideophyceae","Halymeniales","Grateloupiaceae","Grateloupia","Grateloupia divaricata",,,,,,FALSE,TRUE,FALSE,,,,"algae"
374832,"Rhodophyta","Florideophyceae","Palmariales","Palmariaceae","Halosaccion","Halosaccion saccatum",,,,,,FALSE,TRUE,FALSE,,,,"algae"
145771,"Rhodophyta","Florideophyceae","Palmariales","Palmariaceae","Palmaria","Palmaria palmata",,,,,,FALSE,TRUE,FALSE,,,,"algae"
232230,"Rhodophyta","Florideophyceae","Rhodymeniales","Lomentariaceae","Lomentaria","Lomentaria hakodatensis",,,,,,FALSE,TRUE,FALSE,,,,"algae"
375031,"Rhodophyta","Florideophyceae","Rhodymeniales","Rhodymeniaceae","Sparlingia","Sparlingia pertusa",,,,,,FALSE,TRUE,FALSE,,,,"algae"
159377,"Chordata","Aves","Accipitriformes","Pandionidae","Pandion","Pandion haliaetus",,,,,,FALSE,TRUE,FALSE,"LC","LC","osprey, balbuzard pêcheur","birds"
416679,"Chordata","Aves","Anseriformes","Anatidae","Aix","Aix galericulata",,,,,,FALSE,TRUE,FALSE,"LC","LC","mandarin duck, canard mandarin","birds"
158943,"Chordata","Aves","Anseriformes","Anatidae","Anas","Anas crecca",,,,,,FALSE,TRUE,FALSE,"LC","LC","common teal, sarcelle d'hiver","birds"
148791,"Chordata","Aves","Anseriformes","Anatidae","Anas","Anas platyrhynchos",,,,,,FALSE,TRUE,FALSE,"LC","LC","mallard, canard colvert","birds"
159172,"Chordata","Aves","Anseriformes","Anatidae","Aythya","Aythya marila",,,,,,FALSE,TRUE,FALSE,"LC","LC","greater scaup, fuligule milouinan","birds"
159175,"Chordata","Aves","Anseriformes","Anatidae","Branta","Branta bernicla",,,,,,FALSE,TRUE,FALSE,"LC","LC","Brant goose, bernachle cravant","birds"
159179,"Chordata","Aves","Anseriformes","Anatidae","Bucephala","Bucephala albeola",,,,,,FALSE,TRUE,FALSE,"LC","LC","bufflehead, garrot albéole","birds"
137071,"Chordata","Aves","Anseriformes","Anatidae","Clangula","Clangula hyemalis",,,,,,FALSE,TRUE,FALSE,"VU","VU","long-tailed duck, harelde boréale","birds"
159092,"Chordata","Aves","Anseriformes","Anatidae","Histrionicus","Histrionicus histrionicus",,,,,,FALSE,TRUE,FALSE,"LC","LC","harlequin duck, arlequin plongeur","birds"
366594,"Chordata","Aves","Anseriformes","Anatidae","Melanitta","Melanitta americana",,,,,,FALSE,TRUE,FALSE,"NT","NT","black scoter, macreuse à bec jaune","birds"
159097,"Chordata","Aves","Anseriformes","Anatidae","Mergus","Mergus merganser",,,,,,FALSE,TRUE,FALSE,"LC","LC","common merganser, harle bièvre","birds"
159098,"Chordata","Aves","Anseriformes","Anatidae","Mergus","Mergus serrator",,,,,,FALSE,TRUE,FALSE,"LC","LC","red-breasted merganser, harle huppé","birds"
232041,"Chordata","Aves","Anseriformes","Anatidae","Polysticta","Polysticta stelleri",,,,,,FALSE,TRUE,FALSE,"VU","VU","Steller's eider  , eider de Steller","birds"
212603,"Chordata","Aves","Charadriiformes","Scolopacidae","Actitis","Actitis hypoleucos",,,,,,FALSE,TRUE,FALSE,"LC","LC","common sandpiper, chevalier guignette","birds"
344015,"Chordata","Aves","Charadriiformes","Alcidae","Aethia","Aethia cristatella",,,,,,FALSE,TRUE,FALSE,"LC","LC","crested auklet, starique cristatelle","birds"
344016,"Chordata","Aves","Charadriiformes","Alcidae","Aethia","Aethia pusilla",,,,,,FALSE,TRUE,FALSE,"LC","LC","least auklet, starique minuscule","birds"
147431,"Chordata","Aves","Charadriiformes","Scolopacidae","Arenaria","Arenaria interpres",,,,,,FALSE,TRUE,FALSE,"LC","LC","ruddy turnstone, tournepierre à collier","birds"
159047,"Chordata","Aves","Charadriiformes","Scolopacidae","Calidris","Calidris alpina",,,,,,FALSE,TRUE,FALSE,"LC","LC","dunlin, bécasseau variable","birds"
343901,"Chordata","Aves","Charadriiformes","Alcidae","Cepphus","Cepphus carbo",,,,,,FALSE,TRUE,FALSE,"LC","LC","spectacled guillemot, guillemot à lunettes","birds"
343902,"Chordata","Aves","Charadriiformes","Alcidae","Cepphus","Cepphus columba",,,,,,FALSE,TRUE,FALSE,"LC","LC","pigeon guillemot, guillemot colombin","birds"
344029,"Chordata","Aves","Charadriiformes","Alcidae","Cerorhinca","Cerorhinca monocerata",,,,,,FALSE,TRUE,FALSE,"LC","LC","rhinoceros auklet, macareux rhinocéros","birds"
212617,"Chordata","Aves","Charadriiformes","Charadriidae","Charadrius","Charadrius dubius",,,,,,FALSE,TRUE,FALSE,"LC","LC","little plover, petit gravelot","birds"
366841,"Chordata","Aves","Charadriiformes","Charadriidae","Charadrius","Charadrius placidus",,,,,,FALSE,TRUE,FALSE,"LC","LC","long-billed plover, pluvier à long bec","birds"
343903,"Chordata","Aves","Charadriiformes","Alcidae","Fratercula","Fratercula corniculata",,,,,,FALSE,TRUE,FALSE,"LC","LC","horned puffin, macareux cornu","birds"
147436,"Chordata","Aves","Charadriiformes","Charadriidae","Haematopus","Haematopus ostralegus",,,,,,FALSE,TRUE,FALSE,"NT","NT","Eurasian oyster catcher, huîtrier pie","birds"
137138,"Chordata","Aves","Charadriiformes","Laridae","Larus","Larus argentatus",,,,,,FALSE,TRUE,FALSE,"LC","LC","herring gull, goéland argenté","birds"
137141,"Chordata","Aves","Charadriiformes","Laridae","Larus","Larus canus",,,,,,FALSE,TRUE,FALSE,"LC","LC","mew gull, goéland cendré","birds"
343908,"Chordata","Aves","Charadriiformes","Laridae","Larus","Larus crassirostris",,,,,,FALSE,TRUE,FALSE,"LC","LC","black-tailed gull, goéland à queue noire","birds"
343911,"Chordata","Aves","Charadriiformes","Laridae","Larus","Larus glaucescens",,,,,,FALSE,TRUE,FALSE,"LC","LC","glaucous-winged gull, goéland à ailes grises","birds"
137144,"Chordata","Aves","Charadriiformes","Laridae","Larus","Larus glaucoides",,,,,,FALSE,TRUE,FALSE,"LC","LC","Iceland gull, goéland à ailes blanches","birds"
137145,"Chordata","Aves","Charadriiformes","Laridae","Larus","Larus hyperboreus",,,,,,FALSE,TRUE,FALSE,"LC","LC","glaucous gull, goéland bourgmestre","birds"
137149,"Chordata","Aves","Charadriiformes","Laridae","Larus","Larus ridibundus",,,,,,FALSE,TRUE,FALSE,"LC","LC","common black-headed gull, mouette rieuse","birds"
343920,"Chordata","Aves","Charadriiformes","Laridae","Larus","Larus schistisagus",,,,,,FALSE,TRUE,FALSE,"LC","LC","slaty-backed gull, goéland à manteau ardoisé","birds"
567791,"Chordata","Aves","Charadriiformes","Laridae","Onychoprion","Onychoprion aleuticus",,,,,,FALSE,TRUE,FALSE,"VU","VU","Aleutian tern, sterne des Aléoutiennes","birds"
137168,"Chordata","Aves","Charadriiformes","Phalaropodidae","Phalaropus","Phalaropus fulicarius",,,,,,FALSE,TRUE,FALSE,"LC","LC","red phalarope, phalarope à bec large","birds"
137169,"Chordata","Aves","Charadriiformes","Phalaropodidae","Phalaropus","Phalaropus lobatus",,,,,,FALSE,TRUE,FALSE,"LC","LC","red-necked phalarope, phalarope à bec mince","birds"
137155,"Chordata","Aves","Charadriiformes","Laridae","Rhodostethia","Rhodostethia rosea",,,,,,FALSE,TRUE,FALSE,"LC","LC","Ross' gull, mouette de Ross","birds"
343923,"Chordata","Aves","Charadriiformes","Laridae","Rissa","Rissa brevirostris",,,,,,FALSE,TRUE,FALSE,"VU","VU","red-legged kittiwake, Mouette des brumes","birds"
137156,"Chordata","Aves","Charadriiformes","Laridae","Rissa","Rissa tridactyla",,,,,,FALSE,TRUE,FALSE,"VU","VU","black-legged kittiwake, risse tridactyle","birds"
422607,"Chordata","Aves","Charadriiformes","Stercorariidae","Stercorarius","Stercorarius maccormicki",,,,,,FALSE,TRUE,FALSE,,,"South Polar skua, labbe de McCormick","birds"
137172,"Chordata","Aves","Charadriiformes","Stercorariidae","Stercorarius","Stercorarius parasiticus",,,,,,FALSE,TRUE,FALSE,"LC","LC","parasitic jaeger, labbe parasite","birds"
137173,"Chordata","Aves","Charadriiformes","Stercorariidae","Stercorarius","Stercorarius pomarinus",,,,,,FALSE,TRUE,FALSE,"LC","LC","pomarine jaeger, stercoraire pomarin","birds"
137162,"Chordata","Aves","Charadriiformes","Laridae","Sterna","Sterna hirundo",,,,,,FALSE,TRUE,FALSE,"LC","LC","common tern, sterne pierregarin","birds"
344120,"Chordata","Aves","Charadriiformes","Alcidae","Synthliboramphus","Synthliboramphus antiquus",,,,,,FALSE,TRUE,FALSE,"LC","LC","ancient murrelet, Guillemot à cou blanc","birds"
567469,"Chordata","Aves","Charadriiformes","Scolopacidae","Tringa","Tringa brevipes",,,,,,FALSE,TRUE,FALSE,"NT","NT","grey-tailed tattler, chevalier de Sibérie","birds"
137133,"Chordata","Aves","Charadriiformes","Alcidae","Uria","Uria aalge",,,,,,FALSE,TRUE,FALSE,"LC","LC","common murre, guillemot à capuchon","birds"
137134,"Chordata","Aves","Charadriiformes","Alcidae","Uria","Uria lomvia",,,,,,FALSE,TRUE,FALSE,"LC","LC","thick-billed murre, guillemot à gros bec","birds"
159115,"Chordata","Aves","Ciconiiformes","Ardeidae","Egretta","Egretta garzetta",,,,,,FALSE,TRUE,FALSE,"LC","LC","little egret, aigrette garzette","birds"
232053,"Chordata","Aves","Falconiformes","Accipitridae","Haliaeetus","Haliaeetus albicilla",,,,,,FALSE,TRUE,FALSE,"LC","LC","white-tailed eagle, pygargue à queue blanche","birds"
137185,"Chordata","Aves","Gaviiformes","Gaviidae","Gavia","Gavia adamsii",,,,,,FALSE,TRUE,FALSE,"NT","NT","yellow-billed loon, plongeon à bec blanc","birds"
137186,"Chordata","Aves","Gaviiformes","Gaviidae","Gavia","Gavia arctica",,,,,,FALSE,TRUE,FALSE,"LC","LC","black-throated loon, plongeon arctique","birds"
422575,"Chordata","Aves","Gaviiformes","Gaviidae","Gavia","Gavia pacifica",,,,,,FALSE,TRUE,FALSE,"LC","LC","Pacific loon, longeon du Pacifique","birds"
137188,"Chordata","Aves","Gaviiformes","Gaviidae","Gavia","Gavia stellata",,,,,,FALSE,TRUE,FALSE,"LC","LC","red-throated loon, plongeon catmarin","birds"
343940,"Chordata","Aves","Pelecaniformes","Phalacrocoracidae","Phalacrocorax","Phalacrocorax capillatus",,,,,,FALSE,TRUE,FALSE,"LC","LC","Japanese cormorant, cormoran de Temminck","birds"
137179,"Chordata","Aves","Pelecaniformes","Phalacrocoracidae","Phalacrocorax","Phalacrocorax carbo",,,,,,FALSE,TRUE,FALSE,"LC","LC","great cormorant, grand cormoran","birds"
343950,"Chordata","Aves","Pelecaniformes","Phalacrocoracidae","Phalacrocorax","Phalacrocorax pelagicus",,,,,,FALSE,TRUE,FALSE,,,"pelagic cormorant, cormoran pélagique","birds"
137181,"Chordata","Aves","Podicipediformes","Podicipedidae","Podiceps","Podiceps auritus",,,,,,FALSE,TRUE,FALSE,"VU","VU","horned grebe, grèbe esclavon","birds"
137183,"Chordata","Aves","Podicipediformes","Podicipedidae","Podiceps","Podiceps grisegena",,,,,,FALSE,TRUE,FALSE,"LC","LC","red-necked grebe, grèbe jougris","birds"
343971,"Chordata","Aves","Procellariiformes","Procellariidae","Calonectris","Calonectris leucomelas",,,,,,FALSE,TRUE,FALSE,"NT","NT","streaked shearwater, puffin leucomèle","birds"
137195,"Chordata","Aves","Procellariiformes","Procellariidae","Fulmarus","Fulmarus glacialis",,,,,,FALSE,TRUE,FALSE,"LC","LC","northern fulmar, pétrel fulmar","birds"
343962,"Chordata","Aves","Procellariiformes","Hydrobatidae","Oceanodroma","Oceanodroma furcata",,,,,,FALSE,TRUE,FALSE,,,"fork-tailed storm petrel, océanite à queue fourchue","birds"
137192,"Chordata","Aves","Procellariiformes","Hydrobatidae","Oceanodroma","Oceanodroma leucorhoa",,,,,,FALSE,TRUE,FALSE,,,"Leach's storm-petrel, océanite culblanc","birds"
344103,"Chordata","Aves","Procellariiformes","Diomedeidae","Phoebastria","Phoebastria albatrus",,,,,,FALSE,TRUE,FALSE,"VU","VU","short-tailed albatross, albatros à queue courte","birds"
344104,"Chordata","Aves","Procellariiformes","Diomedeidae","Phoebastria","Phoebastria immutabilis",,,,,,FALSE,TRUE,FALSE,"NT","NT","Laysan albatross, albatros de Laysan","birds"
344106,"Chordata","Aves","Procellariiformes","Diomedeidae","Phoebastria","Phoebastria nigripes",,,,,,FALSE,TRUE,FALSE,"NT","NT","black-footed albatross, albatros à pieds noirs","birds"
212635,"Chordata","Aves","Procellariiformes","Procellariidae","Puffinus","Puffinus carneipes",,,,,,FALSE,TRUE,FALSE,,,"pale-footed shearwater, Puffin à pieds pâles","birds"
137202,"Chordata","Aves","Procellariiformes","Procellariidae","Puffinus","Puffinus griseus",,,,,,FALSE,TRUE,FALSE,,,"sooty shearwater, puffin fuligineux","birds"
225770,"Chordata","Aves","Procellariiformes","Procellariidae","Puffinus","Puffinus tenuirostris",,,,,,FALSE,TRUE,FALSE,,,"short-tailed shearwater, puffin à bec grêle","birds"
100982,"Cnidaria","Hexacorallia","Actiniaria","Metridiidae","Metridium","Metridium senile",,,,,,FALSE,TRUE,FALSE,,,"clonal plumose anemone, oeillet de mer","cnidarians"
284520,"Cnidaria","Hydrozoa","Anthoathecata","Corynidae","Coryne","Coryne uchidai",,,,,,FALSE,TRUE,FALSE,,,,"cnidarians"
991108,"Arthropoda","Malacostraca","Amphipoda","Melitidae","Abludomelita","Abludomelita klitinii",,,,,,FALSE,TRUE,FALSE,,,,"crustaceans"
489564,"Arthropoda","Malacostraca","Amphipoda","Dogielinotidae","Haustorioides","Haustorioides munsterhjelmi",2,,,2017,,TRUE,TRUE,FALSE,,,,"crustaceans"
549723,"Arthropoda","Malacostraca","Amphipoda","Pleustidae","Heteropleustes","Heteropleustes brachypalmus",,,,,,FALSE,TRUE,FALSE,,,,"crustaceans"
527407,"Arthropoda","Malacostraca","Isopoda","Sphaeromatidae","Dynoides","Dynoides bicolor",,,,,,FALSE,TRUE,FALSE,,,,"crustaceans"
257351,"Arthropoda","Malacostraca","Isopoda","Idoteidae","Idotea","Idotea ochotensis",,,,,,FALSE,TRUE,FALSE,,,,"crustaceans"
271421,"Chordata","Elasmobranchii","Lamniformes","Lamnidae","Lamna","Lamna ditropis",,,,,,FALSE,TRUE,FALSE,"LC","LC","salmon shark, requin-taupe saumon","fish"
254537,"Chordata","Teleostei","Gadiformes","Gadidae","Eleginus","Eleginus gracilis",2,,,,,TRUE,TRUE,FALSE,,,"saffron cod","fish"
300735,"Chordata","Teleostei","Gadiformes","Gadidae","Gadus","Gadus chalcogrammus",,,,,,FALSE,TRUE,FALSE,,,,"fish"
281428,"Chordata","Teleostei","Gobiiformes","Gobiidae","Luciogobius","Luciogobius guttatus",,,,,,FALSE,TRUE,FALSE,"LC","LC",,"fish"
1509599,"Chordata","Teleostei","Mugiliformes","Mugilidae","Planiliza","Planiliza haematocheilus",1,,,,,TRUE,TRUE,FALSE,,,,"fish"
279421,"Chordata","Teleostei","Osmeriformes","Osmeridae","Hypomesus","Hypomesus nipponensis",2,,,,,TRUE,TRUE,FALSE,"LC","LC","wakasagi","fish"
279545,"Chordata","Teleostei","Perciformes","Cottidae","Alcichthys","Alcichthys elongatus",1,,,,,TRUE,TRUE,FALSE,"LC","LC","Oblong elkhorn sculpin","fish"
279547,"Chordata","Teleostei","Perciformes","Stichaeidae","Alectrias","Alectrias alectrolophus",5,,,,,TRUE,TRUE,FALSE,,,"stone cockscomb","fish"
279548,"Chordata","Teleostei","Perciformes","Stichaeidae","Alectrias","Alectrias benjamini",4,,,,,TRUE,TRUE,FALSE,,,,"fish"
279549,"Chordata","Teleostei","Perciformes","Stichaeidae","Alectrias","Alectrias cirratus",2,,,,,TRUE,TRUE,FALSE,,,"Ciliate cockscomb","fish"
254510,"Chordata","Teleostei","Perciformes","Ammodytidae","Ammodytes","Ammodytes hexapterus",,,,,,FALSE,TRUE,FALSE,,,"Arctic sand lance, lançon arctique","fish"
279689,"Chordata","Teleostei","Perciformes","Cottidae","Argyrocottus","Argyrocottus zanderi",3,,,,,TRUE,TRUE,FALSE,,,"Threadfoot sculpin","fish"
279416,"Chordata","Teleostei","Perciformes","Bathymasteridae","Bathymaster","Bathymaster derjugini",1,,,,,TRUE,TRUE,FALSE,"DD","DD","Bluecheek ronquil","fish"
279905,"Chordata","Teleostei","Perciformes","Cottidae","Bero","Bero elegans",29,,,,,TRUE,TRUE,FALSE,,,"Elegant sculpin","fish"
279417,"Chordata","Teleostei","Perciformes","Hemitripteridae","Blepsias","Blepsias cirrhosus",8,,,,,TRUE,TRUE,FALSE,,,"silverspotted sculpin, chabot à taches argentées","fish"
279946,"Chordata","Teleostei","Perciformes","Agonidae","Bothragonus","Bothragonus occidentalis",3,,,,,TRUE,TRUE,FALSE,,,"Rhino poacher","fish"
279397,"Chordata","Teleostei","Perciformes","Zoarcidae","Bothrocara","Bothrocara brunneum",1,,,,,TRUE,FALSE,FALSE,,,"twoline eelpout, lycode à deux lignes","fish"
279399,"Chordata","Teleostei","Perciformes","Zoarcidae","Bothrocara","Bothrocara hollandi",1,,,,,TRUE,FALSE,FALSE,,,"Porous-head eelpout","fish"
273989,"Chordata","Teleostei","Perciformes","Stichaeidae","Chirolophis","Chirolophis japonicus",9,,,,,TRUE,TRUE,FALSE,,,"Mottled warbonnet","fish"
273990,"Chordata","Teleostei","Perciformes","Stichaeidae","Chirolophis","Chirolophis saitone",4,,,,,TRUE,TRUE,FALSE,,,"Haired warbonnet","fish"
154784,"Chordata","Teleostei","Perciformes","Cottidae","Enophrys","Enophrys diceraus",1,,,,,TRUE,TRUE,FALSE,,,"antlered sculpin","fish"
280705,"Chordata","Teleostei","Perciformes","Stichaeidae","Ernogrammus","Ernogrammus hexagrammus",9,,,,,TRUE,TRUE,FALSE,,,,"fish"
254565,"Chordata","Teleostei","Perciformes","Psychrolutidae","Eurymen","Eurymen gyrinus",1,,,,,TRUE,FALSE,FALSE,,,"smoothcheek sculpin","fish"
274374,"Chordata","Teleostei","Perciformes","Cottidae","Gymnocanthus","Gymnocanthus intermedius",8,,,,,TRUE,TRUE,FALSE,,,"Intermediate staghorn sculpin","fish"
280960,"Chordata","Teleostei","Perciformes","Stichaeidae","Gymnoclinus","Gymnoclinus cristulatus",1,,,,,TRUE,TRUE,FALSE,,,"trident prickleback","fish"
280970,"Chordata","Teleostei","Perciformes","Zoarcidae","Hadropareia","Hadropareia middendorffii",1,,,,,TRUE,TRUE,FALSE,"LC","LC","Middendorff's eelpout","fish"
254544,"Chordata","Teleostei","Perciformes","Hexagrammidae","Hexagrammos","Hexagrammos octogrammus",7,,,,,TRUE,TRUE,FALSE,,,"masked greenling, sourcil masqué","fish"
281140,"Chordata","Teleostei","Perciformes","Cottidae","Icelinus","Icelinus pietschi",2,,,,,TRUE,TRUE,FALSE,,,,"fish"
274377,"Chordata","Teleostei","Perciformes","Cottidae","Icelus","Icelus cataphractus",1,,,,,TRUE,FALSE,FALSE,,,"Thory sculpin","fish"
1495546,"Chordata","Teleostei","Perciformes","Cottidae","Icelus","Icelus mororanis",,,,,,FALSE,TRUE,FALSE,,,,"fish"
274385,"Chordata","Teleostei","Perciformes","Cottidae","Icelus","Icelus sekii",,,,,,FALSE,TRUE,FALSE,,,,"fish"
274499,"Chordata","Teleostei","Perciformes","Liparidae","Liparis","Liparis agassizii",8,,,,,TRUE,TRUE,FALSE,,,"Agassiz's snailfish","fish"
274514,"Chordata","Teleostei","Perciformes","Liparidae","Liparis","Liparis frenatus",1,,,,,TRUE,TRUE,FALSE,,,"Constrained snailfish","fish"
274526,"Chordata","Teleostei","Perciformes","Liparidae","Liparis","Liparis miostomus",2,,,,,TRUE,TRUE,FALSE,,,,"fish"
274389,"Chordata","Teleostei","Perciformes","Cottidae","Myoxocephalus","Myoxocephalus brandtii",4,,,,,TRUE,TRUE,FALSE,,,"Snowy sculpin","fish"
154570,"Chordata","Teleostei","Perciformes","Cottidae","Myoxocephalus","Myoxocephalus stelleri",26,,,,,TRUE,TRUE,FALSE,,,"frog sculpin","fish"
254543,"Chordata","Teleostei","Perciformes","Hemitripteridae","Nautichthys","Nautichthys pribilovius",,,,,,FALSE,TRUE,FALSE,,,"eyeshade sculpin","fish"
254580,"Chordata","Teleostei","Perciformes","Stichaeidae","Neozoarces","Neozoarces steindachneri",12,,,,,TRUE,TRUE,FALSE,,,,"fish"
281916,"Chordata","Teleostei","Perciformes","Stichaeidae","Opisthocentrus","Opisthocentrus ocellatus",10,,,,,TRUE,TRUE,FALSE,,,"Ocellated blenny ","fish"
281918,"Chordata","Teleostei","Perciformes","Stichaeidae","Opisthocentrus","Opisthocentrus zonope",4,,,,,TRUE,TRUE,FALSE,,,"Seaweed gunnel","fish"
254396,"Chordata","Teleostei","Perciformes","Agonidae","Pallasina","Pallasina barbata",4,,,,,TRUE,TRUE,FALSE,,,"tubenose poacher, agone barbu","fish"
282240,"Chordata","Teleostei","Perciformes","Stichaeidae","Pholidapus","Pholidapus dybowskii",4,,,,,TRUE,TRUE,FALSE,,,"Dybowsky's blenny","fish"
273687,"Chordata","Teleostei","Perciformes","Pholidae","Pholis","Pholis crassispina",1,,,,,TRUE,TRUE,FALSE,,,,"fish"
254560,"Chordata","Teleostei","Perciformes","Pholidae","Pholis","Pholis picta",6,,,,,TRUE,TRUE,FALSE,,,"Painted gunnel","fish"
279435,"Chordata","Teleostei","Perciformes","Agonidae","Podothecus","Podothecus sturioides",1,,,,,TRUE,FALSE,FALSE,,,"Hawk poacher","fish"
279425,"Chordata","Teleostei","Perciformes","Cottidae","Porocottus","Porocottus allisi",13,,,,,TRUE,TRUE,FALSE,,,,"fish"
279432,"Chordata","Teleostei","Perciformes","Cottidae","Porocottus","Porocottus tentaculatus",5,,,,,TRUE,TRUE,FALSE,,,,"fish"
282397,"Chordata","Teleostei","Perciformes","Stichaeidae","Pseudalectrias","Pseudalectrias tarasovi",4,,,,,TRUE,TRUE,FALSE,,,,"fish"
282539,"Chordata","Teleostei","Perciformes","Cottidae","Radulinopsis","Radulinopsis derjavini",6,,,,,TRUE,TRUE,FALSE,,,"Derjavini's sculpin","fish"
282599,"Chordata","Teleostei","Perciformes","Pholidae","Rhodymenichthys","Rhodymenichthys dolichogaster",13,,,,,TRUE,TRUE,FALSE,,,"stippled gunnel","fish"
282612,"Chordata","Teleostei","Perciformes","Cottidae","Ricuzenius","Ricuzenius nudithorax",1,,,,,TRUE,FALSE,FALSE,"LC","LC",,"fish"
254376,"Chordata","Teleostei","Perciformes","Agonidae","Sarritor","Sarritor leptorhynchus",1,,,,,TRUE,FALSE,FALSE,,,"longnose poacher","fish"
274849,"Chordata","Teleostei","Perciformes","Sebastidae","Sebastes","Sebastes schlegelii",12,,,,,TRUE,TRUE,FALSE,,,"Korean rockfish","fish"
274859,"Chordata","Teleostei","Perciformes","Sebastidae","Sebastes","Sebastes taczanowskii",2,,,,,TRUE,TRUE,FALSE,,,"White-edged rockfish","fish"
282887,"Chordata","Teleostei","Perciformes","Stichaeidae","Stichaeopsis","Stichaeopsis epallax",3,,,,,TRUE,TRUE,FALSE,,,"Forkline prickleback","fish"
282888,"Chordata","Teleostei","Perciformes","Stichaeidae","Stichaeopsis","Stichaeopsis nana",14,,,,,TRUE,TRUE,FALSE,,,"Network prickleback","fish"
276559,"Chordata","Teleostei","Perciformes","Stichaeidae","Stichaeus","Stichaeus ochriamkini",1,,,,,TRUE,TRUE,FALSE,,,"Ochriamkin’s shanny","fish"
159819,"Chordata","Teleostei","Perciformes","Stichaeidae","Stichaeus","Stichaeus punctatus",,,,,,FALSE,TRUE,FALSE,,,"Arctic shanny, stichée arctique","fish"
274153,"Chordata","Teleostei","Perciformes","Zoarcidae","Zoarces","Zoarces elongatus",2,,,,,TRUE,TRUE,FALSE,,,"Notched-fin eelpout","fish"
279481,"Chordata","Teleostei","Pleuronectiformes","Pleuronectidae","Acanthopsetta","Acanthopsetta nadeshnyi",2,,,,,TRUE,FALSE,FALSE,"LC","LC","Scale-eye plaice","fish"
280211,"Chordata","Teleostei","Pleuronectiformes","Pleuronectidae","Cleisthenes","Cleisthenes pinetorum",1,,,,,TRUE,FALSE,FALSE,"LC","LC",,"fish"
274286,"Chordata","Teleostei","Pleuronectiformes","Pleuronectidae","Glyptocephalus","Glyptocephalus stelleri",1,,,,,TRUE,FALSE,FALSE,"DD","DD","Korean flounder","fish"
281306,"Chordata","Teleostei","Pleuronectiformes","Pleuronectidae","Lepidopsetta","Lepidopsetta mochigarei",1,,,,,TRUE,FALSE,FALSE,"LC","LC","Dusky sole","fish"
1605262,"Chordata","Teleostei","Pleuronectiformes","Pleuronectidae","Myzopsetta","Myzopsetta punctatissima",,,,,,FALSE,TRUE,FALSE,"DD","DD",,"fish"
275358,"Chordata","Teleostei","Pleuronectiformes","Pleuronectidae","Pseudopleuronectes","Pseudopleuronectes obscurus",9,,,,,TRUE,TRUE,FALSE,"DD","DD","Black plaice","fish"
283141,"Chordata","Teleostei","Pleuronectiformes","Pleuronectidae","Verasper","Verasper moseri",,,,,,FALSE,TRUE,FALSE,"VU","VU",,"fish"
127182,"Chordata","Teleostei","Salmoniformes","Salmonidae","Oncorhynchus","Oncorhynchus gorbuscha",,,,,,FALSE,TRUE,FALSE,,,"pink salmon, saumon rose du Pacifique","fish"
127183,"Chordata","Teleostei","Salmoniformes","Salmonidae","Oncorhynchus","Oncorhynchus keta",,,,,,FALSE,TRUE,FALSE,,,"Keta salmon, saumon chien","fish"
293637,"Chordata","Teleostei","Salmoniformes","Salmonidae","Oncorhynchus","Oncorhynchus masou",,,,,,FALSE,TRUE,FALSE,,,"Cherry salmon","fish"
254570,"Chordata","Teleostei","Salmoniformes","Salmonidae","Salvelinus","Salvelinus malma",,,,,,FALSE,TRUE,FALSE,,,"dolly varden, Dolly Varden","fish"
275231,"Chordata","Teleostei","Syngnathiformes","Syngnathidae","Syngnathus","Syngnathus schlegeli",1,,,,,TRUE,TRUE,FALSE,"LC","LC","Seaweed pipefish","fish"
254999,"Chordata","Mammalia","Carnivora","Otariidae","Eumetopias","Eumetopias jubatus",,,,,,FALSE,TRUE,FALSE,"NT","NT","Steller sea lion","mammals"
255017,"Chordata","Mammalia","Carnivora","Phocidae","Histriophoca","Histriophoca fasciata",,,,,,FALSE,TRUE,FALSE,"LC","LC","ribbon seal","mammals"
137087,"Chordata","Mammalia","Cetartiodactyla","Balaenopteridae","Balaenoptera","Balaenoptera acutorostrata",,,,,,FALSE,TRUE,FALSE,"LC","LC","minke whale, rorqual mineur","mammals"
242608,"Chordata","Mammalia","Cetartiodactyla","Ziphiidae","Berardius","Berardius bairdii",,,,,,FALSE,TRUE,FALSE,"LC","LC","Baird's beaked whale, bérardien de Baird","mammals"
1576136,"Chordata","Mammalia","Cetartiodactyla","Ziphiidae","Berardius","Berardius minimus",,,,,,FALSE,TRUE,FALSE,"NT","NT",,"mammals"
254974,"Chordata","Mammalia","Cetartiodactyla","Balaenidae","Eubalaena","Eubalaena japonica",,,,,,FALSE,TRUE,FALSE,"EN","EN","North Pacific right whale, baleine du Japon","mammals"
137092,"Chordata","Mammalia","Cetartiodactyla","Balaenopteridae","Megaptera","Megaptera novaeangliae",2,,,2023,,TRUE,FALSE,FALSE,"LC","LC","humpback whale, rorqual keporkak","mammals"
137102,"Chordata","Mammalia","Cetartiodactyla","Delphinidae","Orcinus","Orcinus orca",,,,,,FALSE,TRUE,FALSE,"DD","DD","killer-trasher, orque","mammals"
137117,"Chordata","Mammalia","Cetartiodactyla","Phocoenidae","Phocoena","Phocoena phocoena",,,,,,FALSE,TRUE,FALSE,"LC","LC","harbor porpoise, poursille","mammals"
254987,"Chordata","Mammalia","Cetartiodactyla","Phocoenidae","Phocoenoides","Phocoenoides dalli",,,,,,FALSE,TRUE,FALSE,"LC","LC","Dall porpoise, marsouin de Dall","mammals"
137119,"Chordata","Mammalia","Cetartiodactyla","Physeteridae","Physeter","Physeter macrocephalus",19,,,2023,,TRUE,TRUE,FALSE,"VU","VU","sperm whale, cachalot à dents pointues","mammals"
1571909,"Chordata","Mammalia","Cetartiodactyla","Delphinidae","Sagmatias","Sagmatias obliquidens",,,,,,FALSE,TRUE,FALSE,,,,"mammals"
504825,"Mollusca","Bivalvia","Carditida","Astartidae","Astarte","Astarte vernicosa",,,,,,FALSE,TRUE,FALSE,,,,"molluscs"
1514455,"Mollusca","Bivalvia","Carditida","Carditidae","Crassicardia","Crassicardia crebricostata",,,,,,FALSE,TRUE,FALSE,,,,"molluscs"
140472,"Mollusca","Bivalvia","Mytilida","Mytilidae","Musculus","Musculus discors",,,,,,FALSE,TRUE,FALSE,,,"discordant mussel","molluscs"
140579,"Mollusca","Bivalvia","Nuculanida","Nuculanidae","Nuculana","Nuculana pernula",,,,,,FALSE,TRUE,FALSE,,,"Müller's nut clam","molluscs"
544917,"Mollusca","Bivalvia","Nuculanida","Yoldiidae","Yoldia","Yoldia johanni",,,,,,FALSE,TRUE,FALSE,,,,"molluscs"
157005,"Mollusca","Bivalvia","Nuculanida","Yoldiidae","Yoldia","Yoldia limatula",,,,,,FALSE,TRUE,FALSE,,,"file yoldia, amande de mer","molluscs"
506572,"Mollusca","Bivalvia","Nuculida","Nuculidae","Acila","Acila vigilia",,,,,,FALSE,TRUE,FALSE,,,,"molluscs"
545262,"Mollusca","Gastropoda","Littorinimorpha","Caecidae","Caecum","Caecum glabellum",,,,,,FALSE,TRUE,FALSE,,,,"molluscs"
576396,"Mollusca","Gastropoda","Littorinimorpha","Falsicingulidae","Falsicingula","Falsicingula athera",,,,,,FALSE,TRUE,FALSE,,,,"molluscs"
527646,"Mollusca","Gastropoda","Littorinimorpha","Falsicingulidae","Falsicingula","Falsicingula kurilensis",1,,,1867,,TRUE,FALSE,FALSE,,,,"molluscs"
476496,"Mollusca","Gastropoda","Littorinimorpha","Cymatiidae","Fusitriton","Fusitriton oregonensis",,,,,,FALSE,TRUE,FALSE,,,"Oregon triton","molluscs"
571646,"Mollusca","Gastropoda","Littorinimorpha","Calyptraeidae","Grandicrepidula","Grandicrepidula grandis",1,,,1864,,TRUE,FALSE,FALSE,,,,"molluscs"
445754,"Mollusca","Gastropoda","Littorinimorpha","Littorinidae","Littorina","Littorina sitkana",,,,,,FALSE,TRUE,FALSE,,,,"molluscs"
490688,"Mollusca","Gastropoda","Neogastropoda","Buccinidae","Ancistrolepis","Ancistrolepis grammata",,,,,,FALSE,TRUE,FALSE,,,"Grammatus whelk","molluscs"
490782,"Mollusca","Gastropoda","Neogastropoda","Buccinidae","Buccinum","Buccinum aniwanum",,,,,,FALSE,TRUE,FALSE,,,,"molluscs"
490793,"Mollusca","Gastropoda","Neogastropoda","Buccinidae","Buccinum","Buccinum chishimanum",,,,,,FALSE,TRUE,FALSE,,,,"molluscs"
490815,"Mollusca","Gastropoda","Neogastropoda","Buccinidae","Buccinum","Buccinum kinukatsugi",,,,,,FALSE,TRUE,FALSE,,,,"molluscs"
490837,"Mollusca","Gastropoda","Neogastropoda","Buccinidae","Buccinum","Buccinum opisoplectum",,,,,,FALSE,TRUE,FALSE,,,,"molluscs"
490839,"Mollusca","Gastropoda","Neogastropoda","Buccinidae","Buccinum","Buccinum osagawai",1,,,,,TRUE,TRUE,FALSE,,,,"molluscs"
491401,"Mollusca","Gastropoda","Neogastropoda","Buccinidae","Buccinum","Buccinum pemphigus",,,,,,FALSE,TRUE,FALSE,,,,"molluscs"
580736,"Mollusca","Gastropoda","Neogastropoda","Buccinidae","Clinopegma","Clinopegma magnum unicum",,,,,,FALSE,TRUE,FALSE,,,,"molluscs"
196600,"Mollusca","Gastropoda","Neogastropoda","Buccinidae","Neptunea","Neptunea arthritica",1,,,,,TRUE,FALSE,FALSE,,,"Arthritic neptune","molluscs"
491178,"Mollusca","Gastropoda","Neogastropoda","Buccinidae","Neptunea","Neptunea lamellosa",,,,,,FALSE,TRUE,FALSE,,,,"molluscs"
458726,"Mollusca","Gastropoda","Neogastropoda","Buccinidae","Neptunea","Neptunea polycostata",,,,,,FALSE,TRUE,FALSE,,,"Ezo neptune","molluscs"
491194,"Mollusca","Gastropoda","Neogastropoda","Buccinidae","Neptunea","Neptunea varicifera",,,,,,FALSE,TRUE,FALSE,,,"Winged neptune","molluscs"
404384,"Mollusca","Gastropoda","Neogastropoda","Muricidae","Nucella","Nucella lima",,,,,,FALSE,TRUE,FALSE,,,"file dog winkle","molluscs"
491384,"Mollusca","Gastropoda","Neogastropoda","Buccinidae","Volutharpa","Volutharpa perryi",,,,,,FALSE,TRUE,FALSE,,,,"molluscs"
1644458,"Mollusca","Gastropoda","Trochida","Colloniidae","Gigahomalopoma","Gigahomalopoma sangarense",1,,,1991,,TRUE,FALSE,FALSE,,,,"molluscs"
456615,"Mollusca","Gastropoda",,"Lottiidae","Nipponacmea","Nipponacmea nigrans",,,,,,FALSE,TRUE,FALSE,,,,"molluscs"
386408,"Mollusca","Polyplacophora","Chitonida","Tonicellidae","Boreochiton","Boreochiton beringensis",1,,,1972,,TRUE,FALSE,FALSE,,,,"molluscs"
386094,"Mollusca","Polyplacophora","Chitonida","Ischnochitonidae","Tripoplax","Tripoplax albrechtii",2,,,1972,,TRUE,FALSE,FALSE,,,,"molluscs"
469300,"Bryozoa","Gymnolaemata","Cheilostomatida","Calloporidae","Cauloramphus","Cauloramphus magnus",,,,,,FALSE,TRUE,FALSE,,,,"moss animals"
137205,"Chordata",,"Testudines","Cheloniidae","Caretta","Caretta caretta",9,,,2011,,TRUE,TRUE,FALSE,"VU","VU","logerhead sea turtle, tortue Caouanne","turtles"
1583403,"Annelida","Polychaeta","Terebellida","Flabelligeridae","Flabelligera","Flabelligera sekii",,,,,,FALSE,TRUE,FALSE,,,,"worms"
1456971,"Basidiomycota","Agaricomycetes","Agaricales","Agaricaceae","Amanita","Amanita muscaria",,,,,,FALSE,TRUE,FALSE,,,,
122889,"Nematoda","Chromadorea","Rhabditida","Anisakidae","Anisakis","Anisakis simplex",,,,,,FALSE,TRUE,FALSE,,,"herring worm",
827170,"Nematoda","Chromadorea","Rhabditida","Anisakidae","Anisakis","Anisakis simplex",,,,,,FALSE,TRUE,FALSE,,,,
459042,"Nematoda","Chromadorea","Rhabditida","Tetrameridae","Crassicauda","Crassicauda giliakiana",,,,,,FALSE,TRUE,FALSE,,,,
934661,"Nematoda","Enoplea","Enoplida","Oncholaimidae","Adoncholaimus","Adoncholaimus daikokuensis",,,,,,FALSE,TRUE,FALSE,,,,
108948,"Platyhelminthes","Trematoda","Plagiorchiida","Brachycladiidae","Campula","Campula oblonga",,,,,,FALSE,TRUE,FALSE,,,,
1297680,"Tracheophyta","Magnoliopsida","Alismatales","Potamogetonaceae","Potamogeton","Potamogeton berchtoldii",,,,,,FALSE,TRUE,FALSE,"LC","LC","small pondweed",
412894,"Tracheophyta","Magnoliopsida","Caryophyllales","Caryophyllaceae","Honckenya","Honckenya peploides",,,,,,FALSE,TRUE,FALSE,,,"seaside sandplant",
577506,"Tracheophyta","Magnoliopsida","Poales","Poaceae","Elymus","Elymus repens",,,,,,FALSE,TRUE,FALSE,,,"quackgrass",
431962,"Tracheophyta","Magnoliopsida","Poales","Poaceae","Festuca","Festuca rubra",,,,,,FALSE,TRUE,FALSE,,,"red fescue",
577519,"Tracheophyta","Magnoliopsida","Poales","Poaceae","Phleum","Phleum pratense",,,,,,FALSE,TRUE,FALSE,,,"common timothy",
416209,"Tracheophyta","Magnoliopsida","Poales","Poaceae","Phragmites","Phragmites australis",,,,,,FALSE,TRUE,FALSE,"LC","LC","common reed",
1523497,"Tracheophyta","Polypodiopsida","Equisetales","Equisetaceae","Equisetum","Equisetum arvense",,,,,,FALSE,TRUE,FALSE,"LC","LC",,
