"AphiaID","phylum","class","order","family","genus","species","records","reads","asvs","max_year","target_gene","source_obis","source_gbif","source_dna","category","redlist_category","vernacular","group"
144462,"Chlorophyta","Ulvophyceae","Bryopsidales","Derbesiaceae","Derbesia","Derbesia marina",1,,,1997,,TRUE,TRUE,FALSE,,,,"algae"
145064,"Chlorophyta","Ulvophyceae","Cladophorales","Cladophoraceae","Cladophora","Cladophora rupestris",5,,,2015,,TRUE,TRUE,FALSE,,,,"algae"
211462,"Chlorophyta","Ulvophyceae","Ulvales","Ulvaceae","Ulva","Ulva fenestrata",,,,,,FALSE,TRUE,FALSE,,,,"algae"
234471,"Chlorophyta","Ulvophyceae","Ulvales","Ulvaceae","Ulva","Ulva intestinalis",7,,,2015,,TRUE,TRUE,FALSE,,,,"algae"
145984,"Chlorophyta","Ulvophyceae","Ulvales","Ulvaceae","Ulva","Ulva lactuca",1,,,2015,,TRUE,FALSE,FALSE,,,,"algae"
145307,"Ochrophyta","Phaeophyceae","Desmarestiales","Desmarestiaceae","Desmarestia","Desmarestia aculeata",11,,,2015,,TRUE,TRUE,FALSE,,,,"algae"
145309,"Ochrophyta","Phaeophyceae","Desmarestiales","Desmarestiaceae","Desmarestia","Desmarestia ligulata",31,,,1997,,TRUE,TRUE,FALSE,,,,"algae"
145310,"Ochrophyta","Phaeophyceae","Desmarestiales","Desmarestiaceae","Desmarestia","Desmarestia viridis",27,,,1997,,TRUE,TRUE,FALSE,,,,"algae"
145367,"Ochrophyta","Phaeophyceae","Dictyotales","Dictyotaceae","Dictyota","Dictyota dichotoma",88,,,2015,,TRUE,TRUE,FALSE,,,,"algae"
145544,"Ochrophyta","Phaeophyceae","Fucales","Fucaceae","Fucus","Fucus distichus",1,,,2015,,TRUE,TRUE,FALSE,,,,"algae"
145547,"Ochrophyta","Phaeophyceae","Fucales","Fucaceae","Fucus","Fucus spiralis",1,,,2015,,TRUE,TRUE,FALSE,,,,"algae"
145548,"Ochrophyta","Phaeophyceae","Fucales","Fucaceae","Fucus","Fucus vesiculosus",,,,,,FALSE,TRUE,FALSE,,,,"algae"
145551,"Ochrophyta","Phaeophyceae","Fucales","Himanthaliaceae","Himanthalia","Himanthalia elongata",,,,,,FALSE,TRUE,FALSE,,,,"algae"
145716,"Ochrophyta","Phaeophyceae","Laminariales","Alariaceae","Alaria","Alaria esculenta",56,,,2015,,TRUE,TRUE,FALSE,,,,"algae"
145724,"Ochrophyta","Phaeophyceae","Laminariales","Laminariaceae","Laminaria","Laminaria digitata",16,,,2013,,TRUE,TRUE,FALSE,,,,"algae"
145725,"Ochrophyta","Phaeophyceae","Laminariales","Laminariaceae","Laminaria","Laminaria hyperborea",160,,,2015,,TRUE,TRUE,FALSE,,,,"algae"
234483,"Ochrophyta","Phaeophyceae","Laminariales","Laminariaceae","Saccharina","Saccharina latissima",39,,,2015,,TRUE,TRUE,FALSE,,,,"algae"
145297,"Ochrophyta","Phaeophyceae","Tilopteridales","Cutleriaceae","Cutleria","Cutleria multifida",9,,,1997,,TRUE,TRUE,FALSE,,,,"algae"
145735,"Ochrophyta","Phaeophyceae","Tilopteridales","Phyllariaceae","Saccorhiza","Saccorhiza polyschides",9,,,1997,,TRUE,TRUE,FALSE,,,,"algae"
144437,"Rhodophyta","Bangiophyceae","Bangiales","Bangiaceae","Porphyra","Porphyra umbilicalis",4,,,2015,,TRUE,TRUE,FALSE,,,,"algae"
144440,"Rhodophyta","Florideophyceae","Bonnemaisoniales","Bonnemaisoniaceae","Bonnemaisonia","Bonnemaisonia asparagoides",26,,,2015,,TRUE,TRUE,FALSE,,,,"algae"
144442,"Rhodophyta","Florideophyceae","Bonnemaisoniales","Bonnemaisoniaceae","Bonnemaisonia","Bonnemaisonia hamifera",15,,,1997,,TRUE,TRUE,FALSE,,,,"algae"
295874,"Rhodophyta","Florideophyceae","Ceramiales","Delesseriaceae","Acrosorium","Acrosorium ciliolatum",7,,,1997,,TRUE,TRUE,FALSE,,,,"algae"
144737,"Rhodophyta","Florideophyceae","Ceramiales","Delesseriaceae","Apoglossum","Apoglossum ruscifolium",1,,,1997,,TRUE,TRUE,FALSE,,,,"algae"
144529,"Rhodophyta","Florideophyceae","Ceramiales","Callithamniaceae","Callithamnion","Callithamnion tetragonum",1,,,1997,,TRUE,TRUE,FALSE,,,,"algae"
144563,"Rhodophyta","Florideophyceae","Ceramiales","Ceramiaceae","Ceramium","Ceramium shuttleworthianum",3,,,2015,,TRUE,TRUE,FALSE,,,,"algae"
144743,"Rhodophyta","Florideophyceae","Ceramiales","Delesseriaceae","Cryptopleura","Cryptopleura ramosa",48,,,2015,,TRUE,TRUE,FALSE,,,,"algae"
144744,"Rhodophyta","Florideophyceae","Ceramiales","Delesseriaceae","Delesseria","Delesseria sanguinea",100,,,2015,,TRUE,TRUE,FALSE,,,,"algae"
1649768,"Rhodophyta","Florideophyceae","Ceramiales","Rhodomelaceae","Deltalsia","Deltalsia parasitica",,,,,,FALSE,TRUE,FALSE,,,,"algae"
144747,"Rhodophyta","Florideophyceae","Ceramiales","Delesseriaceae","Drachiella","Drachiella spectabilis",3,,,2013,,TRUE,TRUE,FALSE,,,,"algae"
144749,"Rhodophyta","Florideophyceae","Ceramiales","Delesseriaceae","Erythroglossum","Erythroglossum laciniatum",25,,,1997,,TRUE,TRUE,FALSE,,,,"algae"
1311358,"Rhodophyta","Florideophyceae","Ceramiales","Callithamniaceae","Gaillona","Gaillona seposita",3,,,2015,,TRUE,TRUE,FALSE,,,,"algae"
144595,"Rhodophyta","Florideophyceae","Ceramiales","Wrangeliaceae","Halurus","Halurus flosculosus",4,,,1997,,TRUE,TRUE,FALSE,,,,"algae"
144755,"Rhodophyta","Florideophyceae","Ceramiales","Delesseriaceae","Haraldiophyllum","Haraldiophyllum bonnemaisonii",3,,,2011,,TRUE,TRUE,FALSE,,,,"algae"
144732,"Rhodophyta","Florideophyceae","Ceramiales","Dasyaceae","Heterosiphonia","Heterosiphonia plumosa",10,,,2014,,TRUE,TRUE,FALSE,,,,"algae"
371595,"Rhodophyta","Florideophyceae","Ceramiales","Delesseriaceae","Hypoglossum","Hypoglossum heterocystideum",,,,,,FALSE,TRUE,FALSE,,,,"algae"
144756,"Rhodophyta","Florideophyceae","Ceramiales","Delesseriaceae","Hypoglossum","Hypoglossum hypoglossoides",36,,,2015,,TRUE,TRUE,FALSE,,,,"algae"
375232,"Rhodophyta","Florideophyceae","Ceramiales","Wrangeliaceae","Mazoyerella","Mazoyerella australis",,,,,,FALSE,TRUE,FALSE,,,,"algae"
144758,"Rhodophyta","Florideophyceae","Ceramiales","Delesseriaceae","Membranoptera","Membranoptera alata",36,,,1997,,TRUE,TRUE,FALSE,,,,"algae"
144770,"Rhodophyta","Florideophyceae","Ceramiales","Delesseriaceae","Nitophyllum","Nitophyllum punctatum",38,,,2015,,TRUE,TRUE,FALSE,,,,"algae"
144839,"Rhodophyta","Florideophyceae","Ceramiales","Rhodomelaceae","Odonthalia","Odonthalia dentata",1,,,2010,,TRUE,FALSE,FALSE,,,,"algae"
144773,"Rhodophyta","Florideophyceae","Ceramiales","Delesseriaceae","Phycodrys","Phycodrys rubens",36,,,2011,,TRUE,TRUE,FALSE,,,,"algae"
144672,"Rhodophyta","Florideophyceae","Ceramiales","Rhodomelaceae","Polysiphonia","Polysiphonia stricta",22,,,1997,,TRUE,TRUE,FALSE,,,,"algae"
144683,"Rhodophyta","Florideophyceae","Ceramiales","Ceramiaceae","Pterothamnion","Pterothamnion plumula",4,,,1997,,TRUE,TRUE,FALSE,,,,"algae"
144686,"Rhodophyta","Florideophyceae","Ceramiales","Callithamniaceae","Ptilota","Ptilota gunneri",15,,,2011,,TRUE,TRUE,FALSE,,,,"algae"
144780,"Rhodophyta","Florideophyceae","Ceramiales","Delesseriaceae","Radicilingua","Radicilingua thysanorhizans",2,,,1997,,TRUE,TRUE,FALSE,,,,"algae"
1356570,"Rhodophyta","Florideophyceae","Ceramiales","Rhodomelaceae","Symphyocladiella","Symphyocladiella parasitica",16,,,2015,,TRUE,FALSE,FALSE,,,,"algae"
631828,"Rhodophyta","Florideophyceae","Ceramiales","Rhodomelaceae","Vertebrata","Vertebrata byssoides",8,,,2015,,TRUE,TRUE,FALSE,,,,"algae"
145108,"Rhodophyta","Florideophyceae","Corallinales","Corallinaceae","Corallina","Corallina officinalis",55,,,2015,,TRUE,TRUE,FALSE,,,,"algae"
145613,"Rhodophyta","Florideophyceae","Gigartinales","Cystocloniaceae","Calliblepharis","Calliblepharis ciliata",1,,,2011,,TRUE,TRUE,FALSE,,,,"algae"
145625,"Rhodophyta","Florideophyceae","Gigartinales","Gigartinaceae","Chondrus","Chondrus crispus",1,,,2014,,TRUE,FALSE,FALSE,,,,"algae"
145612,"Rhodophyta","Florideophyceae","Gigartinales","Cruoriaceae","Cruoria","Cruoria pellita",17,,,1997,,TRUE,TRUE,FALSE,,,,"algae"
145222,"Rhodophyta","Florideophyceae","Gigartinales","Dumontiaceae","Dilsea","Dilsea carnosa",4,,,2015,,TRUE,TRUE,FALSE,,,,"algae"
145228,"Rhodophyta","Florideophyceae","Gigartinales","Dumontiaceae","Dumontia","Dumontia contorta",,,,,,FALSE,TRUE,FALSE,,,,"algae"
145655,"Rhodophyta","Florideophyceae","Gigartinales","Phyllophoraceae","Erythrodermis","Erythrodermis traillii",3,,,1997,,TRUE,TRUE,FALSE,,,,"algae"
373772,"Rhodophyta","Florideophyceae","Gigartinales","Kallymeniaceae","Euthora","Euthora cristata",1,,,1997,,TRUE,TRUE,FALSE,,,,"algae"
145621,"Rhodophyta","Florideophyceae","Gigartinales","Furcellariaceae","Halarachnion","Halarachnion ligulatum",1,,,1997,,TRUE,TRUE,FALSE,,,,"algae"
145267,"Rhodophyta","Florideophyceae","Gigartinales","Kallymeniaceae","Kallymenia","Kallymenia reniformis",66,,,2015,,TRUE,TRUE,FALSE,,,,"algae"
145650,"Rhodophyta","Florideophyceae","Gigartinales","Phyllophoraceae","Mastocarpus","Mastocarpus stellatus",7,,,2015,,TRUE,TRUE,FALSE,,,,"algae"
145271,"Rhodophyta","Florideophyceae","Gigartinales","Kallymeniaceae","Meredithia","Meredithia microphylla",3,,,1997,,TRUE,TRUE,FALSE,,,,"algae"
1311357,"Rhodophyta","Florideophyceae","Gigartinales","Kallymeniaceae","Metacallophyllis","Metacallophyllis laciniata",37,,,2015,,TRUE,FALSE,FALSE,,,,"algae"
145660,"Rhodophyta","Florideophyceae","Gigartinales","Phyllophoraceae","Phyllophora","Phyllophora crispa",4,,,1997,,TRUE,TRUE,FALSE,,,,"algae"
145617,"Rhodophyta","Florideophyceae","Gigartinales","Cystocloniaceae","Rhodophyllis","Rhodophyllis divaricata",9,,,2015,,TRUE,TRUE,FALSE,,,,"algae"
416745,"Rhodophyta","Florideophyceae","Gigartinales","Cystocloniaceae","Rhodophyllis","Rhodophyllis divaricata",1,,,1997,,TRUE,FALSE,FALSE,,,,"algae"
145603,"Rhodophyta","Florideophyceae","Gigartinales","Calosiphoniaceae","Schmitzia","Schmitzia hiscockiana",2,,,1997,,TRUE,TRUE,FALSE,,,,"algae"
145666,"Rhodophyta","Florideophyceae","Gigartinales","Phyllophoraceae","Schottera","Schottera nicaeensis",22,,,1997,,TRUE,TRUE,FALSE,,,,"algae"
145673,"Rhodophyta","Florideophyceae","Nemastomatales","Schizymeniaceae","Schizymenia","Schizymenia dubyi",,,,,,FALSE,TRUE,FALSE,,,,"algae"
145771,"Rhodophyta","Florideophyceae","Palmariales","Palmariaceae","Palmaria","Palmaria palmata",7,,,2015,,TRUE,TRUE,FALSE,,,,"algae"
145782,"Rhodophyta","Florideophyceae","Plocamiales","Plocamiaceae","Plocamium","Plocamium cartilagineum",51,,,2015,,TRUE,TRUE,FALSE,,,,"algae"
145825,"Rhodophyta","Florideophyceae","Rhodymeniales","Lomentariaceae","Lomentaria","Lomentaria clavellosa",14,,,1997,,TRUE,TRUE,FALSE,,,,"algae"
145830,"Rhodophyta","Florideophyceae","Rhodymeniales","Lomentariaceae","Lomentaria","Lomentaria orcadensis",32,,,2014,,TRUE,TRUE,FALSE,,,,"algae"
145855,"Rhodophyta","Florideophyceae","Rhodymeniales","Rhodymeniaceae","Rhodymenia","Rhodymenia pseudopalmata",3,,,1997,,TRUE,TRUE,FALSE,,,,"algae"
158943,"Chordata","Aves","Anseriformes","Anatidae","Anas","Anas crecca",,,,,,FALSE,TRUE,FALSE,"LC","LC","common teal, sarcelle d'hiver","birds"
148791,"Chordata","Aves","Anseriformes","Anatidae","Anas","Anas platyrhynchos",,,,,,FALSE,TRUE,FALSE,"LC","LC","mallard, canard colvert","birds"
416682,"Chordata","Aves","Anseriformes","Anatidae","Anser","Anser anser",,,,,,FALSE,TRUE,FALSE,"LC","LC","greylag goose","birds"
416683,"Chordata","Aves","Anseriformes","Anatidae","Anser","Anser brachyrhynchus",,,,,,FALSE,TRUE,FALSE,"LC","LC","pink-footed goose","birds"
159175,"Chordata","Aves","Anseriformes","Anatidae","Branta","Branta bernicla",,,,,,FALSE,TRUE,FALSE,"LC","LC","Brant goose, bernachle cravant","birds"
137071,"Chordata","Aves","Anseriformes","Anatidae","Clangula","Clangula hyemalis",,,,,,FALSE,TRUE,FALSE,"VU","VU","long-tailed duck, harelde boréale","birds"
159092,"Chordata","Aves","Anseriformes","Anatidae","Histrionicus","Histrionicus histrionicus",,,,,,FALSE,TRUE,FALSE,"LC","LC","harlequin duck, arlequin plongeur","birds"
159097,"Chordata","Aves","Anseriformes","Anatidae","Mergus","Mergus merganser",,,,,,FALSE,TRUE,FALSE,"LC","LC","common merganser, harle bièvre","birds"
159098,"Chordata","Aves","Anseriformes","Anatidae","Mergus","Mergus serrator",,,,,,FALSE,TRUE,FALSE,"LC","LC","red-breasted merganser, harle huppé","birds"
137074,"Chordata","Aves","Anseriformes","Anatidae","Somateria","Somateria mollissima",4,,,1987,,TRUE,TRUE,FALSE,"NT","NT","common eider, eider commun","birds"
212603,"Chordata","Aves","Charadriiformes","Scolopacidae","Actitis","Actitis hypoleucos",,,,,,FALSE,TRUE,FALSE,"LC","LC","common sandpiper, chevalier guignette","birds"
159081,"Chordata","Aves","Charadriiformes","Scolopacidae","Actitis","Actitis macularius",,,,,,FALSE,TRUE,FALSE,"LC","LC","spotted sandpiper, chevalier grivelé","birds"
137128,"Chordata","Aves","Charadriiformes","Alcidae","Alca","Alca torda",335,,,2009,,TRUE,TRUE,FALSE,"LC","LC","razorbill, pingouin macroptère","birds"
137129,"Chordata","Aves","Charadriiformes","Alcidae","Alle","Alle alle",,,,,,FALSE,TRUE,FALSE,"LC","LC","dovekie, mergule nain","birds"
147431,"Chordata","Aves","Charadriiformes","Scolopacidae","Arenaria","Arenaria interpres",,,,,,FALSE,TRUE,FALSE,"LC","LC","ruddy turnstone, tournepierre à collier","birds"
159084,"Chordata","Aves","Charadriiformes","Scolopacidae","Calidris","Calidris alba",,,,,,FALSE,TRUE,FALSE,"LC","LC","sanderling, bécasseau sanderling","birds"
159047,"Chordata","Aves","Charadriiformes","Scolopacidae","Calidris","Calidris alpina",,,,,,FALSE,TRUE,FALSE,"LC","LC","dunlin, bécasseau variable","birds"
159048,"Chordata","Aves","Charadriiformes","Scolopacidae","Calidris","Calidris bairdii",,,,,,FALSE,TRUE,FALSE,"LC","LC","Baird's sandpiper, bécasseau de Baird","birds"
147433,"Chordata","Aves","Charadriiformes","Scolopacidae","Calidris","Calidris canutus",,,,,,FALSE,TRUE,FALSE,"NT","NT","red knot, bécasseau maubèche","birds"
159049,"Chordata","Aves","Charadriiformes","Scolopacidae","Calidris","Calidris ferruginea",,,,,,FALSE,TRUE,FALSE,"NT","NT","curlew sanspiper, bécasseau cocorli","birds"
159050,"Chordata","Aves","Charadriiformes","Scolopacidae","Calidris","Calidris fuscicollis",,,,,,FALSE,TRUE,FALSE,"LC","LC","white-rumped sandpiper, bécasseau de Bonaparte","birds"
159052,"Chordata","Aves","Charadriiformes","Scolopacidae","Calidris","Calidris maritima",,,,,,FALSE,TRUE,FALSE,"LC","LC","purple sandpiper, bécasseau violet","birds"
212600,"Chordata","Aves","Charadriiformes","Scolopacidae","Calidris","Calidris minuta",,,,,,FALSE,TRUE,FALSE,"LC","LC","little stint, bécasseau minute","birds"
137130,"Chordata","Aves","Charadriiformes","Alcidae","Cepphus","Cepphus grylle",2,,,1987,,TRUE,TRUE,FALSE,"LC","LC","black guillemot, guillemot à miroir","birds"
212619,"Chordata","Aves","Charadriiformes","Charadriidae","Charadrius","Charadrius hiaticula",,,,,,FALSE,TRUE,FALSE,"LC","LC","common ringed plover, grand gravelot","birds"
159126,"Chordata","Aves","Charadriiformes","Charadriidae","Charadrius","Charadrius semipalmatus",,,,,,FALSE,TRUE,FALSE,"LC","LC","semipalmated plover,   pluvier semipalmé","birds"
137131,"Chordata","Aves","Charadriiformes","Alcidae","Fratercula","Fratercula arctica",1825,,,2000,,TRUE,TRUE,FALSE,"VU","VU","Atlantic puffin, macareux moine","birds"
147436,"Chordata","Aves","Charadriiformes","Charadriidae","Haematopus","Haematopus ostralegus",,,,,,FALSE,TRUE,FALSE,"NT","NT","Eurasian oyster catcher, huîtrier pie","birds"
137138,"Chordata","Aves","Charadriiformes","Laridae","Larus","Larus argentatus",9,,,2009,,TRUE,TRUE,FALSE,"LC","LC","herring gull, goéland argenté","birds"
159074,"Chordata","Aves","Charadriiformes","Laridae","Larus","Larus atricilla",,,,,,FALSE,TRUE,FALSE,"LC","LC","laughing gull, mouette atricille","birds"
137141,"Chordata","Aves","Charadriiformes","Laridae","Larus","Larus canus",,,,,,FALSE,TRUE,FALSE,"LC","LC","mew gull, goéland cendré","birds"
137142,"Chordata","Aves","Charadriiformes","Laridae","Larus","Larus fuscus",17,,,2000,,TRUE,TRUE,FALSE,"LC","LC","lesser black-backed gull, goéland de la Balqitue","birds"
137144,"Chordata","Aves","Charadriiformes","Laridae","Larus","Larus glaucoides",,,,,,FALSE,TRUE,FALSE,"LC","LC","Iceland gull, goéland à ailes blanches","birds"
137145,"Chordata","Aves","Charadriiformes","Laridae","Larus","Larus hyperboreus",,,,,,FALSE,TRUE,FALSE,"LC","LC","glaucous gull, goéland bourgmestre","birds"
137146,"Chordata","Aves","Charadriiformes","Laridae","Larus","Larus marinus",34,,,2009,,TRUE,TRUE,FALSE,"LC","LC","great black-backed gull, goéland marin","birds"
159076,"Chordata","Aves","Charadriiformes","Laridae","Larus","Larus philadelphia",,,,,,FALSE,TRUE,FALSE,"LC","LC","Bonaparte's gull, mouette de Bonaparte","birds"
137149,"Chordata","Aves","Charadriiformes","Laridae","Larus","Larus ridibundus",,,,,,FALSE,TRUE,FALSE,"LC","LC","common black-headed gull, mouette rieuse","birds"
567435,"Chordata","Aves","Charadriiformes","Laridae","Larus","Larus smithsonianus",,,,,,FALSE,TRUE,FALSE,"LC","LC","American herring gull, goéland hudsonien","birds"
158957,"Chordata","Aves","Charadriiformes","Scolopacidae","Limnodromus","Limnodromus scolopaceus",,,,,,FALSE,TRUE,FALSE,"LC","LC","long-billed dowitcher, bécassin à long bec","birds"
159034,"Chordata","Aves","Charadriiformes","Scolopacidae","Limosa","Limosa lapponica",,,,,,FALSE,TRUE,FALSE,"NT","NT","bar-tailed godwit, barge rousse","birds"
159037,"Chordata","Aves","Charadriiformes","Scolopacidae","Numenius","Numenius arquata",,,,,,FALSE,TRUE,FALSE,"NT","NT","Eurasian curlew, courlis cendré","birds"
159040,"Chordata","Aves","Charadriiformes","Scolopacidae","Numenius","Numenius phaeopus",,,,,,FALSE,TRUE,FALSE,"LC","LC","whimbrel, courlis corllieu","birds"
137168,"Chordata","Aves","Charadriiformes","Phalaropodidae","Phalaropus","Phalaropus fulicarius",,,,,,FALSE,TRUE,FALSE,"LC","LC","red phalarope, phalarope à bec large","birds"
137169,"Chordata","Aves","Charadriiformes","Phalaropodidae","Phalaropus","Phalaropus lobatus",,,,,,FALSE,TRUE,FALSE,"LC","LC","red-necked phalarope, phalarope à bec mince","birds"
159046,"Chordata","Aves","Charadriiformes","Scolopacidae","Philomachus","Philomachus pugnax",,,,,,FALSE,TRUE,FALSE,,,"ruff, combattant varié","birds"
137132,"Chordata","Aves","Charadriiformes","Alcidae","Pinguinus","Pinguinus impennis",,,,,,FALSE,TRUE,FALSE,"EX","EX","great auk, grand pingouin","birds"
159135,"Chordata","Aves","Charadriiformes","Charadriidae","Pluvialis","Pluvialis apricaria",,,,,,FALSE,TRUE,FALSE,"LC","LC","European golden plover, pluvier doré","birds"
159136,"Chordata","Aves","Charadriiformes","Charadriidae","Pluvialis","Pluvialis dominica",,,,,,FALSE,TRUE,FALSE,"LC","LC","American golden plover, pluvier bronzé","birds"
159137,"Chordata","Aves","Charadriiformes","Charadriidae","Pluvialis","Pluvialis squatarola",,,,,,FALSE,TRUE,FALSE,"LC","LC","grey plover, pluvier argenté","birds"
137156,"Chordata","Aves","Charadriiformes","Laridae","Rissa","Rissa tridactyla",157,,,2009,,TRUE,TRUE,FALSE,"VU","VU","black-legged kittiwake, risse tridactyle","birds"
137171,"Chordata","Aves","Charadriiformes","Stercorariidae","Stercorarius","Stercorarius longicaudus",,,,,,FALSE,TRUE,FALSE,"LC","LC","long-tailed jaeger, labbe à longue queue","birds"
137172,"Chordata","Aves","Charadriiformes","Stercorariidae","Stercorarius","Stercorarius parasiticus",,,,,,FALSE,TRUE,FALSE,"LC","LC","parasitic jaeger, labbe parasite","birds"
137173,"Chordata","Aves","Charadriiformes","Stercorariidae","Stercorarius","Stercorarius pomarinus",,,,,,FALSE,TRUE,FALSE,"LC","LC","pomarine jaeger, stercoraire pomarin","birds"
137174,"Chordata","Aves","Charadriiformes","Stercorariidae","Stercorarius","Stercorarius skua",52,,,2000,,TRUE,TRUE,FALSE,,,"great skua, stercoraire brun","birds"
137162,"Chordata","Aves","Charadriiformes","Laridae","Sterna","Sterna hirundo",,,,,,FALSE,TRUE,FALSE,"LC","LC","common tern, sterne pierregarin","birds"
137165,"Chordata","Aves","Charadriiformes","Laridae","Sterna","Sterna paradisaea",,,,,,FALSE,TRUE,FALSE,"LC","LC","Arctic tern, sterne à longue queue","birds"
137166,"Chordata","Aves","Charadriiformes","Laridae","Sterna","Sterna sandvicensis",,,,,,FALSE,TRUE,FALSE,,,"sandwich tern, sterne caugek","birds"
159029,"Chordata","Aves","Charadriiformes","Scolopacidae","Tringa","Tringa erythropus",,,,,,FALSE,TRUE,FALSE,"LC","LC","spotted redshank, chevalier arlequin","birds"
158967,"Chordata","Aves","Charadriiformes","Scolopacidae","Tringa","Tringa melanoleuca",,,,,,FALSE,TRUE,FALSE,"LC","LC","greater yellowlegs, grand chevalier","birds"
158970,"Chordata","Aves","Charadriiformes","Scolopacidae","Tringa","Tringa totanus",,,,,,FALSE,TRUE,FALSE,"LC","LC","redshank, chevalier gambette","birds"
137133,"Chordata","Aves","Charadriiformes","Alcidae","Uria","Uria aalge",881,,,2009,,TRUE,TRUE,FALSE,"LC","LC","common murre, guillemot à capuchon","birds"
137134,"Chordata","Aves","Charadriiformes","Alcidae","Uria","Uria lomvia",,,,,,FALSE,TRUE,FALSE,"LC","LC","thick-billed murre, guillemot à gros bec","birds"
232053,"Chordata","Aves","Falconiformes","Accipitridae","Haliaeetus","Haliaeetus albicilla",,,,,,FALSE,TRUE,FALSE,"LC","LC","white-tailed eagle, pygargue à queue blanche","birds"
137187,"Chordata","Aves","Gaviiformes","Gaviidae","Gavia","Gavia immer",,,,,,FALSE,TRUE,FALSE,"LC","LC","common loon, plongeon imbrin","birds"
137188,"Chordata","Aves","Gaviiformes","Gaviidae","Gavia","Gavia stellata",,,,,,FALSE,TRUE,FALSE,"LC","LC","red-throated loon, plongeon catmarin","birds"
148776,"Chordata","Aves","Pelecaniformes","Sulidae","Morus","Morus bassanus",1508,,,2009,,TRUE,TRUE,FALSE,"LC","LC","northern gannet, fou de bassan","birds"
137178,"Chordata","Aves","Pelecaniformes","Phalacrocoracidae","Phalacrocorax","Phalacrocorax aristotelis",68,,,2009,,TRUE,FALSE,FALSE,,,"shag, cormoran huppé","birds"
137179,"Chordata","Aves","Pelecaniformes","Phalacrocoracidae","Phalacrocorax","Phalacrocorax carbo",,,,,,FALSE,TRUE,FALSE,"LC","LC","great cormorant, grand cormoran","birds"
137181,"Chordata","Aves","Podicipediformes","Podicipedidae","Podiceps","Podiceps auritus",,,,,,FALSE,TRUE,FALSE,"VU","VU","horned grebe, grèbe esclavon","birds"
137195,"Chordata","Aves","Procellariiformes","Procellariidae","Fulmarus","Fulmarus glacialis",591,,,2009,,TRUE,TRUE,FALSE,"LC","LC","northern fulmar, pétrel fulmar","birds"
137189,"Chordata","Aves","Procellariiformes","Hydrobatidae","Hydrobates","Hydrobates pelagicus",9,,,2000,,TRUE,TRUE,FALSE,"LC","LC","European storm-petrel, océanite tempête","birds"
137192,"Chordata","Aves","Procellariiformes","Hydrobatidae","Oceanodroma","Oceanodroma leucorhoa",3,,,2000,,TRUE,TRUE,FALSE,,,"Leach's storm-petrel, océanite culblanc","birds"
137201,"Chordata","Aves","Procellariiformes","Procellariidae","Puffinus","Puffinus gravis",3,,,2023,,TRUE,FALSE,FALSE,,,"great shearwater, puffin majeur","birds"
137202,"Chordata","Aves","Procellariiformes","Procellariidae","Puffinus","Puffinus griseus",4,,,1987,,TRUE,TRUE,FALSE,,,"sooty shearwater, puffin fuligineux","birds"
137203,"Chordata","Aves","Procellariiformes","Procellariidae","Puffinus","Puffinus puffinus",33,,,1999,,TRUE,TRUE,FALSE,"LC","LC","Manx shearwater, puffin des Anglais","birds"
343995,"Chordata","Aves","Procellariiformes","Diomedeidae","Thalassarche","Thalassarche melanophris",,,,,,FALSE,TRUE,FALSE,"LC","LC","black-browed albatross","birds"
1704278,"Chordata","Aves",,,"Gulosus","Gulosus aristotelis",,,,,,FALSE,TRUE,FALSE,"LC","LC",,"birds"
100803,"Cnidaria","Anthozoa","Actiniaria","Actiniidae","Actinia","Actinia equina",17,,,2015,,TRUE,TRUE,FALSE,,,"plum anemone, actinie rouge","cnidarians"
100986,"Cnidaria","Anthozoa","Actiniaria","Sagartiidae","Actinothoe","Actinothoe sphyrodeta",52,,,2015,,TRUE,TRUE,FALSE,,,"sandalled anemone, marguerite","cnidarians"
1658483,"Cnidaria","Anthozoa","Actiniaria","Hormathiidae","Calliactis","Calliactis palliata",2,,,1997,,TRUE,TRUE,FALSE,,,,"cnidarians"
1471945,"Cnidaria","Anthozoa","Actiniaria","Sagartiidae","Cylista","Cylista elegans",133,,,2015,,TRUE,TRUE,FALSE,,,,"cnidarians"
855674,"Cnidaria","Anthozoa","Actiniaria","Sagartiidae","Cylista","Cylista troglodytes",1,,,2014,,TRUE,FALSE,FALSE,,,,"cnidarians"
100872,"Cnidaria","Anthozoa","Actiniaria","Diadumenidae","Diadumene","Diadumene cincta",1,,,1997,,TRUE,TRUE,FALSE,,,"orange anemone, anémone flammeé","cnidarians"
100892,"Cnidaria","Anthozoa","Actiniaria","Edwardsiidae","Edwardsia","Edwardsia timida",1,,,2015,,TRUE,TRUE,FALSE,,,"timid burrowing anemone","cnidarians"
151541,"Cnidaria","Anthozoa","Actiniaria","Edwardsiidae","Edwardsiella","Edwardsiella carnea",2,,,2015,,TRUE,TRUE,FALSE,,,"worm anemone","cnidarians"
100916,"Cnidaria","Anthozoa","Actiniaria","Halcampidae","Halcampa","Halcampa chrysanthellum",1,,,1997,,TRUE,FALSE,FALSE,,,,"cnidarians"
100982,"Cnidaria","Anthozoa","Actiniaria","Metridiidae","Metridium","Metridium senile",96,,,2015,,TRUE,FALSE,FALSE,,,"clonal plumose anemone, oeillet de mer","cnidarians"
100989,"Cnidaria","Anthozoa","Actiniaria","Phelliidae","Phellia","Phellia gausapata",18,,,2015,,TRUE,TRUE,FALSE,,,"olive green wart anemone","cnidarians"
854806,"Cnidaria","Anthozoa","Actiniaria","Sagartiidae","Sagartia","Sagartia lacerata",1,,,2005,,TRUE,FALSE,FALSE,,,,"cnidarians"
100833,"Cnidaria","Anthozoa","Actiniaria","Actiniidae","Urticina","Urticina eques",5,,,2013,,TRUE,TRUE,FALSE,,,"horseman anemone","cnidarians"
100834,"Cnidaria","Anthozoa","Actiniaria","Actiniidae","Urticina","Urticina felina",76,,,2015,,TRUE,TRUE,FALSE,,,"dahlia anemone, anémone dahlia","cnidarians"
101016,"Cnidaria","Anthozoa","Corallimorpharia","Corallimorphidae","Corynactis","Corynactis viridis",163,,,2015,,TRUE,TRUE,FALSE,,,"jewel anemone","cnidarians"
125332,"Cnidaria","Anthozoa","Malacalcyonacea","Alcyoniidae","Alcyonium","Alcyonium coralloides",4,,,1997,,TRUE,TRUE,FALSE,,,"faux corail","cnidarians"
125333,"Cnidaria","Anthozoa","Malacalcyonacea","Alcyoniidae","Alcyonium","Alcyonium digitatum",126,,,2015,,TRUE,TRUE,FALSE,,,"sea-fingers, corail digité","cnidarians"
132159,"Cnidaria","Anthozoa","Malacalcyonacea","Alcyoniidae","Alcyonium","Alcyonium glomeratum",2,,,1997,,TRUE,TRUE,FALSE,,,"red fingers","cnidarians"
178914,"Cnidaria","Anthozoa","Malacalcyonacea","Alcyoniidae","Alcyonium","Alcyonium hibernicum",3,,,2015,,TRUE,TRUE,FALSE,,,"pink sea fingers","cnidarians"
1608729,"Cnidaria","Anthozoa","Malacalcyonacea","Gorgoniidae","Callistephanus","Callistephanus pallida",2,,,1997,,TRUE,TRUE,FALSE,,,,"cnidarians"
291834,"Cnidaria","Anthozoa","Octocorallia incertae sedis",,"Rolandia","Rolandia coralloides",5,,,2015,,TRUE,TRUE,FALSE,,,,"cnidarians"
135144,"Cnidaria","Anthozoa","Scleractinia","Caryophylliidae","Caryophyllia","Caryophyllia (Caryophyllia) smithii",105,,,2015,,TRUE,TRUE,FALSE,,,"Devonshire cup coral","cnidarians"
128539,"Cnidaria","Anthozoa","Scleralcyonacea","Virgulariidae","Virgularia","Virgularia mirabilis",1,,,2005,,TRUE,FALSE,FALSE,,,"elegant sea pen, pennatule magnifique","cnidarians"
283798,"Cnidaria","Anthozoa","Spirularia","Cerianthidae","Cerianthus","Cerianthus lloydii",1,,,2015,,TRUE,FALSE,FALSE,,,"North Sea cerianthid, petit cérianthe","cnidarians"
101054,"Cnidaria","Anthozoa","Zoantharia","Parazoanthidae","Parazoanthus","Parazoanthus anguicomus",9,,,2015,,TRUE,TRUE,FALSE,,,"white cluster anemone","cnidarians"
101055,"Cnidaria","Anthozoa","Zoantharia","Parazoanthidae","Parazoanthus","Parazoanthus axinellae",3,,,2010,,TRUE,TRUE,FALSE,,,"yellow cluster anemone, anémone encroûtante jaune","cnidarians"
158251,"Cnidaria","Hexacorallia","Actiniaria","Metridiidae","Metridium","Metridium dianthus",,,,,,FALSE,TRUE,FALSE,,,,"cnidarians"
1674631,"Cnidaria","Hexacorallia","Ceriantharia","Synarachnactidae","Synarachnactis","Synarachnactis lloydii",,,,,,FALSE,TRUE,FALSE,,,,"cnidarians"
117426,"Cnidaria","Hydrozoa","Anthoathecata","Hydractiniidae","Clava","Clava multicornis",3,,,2014,,TRUE,TRUE,FALSE,,,"club hydroid","cnidarians"
151860,"Cnidaria","Hydrozoa","Anthoathecata","Corynidae","Coryne","Coryne eximia",5,,,2013,,TRUE,TRUE,FALSE,,,,"cnidarians"
117469,"Cnidaria","Hydrozoa","Anthoathecata","Corynidae","Coryne","Coryne muscoides",3,,,1997,,TRUE,TRUE,FALSE,,,"grande coryne","cnidarians"
117471,"Cnidaria","Hydrozoa","Anthoathecata","Corynidae","Coryne","Coryne pusilla",1,,,2015,,TRUE,TRUE,FALSE,,,"red flowerhead polyp","cnidarians"
157933,"Cnidaria","Hydrozoa","Anthoathecata","Tubulariidae","Ectopleura","Ectopleura larynx",19,,,2015,,TRUE,TRUE,FALSE,,,"ringed tubularia","cnidarians"
117544,"Cnidaria","Hydrozoa","Anthoathecata","Eudendriidae","Eudendrium","Eudendrium capillare",2,,,2015,,TRUE,TRUE,FALSE,,,,"cnidarians"
117554,"Cnidaria","Hydrozoa","Anthoathecata","Eudendriidae","Eudendrium","Eudendrium rameum",1,,,1997,,TRUE,TRUE,FALSE,,,,"cnidarians"
117796,"Cnidaria","Hydrozoa","Anthoathecata","Pandeidae","Neoturris","Neoturris pileata",1,,,2011,,TRUE,TRUE,FALSE,,,,"cnidarians"
117491,"Cnidaria","Hydrozoa","Anthoathecata","Corynidae","Sarsia","Sarsia tubulosa",1,,,1997,,TRUE,TRUE,FALSE,,,"clapper hydroid","cnidarians"
117994,"Cnidaria","Hydrozoa","Anthoathecata","Tubulariidae","Tubularia","Tubularia indivisa",61,,,2015,,TRUE,TRUE,FALSE,,,"tall tubularia","cnidarians"
117832,"Cnidaria","Hydrozoa","Anthoathecata","Porpitidae","Velella","Velella velella",1,,,1979,,TRUE,TRUE,FALSE,,,"Jack sail-by-the-wind, vélelle","cnidarians"
117870,"Cnidaria","Hydrozoa","Leptothecata","Sertulariidae","Abietinaria","Abietinaria abietina",17,,,2015,,TRUE,TRUE,FALSE,,,"sea fir, abiétinaire","cnidarians"
117270,"Cnidaria","Hydrozoa","Leptothecata","Aequoreidae","Aequorea","Aequorea forskalea",3,,,2013,,TRUE,TRUE,FALSE,,,"many-ribbed jellyfish","cnidarians"
117874,"Cnidaria","Hydrozoa","Leptothecata","Sertulariidae","Amphisbetia","Amphisbetia operculata",1,,,1997,,TRUE,TRUE,FALSE,,,"tamaris de mer","cnidarians"
117879,"Cnidaria","Hydrozoa","Leptothecata","Sertulariidae","Diphasia","Diphasia fallax",2,,,2015,,TRUE,TRUE,FALSE,,,,"cnidarians"
157947,"Cnidaria","Hydrozoa","Leptothecata","Haleciidae","Halecium","Halecium beanii",1,,,1997,,TRUE,FALSE,FALSE,,,,"cnidarians"
231751,"Cnidaria","Hydrozoa","Leptothecata","Haleciidae","Halecium","Halecium halecinum",1,,,1997,,TRUE,TRUE,FALSE,,,"herringbone hydroid, petit sapin beige","cnidarians"
117597,"Cnidaria","Hydrozoa","Leptothecata","Haleciidae","Halecium","Halecium muricatum",1,,,1997,,TRUE,TRUE,FALSE,,,"sea hedgehog hydroid","cnidarians"
117673,"Cnidaria","Hydrozoa","Leptothecata","Kirchenpaueriidae","Kirchenpaueria","Kirchenpaueria halecioides",1,,,1997,,TRUE,TRUE,FALSE,,,,"cnidarians"
117674,"Cnidaria","Hydrozoa","Leptothecata","Kirchenpaueriidae","Kirchenpaueria","Kirchenpaueria pinnata",1,,,1997,,TRUE,TRUE,FALSE,,,"fine feather-hydroid","cnidarians"
117809,"Cnidaria","Hydrozoa","Leptothecata","Plumulariidae","Nemertesia","Nemertesia antennina",31,,,2010,,TRUE,TRUE,FALSE,,,"sea beard, hydraire antenne","cnidarians"
117815,"Cnidaria","Hydrozoa","Leptothecata","Plumulariidae","Nemertesia","Nemertesia ramosa",17,,,2015,,TRUE,TRUE,FALSE,,,"hydroid","cnidarians"
117388,"Cnidaria","Hydrozoa","Leptothecata","Campanulariidae","Obelia","Obelia geniculata",36,,,2015,,TRUE,TRUE,FALSE,,,"knotted thread hydroid, obélie","cnidarians"
117824,"Cnidaria","Hydrozoa","Leptothecata","Plumulariidae","Plumularia","Plumularia setacea",9,,,1997,,TRUE,TRUE,FALSE,,,"little seabristle","cnidarians"
117902,"Cnidaria","Hydrozoa","Leptothecata","Sertularellidae","Sertularella","Sertularella gayi",1,,,1997,,TRUE,FALSE,FALSE,,,,"cnidarians"
117906,"Cnidaria","Hydrozoa","Leptothecata","Sertularellidae","Sertularella","Sertularella polyzonias",1,,,1997,,TRUE,TRUE,FALSE,,,"great tooth hydroid","cnidarians"
117909,"Cnidaria","Hydrozoa","Leptothecata","Sertularellidae","Sertularella","Sertularella tenella",2,,,2015,,TRUE,TRUE,FALSE,,,,"cnidarians"
594013,"Cnidaria","Hydrozoa","Leptothecata","Laodiceidae","Staurostoma","Staurostoma mertensii",1,,,2013,,TRUE,TRUE,FALSE,,,"Whitecross jellyfish","cnidarians"
135306,"Cnidaria","Scyphozoa","Semaeostomeae","Ulmaridae","Aurelia","Aurelia aurita",1,,,2011,,TRUE,TRUE,FALSE,,,"common jellyfish, aurélie","cnidarians"
135301,"Cnidaria","Scyphozoa","Semaeostomeae","Cyaneidae","Cyanea","Cyanea capillata",4,,,2013,,TRUE,TRUE,FALSE,,,"lion’s mane, cyanée à crinière de lion","cnidarians"
135305,"Cnidaria","Scyphozoa","Semaeostomeae","Pelagiidae","Pelagia","Pelagia noctiluca",2,,,2013,,TRUE,TRUE,FALSE,,,"purplestripped jelly, méduse pélagique","cnidarians"
135322,"Cnidaria","Staurozoa","Stauromedusae","Haliclystidae","Haliclystus","Haliclystus auricula",1,,,2015,,TRUE,TRUE,FALSE,,,"kaleidoscope jellyfish","cnidarians"
106358,"Ctenophora","Nuda","Beroida","Beroidae","Beroe","Beroe cucumis",1,,,2013,,TRUE,TRUE,FALSE,,,"beroe, béroé","cnidarians"
106382,"Ctenophora","Tentaculata","Cydippida","Cydippidae","Hormiphora","Hormiphora cucumis",,,,,,FALSE,TRUE,FALSE,,,,"cnidarians"
106386,"Ctenophora","Tentaculata","Cydippida","Pleurobrachiidae","Pleurobrachia","Pleurobrachia pileus",2,,,2013,,TRUE,TRUE,FALSE,,,"sea gooseberry, aeufde méduse","cnidarians"
106393,"Ctenophora","Tentaculata","Lobata","Bolinopsidae","Bolinopsis","Bolinopsis infundibulum",2,,,2013,,TRUE,TRUE,FALSE,,,"common northern comb jelly","cnidarians"
101891,"Arthropoda","Malacostraca","Amphipoda","Ampeliscidae","Ampelisca","Ampelisca brevicornis",1,,,1997,,TRUE,TRUE,FALSE,,,,"crustaceans"
103058,"Arthropoda","Malacostraca","Amphipoda","Bathyporeiidae","Bathyporeia","Bathyporeia elegans",1,,,1997,,TRUE,TRUE,FALSE,,,"sand digger shrimp","crustaceans"
101839,"Arthropoda","Malacostraca","Amphipoda","Caprellidae","Caprella","Caprella linearis",7,,,2015,,TRUE,TRUE,FALSE,,,"linear skeleton shrimp, caprelle","crustaceans"
103044,"Arthropoda","Malacostraca","Amphipoda","Dulichiidae","Dyopedos","Dyopedos porrectus",3,,,2015,,TRUE,TRUE,FALSE,,,,"crustaceans"
102431,"Arthropoda","Malacostraca","Amphipoda","Ischyroceridae","Jassa","Jassa falcata",12,,,2015,,TRUE,TRUE,FALSE,,,"mottled tube-maker","crustaceans"
102433,"Arthropoda","Malacostraca","Amphipoda","Ischyroceridae","Jassa","Jassa marmorata",,,,,,FALSE,TRUE,FALSE,,,,"crustaceans"
101857,"Arthropoda","Malacostraca","Amphipoda","Caprellidae","Pariambus","Pariambus typicus",1,,,1997,,TRUE,TRUE,FALSE,,,"crevette squelette","crustaceans"
102928,"Arthropoda","Malacostraca","Amphipoda","Oedicerotidae","Synchelidium","Synchelidium maculatum",1,,,1997,,TRUE,TRUE,FALSE,,,,"crustaceans"
110462,"Arthropoda","Malacostraca","Cumacea","Bodotriidae","Iphinoe","Iphinoe trispinosa",1,,,1997,,TRUE,TRUE,FALSE,,,,"crustaceans"
107217,"Arthropoda","Malacostraca","Decapoda","Paguridae","Anapagurus","Anapagurus hyndmanni",3,,,1997,,TRUE,TRUE,FALSE,,,"Bernard l'ermite","crustaceans"
107276,"Arthropoda","Malacostraca","Decapoda","Cancridae","Cancer","Cancer pagurus",116,,,2015,,TRUE,TRUE,FALSE,,,"edible crab, dormeur","crustaceans"
107381,"Arthropoda","Malacostraca","Decapoda","Carcinidae","Carcinus","Carcinus maenas",1,,,1776,,TRUE,TRUE,FALSE,,,"green crab, crabe enragé","crustaceans"
107150,"Arthropoda","Malacostraca","Decapoda","Galatheidae","Galathea","Galathea intermedia",1,,,1997,,TRUE,TRUE,FALSE,,,,"crustaceans"
107152,"Arthropoda","Malacostraca","Decapoda","Galatheidae","Galathea","Galathea nexa",5,,,1997,,TRUE,TRUE,FALSE,,,,"crustaceans"
107155,"Arthropoda","Malacostraca","Decapoda","Galatheidae","Galathea","Galathea strigosa",27,,,2015,,TRUE,TRUE,FALSE,,,"spinous squad lobster, galathée multicolore","crustaceans"
107253,"Arthropoda","Malacostraca","Decapoda","Nephropidae","Homarus","Homarus gammarus",15,,,2015,,TRUE,TRUE,FALSE,"LC","LC","European lobster, homard","crustaceans"
107322,"Arthropoda","Malacostraca","Decapoda","Oregoniidae","Hyas","Hyas araneus",1,,,2015,,TRUE,TRUE,FALSE,,,"great spider crab, crabe araignée","crustaceans"
107327,"Arthropoda","Malacostraca","Decapoda","Inachidae","Inachus","Inachus dorsettensis",1,,,2015,,TRUE,FALSE,FALSE,,,"scorpion spider crab, crabe fantôme","crustaceans"
107333,"Arthropoda","Malacostraca","Decapoda","Inachidae","Inachus","Inachus phalangium",6,,,2015,,TRUE,TRUE,FALSE,,,"Leach's spider crab","crustaceans"
107388,"Arthropoda","Malacostraca","Decapoda","Polybiidae","Liocarcinus","Liocarcinus holsatus",1,,,1928,,TRUE,TRUE,FALSE,,,"flying crab, crabe nageur","crustaceans"
107390,"Arthropoda","Malacostraca","Decapoda","Polybiidae","Liocarcinus","Liocarcinus marmoreus",1,,,1776,,TRUE,TRUE,FALSE,,,"marbled swimming crab","crustaceans"
241154,"Arthropoda","Malacostraca","Decapoda","Xanthidae","Monodaeus","Monodaeus couchii",1,,,1973,,TRUE,TRUE,FALSE,,,,"crustaceans"
107160,"Arthropoda","Malacostraca","Decapoda","Munididae","Munida","Munida rugosa",4,,,2013,,TRUE,TRUE,FALSE,,,"rugose squat lobster","crustaceans"
107398,"Arthropoda","Malacostraca","Decapoda","Polybiidae","Necora","Necora puber",105,,,2015,,TRUE,TRUE,FALSE,,,"velvet swimming crab, etrille commune","crustaceans"
107232,"Arthropoda","Malacostraca","Decapoda","Paguridae","Pagurus","Pagurus bernhardus",2,,,2011,,TRUE,TRUE,FALSE,,,"common hermit crab, Bernard-l'ermite commun","crustaceans"
107239,"Arthropoda","Malacostraca","Decapoda","Paguridae","Pagurus","Pagurus prideaux",2,,,1997,,TRUE,TRUE,FALSE,,,"smaller hermit crab","crustaceans"
107616,"Arthropoda","Malacostraca","Decapoda","Palaemonidae","Palaemon","Palaemon serratus",1,,,2013,,TRUE,TRUE,FALSE,,,"common prawn, bouquet","crustaceans"
107703,"Arthropoda","Malacostraca","Decapoda","Palinuridae","Palinurus","Palinurus elephas",,,,,,FALSE,TRUE,FALSE,"VU","VU","sea crayfish, langouste","crustaceans"
107651,"Arthropoda","Malacostraca","Decapoda","Pandalidae","Pandalus","Pandalus montagui",2,,,2011,,TRUE,TRUE,FALSE,,,"pink shrimp, crevette rouge","crustaceans"
107188,"Arthropoda","Malacostraca","Decapoda","Porcellanidae","Pisidia","Pisidia longicornis",1,,,1997,,TRUE,TRUE,FALSE,,,"long clawed porcelain crab, crabe porcelaine","crustaceans"
107190,"Arthropoda","Malacostraca","Decapoda","Porcellanidae","Porcellana","Porcellana platycheles",1,,,1970,,TRUE,TRUE,FALSE,,,"broad-clawed porcelain crab, porcelaine grise","crustaceans"
836053,"Arthropoda","Malacostraca","Decapoda","Epialtidae","Scyramathia","Scyramathia carpenteri",10,,,1977,,TRUE,TRUE,FALSE,,,,"crustaceans"
119024,"Arthropoda","Malacostraca","Isopoda","Arcturidae","Astacilla","Astacilla longicornis",1,,,2013,,TRUE,TRUE,FALSE,,,,"crustaceans"
118732,"Arthropoda","Malacostraca","Isopoda","Janiridae","Janira","Janira maculosa",1,,,2014,,TRUE,FALSE,FALSE,,,,"crustaceans"
146999,"Arthropoda","Malacostraca","Isopoda","Ligiidae","Ligia","Ligia oceanica",,,,,,FALSE,TRUE,FALSE,,,"sea slater, ligie des rivages","crustaceans"
106213,"Arthropoda","Thecostraca","Balanomorpha","Balanidae","Balanus","Balanus balanus",11,,,2015,,TRUE,TRUE,FALSE,,,"rough barnacle, balane côtelée du nord","crustaceans"
106215,"Arthropoda","Thecostraca","Balanomorpha","Balanidae","Balanus","Balanus crenatus",7,,,1997,,TRUE,TRUE,FALSE,,,"crenate barnacle, balane crénelée","crustaceans"
106231,"Arthropoda","Thecostraca","Balanomorpha","Chthamalidae","Chthamalus","Chthamalus stellatus",12,,,2015,,TRUE,TRUE,FALSE,,,"Poli's stellate barnacle","crustaceans"
106210,"Arthropoda","Thecostraca","Balanomorpha","Balanidae","Semibalanus","Semibalanus balanoides",7,,,2015,,TRUE,TRUE,FALSE,,,"barnacle, balane","crustaceans"
106257,"Arthropoda","Thecostraca","Verrucomorpha","Verrucidae","Verruca","Verruca stroemia",2,,,2015,,TRUE,TRUE,FALSE,,,,"crustaceans"
123776,"Echinodermata","Asteroidea","Forcipulatida","Asteriidae","Asterias","Asterias rubens",124,,,2015,,TRUE,TRUE,FALSE,,,"common sea star, étoile de mer","echinoderms"
125158,"Echinodermata","Asteroidea","Forcipulatida","Asteriidae","Leptasterias","Leptasterias (Leptasterias) muelleri",39,,,2015,,TRUE,TRUE,FALSE,,,,"echinoderms"
123803,"Echinodermata","Asteroidea","Forcipulatida","Asteriidae","Marthasterias","Marthasterias glacialis",109,,,2015,,TRUE,TRUE,FALSE,,,"spiny starfish, astérie","echinoderms"
123813,"Echinodermata","Asteroidea","Forcipulatida","Stichasteridae","Stichastrella","Stichastrella rosea",13,,,1997,,TRUE,TRUE,FALSE,,,"rosy starfish","echinoderms"
123867,"Echinodermata","Asteroidea","Paxillosida","Astropectinidae","Astropecten","Astropecten irregularis",3,,,1997,,TRUE,TRUE,FALSE,,,"sand star, étoile-peigne","echinoderms"
123920,"Echinodermata","Asteroidea","Paxillosida","Luidiidae","Luidia","Luidia ciliaris",57,,,2015,,TRUE,TRUE,FALSE,,,,"echinoderms"
123970,"Echinodermata","Asteroidea","Spinulosida","Echinasteridae","Henricia","Henricia oculata",16,,,2011,,TRUE,TRUE,FALSE,,,"Bloody Henry starfish","echinoderms"
123974,"Echinodermata","Asteroidea","Spinulosida","Echinasteridae","Henricia","Henricia sanguinolenta",1,,,2015,,TRUE,FALSE,FALSE,,,"blood star, étoile de cuir boréale","echinoderms"
123987,"Echinodermata","Asteroidea","Valvatida","Asterinidae","Asterina","Asterina gibbosa",1,,,2011,,TRUE,TRUE,FALSE,,,"starlet, astérie bossue","echinoderms"
124154,"Echinodermata","Asteroidea","Valvatida","Solasteridae","Crossaster","Crossaster papposus",2,,,1997,,TRUE,TRUE,FALSE,,,"common sun star","echinoderms"
125166,"Echinodermata","Asteroidea","Valvatida","Poraniidae","Porania","Porania (Porania) pulvillus",108,,,2015,,TRUE,FALSE,FALSE,,,"red cushion stat","echinoderms"
124160,"Echinodermata","Asteroidea","Valvatida","Solasteridae","Solaster","Solaster endeca",4,,,1997,,TRUE,TRUE,FALSE,,,"Northern sun star","echinoderms"
124201,"Echinodermata","Crinoidea","Comatulida","Antedonidae","Antedon","Antedon bifida",73,,,2015,,TRUE,TRUE,FALSE,,,"rosy feather-star","echinoderms"
124210,"Echinodermata","Crinoidea","Comatulida","Antedonidae","Antedon","Antedon petasus",1,,,2010,,TRUE,TRUE,FALSE,,,,"echinoderms"
124224,"Echinodermata","Crinoidea","Comatulida","Antedonidae","Leptometra","Leptometra celtica",5,,,2010,,TRUE,TRUE,FALSE,,,,"echinoderms"
124287,"Echinodermata","Echinoidea","Camarodonta","Echinidae","Echinus","Echinus esculentus",219,,,2015,,TRUE,TRUE,FALSE,"LR/nt","LR/nt","edible sea urchin, oursin globuleux","echinoderms"
124319,"Echinodermata","Echinoidea","Camarodonta","Parechinidae","Psammechinus","Psammechinus miliaris",2,,,2015,,TRUE,TRUE,FALSE,,,"green sea urchin, petit oursin vert","echinoderms"
124273,"Echinodermata","Echinoidea","Echinolampadacea","Fibulariidae","Echinocyamus","Echinocyamus pusillus",1,,,1997,,TRUE,TRUE,FALSE,,,"green sea urchin, fève de mer","echinoderms"
124392,"Echinodermata","Echinoidea","Spatangoida","Loveniidae","Echinocardium","Echinocardium cordatum",1,,,1997,,TRUE,TRUE,FALSE,,,"sea-potato, oursin de sable","echinoderms"
124598,"Echinodermata","Holothuroidea","Dendrochirotida","Cucumariidae","Aslia","Aslia lefevrei",1,,,2015,,TRUE,TRUE,FALSE,,,,"echinoderms"
124653,"Echinodermata","Holothuroidea","Dendrochirotida","Cucumariidae","Pawsonia","Pawsonia saxicola",1,,,1997,,TRUE,TRUE,FALSE,,,"sea gherkin","echinoderms"
124501,"Echinodermata","Holothuroidea","Holothuriida","Holothuriidae","Holothuria","Holothuria (Panningothuria) forskali",9,,,2013,,TRUE,FALSE,FALSE,,,"cotton-spinner, boudin de mer noir","echinoderms"
1670329,"Echinodermata","Holothuroidea","Holothuriida","Holothuriidae","Holothuria","Holothuria forskali",,,,,,FALSE,TRUE,FALSE,"LC","LC",,"echinoderms"
125064,"Echinodermata","Ophiuroidea","Amphilepidida","Amphiuridae","Amphipholis","Amphipholis squamata",10,,,2015,,TRUE,TRUE,FALSE,,,"dwarf brittle star","echinoderms"
125110,"Echinodermata","Ophiuroidea","Amphilepidida","Ophiactidae","Ophiactis","Ophiactis balli",1,,,2015,,TRUE,FALSE,FALSE,,,,"echinoderms"
125125,"Echinodermata","Ophiuroidea","Amphilepidida","Ophiopholidae","Ophiopholis","Ophiopholis aculeata",31,,,2015,,TRUE,TRUE,FALSE,,,"Daisy brittle star, ophiure pâquerette","echinoderms"
125131,"Echinodermata","Ophiuroidea","Amphilepidida","Ophiotrichidae","Ophiothrix","Ophiothrix fragilis",63,,,2015,,TRUE,TRUE,FALSE,,,"common brittlestar, ophiure á piquants","echinoderms"
125027,"Echinodermata","Ophiuroidea","Ophiacanthida","Ophiotomidae","Ophiocomina","Ophiocomina nigra",51,,,2015,,TRUE,TRUE,FALSE,,,"black serpent star, ophiure noire","echinoderms"
124913,"Echinodermata","Ophiuroidea","Ophiurida","Ophiuridae","Ophiura","Ophiura albida",3,,,1997,,TRUE,TRUE,FALSE,,,"brittlestar, ophiure blanche","echinoderms"
124929,"Echinodermata","Ophiuroidea","Ophiurida","Ophiuridae","Ophiura","Ophiura ophiura",1,,,1997,,TRUE,TRUE,FALSE,,,"serpent star, ophiure rose","echinoderms"
105814,"Chordata","Elasmobranchii","Carcharhiniformes","Scyliorhinidae","Scyliorhinus","Scyliorhinus canicula",1,,,1997,,TRUE,TRUE,FALSE,"LC","LC","small-spotted catshark, petite rousette","fish"
105815,"Chordata","Elasmobranchii","Carcharhiniformes","Scyliorhinidae","Scyliorhinus","Scyliorhinus stellaris",2,,,1997,,TRUE,TRUE,FALSE,"VU","VU","nursehound, grande roussette","fish"
105837,"Chordata","Elasmobranchii","Lamniformes","Cetorhinidae","Cetorhinus","Cetorhinus maximus",,,,,,FALSE,TRUE,FALSE,"EN","EN","sailfish, le très grand","fish"
126281,"Chordata","Teleostei","Anguilliformes","Anguillidae","Anguilla","Anguilla anguilla",,,,,,FALSE,TRUE,FALSE,"CR","CR","European eel, anguille d'Europe","fish"
126285,"Chordata","Teleostei","Anguilliformes","Congridae","Conger","Conger conger",1,,,2011,,TRUE,TRUE,FALSE,"LC","LC","conger, congre","fish"
126770,"Chordata","Teleostei","Blenniiformes","Blenniidae","Parablennius","Parablennius gattorugine",2,,,2013,,TRUE,TRUE,FALSE,"LC","LC","tompot blenny, blennie gattorugine","fish"
126792,"Chordata","Teleostei","Callionymiformes","Callionymidae","Callionymus","Callionymus lyra",4,,,2011,,TRUE,TRUE,FALSE,"LC","LC","dragonet, dragonnet lyre","fish"
126417,"Chordata","Teleostei","Clupeiformes","Clupeidae","Clupea","Clupea harengus",5,,,1997,,TRUE,TRUE,FALSE,"LC","LC","herring, hareng de l'Atlantique","fish"
126964,"Chordata","Teleostei","Eupercaria incertae sedis","Labridae","Ctenolabrus","Ctenolabrus rupestris",6,,,1997,,TRUE,TRUE,FALSE,"LC","LC","goldsinny, cténolabre rupestre","fish"
126965,"Chordata","Teleostei","Eupercaria incertae sedis","Labridae","Labrus","Labrus bergylta",17,,,2013,,TRUE,TRUE,FALSE,"LC","LC","wrasse, labre","fish"
151501,"Chordata","Teleostei","Eupercaria incertae sedis","Labridae","Labrus","Labrus mixtus",24,,,2013,,TRUE,TRUE,FALSE,"LC","LC","cuckoo wrasse, vieille coquette","fish"
126458,"Chordata","Teleostei","Gadiformes","Lotidae","Gaidropsarus","Gaidropsarus vulgaris",3,,,2011,,TRUE,TRUE,FALSE,"LC","LC","rockling, motelle à trois barbillons","fish"
126461,"Chordata","Teleostei","Gadiformes","Lotidae","Molva","Molva molva",7,,,1997,,TRUE,TRUE,FALSE,,,"common ling, lingue franche","fish"
126440,"Chordata","Teleostei","Gadiformes","Gadidae","Pollachius","Pollachius pollachius",27,,,2013,,TRUE,TRUE,FALSE,"LC","LC","green pollack, lieu jaune","fish"
126441,"Chordata","Teleostei","Gadiformes","Gadidae","Pollachius","Pollachius virens",23,,,2007,,TRUE,TRUE,FALSE,,,"pollock, colin (lieu)","fish"
126445,"Chordata","Teleostei","Gadiformes","Gadidae","Trisopterus","Trisopterus luscus",3,,,1997,,TRUE,TRUE,FALSE,,,"pouting, tacaud","fish"
126446,"Chordata","Teleostei","Gadiformes","Gadidae","Trisopterus","Trisopterus minutus",15,,,2010,,TRUE,TRUE,FALSE,,,"cepelan, capelan de Méditerranée","fish"
1526389,"Chordata","Teleostei","Gobiiformes","Gobiidae","Pomatoschistus","Pomatoschistus flavescens",1,,,2010,,TRUE,TRUE,FALSE,,,,"fish"
126937,"Chordata","Teleostei","Gobiiformes","Gobiidae","Thorogobius","Thorogobius ephippiatus",7,,,2015,,TRUE,TRUE,FALSE,"LC","LC","leopard-spotted goby, gobie léopard","fish"
126522,"Chordata","Teleostei","Lampriformes","Lampridae","Lampris","Lampris guttatus",2,,,1977,,TRUE,TRUE,FALSE,"LC","LC","moonfish, poisson lune","fish"
126555,"Chordata","Teleostei","Lophiiformes","Lophiidae","Lophius","Lophius piscatorius",3,,,2011,,TRUE,TRUE,FALSE,"LC","LC","angler-fish, lotte","fish"
127071,"Chordata","Teleostei","Perciformes","Stichaeidae","Chirolophis","Chirolophis ascanii",3,,,2015,,TRUE,TRUE,FALSE,,,"Atlantic warbonnet, toupet marbré","fish"
127214,"Chordata","Teleostei","Perciformes","Cyclopteridae","Cyclopterus","Cyclopterus lumpus",1,,,2015,,TRUE,TRUE,FALSE,,,"lumpfish, grosse poule de mer","fish"
127220,"Chordata","Teleostei","Perciformes","Liparidae","Liparis","Liparis montagui",1,,,2005,,TRUE,FALSE,FALSE,"LC","LC","Montagu's sea-snail, limace de mer","fish"
127203,"Chordata","Teleostei","Perciformes","Cottidae","Myoxocephalus","Myoxocephalus scorpius",1,,,2010,,TRUE,TRUE,FALSE,,,"sculpin, chaboisseau","fish"
126996,"Chordata","Teleostei","Perciformes","Pholidae","Pholis","Pholis gunnellus",2,,,,,TRUE,TRUE,FALSE,,,"rock gunnel, gonnelle","fish"
127204,"Chordata","Teleostei","Perciformes","Cottidae","Taurulus","Taurulus bubalis",31,,,2015,,TRUE,TRUE,FALSE,"LC","LC","sea scorpion, petit chabot","fish"
127140,"Chordata","Teleostei","Pleuronectiformes","Pleuronectidae","Microstomus","Microstomus kitt",1,,,2005,,TRUE,FALSE,FALSE,"LC","LC","lemon sole, sole limande","fish"
127143,"Chordata","Teleostei","Pleuronectiformes","Pleuronectidae","Pleuronectes","Pleuronectes platessa",8,,,2011,,TRUE,TRUE,FALSE,"LC","LC","European plaice, plie d'Europe","fish"
293018,"Chordata","Teleostei","Pleuronectiformes","Scophthalmidae","Zeugopterus","Zeugopterus norvegicus",3,,,2010,,TRUE,TRUE,FALSE,,,"Norwegian topknot","fish"
127151,"Chordata","Teleostei","Pleuronectiformes","Scophthalmidae","Zeugopterus","Zeugopterus punctatus",4,,,2010,,TRUE,TRUE,FALSE,"LC","LC","topknot, sole des rochers","fish"
127405,"Chordata","Teleostei","Tetraodontiformes","Molidae","Mola","Mola mola",6,,,2009,,TRUE,TRUE,FALSE,"VU","VU","ocean sunfish, poisson-lune","fish"
100328,"Ascomycota","Dothideomycetes","Capnodiales","Mycosphaerellaceae","Mycosphaerella","Mycosphaerella tassiana",,,,,,FALSE,TRUE,FALSE,,,,"fungi"
437807,"Ascomycota","Eurotiomycetes","Pyrenulales","Xanthopyreniaceae","Pyrenocollema","Pyrenocollema elegans",,,,,,FALSE,TRUE,FALSE,,,,"fungi"
147752,"Ascomycota","Eurotiomycetes","Pyrenulales","Xanthopyreniaceae","Pyrenocollema","Pyrenocollema halodytes",,,,,,FALSE,TRUE,FALSE,,,,"fungi"
437810,"Ascomycota","Eurotiomycetes","Pyrenulales","Xanthopyreniaceae","Pyrenocollema","Pyrenocollema sublitorale",,,,,,FALSE,TRUE,FALSE,,,,"fungi"
1609738,"Ascomycota","Eurotiomycetes","Verrucariales","Verrucariaceae","Hydropunctaria","Hydropunctaria maura",7,,,2015,,TRUE,FALSE,FALSE,,,,"fungi"
437866,"Ascomycota","Eurotiomycetes","Verrucariales","Verrucariaceae","Verrucaria","Verrucaria fusconigrescens",,,,,,FALSE,TRUE,FALSE,,,,"fungi"
147725,"Ascomycota","Eurotiomycetes","Verrucariales","Verrucariaceae","Verrucaria","Verrucaria halizoa",,,,,,FALSE,TRUE,FALSE,,,,"fungi"
1607307,"Ascomycota","Eurotiomycetes","Verrucariales","Verrucariaceae","Wahlenbergiella","Wahlenbergiella mucosa",1,,,2015,,TRUE,FALSE,FALSE,,,,"fungi"
426124,"Ascomycota","Lecanoromycetes","Lecanorales","Cladoniaceae","Cladonia","Cladonia foliacea",,,,,,FALSE,TRUE,FALSE,,,,"fungi"
718752,"Ascomycota","Lecanoromycetes","Lecanorales","Lecanoraceae","Lecanora","Lecanora campestris",,,,,,FALSE,TRUE,FALSE,,,,"fungi"
182724,"Ascomycota","Lecanoromycetes","Lecanorales","Lecanoraceae","Lecanora","Lecanora gangaleoides",,,,,,FALSE,TRUE,FALSE,,,,"fungi"
147749,"Ascomycota","Lecanoromycetes","Lecanorales","Lecanoraceae","Lecanora","Lecanora helicopis",,,,,,FALSE,TRUE,FALSE,,,,"fungi"
182736,"Ascomycota","Lecanoromycetes","Lecanorales","Ramalinaceae","Ramalina","Ramalina cuspidata",,,,,,FALSE,TRUE,FALSE,,,,"fungi"
147713,"Ascomycota","Lecanoromycetes","Lecanorales","Ramalinaceae","Ramalina","Ramalina siliquosa",,,,,,FALSE,TRUE,FALSE,,,"sea ivory","fungi"
438957,"Ascomycota","Lecanoromycetes","Lecanorales","Mycoblastaceae","Tephromela","Tephromela atra var. atra",,,,,,FALSE,TRUE,FALSE,,,,"fungi"
147735,"Ascomycota","Lecanoromycetes","Pertusariales","Ochrolechiaceae","Ochrolechia","Ochrolechia parella",,,,,,FALSE,TRUE,FALSE,,,"parelle","fungi"
1416229,"Ascomycota","Lecanoromycetes","Rhizocarpales","Rhizocarpaceae","Rhizocarpon","Rhizocarpon richardii",,,,,,FALSE,TRUE,FALSE,,,,"fungi"
147709,"Ascomycota","Lecanoromycetes","Teloschistales","Teloschistaceae","Xanthoria","Xanthoria parietina",,,,,,FALSE,TRUE,FALSE,,,"common orange lichen","fungi"
147721,"Ascomycota","Lichinomycetes","Lichinales","Lichinaceae","Lichina","Lichina confinis",,,,,,FALSE,TRUE,FALSE,,,,"fungi"
100459,"Ascomycota","Sordariomycetes","Coniochaetales","Coniochaetaceae","Coniochaeta","Coniochaeta ligniaria",,,,,,FALSE,TRUE,FALSE,,,,"fungi"
137080,"Chordata","Mammalia","Carnivora","Phocidae","Halichoerus","Halichoerus grypus",4,,,1987,,TRUE,TRUE,FALSE,"LC","LC","grey seal, phoque gris","mammals"
137084,"Chordata","Mammalia","Carnivora","Phocidae","Phoca","Phoca vitulina",,,,,,FALSE,TRUE,FALSE,"LC","LC","harbour seal, phoque veau marin","mammals"
137087,"Chordata","Mammalia","Cetartiodactyla","Balaenopteridae","Balaenoptera","Balaenoptera acutorostrata",1,,,2010,,TRUE,TRUE,FALSE,"LC","LC","minke whale, rorqual mineur","mammals"
137094,"Chordata","Mammalia","Cetartiodactyla","Delphinidae","Delphinus","Delphinus delphis",1,,,1999,,TRUE,TRUE,FALSE,"LC","LC","common dolphin, dauphin ordinaire","mammals"
137097,"Chordata","Mammalia","Cetartiodactyla","Delphinidae","Globicephala","Globicephala melas",1,,,2007,,TRUE,TRUE,FALSE,"LC","LC","long-finned pilot whale, globicéphale noir","mammals"
137098,"Chordata","Mammalia","Cetartiodactyla","Delphinidae","Grampus","Grampus griseus",,,,,,FALSE,TRUE,FALSE,"LC","LC","Risso's dolphin, marsouin gris","mammals"
137101,"Chordata","Mammalia","Cetartiodactyla","Delphinidae","Lagenorhynchus","Lagenorhynchus albirostris",2,,,1989,,TRUE,TRUE,FALSE,"LC","LC","white-beaked dolphin, dauphin à bec blanc","mammals"
1571853,"Chordata","Mammalia","Cetartiodactyla","Delphinidae","Leucopleurus","Leucopleurus acutus",,,,,,FALSE,TRUE,FALSE,,,"Atlantic white-sided dolphin","mammals"
137121,"Chordata","Mammalia","Cetartiodactyla","Ziphiidae","Mesoplodon","Mesoplodon bidens",1,,,1994,,TRUE,TRUE,FALSE,"LC","LC","North Atlantic beaked whale, mesoplodon de Sowerby","mammals"
231407,"Chordata","Mammalia","Cetartiodactyla","Ziphiidae","Mesoplodon","Mesoplodon ginkgodens",,,,,,FALSE,TRUE,FALSE,"DD","DD","gingko-toothed whale, mesoplodon Japonais","mammals"
137102,"Chordata","Mammalia","Cetartiodactyla","Delphinidae","Orcinus","Orcinus orca",4,,,1987,,TRUE,TRUE,FALSE,"DD","DD","killer-trasher, orque","mammals"
137117,"Chordata","Mammalia","Cetartiodactyla","Phocoenidae","Phocoena","Phocoena phocoena",,,,,,FALSE,TRUE,FALSE,"LC","LC","harbor porpoise, poursille","mammals"
140103,"Mollusca","Bivalvia","Adapedonta","Hiatellidae","Hiatella","Hiatella arctica",,,,,,FALSE,TRUE,FALSE,,,"Arctic hiatella","molluscs"
140737,"Mollusca","Bivalvia","Adapedonta","Pharidae","Phaxas","Phaxas pellucidus",1,,,1997,,TRUE,TRUE,FALSE,,,"razor shell","molluscs"
751302,"Mollusca","Bivalvia","Arcida","Arcidae","Tetrarca","Tetrarca tetragona",1,,,1997,,TRUE,TRUE,FALSE,,,,"molluscs"
146952,"Mollusca","Bivalvia","Galeommatida","Lasaeidae","Tellimya","Tellimya ferruginosa",1,,,1997,,TRUE,TRUE,FALSE,,,"rusty Montagu shell","molluscs"
140283,"Mollusca","Bivalvia","Lucinida","Lucinidae","Lucinoma","Lucinoma borealis",1,,,1997,,TRUE,TRUE,FALSE,,,"northern lucina","molluscs"
140480,"Mollusca","Bivalvia","Mytilida","Mytilidae","Mytilus","Mytilus edulis",15,,,2015,,TRUE,TRUE,FALSE,,,"blue mussel, moule commune","molluscs"
138749,"Mollusca","Bivalvia","Pectinida","Anomiidae","Heteranomia","Heteranomia squamula",,,,,,FALSE,TRUE,FALSE,,,"smallest saddle oyster","molluscs"
236719,"Mollusca","Bivalvia","Pectinida","Pectinidae","Mimachlamys","Mimachlamys varia",,,,,,FALSE,TRUE,FALSE,,,"variegated scallop, pétoncle noir","molluscs"
140710,"Mollusca","Bivalvia","Pectinida","Pectinidae","Palliolum","Palliolum tigerinum",1,,,2015,,TRUE,TRUE,FALSE,,,"tiger scallop","molluscs"
140712,"Mollusca","Bivalvia","Pectinida","Pectinidae","Pecten","Pecten maximus",,,,,,FALSE,TRUE,FALSE,,,"great scallop, grande coquille st. Jacques","molluscs"
138751,"Mollusca","Bivalvia","Pectinida","Anomiidae","Pododesmus","Pododesmus patelliformis",14,,,1997,,TRUE,TRUE,FALSE,,,,"molluscs"
138752,"Mollusca","Bivalvia","Pectinida","Anomiidae","Pododesmus","Pododesmus squama",2,,,2015,,TRUE,TRUE,FALSE,,,,"molluscs"
236715,"Mollusca","Bivalvia","Pectinida","Pectinidae","Talochlamys","Talochlamys pusio",1,,,1997,,TRUE,TRUE,FALSE,,,"hunchback scallop","molluscs"
138802,"Mollusca","Bivalvia","Venerida","Arcticidae","Arctica","Arctica islandica",1,,,1997,,TRUE,TRUE,FALSE,,,"Icelandic cyprine, cyprine d'Islande","molluscs"
141907,"Mollusca","Bivalvia","Venerida","Veneridae","Chamelea","Chamelea gallina",1,,,1997,,TRUE,FALSE,FALSE,,,"chicken venus, galinette","molluscs"
141908,"Mollusca","Bivalvia","Venerida","Veneridae","Chamelea","Chamelea striatula",,,,,,FALSE,TRUE,FALSE,,,"striped venus","molluscs"
181373,"Mollusca","Bivalvia",,"Periplomatidae","Cochlodesma","Cochlodesma praetenue",1,,,1997,,TRUE,TRUE,FALSE,,,"European spoon clam","molluscs"
140271,"Mollusca","Cephalopoda","Myopsida","Loliginidae","Loligo","Loligo vulgaris",1,,,2010,,TRUE,TRUE,FALSE,"DD","DD","Kalmar common squid, encornet","molluscs"
140600,"Mollusca","Cephalopoda","Octopoda","Eledonidae","Eledone","Eledone cirrhosa",4,,,2010,,TRUE,TRUE,FALSE,"LC","LC","lesser octopus, elédone","molluscs"
140605,"Mollusca","Cephalopoda","Octopoda","Octopodidae","Octopus","Octopus vulgaris",1,,,1970,,TRUE,TRUE,FALSE,"LC","LC","common octopus, pieuvre","molluscs"
138758,"Mollusca","Gastropoda","Aplysiida","Aplysiidae","Aplysia","Aplysia punctata",28,,,2015,,TRUE,TRUE,FALSE,,,"spotted sea hare, aplysie ponctuée","molluscs"
867492,"Mollusca","Gastropoda","Cephalaspidea","Philinidae","Hermania","Hermania scabra",1,,,1997,,TRUE,TRUE,FALSE,,,,"molluscs"
139951,"Mollusca","Gastropoda","Lepetellida","Fissurellidae","Diodora","Diodora graeca",1,,,1997,,TRUE,TRUE,FALSE,,,"Greek keyhole limpet, fissurelle","molluscs"
139761,"Mollusca","Gastropoda","Littorinimorpha","Eratoidae","Erato","Erato voluta",2,,,1997,,TRUE,TRUE,FALSE,,,,"molluscs"
140170,"Mollusca","Gastropoda","Littorinimorpha","Littorinidae","Lacuna","Lacuna vincta",1,,,2015,,TRUE,TRUE,FALSE,,,"northern lacuna, lacune commune de l'Atlantique","molluscs"
140264,"Mollusca","Gastropoda","Littorinimorpha","Littorinidae","Littorina","Littorina saxatilis",7,,,2015,,TRUE,FALSE,FALSE,,,"black-lined periwinkle, littorine des rochers","molluscs"
140266,"Mollusca","Gastropoda","Littorinimorpha","Littorinidae","Melarhaphe","Melarhaphe neritoides",5,,,2015,,TRUE,TRUE,FALSE,,,"small periwinkle","molluscs"
140669,"Mollusca","Gastropoda","Littorinimorpha","Ovulidae","Simnia","Simnia patula",4,,,1997,,TRUE,TRUE,FALSE,,,"open simnia","molluscs"
141539,"Mollusca","Gastropoda","Littorinimorpha","Skeneopsidae","Skeneopsis","Skeneopsis planorbis",1,,,1997,,TRUE,TRUE,FALSE,,,"flat skenea, skénée planorbe","molluscs"
141741,"Mollusca","Gastropoda","Littorinimorpha","Triviidae","Trivia","Trivia arctica",33,,,2011,,TRUE,TRUE,FALSE,,,"northern cowrie, grain de café","molluscs"
141744,"Mollusca","Gastropoda","Littorinimorpha","Triviidae","Trivia","Trivia monacha",8,,,2015,,TRUE,TRUE,FALSE,,,"bean cowrie, grain de café","molluscs"
490701,"Mollusca","Gastropoda","Neogastropoda","Buccinidae","Anomalisipho","Anomalisipho verkruezeni",,,,,,FALSE,TRUE,FALSE,,,,"molluscs"
138878,"Mollusca","Gastropoda","Neogastropoda","Buccinidae","Buccinum","Buccinum undatum",1,,,2015,,TRUE,TRUE,FALSE,,,"waved whelk, bulot","molluscs"
140403,"Mollusca","Gastropoda","Neogastropoda","Muricidae","Nucella","Nucella lapillus",1,,,2015,,TRUE,TRUE,FALSE,,,"Atlantic dogwinkle, bigorneau blanc","molluscs"
876825,"Mollusca","Gastropoda","Neogastropoda","Nassariidae","Tritia","Tritia incrassata",10,,,1997,,TRUE,TRUE,FALSE,,,"angulate nassa","molluscs"
890057,"Mollusca","Gastropoda","Neogastropoda","Nassariidae","Tritia","Tritia nitida",,,,,,FALSE,TRUE,FALSE,,,,"molluscs"
876821,"Mollusca","Gastropoda","Neogastropoda","Nassariidae","Tritia","Tritia reticulata",3,,,1997,,TRUE,FALSE,FALSE,,,"netted dog whelk","molluscs"
140627,"Mollusca","Gastropoda","Nudibranchia","Onchidorididae","Acanthodoris","Acanthodoris pilosa",2,,,2011,,TRUE,TRUE,FALSE,,,"hairy spiny doris, doris épineux","molluscs"
138709,"Mollusca","Gastropoda","Nudibranchia","Aeolidiidae","Aeolidia","Aeolidia papillosa",4,,,2015,,TRUE,FALSE,FALSE,,,"shag-rug aeolis, eolidien à papilles","molluscs"
162687,"Mollusca","Gastropoda","Nudibranchia","Janolidae","Antiopella","Antiopella cristata",12,,,2015,,TRUE,TRUE,FALSE,,,,"molluscs"
139134,"Mollusca","Gastropoda","Nudibranchia","Cadlinidae","Cadlina","Cadlina laevis",7,,,2015,,TRUE,TRUE,FALSE,,,"white Atlantic cadlina","molluscs"
1669251,"Mollusca","Gastropoda","Nudibranchia","Tritoniidae","Candiella","Candiella lineata",,,,,,FALSE,TRUE,FALSE,,,,"molluscs"
141611,"Mollusca","Gastropoda","Nudibranchia","Trinchesiidae","Catriona","Catriona gymnota",,,,,,FALSE,TRUE,FALSE,,,,"molluscs"
139980,"Mollusca","Gastropoda","Nudibranchia","Coryphellidae","Coryphella","Coryphella browni",11,,,2011,,TRUE,TRUE,FALSE,,,,"molluscs"
139982,"Mollusca","Gastropoda","Nudibranchia","Coryphellidae","Coryphella","Coryphella lineata",10,,,2014,,TRUE,TRUE,FALSE,,,"coryphelle blanche","molluscs"
139987,"Mollusca","Gastropoda","Nudibranchia","Coryphellidae","Coryphella","Coryphella verrucosa",3,,,2015,,TRUE,TRUE,FALSE,,,,"molluscs"
141707,"Mollusca","Gastropoda","Nudibranchia","Polyceridae","Crimora","Crimora papillata",4,,,1997,,TRUE,TRUE,FALSE,,,,"molluscs"
139523,"Mollusca","Gastropoda","Nudibranchia","Dendronotidae","Dendronotus","Dendronotus frondosus",1,,,2013,,TRUE,TRUE,FALSE,,,"frond-aeolis, nudibranche hérissé","molluscs"
140630,"Mollusca","Gastropoda","Nudibranchia","Calycidorididae","Diaphorodoris","Diaphorodoris luteocincta",8,,,2005,,TRUE,TRUE,FALSE,,,"fried egg nudibranch","molluscs"
181228,"Mollusca","Gastropoda","Nudibranchia","Dorididae","Doris","Doris pseudoargus",19,,,2013,,TRUE,TRUE,FALSE,,,"sea lemon","molluscs"
1473656,"Mollusca","Gastropoda","Nudibranchia","Tritoniidae","Duvaucelia","Duvaucelia lineata",1,,,2015,,TRUE,FALSE,FALSE,,,,"molluscs"
1047602,"Mollusca","Gastropoda","Nudibranchia","Flabellinidae","Edmundsella","Edmundsella pedata",6,,,2015,,TRUE,TRUE,FALSE,,,,"molluscs"
139907,"Mollusca","Gastropoda","Nudibranchia","Facelinidae","Facelina","Facelina annulicornis",3,,,1997,,TRUE,TRUE,FALSE,,,,"molluscs"
153375,"Mollusca","Gastropoda","Nudibranchia","Facelinidae","Facelina","Facelina auriculata",3,,,2015,,TRUE,TRUE,FALSE,,,"slender facelina","molluscs"
139908,"Mollusca","Gastropoda","Nudibranchia","Facelinidae","Facelina","Facelina bostoniensis",1,,,1997,,TRUE,TRUE,FALSE,,,"facelina, facéline","molluscs"
139940,"Mollusca","Gastropoda","Nudibranchia","Facelinidae","Favorinus","Favorinus branchialis",1,,,1997,,TRUE,TRUE,FALSE,,,,"molluscs"
140033,"Mollusca","Gastropoda","Nudibranchia","Goniodorididae","Goniodoris","Goniodoris nodosa",5,,,2015,,TRUE,FALSE,FALSE,,,,"molluscs"
140166,"Mollusca","Gastropoda","Nudibranchia","Discodorididae","Jorunna","Jorunna tomentosa",2,,,2015,,TRUE,FALSE,FALSE,,,"white jorunna","molluscs"
140830,"Mollusca","Gastropoda","Nudibranchia","Polyceridae","Limacia","Limacia clavigera",12,,,2011,,TRUE,TRUE,FALSE,,,"orange-clubbed nudibranch","molluscs"
1723483,"Mollusca","Gastropoda","Nudibranchia","Goniodorididae","Okenia","Okenia nodosa",,,,,,FALSE,TRUE,FALSE,,,,"molluscs"
140834,"Mollusca","Gastropoda","Nudibranchia","Polyceridae","Polycera","Polycera faeroensis",20,,,2013,,TRUE,TRUE,FALSE,,,,"molluscs"
140838,"Mollusca","Gastropoda","Nudibranchia","Polyceridae","Polycera","Polycera quadrilineata",20,,,2015,,TRUE,TRUE,FALSE,,,"four-striped polycera, limace à quatre lignes","molluscs"
141404,"Mollusca","Gastropoda","Nudibranchia","Discodorididae","Rostanga","Rostanga rubra",1,,,2007,,TRUE,FALSE,FALSE,,,,"molluscs"
141641,"Mollusca","Gastropoda","Nudibranchia","Tergipedidae","Tergipes","Tergipes tergipes",1,,,2010,,TRUE,TRUE,FALSE,,,"Johnston's balloon eolis","molluscs"
416648,"Mollusca","Gastropoda","Nudibranchia","Tritoniidae","Tritonia","Tritonia hombergii",25,,,2015,,TRUE,TRUE,FALSE,,,,"molluscs"
141430,"Mollusca","Gastropoda","Seguenziida","Seguenziidae","Seguenzia","Seguenzia elegans",4,,,1977,,TRUE,FALSE,FALSE,,,,"molluscs"
141767,"Mollusca","Gastropoda","Trochida","Calliostomatidae","Calliostoma","Calliostoma zizyphinum",144,,,2015,,TRUE,TRUE,FALSE,,,"painted top shell, troque jujube","molluscs"
141821,"Mollusca","Gastropoda","Trochida","Margaritidae","Margarites","Margarites helicinus",7,,,1997,,TRUE,TRUE,FALSE,,,"spiral margarite","molluscs"
1039839,"Mollusca","Gastropoda","Trochida","Trochidae","Steromphala","Steromphala cineraria",36,,,2015,,TRUE,TRUE,FALSE,,,,"molluscs"
1477356,"Mollusca","Gastropoda","Trochida","Trochidae","Steromphala","Steromphala tumida",3,,,1997,,TRUE,TRUE,FALSE,,,,"molluscs"
138691,"Mollusca","Gastropoda",,"Acteonidae","Acteon","Acteon tornatilis",,,,,,FALSE,TRUE,FALSE,,,"beer barrel","molluscs"
140092,"Mollusca","Gastropoda",,"Hermaeidae","Hermaea","Hermaea bifida",1,,,1997,,TRUE,FALSE,FALSE,,,,"molluscs"
147459,"Mollusca","Gastropoda",,"Patellidae","Patella","Patella pellucida",23,,,2015,,TRUE,TRUE,FALSE,,,"blue-rayed limpet","molluscs"
140684,"Mollusca","Gastropoda",,"Patellidae","Patella","Patella ulyssiponensis",3,,,2015,,TRUE,TRUE,FALSE,,,"rough limpet, patelle","molluscs"
140685,"Mollusca","Gastropoda",,"Patellidae","Patella","Patella vulgata",3,,,2015,,TRUE,TRUE,FALSE,,,"common limpet, bernique","molluscs"
153552,"Mollusca","Gastropoda",,"Lottiidae","Tectura","Tectura virginea",18,,,2011,,TRUE,TRUE,FALSE,,,"white tortoiseshell limpet","molluscs"
140132,"Mollusca","Polyplacophora","Callochitonida","Callochitonidae","Callochiton","Callochiton septemvalvis",1,,,1997,,TRUE,TRUE,FALSE,,,"sevenplated chiton","molluscs"
386411,"Mollusca","Polyplacophora","Chitonida","Tonicellidae","Boreochiton","Boreochiton ruber",1,,,1997,,TRUE,TRUE,FALSE,,,"northern red chiton","molluscs"
152774,"Mollusca","Polyplacophora","Chitonida","Tonicellidae","Lepidochitona","Lepidochitona cinerea",1,,,1997,,TRUE,TRUE,FALSE,,,"cinereous chiton","molluscs"
140199,"Mollusca","Polyplacophora","Lepidopleurida","Leptochitonidae","Leptochiton","Leptochiton asellus",3,,,1997,,TRUE,TRUE,FALSE,,,"coat-of-mail chiton","molluscs"
111062,"Bryozoa","Gymnolaemata","Cheilostomatida","Aeteidae","Aetea","Aetea anguina",6,,,2015,,TRUE,TRUE,FALSE,,,"snake's head coralline","moss animals"
111067,"Bryozoa","Gymnolaemata","Cheilostomatida","Aeteidae","Aetea","Aetea truncata",1,,,2015,,TRUE,TRUE,FALSE,,,,"moss animals"
111187,"Bryozoa","Gymnolaemata","Cheilostomatida","Calloporidae","Amphiblestrum","Amphiblestrum flemingii",1,,,2015,,TRUE,TRUE,FALSE,,,,"moss animals"
111147,"Bryozoa","Gymnolaemata","Cheilostomatida","Bugulidae","Bicellariella","Bicellariella ciliata",17,,,2015,,TRUE,TRUE,FALSE,,,"furry bryozoan","moss animals"
833984,"Bryozoa","Gymnolaemata","Cheilostomatida","Bugulidae","Bugulina","Bugulina angustiloba",1,,,1997,,TRUE,FALSE,FALSE,,,,"moss animals"
833990,"Bryozoa","Gymnolaemata","Cheilostomatida","Bugulidae","Bugulina","Bugulina avicularia",1,,,1997,,TRUE,FALSE,FALSE,,,"bird's head coralline","moss animals"
834002,"Bryozoa","Gymnolaemata","Cheilostomatida","Bugulidae","Bugulina","Bugulina flabellata",46,,,2015,,TRUE,TRUE,FALSE,,,,"moss animals"
834020,"Bryozoa","Gymnolaemata","Cheilostomatida","Bugulidae","Bugulina","Bugulina turbinata",26,,,1997,,TRUE,TRUE,FALSE,,,,"moss animals"
111266,"Bryozoa","Gymnolaemata","Cheilostomatida","Celleporidae","Buskea","Buskea nitida",,,,,,FALSE,TRUE,FALSE,,,,"moss animals"
111257,"Bryozoa","Gymnolaemata","Cheilostomatida","Cellariidae","Cellaria","Cellaria fistulosa",1,,,1997,,TRUE,TRUE,FALSE,,,,"moss animals"
111268,"Bryozoa","Gymnolaemata","Cheilostomatida","Celleporidae","Cellepora","Cellepora pumicosa",5,,,1997,,TRUE,TRUE,FALSE,,,"bryozoaire","moss animals"
111397,"Bryozoa","Gymnolaemata","Cheilostomatida","Hippothoidae","Celleporella","Celleporella hyalina",1,,,2015,,TRUE,TRUE,FALSE,,,,"moss animals"
221538,"Bryozoa","Gymnolaemata","Cheilostomatida","Celleporidae","Celleporina","Celleporina caliciformis",2,,,2015,,TRUE,TRUE,FALSE,,,,"moss animals"
738997,"Bryozoa","Gymnolaemata","Cheilostomatida","Candidae","Cradoscrupocellaria","Cradoscrupocellaria reptans",52,,,2015,,TRUE,TRUE,FALSE,,,,"moss animals"
834039,"Bryozoa","Gymnolaemata","Cheilostomatida","Bugulidae","Crisularia","Crisularia plumosa",4,,,2015,,TRUE,TRUE,FALSE,,,"feather bryozoan","moss animals"
111355,"Bryozoa","Gymnolaemata","Cheilostomatida","Electridae","Electra","Electra pilosa",26,,,2015,,TRUE,TRUE,FALSE,,,"hairy sea-mat, ecorce pileuse","moss animals"
111498,"Bryozoa","Gymnolaemata","Cheilostomatida","Exochellidae","Escharoides","Escharoides coccinea",7,,,2015,,TRUE,TRUE,FALSE,,,,"moss animals"
111367,"Bryozoa","Gymnolaemata","Cheilostomatida","Flustridae","Flustra","Flustra foliacea",45,,,2015,,TRUE,TRUE,FALSE,,,"hornwrack, grande flustre","moss animals"
111400,"Bryozoa","Gymnolaemata","Cheilostomatida","Hippothoidae","Hippothoa","Hippothoa flagellum",1,,,2015,,TRUE,TRUE,FALSE,,,,"moss animals"
111411,"Bryozoa","Gymnolaemata","Cheilostomatida","Membraniporidae","Membranipora","Membranipora membranacea",88,,,2015,,TRUE,TRUE,FALSE,,,"lacy crust bryozoan, membranipore","moss animals"
111320,"Bryozoa","Gymnolaemata","Cheilostomatida","Cribrilinidae","Membraniporella","Membraniporella nitida",1,,,2015,,TRUE,TRUE,FALSE,,,,"moss animals"
146830,"Bryozoa","Gymnolaemata","Cheilostomatida","Umbonulidae","Oshurkovia","Oshurkovia littoralis",9,,,2015,,TRUE,TRUE,FALSE,,,,"moss animals"
111547,"Bryozoa","Gymnolaemata","Cheilostomatida","Smittinidae","Parasmittina","Parasmittina trispinosa",27,,,2015,,TRUE,TRUE,FALSE,,,,"moss animals"
111082,"Bryozoa","Gymnolaemata","Cheilostomatida","Bitectiporidae","Pentapora","Pentapora fascialis",5,,,1997,,TRUE,FALSE,FALSE,,,"Ross, pentapore bois de cerf","moss animals"
150672,"Bryozoa","Gymnolaemata","Cheilostomatida","Bitectiporidae","Pentapora","Pentapora foliacea",11,,,1997,,TRUE,TRUE,FALSE,,,"potato crisp bryozoan, rode de mer","moss animals"
111124,"Bryozoa","Gymnolaemata","Cheilostomatida","Bryocryptellidae","Porella","Porella compressa",22,,,1997,,TRUE,TRUE,FALSE,,,,"moss animals"
111358,"Bryozoa","Gymnolaemata","Cheilostomatida","Electridae","Pyripora","Pyripora catenularia",2,,,2015,,TRUE,TRUE,FALSE,,,,"moss animals"
862795,"Bryozoa","Gymnolaemata","Cheilostomatida","Bitectiporidae","Schizomavella","Schizomavella (Schizomavella) linearis",10,,,2015,,TRUE,TRUE,FALSE,,,,"moss animals"
111539,"Bryozoa","Gymnolaemata","Cheilostomatida","Scrupariidae","Scruparia","Scruparia ambigua",2,,,2015,,TRUE,TRUE,FALSE,,,,"moss animals"
111540,"Bryozoa","Gymnolaemata","Cheilostomatida","Scrupariidae","Scruparia","Scruparia chelata",1,,,2015,,TRUE,TRUE,FALSE,,,,"moss animals"
111250,"Bryozoa","Gymnolaemata","Cheilostomatida","Candidae","Scrupocellaria","Scrupocellaria scruposa",7,,,2015,,TRUE,TRUE,FALSE,,,"scrupocellaria, scrupocellaire","moss animals"
111374,"Bryozoa","Gymnolaemata","Cheilostomatida","Flustridae","Securiflustra","Securiflustra securifrons",8,,,2011,,TRUE,TRUE,FALSE,,,"narrow-leaved hornwrack","moss animals"
111293,"Bryozoa","Gymnolaemata","Cheilostomatida","Celleporidae","Turbicellepora","Turbicellepora magnicostata",3,,,2015,,TRUE,TRUE,FALSE,,,"orange-peel bryozoan","moss animals"
111597,"Bryozoa","Gymnolaemata","Ctenostomatida","Alcyonidiidae","Alcyonidium","Alcyonidium diaphanum",38,,,2015,,TRUE,TRUE,FALSE,,,,"moss animals"
111601,"Bryozoa","Gymnolaemata","Ctenostomatida","Alcyonidiidae","Alcyonidium","Alcyonidium hirsutum",1,,,1997,,TRUE,FALSE,FALSE,,,,"moss animals"
111695,"Bryozoa","Stenolaemata","Cyclostomatida","Crisiidae","Crisia","Crisia denticulata",4,,,1997,,TRUE,TRUE,FALSE,,,,"moss animals"
111696,"Bryozoa","Stenolaemata","Cyclostomatida","Crisiidae","Crisia","Crisia eburnea",17,,,2015,,TRUE,TRUE,FALSE,,,"ivory bryozoan","moss animals"
111703,"Bryozoa","Stenolaemata","Cyclostomatida","Crisiidae","Crisia","Crisia ramosa",2,,,1997,,TRUE,TRUE,FALSE,,,,"moss animals"
111706,"Bryozoa","Stenolaemata","Cyclostomatida","Crisiidae","Crisidia","Crisidia cornuta",25,,,2015,,TRUE,TRUE,FALSE,,,,"moss animals"
111730,"Bryozoa","Stenolaemata","Cyclostomatida","Lichenoporidae","Disporella","Disporella hispida",4,,,2015,,TRUE,TRUE,FALSE,,,,"moss animals"
111708,"Bryozoa","Stenolaemata","Cyclostomatida","Crisiidae","Filicrisia","Filicrisia geniculata",2,,,1997,,TRUE,TRUE,FALSE,,,,"moss animals"
111719,"Bryozoa","Stenolaemata","Cyclostomatida","Plagioeciidae","Plagioecia","Plagioecia patina",2,,,2015,,TRUE,TRUE,FALSE,,,,"moss animals"
103643,"Chordata","Ascidiacea","Aplousobranchia","Polyclinidae","Aplidium","Aplidium elegans",1,,,2015,,TRUE,TRUE,FALSE,,,"sea-strawberry, fraise de mer","sea squirts"
103656,"Chordata","Ascidiacea","Aplousobranchia","Polyclinidae","Aplidium","Aplidium nordmanni",13,,,2015,,TRUE,TRUE,FALSE,,,,"sea squirts"
103658,"Chordata","Ascidiacea","Aplousobranchia","Polyclinidae","Aplidium","Aplidium pallidum",2,,,1997,,TRUE,TRUE,FALSE,,,,"sea squirts"
103660,"Chordata","Ascidiacea","Aplousobranchia","Polyclinidae","Aplidium","Aplidium proliferum",1,,,2005,,TRUE,TRUE,FALSE,,,"ascidie coloniale ovoïde","sea squirts"
103662,"Chordata","Ascidiacea","Aplousobranchia","Polyclinidae","Aplidium","Aplidium punctum",46,,,2015,,TRUE,TRUE,FALSE,,,,"sea squirts"
103670,"Chordata","Ascidiacea","Aplousobranchia","Polyclinidae","Aplidium","Aplidium turbinatum",29,,,2015,,TRUE,TRUE,FALSE,,,,"sea squirts"
103552,"Chordata","Ascidiacea","Aplousobranchia","Clavelinidae","Clavelina","Clavelina lepadiformis",80,,,2015,,TRUE,TRUE,FALSE,,,"light bulb sesquirt, claveline","sea squirts"
103733,"Chordata","Ascidiacea","Aplousobranchia","Diazonidae","Diazona","Diazona violacea",11,,,2010,,TRUE,TRUE,FALSE,,,"football ascidian","sea squirts"
103570,"Chordata","Ascidiacea","Aplousobranchia","Didemnidae","Didemnum","Didemnum maculosum",4,,,2015,,TRUE,TRUE,FALSE,,,,"sea squirts"
103579,"Chordata","Ascidiacea","Aplousobranchia","Didemnidae","Diplosoma","Diplosoma listerianum",1,,,2015,,TRUE,TRUE,FALSE,,,"gray encrusting compound tunicate, Didemnide de lister","sea squirts"
103582,"Chordata","Ascidiacea","Aplousobranchia","Didemnidae","Diplosoma","Diplosoma spongiforme",20,,,2015,,TRUE,TRUE,FALSE,,,,"sea squirts"
103585,"Chordata","Ascidiacea","Aplousobranchia","Didemnidae","Lissoclinum","Lissoclinum perforatum",49,,,2015,,TRUE,TRUE,FALSE,,,,"sea squirts"
148714,"Chordata","Ascidiacea","Aplousobranchia","Polyclinidae","Morchellium","Morchellium argus",3,,,2005,,TRUE,TRUE,FALSE,,,"colonial sesquirt, flocon pédonculé rouge","sea squirts"
103674,"Chordata","Ascidiacea","Aplousobranchia","Polyclinidae","Polyclinum","Polyclinum aurantium",51,,,2015,,TRUE,TRUE,FALSE,,,"ascidie massue orange","sea squirts"
103710,"Chordata","Ascidiacea","Phlebobranchia","Ascidiidae","Ascidia","Ascidia mentula",11,,,2015,,TRUE,TRUE,FALSE,,,"ascidie rose","sea squirts"
103717,"Chordata","Ascidiacea","Phlebobranchia","Ascidiidae","Ascidia","Ascidia virginea",6,,,1997,,TRUE,TRUE,FALSE,,,"ascidie rectangulaire","sea squirts"
103718,"Chordata","Ascidiacea","Phlebobranchia","Ascidiidae","Ascidiella","Ascidiella aspersa",2,,,1997,,TRUE,TRUE,FALSE,,,"dirty sea-squirt, ascidie sale","sea squirts"
103743,"Chordata","Ascidiacea","Phlebobranchia","Corellidae","Corella","Corella parallelogramma",5,,,2015,,TRUE,TRUE,FALSE,,,"gas mantle ascidian","sea squirts"
103814,"Chordata","Ascidiacea","Stolidobranchia","Pyuridae","Boltenia","Boltenia echinata",1,,,2015,,TRUE,TRUE,FALSE,,,"cactus sea squirt","sea squirts"
250081,"Chordata","Ascidiacea","Stolidobranchia","Styelidae","Botrylloides","Botrylloides leachii",59,,,2015,,TRUE,TRUE,FALSE,,,,"sea squirts"
103862,"Chordata","Ascidiacea","Stolidobranchia","Styelidae","Botryllus","Botryllus schlosseri",40,,,2015,,TRUE,TRUE,FALSE,,,"golden star tunicate, botrylle étoilé","sea squirts"
103882,"Chordata","Ascidiacea","Stolidobranchia","Styelidae","Dendrodoa","Dendrodoa grossularia",6,,,2015,,TRUE,TRUE,FALSE,,,"baked-bean ascidian","sea squirts"
103775,"Chordata","Ascidiacea","Stolidobranchia","Molgulidae","Molgula","Molgula citrina",4,,,1997,,TRUE,TRUE,FALSE,,,"sea grapes","sea squirts"
103776,"Chordata","Ascidiacea","Stolidobranchia","Molgulidae","Molgula","Molgula complanata",1,,,1997,,TRUE,TRUE,FALSE,,,"sea grapes","sea squirts"
103903,"Chordata","Ascidiacea","Stolidobranchia","Styelidae","Polycarpa","Polycarpa gracilis",1,,,2015,,TRUE,TRUE,FALSE,,,,"sea squirts"
103914,"Chordata","Ascidiacea","Stolidobranchia","Styelidae","Polycarpa","Polycarpa scuba",15,,,2015,,TRUE,TRUE,FALSE,,,,"sea squirts"
103851,"Chordata","Ascidiacea","Stolidobranchia","Pyuridae","Pyura","Pyura microcosmus",2,,,2015,,TRUE,TRUE,FALSE,,,"petit microcosme","sea squirts"
132200,"Porifera","Calcarea","Baerida","Baeriidae","Leuconia","Leuconia johnstoni",5,,,2015,,TRUE,FALSE,FALSE,,,,"sponges"
132201,"Porifera","Calcarea","Baerida","Baeriidae","Leuconia","Leuconia nivea",17,,,1997,,TRUE,TRUE,FALSE,,,,"sponges"
132277,"Porifera","Calcarea","Clathrinida","Clathrinidae","Clathrina","Clathrina coriacea",40,,,2015,,TRUE,TRUE,FALSE,,,"white lace calcareous sponge, éponge coriace","sponges"
150239,"Porifera","Calcarea","Clathrinida","Clathrinidae","Clathrina","Clathrina lacunosa",1,,,1997,,TRUE,TRUE,FALSE,,,,"sponges"
132181,"Porifera","Calcarea","Leucosolenida","Grantiidae","Grantia","Grantia compressa",6,,,2015,,TRUE,TRUE,FALSE,,,"compressed purse sponge","sponges"
132216,"Porifera","Calcarea","Leucosolenida","Leucosoleniidae","Leucosolenia","Leucosolenia botryoides",1,,,1970,,TRUE,TRUE,FALSE,,,"orange pipe sponge, éponge en grappe","sponges"
132219,"Porifera","Calcarea","Leucosolenida","Leucosoleniidae","Leucosolenia","Leucosolenia complicata",46,,,2015,,TRUE,TRUE,FALSE,,,"Barents Sea sponge","sponges"
132251,"Porifera","Calcarea","Leucosolenida","Syconidae","Sycon","Sycon ciliatum",24,,,2015,,TRUE,TRUE,FALSE,,,"ciliated sponge, sycon","sponges"
132480,"Porifera","Demospongiae","Axinellida","Axinellidae","Axinella","Axinella infundibuliformis",15,,,2019,,TRUE,TRUE,FALSE,,,"North atlantic cup sponge","sponges"
1424275,"Porifera","Demospongiae","Axinellida","Stelligeridae","Stelligera","Stelligera montagui",1,,,1997,,TRUE,TRUE,FALSE,,,,"sponges"
133205,"Porifera","Demospongiae","Biemnida","Biemnidae","Biemna","Biemna variantia",1,,,1997,,TRUE,TRUE,FALSE,,,"massive beige horny sponge, éponge variante","sponges"
132736,"Porifera","Demospongiae","Chondrillida","Halisarcidae","Halisarca","Halisarca dujardinii",5,,,2015,,TRUE,TRUE,FALSE,,,"soft horny sponge, éponge de Dujardin","sponges"
134121,"Porifera","Demospongiae","Clionaida","Clionaidae","Cliona","Cliona celata",34,,,2015,,TRUE,TRUE,FALSE,,,"boring sponge, clione jaune","sponges"
236120,"Porifera","Demospongiae","Dendroceratida","Darwinellidae","Aplysilla","Aplysilla sulfurea",4,,,2015,,TRUE,TRUE,FALSE,,,"sulfur sponge","sponges"
132324,"Porifera","Demospongiae","Dictyoceratida","Dysideidae","Dysidea","Dysidea fragilis",7,,,2011,,TRUE,TRUE,FALSE,,,"brittle horny sponge, éponge friable","sponges"
132797,"Porifera","Demospongiae","Haplosclerida","Chalinidae","Haliclona","Haliclona (Halichoclona) fistulosa",1,,,1997,,TRUE,FALSE,FALSE,,,,"sponges"
150256,"Porifera","Demospongiae","Haplosclerida","Chalinidae","Haliclona","Haliclona (Haliclona) urceolus",25,,,2015,,TRUE,TRUE,FALSE,,,,"sponges"
166605,"Porifera","Demospongiae","Haplosclerida","Chalinidae","Haliclona","Haliclona (Reniera) cinerea",6,,,2015,,TRUE,TRUE,FALSE,,,"chaline cendrée","sponges"
244433,"Porifera","Demospongiae","Haplosclerida","Chalinidae","Haliclona","Haliclona (Rhizoniera) sarai",,,,,,FALSE,TRUE,FALSE,,,,"sponges"
235864,"Porifera","Demospongiae","Haplosclerida","Chalinidae","Haliclona","Haliclona (Rhizoniera) viscosa",43,,,2010,,TRUE,TRUE,FALSE,,,,"sponges"
150225,"Porifera","Demospongiae","Poecilosclerida","Esperiopsidae","Amphilectus","Amphilectus fucorum",17,,,2015,,TRUE,TRUE,FALSE,,,"shredded carrot sponge, éponge mousse de carotte","sponges"
167885,"Porifera","Demospongiae","Poecilosclerida","Microcionidae","Antho","Antho (Antho) inconstans",1,,,1997,,TRUE,TRUE,FALSE,,,,"sponges"
167684,"Porifera","Demospongiae","Poecilosclerida","Microcionidae","Clathria","Clathria (Microciona) spinarcus",3,,,2015,,TRUE,TRUE,FALSE,,,,"sponges"
167689,"Porifera","Demospongiae","Poecilosclerida","Microcionidae","Clathria","Clathria (Microciona) strepsitoxa",4,,,2015,,TRUE,TRUE,FALSE,,,,"sponges"
133587,"Porifera","Demospongiae","Poecilosclerida","Hymedesmiidae","Hymedesmia","Hymedesmia (Hymedesmia) jecusculum",3,,,1997,,TRUE,TRUE,FALSE,,,,"sponges"
133621,"Porifera","Demospongiae","Poecilosclerida","Hymedesmiidae","Hymedesmia","Hymedesmia (Hymedesmia) paupertas",5,,,2015,,TRUE,TRUE,FALSE,,,,"sponges"
169466,"Porifera","Demospongiae","Poecilosclerida","Myxillidae","Myxilla","Myxilla (Myxilla) incrustans",76,,,2015,,TRUE,TRUE,FALSE,,,"encrusting yellow sponge","sponges"
169482,"Porifera","Demospongiae","Poecilosclerida","Myxillidae","Myxilla","Myxilla (Myxilla) perspinosa",1,,,1997,,TRUE,TRUE,FALSE,,,,"sponges"
169488,"Porifera","Demospongiae","Poecilosclerida","Myxillidae","Myxilla","Myxilla (Myxilla) rosacea",7,,,2015,,TRUE,TRUE,FALSE,,,,"sponges"
240442,"Porifera","Demospongiae","Poecilosclerida","Microcionidae","Ophlitaspongia","Ophlitaspongia kildensis",2,,,,,TRUE,FALSE,FALSE,,,,"sponges"
133090,"Porifera","Demospongiae","Poecilosclerida","Microcionidae","Ophlitaspongia","Ophlitaspongia papilla",,,,,,FALSE,TRUE,FALSE,,,,"sponges"
184428,"Porifera","Demospongiae","Poecilosclerida","Microcionidae","Ophlitaspongia","Ophlitaspongia papilla",1,,,1997,,TRUE,TRUE,FALSE,,,,"sponges"
133679,"Porifera","Demospongiae","Poecilosclerida","Hymedesmiidae","Phorbas","Phorbas fictitius",4,,,2015,,TRUE,TRUE,FALSE,,,,"sponges"
133701,"Porifera","Demospongiae","Poecilosclerida","Hymedesmiidae","Spanioplon","Spanioplon armaturum",2,,,1997,,TRUE,TRUE,FALSE,,,,"sponges"
134194,"Porifera","Demospongiae","Polymastiida","Polymastiidae","Polymastia","Polymastia boletiformis",7,,,1997,,TRUE,TRUE,FALSE,,,"massive horny sponge, éponge massive","sponges"
134204,"Porifera","Demospongiae","Polymastiida","Polymastiidae","Polymastia","Polymastia mamillaris",15,,,2005,,TRUE,TRUE,FALSE,,,"white-teated horny sponge, éponge à mamilles","sponges"
170654,"Porifera","Demospongiae","Polymastiida","Polymastiidae","Polymastia","Polymastia penicillus",8,,,2015,,TRUE,TRUE,FALSE,,,"chimney sponge","sponges"
165801,"Porifera","Demospongiae","Suberitida","Halichondriidae","Halichondria","Halichondria (Halichondria) bowerbanki",5,,,2015,,TRUE,TRUE,FALSE,,,"Bowerbank's halichondria","sponges"
165853,"Porifera","Demospongiae","Suberitida","Halichondriidae","Halichondria","Halichondria (Halichondria) panicea",60,,,2015,,TRUE,TRUE,FALSE,,,"breadcrumb sponge","sponges"
132655,"Porifera","Demospongiae","Suberitida","Halichondriidae","Hymeniacidon","Hymeniacidon kitchingi",1,,,1997,,TRUE,TRUE,FALSE,,,,"sponges"
132663,"Porifera","Demospongiae","Suberitida","Halichondriidae","Hymeniacidon","Hymeniacidon perlevis",4,,,2015,,TRUE,TRUE,FALSE,,,"crumb-of-bread sponge","sponges"
134260,"Porifera","Demospongiae","Suberitida","Suberitidae","Pseudosuberites","Pseudosuberites sulphureus",1,,,2015,,TRUE,TRUE,FALSE,,,,"sponges"
134275,"Porifera","Demospongiae","Suberitida","Suberitidae","Suberites","Suberites carnosus",4,,,1997,,TRUE,TRUE,FALSE,,,"fleshy horny sponge, éponge charnue","sponges"
134285,"Porifera","Demospongiae","Suberitida","Suberitidae","Suberites","Suberites ficus",7,,,2013,,TRUE,TRUE,FALSE,,,"fig sponge, éponge figuier","sponges"
134296,"Porifera","Demospongiae","Suberitida","Suberitidae","Suberites","Suberites massa",1,,,2015,,TRUE,TRUE,FALSE,,,,"sponges"
555677,"Porifera","Demospongiae","Tetractinellida","Ancorinidae","Dercitus","Dercitus (Dercitus) bucklandi",3,,,2015,,TRUE,TRUE,FALSE,,,,"sponges"
134057,"Porifera","Demospongiae","Tetractinellida","Geodiidae","Pachymatisma","Pachymatisma johnstonia",80,,,2015,,TRUE,TRUE,FALSE,,,"elephant ear sponge","sponges"
133977,"Porifera","Demospongiae","Tetractinellida","Ancorinidae","Stelletta","Stelletta lactea",1,,,1997,,TRUE,TRUE,FALSE,,,,"sponges"
133991,"Porifera","Demospongiae","Tetractinellida","Ancorinidae","Stryphnus","Stryphnus ponderosus",4,,,2015,,TRUE,TRUE,FALSE,,,"ponderous horny sponge, éponge lourde","sponges"
133928,"Porifera","Homoscleromorpha","Homosclerophorida","Oscarellidae","Oscarella","Oscarella lobularis",4,,,2015,,TRUE,TRUE,FALSE,,,"lobate fig sponge, éponge bleue","sponges"
137209,"Chordata",,"Testudines","Dermochelyidae","Dermochelys","Dermochelys coriacea",6,,,2000,,TRUE,TRUE,FALSE,"VU","VU","leatherback, tortue luth","turtles"
177538,"Annelida","Clitellata","Lumbriculida","Lumbriculidae","Lumbriculus","Lumbriculus variegatus",,,,,,FALSE,TRUE,FALSE,,,"blackworm","worms"
137481,"Annelida","Clitellata","Tubificida","Naididae","Nais","Nais elinguis",,,,,,FALSE,TRUE,FALSE,,,,"worms"
130639,"Annelida","Polychaeta","Phyllodocida","Phyllodocidae","Eulalia","Eulalia viridis",1,,,1970,,TRUE,TRUE,FALSE,,,"greenleaf worm","worms"
327985,"Annelida","Polychaeta","Phyllodocida","Syllidae","Exogone","Exogone naidina",1,,,1997,,TRUE,TRUE,FALSE,,,,"worms"
130126,"Annelida","Polychaeta","Phyllodocida","Glyceridae","Glycera","Glycera oxycephala",1,,,1997,,TRUE,TRUE,FALSE,,,,"worms"
130357,"Annelida","Polychaeta","Phyllodocida","Nephtyidae","Nephtys","Nephtys cirrosa",1,,,1997,,TRUE,TRUE,FALSE,,,"white catworm, nephtys","worms"
130195,"Annelida","Polychaeta","Phyllodocida","Hesionidae","Podarkeopsis","Podarkeopsis capensis",1,,,1997,,TRUE,TRUE,FALSE,,,,"worms"
131201,"Annelida","Polychaeta","Sabellida","Serpulidae","Circeis","Circeis spirillum",3,,,2015,,TRUE,TRUE,FALSE,,,,"worms"
130989,"Annelida","Polychaeta","Sabellida","Serpulidae","Filograna","Filograna implexa",27,,,2015,,TRUE,TRUE,FALSE,,,"lacy tubeworm","worms"
131009,"Annelida","Polychaeta","Sabellida","Serpulidae","Hydroides","Hydroides norvegica",1,,,1997,,TRUE,TRUE,FALSE,,,,"worms"
131035,"Annelida","Polychaeta","Sabellida","Serpulidae","Protula","Protula tubularia",2,,,1997,,TRUE,TRUE,FALSE,,,"red-spotted horseshoe, protule lisse","worms"
131038,"Annelida","Polychaeta","Sabellida","Serpulidae","Salmacina","Salmacina dysteri",12,,,2014,,TRUE,TRUE,FALSE,,,"coral worm","worms"
131051,"Annelida","Polychaeta","Sabellida","Serpulidae","Serpula","Serpula vermicularis",2,,,2007,,TRUE,TRUE,FALSE,,,"plume worm, petite serpule","worms"
560033,"Annelida","Polychaeta","Sabellida","Serpulidae","Spirobranchus","Spirobranchus lamarcki",1,,,1997,,TRUE,TRUE,FALSE,,,,"worms"
555935,"Annelida","Polychaeta","Sabellida","Serpulidae","Spirobranchus","Spirobranchus triqueter",124,,,2015,,TRUE,TRUE,FALSE,,,,"worms"
131121,"Annelida","Polychaeta","Spionida","Spionidae","Dipolydora","Dipolydora quadrilobata",1,,,1997,,TRUE,TRUE,FALSE,,,,"worms"
131171,"Annelida","Polychaeta","Spionida","Spionidae","Scolelepis","Scolelepis bonnieri",1,,,1997,,TRUE,TRUE,FALSE,,,"nérine","worms"
131187,"Annelida","Polychaeta","Spionida","Spionidae","Spiophanes","Spiophanes bombyx",1,,,1997,,TRUE,TRUE,FALSE,,,"bee spionid","worms"
129955,"Annelida","Polychaeta","Terebellida","Cirratulidae","Chaetozone","Chaetozone setosa",1,,,1997,,TRUE,TRUE,FALSE,,,,"worms"
730747,"Annelida","Polychaeta",,"Paraonidae","Aricidea","Aricidea (Aricidea) minuta",1,,,1997,,TRUE,TRUE,FALSE,,,,"worms"
129914,"Annelida","Polychaeta",,"Chaetopteridae","Chaetopterus","Chaetopterus variopedatus",7,,,2015,,TRUE,TRUE,FALSE,,,"parchment worm, grand chétoptère","worms"
130268,"Annelida","Polychaeta",,"Magelonidae","Magelona","Magelona filiformis",1,,,1997,,TRUE,TRUE,FALSE,,,,"worms"
130271,"Annelida","Polychaeta",,"Magelonidae","Magelona","Magelona mirabilis",1,,,1997,,TRUE,TRUE,FALSE,,,"bristleworm","worms"
146932,"Annelida","Polychaeta",,"Paraonidae","Paraonis","Paraonis fulgens",1,,,1997,,TRUE,TRUE,FALSE,,,,"worms"
175026,"Annelida",,"Sipuncula","Golfingiidae","Golfingia","Golfingia (Golfingia) elongata",,,,,,FALSE,TRUE,FALSE,,,,"worms"
136080,"Annelida",,"Sipuncula","Phascolosomatidae","Phascolosoma","Phascolosoma (Phascolosoma) granulatum",2,,,1997,,TRUE,TRUE,FALSE,,,,"worms"
162361,"Nemertea","Hoplonemertea","Monostilifera","Tetrastemmatidae","Tetrastemma","Tetrastemma reticulatum",,,,,,FALSE,TRUE,FALSE,,,,"worms"
122626,"Nemertea","Palaeonemertea","Tubulaniformes","Tubulanidae","Tubulanus","Tubulanus annulatus",1,,,1997,,TRUE,TRUE,FALSE,,,"football Jersey worm","worms"
122528,"Nemertea","Pilidiophora","Heteronemertea","Lineidae","Lineus","Lineus longissimus",8,,,2015,,TRUE,TRUE,FALSE,,,"giant bootlace worm, ver rubanné géant","worms"
118127,"Arthropoda","Hexapoda","Archaeognatha","Machilidae","Petrobius","Petrobius brevistylis",,,,,,FALSE,TRUE,FALSE,,,,
151067,"Arthropoda","Hexapoda","Diptera","Scathophagidae","Scathophaga","Scathophaga litorea",,,,,,FALSE,TRUE,FALSE,,,,
118154,"Arthropoda","Hexapoda","Diptera","Chironomidae","Telmatogeton","Telmatogeton japonicus",,,,,,FALSE,TRUE,FALSE,,,"marine splash midge",
385071,"Arthropoda","Hexapoda","Trichoptera","Limnephilidae","Limnephilus","Limnephilus affinis",,,,,,FALSE,TRUE,FALSE,,,,
150520,"Arthropoda","Pycnogonida","Pantopoda","Nymphonidae","Nymphon","Nymphon brevirostre",2,,,2015,,TRUE,TRUE,FALSE,,,"elegant sea spider",
235385,"Brachiopoda","Craniata","Craniida","Craniidae","Novocrania","Novocrania anomala",3,,,2015,,TRUE,TRUE,FALSE,,,,
382471,"Bryophyta","Bryopsida","Dicranales","Dicranaceae","Dicranum","Dicranum scoparium",,,,,,FALSE,TRUE,FALSE,,,"broom fork-moss",
147506,"Bryophyta","Bryopsida","Grimmiales","Grimmiaceae","Schistidium","Schistidium maritimum",,,,,,FALSE,TRUE,FALSE,,,"seaside grimmia",
426103,"Bryophyta","Bryopsida","Pottiales","Pottiaceae","Hennediella","Hennediella heimii",,,,,,FALSE,TRUE,FALSE,,,"Heim's pottia",
137279,"Chordata","Thaliacea","Salpida","Salpidae","Thalia","Thalia democratica",1,,,1980,,TRUE,FALSE,FALSE,,,"salp",
426075,"Tracheophyta","Magnoliopsida","Brassicales","Brassicaceae","Cakile","Cakile maritima",,,,,,FALSE,TRUE,FALSE,,,"sea rocket",
425785,"Tracheophyta","Magnoliopsida","Brassicales","Brassicaceae","Cochlearia","Cochlearia officinalis",,,,,,FALSE,TRUE,FALSE,,,"common scurvygrass",
182769,"Tracheophyta","Magnoliopsida","Caryophyllales","Plumbaginaceae","Armeria","Armeria maritima",,,,,,FALSE,TRUE,FALSE,,,"sea pink",
425960,"Tracheophyta","Magnoliopsida","Caryophyllales","Chenopodiaceae","Atriplex","Atriplex glabriuscula",,,,,,FALSE,TRUE,FALSE,,,"Babington's orache",
412894,"Tracheophyta","Magnoliopsida","Caryophyllales","Caryophyllaceae","Honckenya","Honckenya peploides",,,,,,FALSE,TRUE,FALSE,,,"seaside sandplant",
418663,"Tracheophyta","Magnoliopsida","Caryophyllales","Chenopodiaceae","Salsola","Salsola kali",,,,,,FALSE,TRUE,FALSE,,,"prickly saltwort",
577510,"Tracheophyta","Magnoliopsida","Poales","Poaceae","Avenella","Avenella flexuosa",,,,,,FALSE,TRUE,FALSE,,,"wavy hairgrass",
577518,"Tracheophyta","Magnoliopsida","Poales","Cyperaceae","Eleocharis","Eleocharis uniglumis",,,,,,FALSE,TRUE,FALSE,"LC","LC","onescale spikerush",
577506,"Tracheophyta","Magnoliopsida","Poales","Poaceae","Elymus","Elymus repens",,,,,,FALSE,TRUE,FALSE,,,"quackgrass",
431962,"Tracheophyta","Magnoliopsida","Poales","Poaceae","Festuca","Festuca rubra",,,,,,FALSE,TRUE,FALSE,,,"red fescue",
403907,"Tracheophyta","Magnoliopsida","Poales","Poaceae","Puccinellia","Puccinellia maritima",,,,,,FALSE,TRUE,FALSE,,,"common saltmarsh-grass, atropis maritime",
1523497,"Tracheophyta","Polypodiopsida","Equisetales","Equisetaceae","Equisetum","Equisetum arvense",,,,,,FALSE,TRUE,FALSE,"LC","LC",,
1523519,"Tracheophyta","Polypodiopsida","Equisetales","Equisetaceae","Equisetum","Equisetum palustre",,,,,,FALSE,TRUE,FALSE,"LC","LC",,
