"AphiaID","phylum","class","order","family","genus","species","remove","records","reads","asvs","max_year","target_gene","source_obis","source_gbif","source_dna","category","redlist_category","vernacular","group"
700395,"Chlorophyta","Ulvophyceae","Bryopsidales","Caulerpaceae","Caulerpa","Caulerpa chemnitzia",FALSE,,,,,,FALSE,TRUE,FALSE,,,,"algae"
214390,"Chlorophyta","Ulvophyceae","Cladophorales","Siphonocladaceae","Boergesenia","Boergesenia forbesii",FALSE,,,,,,FALSE,TRUE,FALSE,,,,"algae"
211570,"Chlorophyta","Ulvophyceae","Cladophorales","Boodleaceae","Boodlea","Boodlea composita",FALSE,,,,,,FALSE,TRUE,FALSE,,,,"algae"
624256,"Chlorophyta","Ulvophyceae","Cladophorales","Cladophoraceae","Chaetomorpha","Chaetomorpha vieillardii",FALSE,,,,,,FALSE,TRUE,FALSE,,,,"algae"
214397,"Chlorophyta","Ulvophyceae","Cladophorales","Siphonocladaceae","Dictyosphaeria","Dictyosphaeria versluysii",FALSE,,,,,,FALSE,TRUE,FALSE,,,,"algae"
211673,"Chlorophyta","Ulvophyceae","Cladophorales","Valoniaceae","Valoniopsis","Valoniopsis pachynema",FALSE,,,,,,FALSE,TRUE,FALSE,,,,"algae"
145984,"Chlorophyta","Ulvophyceae","Ulvales","Ulvaceae","Ulva","Ulva lactuca",FALSE,,,,,,FALSE,TRUE,FALSE,,,,"algae"
372010,"Ochrophyta","Phaeophyceae","Dictyotales","Dictyotaceae","Padina","Padina australis",FALSE,,,,,,FALSE,TRUE,FALSE,,,,"algae"
221476,"Ochrophyta","Phaeophyceae","Fucales","Sargassaceae","Turbinaria","Turbinaria conoides",FALSE,,,,,,FALSE,TRUE,FALSE,,,,"algae"
221486,"Ochrophyta","Phaeophyceae","Fucales","Sargassaceae","Turbinaria","Turbinaria murrayana",FALSE,,,,,,FALSE,TRUE,FALSE,,,,"algae"
211595,"Rhodophyta","Florideophyceae","Nemaliales","Galaxauraceae","Actinotrichia","Actinotrichia fragilis",FALSE,,,,,,FALSE,TRUE,FALSE,,,,"algae"
373488,"Rhodophyta","Florideophyceae","Nemaliales","Galaxauraceae","Galaxaura","Galaxaura divaricata",FALSE,,,,,,FALSE,TRUE,FALSE,,,,"algae"
448309,"Chordata","Amphibia","Anura","Dicroglossidae","Fejervarya","Fejervarya cancrivora",FALSE,,,,,,FALSE,TRUE,FALSE,"LC","LC","crab-eating frog","amphibians"
159377,"Chordata","Aves","Accipitriformes","Pandionidae","Pandion","Pandion haliaetus",FALSE,,,,,,FALSE,TRUE,FALSE,"LC","LC","osprey, balbuzard pêcheur","birds"
212603,"Chordata","Aves","Charadriiformes","Scolopacidae","Actitis","Actitis hypoleucos",FALSE,,,,,,FALSE,TRUE,FALSE,"LC","LC","common sandpiper, chevalier guignette","birds"
212629,"Chordata","Aves","Charadriiformes","Laridae","Anous","Anous stolidus",FALSE,,,,,,FALSE,TRUE,FALSE,"LC","LC","common noddy, Noddi brun","birds"
212601,"Chordata","Aves","Charadriiformes","Scolopacidae","Calidris","Calidris ruficollis",FALSE,,,,,,FALSE,TRUE,FALSE,"NT","NT","red-necked stint","birds"
212611,"Chordata","Aves","Charadriiformes","Charadriidae","Charadrius","Charadrius alexandrinus",FALSE,,,,,,FALSE,TRUE,FALSE,"LC","LC","Kentish plover, gravelot à collier interrompu","birds"
212616,"Chordata","Aves","Charadriiformes","Charadriidae","Charadrius","Charadrius leschenaultii",FALSE,,,,,,FALSE,TRUE,FALSE,"LC","LC","great sand-plover","birds"
366842,"Chordata","Aves","Charadriiformes","Charadriidae","Charadrius","Charadrius peronii",FALSE,,,,,,FALSE,TRUE,FALSE,"NT","NT","Malaysian plover, pluvier de Péron","birds"
366831,"Chordata","Aves","Charadriiformes","Burhinidae","Esacus","Esacus magnirostris",FALSE,,,,,,FALSE,TRUE,FALSE,"NT","NT","beach stone-curlew, oedicnème des récifs","birds"
148798,"Chordata","Aves","Charadriiformes","Laridae","Gelochelidon","Gelochelidon nilotica",FALSE,,,,,,FALSE,TRUE,FALSE,"LC","LC","gull-billed tern","birds"
159040,"Chordata","Aves","Charadriiformes","Scolopacidae","Numenius","Numenius phaeopus",FALSE,,,,,,FALSE,TRUE,FALSE,"LC","LC","whimbrel, courlis corllieu","birds"
567792,"Chordata","Aves","Charadriiformes","Laridae","Onychoprion","Onychoprion anaethetus",FALSE,,,,,,FALSE,TRUE,FALSE,"LC","LC","bridled tern","birds"
232044,"Chordata","Aves","Charadriiformes","Charadriidae","Pluvialis","Pluvialis fulva",FALSE,,,,,,FALSE,TRUE,FALSE,"LC","LC","Pacific golden plover  , pluvier fauve","birds"
159137,"Chordata","Aves","Charadriiformes","Charadriidae","Pluvialis","Pluvialis squatarola",FALSE,,,,,,FALSE,TRUE,FALSE,"LC","LC","grey plover, pluvier argenté","birds"
137171,"Chordata","Aves","Charadriiformes","Stercorariidae","Stercorarius","Stercorarius longicaudus",FALSE,,,,,,FALSE,TRUE,FALSE,"LC","LC","long-tailed jaeger, labbe à longue queue","birds"
137158,"Chordata","Aves","Charadriiformes","Laridae","Sterna","Sterna bengalensis",FALSE,,,,,,FALSE,TRUE,FALSE,,,"lesser crested tern, sterne voyageuse","birds"
212606,"Chordata","Aves","Charadriiformes","Laridae","Sterna","Sterna bergii",FALSE,,,,,,FALSE,TRUE,FALSE,,,"greater crested tern, Sterne huppée","birds"
137160,"Chordata","Aves","Charadriiformes","Laridae","Sterna","Sterna dougallii",FALSE,,,,,,FALSE,TRUE,FALSE,"LC","LC","roseate tern, sterne de Dougall","birds"
137162,"Chordata","Aves","Charadriiformes","Laridae","Sterna","Sterna hirundo",FALSE,,,,,,FALSE,TRUE,FALSE,"LC","LC","common tern, sterne pierregarin","birds"
212608,"Chordata","Aves","Charadriiformes","Laridae","Sterna","Sterna sumatrana",FALSE,,,,,,FALSE,TRUE,FALSE,"LC","LC","black-naped tern, sterne diamant","birds"
567480,"Chordata","Aves","Charadriiformes","Laridae","Sternula","Sternula albifrons",FALSE,,,,,,FALSE,TRUE,FALSE,"LC","LC","little tern","birds"
158970,"Chordata","Aves","Charadriiformes","Scolopacidae","Tringa","Tringa totanus",FALSE,,,,,,FALSE,TRUE,FALSE,"LC","LC","redshank, chevalier gambette","birds"
212602,"Chordata","Aves","Charadriiformes","Scolopacidae","Xenus","Xenus cinereus",FALSE,,,,,,FALSE,TRUE,FALSE,"LC","LC","terek sandpiper","birds"
212661,"Chordata","Aves","Ciconiiformes","Ardeidae","Butorides","Butorides striata",FALSE,,,,,,FALSE,TRUE,FALSE,"LC","LC","green-backed heron, héron strié","birds"
212662,"Chordata","Aves","Ciconiiformes","Ardeidae","Egretta","Egretta intermedia",FALSE,,,,,,FALSE,TRUE,FALSE,,,"intermediate egret, héron intermédiaire","birds"
446493,"Chordata","Aves","Ciconiiformes","Ardeidae","Egretta","Egretta sacra",FALSE,,,,,,FALSE,TRUE,FALSE,"LC","LC","blue reef heron, aigrette sacrée","birds"
567851,"Chordata","Aves","Coraciiformes","Alcedinidae","Todiramphus","Todiramphus chloris",FALSE,,,,,,FALSE,TRUE,FALSE,"LC","LC","collared kingfisher, Martin-chasseur à collier blanc","birds"
446494,"Chordata","Aves","Falconiformes","Accipitridae","Haliaeetus","Haliaeetus leucogaster",FALSE,,,,,,FALSE,TRUE,FALSE,"LC","LC","white-bellied sea eagle, pygargue blagre","birds"
343997,"Chordata","Aves","Pelecaniformes","Fregatidae","Fregata","Fregata andrewsi",FALSE,,,,,,FALSE,TRUE,FALSE,"VU","VU","Christmas frigatebird, frégate d'Andrews","birds"
212655,"Chordata","Aves","Pelecaniformes","Fregatidae","Fregata","Fregata ariel",FALSE,,,,,,FALSE,TRUE,FALSE,"LC","LC","lesser frigatebird, frégate ariel","birds"
212654,"Chordata","Aves","Pelecaniformes","Fregatidae","Fregata","Fregata minor",FALSE,,,,,,FALSE,TRUE,FALSE,"LC","LC","great frigatebird, frégate du Pacifique","birds"
343955,"Chordata","Aves","Pelecaniformes","Phalacrocoracidae","Phalacrocorax","Phalacrocorax sulcirostris",FALSE,,,,,,FALSE,TRUE,FALSE,"LC","LC","little black cormorant, cormoran noir","birds"
212597,"Chordata","Aves","Pelecaniformes","Sulidae","Sula","Sula leucogaster",FALSE,,,,,,FALSE,TRUE,FALSE,"LC","LC","brown booby, fou brun","birds"
343971,"Chordata","Aves","Procellariiformes","Procellariidae","Calonectris","Calonectris leucomelas",FALSE,,,,,,FALSE,TRUE,FALSE,"NT","NT","streaked shearwater, puffin leucomèle","birds"
137190,"Chordata","Aves","Procellariiformes","Hydrobatidae","Oceanites","Oceanites oceanicus",FALSE,,,,,,FALSE,TRUE,FALSE,"LC","LC","Wilson's storm petrel, océanite de Wilson","birds"
212634,"Chordata","Aves","Procellariiformes","Procellariidae","Puffinus","Puffinus pacificus",FALSE,,,,,,FALSE,TRUE,FALSE,,,"wedge-tailed shearwater, puffin fouquet","birds"
207083,"Cnidaria","Anthozoa","Scleractinia","Acroporidae","Acropora","Acropora abrotanoides",FALSE,1,,,,,TRUE,TRUE,FALSE,"LC","LC",,"cnidarians"
288208,"Cnidaria","Anthozoa","Scleractinia","Acroporidae","Acropora","Acropora hoeksemai",FALSE,1,,,,,TRUE,TRUE,FALSE,"VU","VU",,"cnidarians"
207094,"Cnidaria","Anthozoa","Scleractinia","Acroporidae","Acropora","Acropora humilis",FALSE,2,,,,,TRUE,TRUE,FALSE,"NT","NT",,"cnidarians"
207044,"Cnidaria","Anthozoa","Scleractinia","Acroporidae","Acropora","Acropora hyacinthus",FALSE,1,,,,,TRUE,TRUE,FALSE,"NT","NT","hyacinth table coral","cnidarians"
207035,"Cnidaria","Anthozoa","Scleractinia","Acroporidae","Acropora","Acropora intermedia",FALSE,1,,,,,TRUE,TRUE,FALSE,,,,"cnidarians"
207039,"Cnidaria","Anthozoa","Scleractinia","Acroporidae","Acropora","Acropora latistella",FALSE,1,,,,,TRUE,TRUE,FALSE,"LC","LC",,"cnidarians"
207023,"Cnidaria","Anthozoa","Scleractinia","Acroporidae","Acropora","Acropora millepora",FALSE,1,,,,,TRUE,TRUE,FALSE,"NT","NT",,"cnidarians"
207007,"Cnidaria","Anthozoa","Scleractinia","Acroporidae","Acropora","Acropora muricata",FALSE,2,,,,,TRUE,TRUE,FALSE,,,,"cnidarians"
207009,"Cnidaria","Anthozoa","Scleractinia","Acroporidae","Acropora","Acropora nasuta",FALSE,1,,,,,TRUE,TRUE,FALSE,"NT","NT",,"cnidarians"
207050,"Cnidaria","Anthozoa","Scleractinia","Acroporidae","Acropora","Acropora polystoma",FALSE,1,,,,,TRUE,TRUE,FALSE,"VU","VU",,"cnidarians"
207055,"Cnidaria","Anthozoa","Scleractinia","Acroporidae","Acropora","Acropora samoensis",FALSE,1,,,,,TRUE,TRUE,FALSE,"LC","LC",,"cnidarians"
207040,"Cnidaria","Anthozoa","Scleractinia","Acroporidae","Acropora","Acropora selago",FALSE,1,,,,,TRUE,TRUE,FALSE,"NT","NT",,"cnidarians"
207087,"Cnidaria","Anthozoa","Scleractinia","Acroporidae","Acropora","Acropora spicifera",FALSE,2,,,,,TRUE,TRUE,FALSE,"VU","VU",,"cnidarians"
288263,"Cnidaria","Anthozoa","Scleractinia","Acroporidae","Acropora","Acropora verweyi",FALSE,1,,,,,TRUE,TRUE,FALSE,"VU","VU",,"cnidarians"
286907,"Cnidaria","Anthozoa","Scleractinia","Dendrophylliidae","Balanophyllia","Balanophyllia (Eupsammia) carinata",FALSE,,,,,,FALSE,TRUE,FALSE,,,,"cnidarians"
716448,"Cnidaria","Anthozoa","Scleractinia","Fungiidae","Cycloseris","Cycloseris fragilis",FALSE,,,,,,FALSE,TRUE,FALSE,"LC","LC",,"cnidarians"
216146,"Cnidaria","Anthozoa","Scleractinia","Caryophylliidae","Heterocyathus","Heterocyathus aequicostatus",FALSE,,,,,,FALSE,TRUE,FALSE,"LC","LC","striped bum coral","cnidarians"
288862,"Cnidaria","Anthozoa","Scleractinia","Caryophylliidae","Heterocyathus","Heterocyathus alternatus",FALSE,,,,,,FALSE,TRUE,FALSE,"LC","LC","striped bum coral","cnidarians"
288865,"Cnidaria","Anthozoa","Scleractinia","Caryophylliidae","Heterocyathus","Heterocyathus sulcatus",FALSE,,,,,,FALSE,TRUE,FALSE,"LC","LC","striped bum coral","cnidarians"
207501,"Cnidaria","Anthozoa","Scleractinia","Dendrophylliidae","Heteropsammia","Heteropsammia cochlea",FALSE,,,,,,FALSE,TRUE,FALSE,"LC","LC","smooth bum coral","cnidarians"
730688,"Cnidaria","Anthozoa","Scleractinia","Acroporidae","Isopora","Isopora brueggemanni",FALSE,2,,,,,TRUE,TRUE,FALSE,"VU","VU",,"cnidarians"
730686,"Cnidaria","Anthozoa","Scleractinia","Acroporidae","Isopora","Isopora palifera",FALSE,1,,,,,TRUE,TRUE,FALSE,"NT","NT",,"cnidarians"
286829,"Cnidaria","Anthozoa","Scleractinia","Caryophylliidae","Paracyathus","Paracyathus rotundatus",FALSE,,,,,,FALSE,TRUE,FALSE,,,,"cnidarians"
286873,"Cnidaria","Anthozoa","Scleractinia","Caryophylliidae","Trochocyathus","Trochocyathus (Trochocyathus) burchae",FALSE,,,,,,FALSE,TRUE,FALSE,,,,"cnidarians"
287043,"Cnidaria","Anthozoa","Scleractinia","Flabellidae","Truncatoflabellum","Truncatoflabellum aculeatum",FALSE,,,,,,FALSE,TRUE,FALSE,,,,"cnidarians"
1670300,"Cnidaria","Anthozoa","Scleractinia","Dendrophylliidae","Tubastraea","Tubastraea stimpsonii",FALSE,,,,,,FALSE,TRUE,FALSE,,,,"cnidarians"
210725,"Cnidaria","Anthozoa","Scleralcyonacea","Helioporidae","Heliopora","Heliopora coerulea",FALSE,1,,,,,TRUE,TRUE,FALSE,"VU","VU","blue coral","cnidarians"
835860,"Cnidaria","Hydrozoa","Leptothecata","Aglaopheniidae","Aglaophenia","Aglaophenia simplex",FALSE,1,,,1878,,TRUE,FALSE,FALSE,,,,"cnidarians"
102802,"Arthropoda","Malacostraca","Amphipoda","Maeridae","Elasmopus","Elasmopus pectenicrus",FALSE,,,,,,FALSE,TRUE,FALSE,,,,"crustaceans"
238404,"Arthropoda","Malacostraca","Decapoda","Leucosiidae","Arcania","Arcania gracilis",FALSE,,,,,,FALSE,TRUE,FALSE,,,,"crustaceans"
441099,"Arthropoda","Malacostraca","Decapoda","Leucosiidae","Arcania","Arcania novemspinosa",FALSE,,,,,,FALSE,TRUE,FALSE,,,,"crustaceans"
440297,"Arthropoda","Malacostraca","Decapoda","Calappidae","Calappa","Calappa clypeata",FALSE,,,,,,FALSE,TRUE,FALSE,,,,"crustaceans"
442639,"Arthropoda","Malacostraca","Decapoda","Pilumnidae","Cryptolutea","Cryptolutea granulosa",FALSE,,,,,,FALSE,TRUE,FALSE,,,,"crustaceans"
1061886,"Arthropoda","Malacostraca","Decapoda","Chasmocarcinidae","Notopelta","Notopelta mortenseni",FALSE,,,,,,FALSE,TRUE,FALSE,,,,"crustaceans"
444986,"Arthropoda","Malacostraca","Decapoda","Ocypodidae","Ocypode","Ocypode kuhlii",FALSE,1,,,1928,,TRUE,FALSE,FALSE,,,,"crustaceans"
256650,"Arthropoda","Malacostraca","Isopoda","Cirolanidae","Natatolana","Natatolana amplocula",FALSE,,,,,,FALSE,TRUE,FALSE,,,,"crustaceans"
413294,"Echinodermata","Crinoidea","Comatulida","Himerometridae","Amphimetra","Amphimetra laevipinna",FALSE,,,,,,FALSE,TRUE,FALSE,,,,"echinoderms"
246723,"Echinodermata","Crinoidea","Comatulida","Comatulidae","Capillaster","Capillaster asterias",FALSE,,,,,,FALSE,TRUE,FALSE,,,,"echinoderms"
398328,"Chordata","Elasmobranchii","Myliobatiformes","Dasyatidae","Himantura","Himantura leoparda",FALSE,1,,,,,TRUE,FALSE,FALSE,"VU","VU",,"fish"
835151,"Chordata","Elasmobranchii","Myliobatiformes","Dasyatidae","Himantura","Himantura tutul",FALSE,2,,,,,TRUE,FALSE,FALSE,,,,"fish"
398527,"Chordata","Teleostei","Acanthuriformes","Leiognathidae","Eubleekeria","Eubleekeria splendens",FALSE,2,,,,,TRUE,FALSE,FALSE,"LC","LC",,"fish"
273913,"Chordata","Teleostei","Acanthuriformes","Siganidae","Siganus","Siganus guttatus",FALSE,2,,,,,TRUE,FALSE,FALSE,"LC","LC",,"fish"
282476,"Chordata","Teleostei","Anabantiformes","Osphronemidae","Pseudosphromenus","Pseudosphromenus cupanus",FALSE,2,,,,,TRUE,FALSE,FALSE,"LC","LC",,"fish"
293541,"Chordata","Teleostei","Anguilliformes","Anguillidae","Anguilla","Anguilla australis",FALSE,2,,,,,TRUE,FALSE,FALSE,"NT","NT",,"fish"
282335,"Chordata","Teleostei","Blenniiformes","Blenniidae","Praealticus","Praealticus natalis",FALSE,2,,,,,TRUE,FALSE,FALSE,"VU","VU",,"fish"
280782,"Chordata","Teleostei","Carangaria incertae sedis","Polynemidae","Filimanus","Filimanus perplexa",FALSE,2,,,,,TRUE,FALSE,FALSE,,,"splendid threadfin, barbure magnifique","fish"
278957,"Chordata","Teleostei","Carangaria incertae sedis","Latidae","Lates","Lates calcarifer",FALSE,,,,,,FALSE,TRUE,FALSE,"LC","LC","barramundi, perche barramundi","fish"
218384,"Chordata","Teleostei","Carangiformes","Carangidae","Atule","Atule mate",FALSE,,,,,,FALSE,TRUE,FALSE,"LC","LC","yellowtail scad","fish"
218430,"Chordata","Teleostei","Carangiformes","Carangidae","Megalaspis","Megalaspis cordyla",FALSE,2,,,,,TRUE,FALSE,FALSE,"LC","LC","torpedo scad","fish"
218433,"Chordata","Teleostei","Carangiformes","Carangidae","Scomberoides","Scomberoides tol",FALSE,2,,,,,TRUE,FALSE,FALSE,"LC","LC","needlescaled queenfish","fish"
278245,"Chordata","Teleostei","Centrarchiformes","Kuhliidae","Kuhlia","Kuhlia marginata",FALSE,,,,,,FALSE,TRUE,FALSE,"LC","LC",,"fish"
126419,"Chordata","Teleostei","Clupeiformes","Dussumieriidae","Dussumieria","Dussumieria acuta",FALSE,2,,,,,TRUE,FALSE,FALSE,"LC","LC","rainbow sardine","fish"
212268,"Chordata","Teleostei","Clupeiformes","Dorosomatidae","Sardinella","Sardinella albella",FALSE,4,,,,,TRUE,FALSE,FALSE,"LC","LC","white sardinella","fish"
278536,"Chordata","Teleostei","Eupercaria incertae sedis","Caesionidae","Caesio","Caesio cuning",FALSE,2,,,,,TRUE,FALSE,FALSE,"LC","LC",,"fish"
218944,"Chordata","Teleostei","Eupercaria incertae sedis","Labridae","Cheilinus","Cheilinus trilobatus",FALSE,,,,,,FALSE,TRUE,FALSE,"LC","LC","tripletail wrasse","fish"
276116,"Chordata","Teleostei","Eupercaria incertae sedis","Sciaenidae","Johnius","Johnius macropterus",FALSE,2,,,,,TRUE,FALSE,FALSE,"LC","LC",,"fish"
212063,"Chordata","Teleostei","Eupercaria incertae sedis","Lethrinidae","Lethrinus","Lethrinus harak",FALSE,,,,,,FALSE,TRUE,FALSE,"LC","LC","blackspot emperor","fish"
212069,"Chordata","Teleostei","Eupercaria incertae sedis","Lethrinidae","Lethrinus","Lethrinus olivaceus",FALSE,,,,,,FALSE,TRUE,FALSE,"LC","LC","longface emperor","fish"
218498,"Chordata","Teleostei","Eupercaria incertae sedis","Lutjanidae","Lutjanus","Lutjanus argentimaculatus",FALSE,,,,,,FALSE,TRUE,FALSE,"LC","LC","river snapper","fish"
218490,"Chordata","Teleostei","Eupercaria incertae sedis","Lutjanidae","Lutjanus","Lutjanus fulviflamma",FALSE,,,,,,FALSE,TRUE,FALSE,"LC","LC","dory snapper","fish"
218494,"Chordata","Teleostei","Eupercaria incertae sedis","Lutjanidae","Lutjanus","Lutjanus rivulatus",FALSE,,,,,,FALSE,TRUE,FALSE,"LC","LC","blubberlip snapper","fish"
367210,"Chordata","Teleostei","Eupercaria incertae sedis","Scaridae","Scarus","Scarus rivulatus",FALSE,2,,,,,TRUE,FALSE,FALSE,"LC","LC",,"fish"
276784,"Chordata","Teleostei","Eupercaria incertae sedis","Nemipteridae","Scolopsis","Scolopsis aurata",FALSE,,,,,,FALSE,TRUE,FALSE,"LC","LC",,"fish"
277420,"Chordata","Teleostei","Gobiiformes","Gobiidae","Awaous","Awaous grammepomus",FALSE,,,,,,FALSE,TRUE,FALSE,"LC","LC",,"fish"
219471,"Chordata","Teleostei","Gobiiformes","Gobiidae","Glossogobius","Glossogobius giuris",FALSE,,,,,,FALSE,TRUE,FALSE,"LC","LC","tank goby","fish"
277973,"Chordata","Teleostei","Gobiiformes","Gobiidae","Periophthalmus","Periophthalmus barbarus",FALSE,,,,,,FALSE,TRUE,FALSE,"LC","LC",,"fish"
1523810,"Chordata","Teleostei","Gobiiformes","Gobiidae","Platygobiopsis","Platygobiopsis hadiatyae",FALSE,,,,,,FALSE,TRUE,FALSE,,,,"fish"
217625,"Chordata","Teleostei","Gonorynchiformes","Chanidae","Chanos","Chanos chanos",FALSE,2,,,,,TRUE,FALSE,FALSE,"LC","LC","milkfish, chano","fish"
212878,"Chordata","Teleostei","Ovalentaria incertae sedis","Pomacentridae","Abudefduf","Abudefduf septemfasciatus",FALSE,,,,,,FALSE,TRUE,FALSE,"LC","LC","banded sergeant","fish"
212888,"Chordata","Teleostei","Ovalentaria incertae sedis","Pomacentridae","Abudefduf","Abudefduf sordidus",FALSE,,,,,,FALSE,TRUE,FALSE,"LC","LC","blackspot sergeant","fish"
212977,"Chordata","Teleostei","Ovalentaria incertae sedis","Pomacentridae","Pomacentrus","Pomacentrus brachialis",FALSE,,,,,,FALSE,TRUE,FALSE,,,"charcoal damsel","fish"
273838,"Chordata","Teleostei","Perciformes","Serranidae","Epinephelus","Epinephelus bleekeri",FALSE,2,,,,,TRUE,FALSE,FALSE,"DD","DD",,"fish"
218232,"Chordata","Teleostei","Perciformes","Serranidae","Epinephelus","Epinephelus hexagonatus",FALSE,,,,,,FALSE,TRUE,FALSE,"LC","LC","starspotted grouper","fish"
218217,"Chordata","Teleostei","Perciformes","Serranidae","Epinephelus","Epinephelus ongus",FALSE,2,,,,,TRUE,FALSE,FALSE,"LC","LC","white-streaked grouper","fish"
212579,"Chordata","Teleostei","Perciformes","Synanceiidae","Inimicus","Inimicus sinensis",FALSE,,,,,,FALSE,TRUE,FALSE,"LC","LC",,"fish"
218150,"Chordata","Teleostei","Perciformes","Platycephalidae","Rogadius","Rogadius asper",FALSE,,,,,,FALSE,TRUE,FALSE,"LC","LC",,"fish"
277604,"Chordata","Teleostei","Perciformes","Platycephalidae","Suggrundus","Suggrundus macracanthus",FALSE,,,,,,FALSE,TRUE,FALSE,"LC","LC",,"fish"
154722,"Chordata","Teleostei","Pleuronectiformes","Cynoglossidae","Cynoglossus","Cynoglossus lingua",FALSE,2,,,,,TRUE,FALSE,FALSE,"LC","LC",,"fish"
219708,"Chordata","Teleostei","Scombriformes","Scombridae","Euthynnus","Euthynnus affinis",FALSE,5,,,,,TRUE,FALSE,FALSE,"LC","LC","kawakawa, thonine orientale","fish"
280201,"Chordata","Teleostei","Siluriformes","Clariidae","Clarias","Clarias batrachus",FALSE,,,,,,FALSE,TRUE,FALSE,"LC","LC","walking catfish","fish"
281743,"Chordata","Teleostei","Siluriformes","Ariidae","Netuma","Netuma bilineata",FALSE,2,,,,,TRUE,FALSE,FALSE,,,,"fish"
282296,"Chordata","Teleostei","Siluriformes","Ariidae","Plicofollis","Plicofollis argyropleuron",FALSE,2,,,,,TRUE,FALSE,FALSE,,,,"fish"
212232,"Chordata","Teleostei","Syngnathiformes","Syngnathidae","Hippocampus","Hippocampus trimaculatus",FALSE,2,,,,,TRUE,FALSE,FALSE,"VU","VU",,"fish"
219875,"Chordata","Teleostei","Tetraodontiformes","Balistidae","Balistoides","Balistoides viridescens",FALSE,,,,,,FALSE,TRUE,FALSE,"LC","LC","titan triggerfish","fish"
1591143,"Chordata","Teleostei","Tetraodontiformes","Tetraodontidae","Chelonodontops","Chelonodontops patoca",FALSE,2,,,,,TRUE,FALSE,FALSE,"LC","LC",,"fish"
219959,"Chordata","Teleostei","Tetraodontiformes","Tetraodontidae","Takifugu","Takifugu oblongus",FALSE,2,,,,,TRUE,FALSE,FALSE,"LC","LC",,"fish"
137111,"Chordata","Mammalia","Cetartiodactyla","Delphinidae","Tursiops","Tursiops truncatus",FALSE,,,,,,FALSE,TRUE,FALSE,"LC","LC","bottlenose dolphin, grand dauphin","mammals"
213508,"Mollusca","Bivalvia","Cardiida","Psammobiidae","Asaphis","Asaphis violascens",FALSE,,,,,,FALSE,TRUE,FALSE,,,"violet asphis","molluscs"
1476861,"Mollusca","Bivalvia","Cardiida","Donacidae","Latona","Latona cuneata",FALSE,,,,,,FALSE,TRUE,FALSE,,,,"molluscs"
466607,"Mollusca","Bivalvia","Cardiida","Cardiidae","Vasticardium","Vasticardium mindanense",FALSE,,,,,,FALSE,TRUE,FALSE,,,,"molluscs"
140463,"Mollusca","Bivalvia","Mytilida","Mytilidae","Modiolus","Modiolus auriculatus",FALSE,,,,,,FALSE,TRUE,FALSE,,,"ear mussel","molluscs"
393967,"Mollusca","Bivalvia","Pectinida","Pectinidae","Annachlamys","Annachlamys striatula",FALSE,,,,,,FALSE,TRUE,FALSE,,,,"molluscs"
216577,"Mollusca","Bivalvia","Venerida","Veneridae","Lioconcha","Lioconcha castrensis",FALSE,,,,,,FALSE,TRUE,FALSE,,,"zigzag venus","molluscs"
505711,"Mollusca","Bivalvia","Venerida","Mactridae","Mactra","Mactra antiquata",FALSE,,,,,,FALSE,TRUE,FALSE,,,,"molluscs"
590786,"Mollusca","Gastropoda","Cephalaspidea","Haminoeidae","Smaragdinella","Smaragdinella calyculata",FALSE,1,,,1928,,TRUE,FALSE,FALSE,,,"emerald bubble","molluscs"
737510,"Mollusca","Gastropoda","Cycloneritida","Neritidae","Clithon","Clithon corona",FALSE,,,,,,FALSE,TRUE,FALSE,"LC","LC","horned nerite","molluscs"
873239,"Mollusca","Gastropoda","Cycloneritida","Neritidae","Clithon","Clithon fuliginosum",FALSE,1,,,1928,,TRUE,FALSE,FALSE,"DD","DD",,"molluscs"
875310,"Mollusca","Gastropoda","Cycloneritida","Neritidae","Neripteron","Neripteron violaceum",FALSE,,,,,,FALSE,TRUE,FALSE,,,,"molluscs"
216254,"Mollusca","Gastropoda","Cycloneritida","Neritidae","Nerita","Nerita albicilla",FALSE,,,,,,FALSE,TRUE,FALSE,,,"blotched nerite","molluscs"
596058,"Mollusca","Gastropoda","Cycloneritida","Neritidae","Nerita","Nerita incerta",FALSE,,,,,,FALSE,TRUE,FALSE,,,,"molluscs"
216260,"Mollusca","Gastropoda","Cycloneritida","Neritidae","Nerita","Nerita plicata",FALSE,,,,,,FALSE,TRUE,FALSE,,,,"molluscs"
216256,"Mollusca","Gastropoda","Cycloneritida","Neritidae","Nerita","Nerita undata",FALSE,,,,,,FALSE,TRUE,FALSE,,,,"molluscs"
574843,"Mollusca","Gastropoda","Ellobiida","Ellobiidae","Ellobium","Ellobium aurisjudae",FALSE,,,,,,FALSE,TRUE,FALSE,"LC","LC",,"molluscs"
882002,"Mollusca","Gastropoda","Ellobiida","Ellobiidae","Ellobium","Ellobium tornatelliforme",FALSE,,,,,,FALSE,TRUE,FALSE,,,,"molluscs"
577759,"Mollusca","Gastropoda","Ellobiida","Ellobiidae","Pythia","Pythia plicata",FALSE,,,,,,FALSE,TRUE,FALSE,,,,"molluscs"
216278,"Mollusca","Gastropoda","Lepetellida","Fissurellidae","Clypidina","Clypidina notata",FALSE,2,,,1928,,TRUE,FALSE,FALSE,,,,"molluscs"
529737,"Mollusca","Gastropoda","Littorinimorpha","Cypraeidae","Bistolida","Bistolida kieneri",FALSE,,,,,,FALSE,TRUE,FALSE,,,,"molluscs"
532183,"Mollusca","Gastropoda","Littorinimorpha","Strombidae","Canarium","Canarium urceus",FALSE,1,,,1867,,TRUE,FALSE,FALSE,,,,"molluscs"
555475,"Mollusca","Gastropoda","Littorinimorpha","Triviidae","Cleotrivia","Cleotrivia brevissima",FALSE,,,,,,FALSE,TRUE,FALSE,,,,"molluscs"
851143,"Mollusca","Gastropoda","Littorinimorpha","Triviidae","Cleotrivia","Cleotrivia dissimilis",FALSE,,,,,,FALSE,TRUE,FALSE,,,,"molluscs"
555397,"Mollusca","Gastropoda","Littorinimorpha","Triviidae","Cleotrivia","Cleotrivia globosa",FALSE,,,,,,FALSE,TRUE,FALSE,,,,"molluscs"
478485,"Mollusca","Gastropoda","Littorinimorpha","Triviidae","Cleotrivia","Cleotrivia pilula",FALSE,,,,,,FALSE,TRUE,FALSE,,,,"molluscs"
216843,"Mollusca","Gastropoda","Littorinimorpha","Cypraeidae","Cypraea","Cypraea tigris",FALSE,,,,,,FALSE,TRUE,FALSE,,,"tiger cowrie","molluscs"
216859,"Mollusca","Gastropoda","Littorinimorpha","Cypraeidae","Erronea","Erronea errones",FALSE,1,,,1868,,TRUE,FALSE,FALSE,,,"mistaken cowrie","molluscs"
220950,"Mollusca","Gastropoda","Littorinimorpha","Cymatiidae","Gutturnium","Gutturnium muricinum",FALSE,,,,,,FALSE,TRUE,FALSE,,,,"molluscs"
564725,"Mollusca","Gastropoda","Littorinimorpha","Strombidae","Harpago","Harpago chiragra",FALSE,,,,,,FALSE,TRUE,FALSE,,,"chiragra spider conch","molluscs"
565670,"Mollusca","Gastropoda","Littorinimorpha","Strombidae","Laevistrombus","Laevistrombus turturella",FALSE,1,,,1936,,TRUE,FALSE,FALSE,,,,"molluscs"
216866,"Mollusca","Gastropoda","Littorinimorpha","Cypraeidae","Lyncina","Lyncina carneola",FALSE,2,,,1934,,TRUE,FALSE,FALSE,,,,"molluscs"
527793,"Mollusca","Gastropoda","Littorinimorpha","Cypraeidae","Lyncina","Lyncina lynx",FALSE,,,,,,FALSE,TRUE,FALSE,,,"bobcat cowrie","molluscs"
141291,"Mollusca","Gastropoda","Littorinimorpha","Rissoidae","Manzonia","Manzonia crassa",FALSE,,,,,,FALSE,TRUE,FALSE,,,,"molluscs"
216872,"Mollusca","Gastropoda","Littorinimorpha","Cypraeidae","Mauritia","Mauritia arabica",FALSE,,,,,,FALSE,TRUE,FALSE,,,,"molluscs"
216868,"Mollusca","Gastropoda","Littorinimorpha","Cypraeidae","Mauritia","Mauritia mauritiana",FALSE,,,,,,FALSE,TRUE,FALSE,,,"humpback cowrie","molluscs"
216875,"Mollusca","Gastropoda","Littorinimorpha","Cypraeidae","Monetaria","Monetaria annulus",FALSE,,,,,,FALSE,TRUE,FALSE,,,"ring cowrie","molluscs"
570811,"Mollusca","Gastropoda","Littorinimorpha","Cypraeidae","Monetaria","Monetaria caputserpentis",FALSE,,,,,,FALSE,TRUE,FALSE,,,"serpent's head cowry","molluscs"
1079112,"Mollusca","Gastropoda","Littorinimorpha","Cypraeidae","Naria","Naria gangranosa",FALSE,1,,,1868,,TRUE,FALSE,FALSE,,,,"molluscs"
1075035,"Mollusca","Gastropoda","Littorinimorpha","Cypraeidae","Naria","Naria helvola",FALSE,,,,,,FALSE,TRUE,FALSE,,,,"molluscs"
216882,"Mollusca","Gastropoda","Littorinimorpha","Cypraeidae","Palmadusta","Palmadusta asellus",FALSE,,,,,,FALSE,TRUE,FALSE,,,,"molluscs"
216883,"Mollusca","Gastropoda","Littorinimorpha","Cypraeidae","Palmadusta","Palmadusta clandestina",FALSE,1,,,1933,,TRUE,FALSE,FALSE,,,,"molluscs"
1432965,"Mollusca","Gastropoda","Littorinimorpha","Naticidae","Paratectonatica","Paratectonatica tigrina",FALSE,,,,,,FALSE,TRUE,FALSE,,,,"molluscs"
585128,"Mollusca","Gastropoda","Littorinimorpha","Naticidae","Polinices","Polinices powisianus",FALSE,,,,,,FALSE,TRUE,FALSE,,,,"molluscs"
430582,"Mollusca","Gastropoda","Littorinimorpha","Ovulidae","Prionovolva","Prionovolva brevis",FALSE,,,,,,FALSE,TRUE,FALSE,,,,"molluscs"
216906,"Mollusca","Gastropoda","Littorinimorpha","Ovulidae","Procalpurnus","Procalpurnus lacteus",FALSE,,,,,,FALSE,TRUE,FALSE,,,,"molluscs"
597621,"Mollusca","Gastropoda","Littorinimorpha","Cypraeidae","Purpuradusta","Purpuradusta hammondae",FALSE,,,,,,FALSE,TRUE,FALSE,,,,"molluscs"
216888,"Mollusca","Gastropoda","Littorinimorpha","Cypraeidae","Pustularia","Pustularia globulus",FALSE,1,,,1933,,TRUE,FALSE,FALSE,,,"globose cowrie","molluscs"
476585,"Mollusca","Gastropoda","Littorinimorpha","Cymatiidae","Septa","Septa hepatica",FALSE,,,,,,FALSE,TRUE,FALSE,,,,"molluscs"
580709,"Mollusca","Gastropoda","Littorinimorpha","Cypraeidae","Talostolida","Talostolida teres",FALSE,,,,,,FALSE,TRUE,FALSE,,,,"molluscs"
430569,"Mollusca","Gastropoda","Littorinimorpha","Ovulidae","Testudovolva","Testudovolva nipponensis",FALSE,,,,,,FALSE,TRUE,FALSE,,,,"molluscs"
555421,"Mollusca","Gastropoda","Littorinimorpha","Triviidae","Trivirostra","Trivirostra akroterion",FALSE,,,,,,FALSE,TRUE,FALSE,,,,"molluscs"
555422,"Mollusca","Gastropoda","Littorinimorpha","Triviidae","Trivirostra","Trivirostra bocki",FALSE,,,,,,FALSE,TRUE,FALSE,,,,"molluscs"
555448,"Mollusca","Gastropoda","Littorinimorpha","Triviidae","Trivirostra","Trivirostra corrugata",FALSE,,,,,,FALSE,TRUE,FALSE,,,,"molluscs"
457337,"Mollusca","Gastropoda","Littorinimorpha","Triviidae","Trivirostra","Trivirostra dekkeri",FALSE,,,,,,FALSE,TRUE,FALSE,,,,"molluscs"
555441,"Mollusca","Gastropoda","Littorinimorpha","Triviidae","Trivirostra","Trivirostra edgari",FALSE,,,,,,FALSE,TRUE,FALSE,,,,"molluscs"
387830,"Mollusca","Gastropoda","Littorinimorpha","Triviidae","Trivirostra","Trivirostra ginae",FALSE,,,,,,FALSE,TRUE,FALSE,,,,"molluscs"
555445,"Mollusca","Gastropoda","Littorinimorpha","Triviidae","Trivirostra","Trivirostra hordacea",FALSE,,,,,,FALSE,TRUE,FALSE,,,,"molluscs"
555458,"Mollusca","Gastropoda","Littorinimorpha","Triviidae","Trivirostra","Trivirostra hyalina",FALSE,,,,,,FALSE,TRUE,FALSE,,,,"molluscs"
555425,"Mollusca","Gastropoda","Littorinimorpha","Triviidae","Trivirostra","Trivirostra insularum",FALSE,,,,,,FALSE,TRUE,FALSE,,,,"molluscs"
216896,"Mollusca","Gastropoda","Littorinimorpha","Triviidae","Trivirostra","Trivirostra oryza",FALSE,1,,,1933,,TRUE,TRUE,FALSE,,,,"molluscs"
216897,"Mollusca","Gastropoda","Littorinimorpha","Triviidae","Trivirostra","Trivirostra pellucidula",FALSE,,,,,,FALSE,TRUE,FALSE,,,,"molluscs"
555434,"Mollusca","Gastropoda","Littorinimorpha","Triviidae","Trivirostra","Trivirostra scabriuscula",FALSE,,,,,,FALSE,TRUE,FALSE,,,,"molluscs"
555428,"Mollusca","Gastropoda","Littorinimorpha","Triviidae","Trivirostra","Trivirostra shawi",FALSE,,,,,,FALSE,TRUE,FALSE,,,,"molluscs"
555429,"Mollusca","Gastropoda","Littorinimorpha","Triviidae","Trivirostra","Trivirostra spioinsula",FALSE,,,,,,FALSE,TRUE,FALSE,,,,"molluscs"
703828,"Mollusca","Gastropoda","Littorinimorpha","Vanikoridae","Vanikoro","Vanikoro gueriniana",FALSE,,,,,,FALSE,TRUE,FALSE,,,,"molluscs"
431078,"Mollusca","Gastropoda","Littorinimorpha","Ovulidae","Volva","Volva volva",FALSE,,,,,,FALSE,TRUE,FALSE,,,"egg spindle","molluscs"
527519,"Mollusca","Gastropoda","Neogastropoda","Colubrariidae","Colubraria","Colubraria tortuosa",FALSE,,,,,,FALSE,TRUE,FALSE,,,"twisted dwarf triton","molluscs"
215431,"Mollusca","Gastropoda","Neogastropoda","Conidae","Conus","Conus achatinus",FALSE,1,,,1936,,TRUE,FALSE,FALSE,"LC","LC",,"molluscs"
215517,"Mollusca","Gastropoda","Neogastropoda","Conidae","Conus","Conus betulinus",FALSE,,,,,,FALSE,TRUE,FALSE,"LC","LC","birch cone","molluscs"
428940,"Mollusca","Gastropoda","Neogastropoda","Conidae","Conus","Conus biliosus",FALSE,,,,,,FALSE,TRUE,FALSE,"LC","LC",,"molluscs"
215546,"Mollusca","Gastropoda","Neogastropoda","Conidae","Conus","Conus canonicus",FALSE,1,,,1867,,TRUE,FALSE,FALSE,"LC","LC",,"molluscs"
215525,"Mollusca","Gastropoda","Neogastropoda","Conidae","Conus","Conus capitaneus",FALSE,1,,,1936,,TRUE,FALSE,FALSE,"LC","LC","captain cone","molluscs"
215441,"Mollusca","Gastropoda","Neogastropoda","Conidae","Conus","Conus catus",FALSE,1,,,1928,,TRUE,TRUE,FALSE,"LC","LC",,"molluscs"
430457,"Mollusca","Gastropoda","Neogastropoda","Conidae","Conus","Conus chaldaeus",FALSE,,,,,,FALSE,TRUE,FALSE,"LC","LC","astrologer's cone","molluscs"
426459,"Mollusca","Gastropoda","Neogastropoda","Conidae","Conus","Conus coffeae",FALSE,,,,,,FALSE,TRUE,FALSE,"LC","LC",,"molluscs"
215446,"Mollusca","Gastropoda","Neogastropoda","Conidae","Conus","Conus coronatus",FALSE,,,,,,FALSE,TRUE,FALSE,"LC","LC","crowned cone","molluscs"
215530,"Mollusca","Gastropoda","Neogastropoda","Conidae","Conus","Conus distans",FALSE,,,,,,FALSE,TRUE,FALSE,"LC","LC",,"molluscs"
215436,"Mollusca","Gastropoda","Neogastropoda","Conidae","Conus","Conus ebraeus",FALSE,,,,,,FALSE,TRUE,FALSE,"LC","LC","Hebrew cone","molluscs"
215469,"Mollusca","Gastropoda","Neogastropoda","Conidae","Conus","Conus figulinus",FALSE,1,,,1936,,TRUE,TRUE,FALSE,"LC","LC","fig cone","molluscs"
426504,"Mollusca","Gastropoda","Neogastropoda","Conidae","Conus","Conus floridulus",FALSE,,,,,,FALSE,TRUE,FALSE,"LC","LC",,"molluscs"
215561,"Mollusca","Gastropoda","Neogastropoda","Conidae","Conus","Conus frigidus",FALSE,,,,,,FALSE,TRUE,FALSE,"LC","LC",,"molluscs"
215499,"Mollusca","Gastropoda","Neogastropoda","Conidae","Conus","Conus geographus",FALSE,,,,,,FALSE,TRUE,FALSE,"LC","LC","geographer cone","molluscs"
428135,"Mollusca","Gastropoda","Neogastropoda","Conidae","Conus","Conus glaucus",FALSE,,,,,,FALSE,TRUE,FALSE,"LC","LC","glaucous cone","molluscs"
215430,"Mollusca","Gastropoda","Neogastropoda","Conidae","Conus","Conus litoglyphus",FALSE,,,,,,FALSE,TRUE,FALSE,"LC","LC","lithograph cone","molluscs"
215522,"Mollusca","Gastropoda","Neogastropoda","Conidae","Conus","Conus litteratus",FALSE,,,,,,FALSE,TRUE,FALSE,"LC","LC","lettered cone","molluscs"
215541,"Mollusca","Gastropoda","Neogastropoda","Conidae","Conus","Conus lividus",FALSE,,,,,,FALSE,TRUE,FALSE,"LC","LC","livid cone","molluscs"
215479,"Mollusca","Gastropoda","Neogastropoda","Conidae","Conus","Conus miles",FALSE,,,,,,FALSE,TRUE,FALSE,"LC","LC","soldier cone","molluscs"
215533,"Mollusca","Gastropoda","Neogastropoda","Conidae","Conus","Conus miliaris",FALSE,,,,,,FALSE,TRUE,FALSE,"LC","LC",,"molluscs"
215560,"Mollusca","Gastropoda","Neogastropoda","Conidae","Conus","Conus parvatus",FALSE,,,,,,FALSE,TRUE,FALSE,"LC","LC",,"molluscs"
215500,"Mollusca","Gastropoda","Neogastropoda","Conidae","Conus","Conus pennaceus",FALSE,,,,,,FALSE,TRUE,FALSE,"LC","LC","feathered cone","molluscs"
215458,"Mollusca","Gastropoda","Neogastropoda","Conidae","Conus","Conus rattus",FALSE,,,,,,FALSE,TRUE,FALSE,"LC","LC","rat cone","molluscs"
215466,"Mollusca","Gastropoda","Neogastropoda","Conidae","Conus","Conus striatus",FALSE,,,,,,FALSE,TRUE,FALSE,"LC","LC","striated cone","molluscs"
428368,"Mollusca","Gastropoda","Neogastropoda","Conidae","Conus","Conus striolatus",FALSE,,,,,,FALSE,TRUE,FALSE,"LC","LC",,"molluscs"
215529,"Mollusca","Gastropoda","Neogastropoda","Conidae","Conus","Conus textile",FALSE,1,,,1933,,TRUE,FALSE,FALSE,"LC","LC","textile cone","molluscs"
215503,"Mollusca","Gastropoda","Neogastropoda","Conidae","Conus","Conus tulipa",FALSE,,,,,,FALSE,TRUE,FALSE,"LC","LC","tulip cone","molluscs"
459085,"Mollusca","Gastropoda","Neogastropoda","Muricidae","Drupa","Drupa morum",FALSE,,,,,,FALSE,TRUE,FALSE,,,"mulberry drupe","molluscs"
490961,"Mollusca","Gastropoda","Neogastropoda","Pisaniidae","Engina","Engina menkeana",FALSE,,,,,,FALSE,TRUE,FALSE,,,,"molluscs"
438701,"Mollusca","Gastropoda","Neogastropoda","Terebridae","Hastulopsis","Hastulopsis blanda",FALSE,,,,,,FALSE,TRUE,FALSE,,,,"molluscs"
737548,"Mollusca","Gastropoda","Neogastropoda","Fasciolariidae","Latirolagena","Latirolagena smaragdulus",FALSE,,,,,,FALSE,TRUE,FALSE,,,,"molluscs"
714205,"Mollusca","Gastropoda","Neogastropoda","Muricidae","Menathais","Menathais tuberosa",FALSE,,,,,,FALSE,TRUE,FALSE,,,"humped rock shell","molluscs"
215644,"Mollusca","Gastropoda","Neogastropoda","Muricidae","Murex","Murex aduncospinosus",FALSE,,,,,,FALSE,TRUE,FALSE,,,"bent murex","molluscs"
714208,"Mollusca","Gastropoda","Neogastropoda","Muricidae","Neothais","Neothais marginatra",FALSE,1,,,1929,,TRUE,FALSE,FALSE,,,,"molluscs"
564241,"Mollusca","Gastropoda","Neogastropoda","Terebridae","Oxymeris","Oxymeris chlorata",FALSE,,,,,,FALSE,TRUE,FALSE,,,,"molluscs"
217062,"Mollusca","Gastropoda","Neogastropoda","Pisaniidae","Pollia","Pollia fumosa",FALSE,1,,,,,TRUE,FALSE,FALSE,,,,"molluscs"
217065,"Mollusca","Gastropoda","Neogastropoda","Pisaniidae","Pollia","Pollia undosa",FALSE,,,,,,FALSE,TRUE,FALSE,,,,"molluscs"
208648,"Mollusca","Gastropoda","Neogastropoda","Muricidae","Purpura","Purpura persica",FALSE,1,,,1929,,TRUE,TRUE,FALSE,,,"princely purple","molluscs"
986852,"Mollusca","Gastropoda","Neogastropoda","Conidae","Pygmaeconus","Pygmaeconus papalis",FALSE,,,,,,FALSE,TRUE,FALSE,,,,"molluscs"
1048566,"Mollusca","Gastropoda","Neogastropoda","Muricidae","Tylothais","Tylothais aculeata",FALSE,,,,,,FALSE,TRUE,FALSE,,,,"molluscs"
1048565,"Mollusca","Gastropoda","Neogastropoda","Muricidae","Tylothais","Tylothais savignyi",FALSE,,,,,,FALSE,TRUE,FALSE,,,,"molluscs"
211267,"Mollusca","Gastropoda","Trochida","Trochidae","Clanculus","Clanculus clanguloides",FALSE,,,,,,FALSE,TRUE,FALSE,,,,"molluscs"
413413,"Mollusca","Gastropoda","Trochida","Turbinidae","Lunella","Lunella cinerea",FALSE,,,,,,FALSE,TRUE,FALSE,,,,"molluscs"
208625,"Mollusca","Gastropoda","Trochida","Phasianellidae","Phasianella","Phasianella solida",FALSE,,,,,,FALSE,TRUE,FALSE,,,,"molluscs"
216349,"Mollusca","Gastropoda","Trochida","Trochidae","Trochus","Trochus maculatus",FALSE,1,,,1929,,TRUE,FALSE,FALSE,,,"maculated top shell","molluscs"
534211,"Mollusca","Gastropoda","Trochida","Turbinidae","Turbo","Turbo crassus",FALSE,,,,,,FALSE,TRUE,FALSE,,,,"molluscs"
367708,"Mollusca","Gastropoda","[unassigned] Caenogastropoda","Siliquariidae","Tenagodus","Tenagodus anguinus",FALSE,1,,,1867,,TRUE,TRUE,FALSE,,,,"molluscs"
216725,"Mollusca","Gastropoda","[unassigned] Caenogastropoda","Potamididae","Terebralia","Terebralia palustris",FALSE,,,,,,FALSE,TRUE,FALSE,,,"mangrove whelk","molluscs"
207651,"Mollusca","Gastropoda",,"Nacellidae","Cellana","Cellana radiata",FALSE,,,,,,FALSE,TRUE,FALSE,,,,"molluscs"
707486,"Mollusca","Gastropoda",,"Nacellidae","Cellana","Cellana rota",FALSE,1,,,1928,,TRUE,FALSE,FALSE,,,,"molluscs"
325464,"Mollusca","Gastropoda",,"Nacellidae","Cellana","Cellana testudinaria",FALSE,,,,,,FALSE,TRUE,FALSE,,,,"molluscs"
456685,"Mollusca","Gastropoda",,"Patellidae","Scutellastra","Scutellastra flexuosa",FALSE,,,,,,FALSE,TRUE,FALSE,,,,"molluscs"
211919,"Mollusca","Polyplacophora","Chitonida","Chitonidae","Acanthopleura","Acanthopleura gemmata",FALSE,,,,,,FALSE,TRUE,FALSE,,,,"molluscs"
220293,"Chordata",,"Testudines","Cheloniidae","Lepidochelys","Lepidochelys olivacea",FALSE,1,,,2009,,TRUE,FALSE,FALSE,"VU","VU","olive ridely","turtles"
416516,"Annelida","Clitellata","Enchytraeida","Enchytraeidae","Fridericia","Fridericia bulbosa",FALSE,,,,,,FALSE,TRUE,FALSE,,,,"worms"
865848,"Arthropoda","Hexapoda","Odonata","Libellulidae","Pantala","Pantala flavescens",FALSE,,,,,,FALSE,TRUE,FALSE,"LC","LC","wandering glider",
238270,"Arthropoda","Merostomata","Xiphosurida","Limulidae","Tachypleus","Tachypleus tridentatus",FALSE,,,,,,FALSE,TRUE,FALSE,"EN","EN","tri-spine horseshoe crab",
344030,"Chordata","Crocodylia",,"Crocodylidae","Crocodylus","Crocodylus porosus",FALSE,,,,,,FALSE,TRUE,FALSE,"LC","LC","estuarine crocodile",
208931,"Tracheophyta","Magnoliopsida","Alismatales","Hydrocharitaceae","Thalassia","Thalassia hemprichii",FALSE,,,,,,FALSE,TRUE,FALSE,"LC","LC",,
1492275,"Tracheophyta","Magnoliopsida","Arecales","Arecaceae","Cocos","Cocos nucifera",FALSE,,,,,,FALSE,TRUE,FALSE,,,"coconut palm",
235070,"Tracheophyta","Magnoliopsida","Ericales","Primulaceae","Aegiceras","Aegiceras floridum",FALSE,,,,,,FALSE,TRUE,FALSE,"NT","NT",,
742486,"Tracheophyta","Magnoliopsida","Ericales","Lecythidaceae","Barringtonia","Barringtonia asiatica",FALSE,,,,,,FALSE,TRUE,FALSE,"LC","LC","box fruit",
234496,"Tracheophyta","Magnoliopsida","Malpighiales","Rhizophoraceae","Bruguiera","Bruguiera cylindrica",FALSE,,,,,,FALSE,TRUE,FALSE,"LC","LC",,
235082,"Tracheophyta","Magnoliopsida","Malpighiales","Rhizophoraceae","Bruguiera","Bruguiera gymnorrhiza",FALSE,,,,,,FALSE,TRUE,FALSE,,,,
235085,"Tracheophyta","Magnoliopsida","Malpighiales","Rhizophoraceae","Bruguiera","Bruguiera sexangula",FALSE,,,,,,FALSE,TRUE,FALSE,"LC","LC",,
235087,"Tracheophyta","Magnoliopsida","Malpighiales","Rhizophoraceae","Ceriops","Ceriops decandra",FALSE,,,,,,FALSE,TRUE,FALSE,"NT","NT",,
235088,"Tracheophyta","Magnoliopsida","Malpighiales","Rhizophoraceae","Ceriops","Ceriops tagal",FALSE,,,,,,FALSE,TRUE,FALSE,"LC","LC",,
235057,"Tracheophyta","Magnoliopsida","Malpighiales","Euphorbiaceae","Excoecaria","Excoecaria agallocha",FALSE,,,,,,FALSE,TRUE,FALSE,"LC","LC",,
235098,"Tracheophyta","Magnoliopsida","Malpighiales","Rhizophoraceae","Rhizophora","Rhizophora stylosa",FALSE,,,,,,FALSE,TRUE,FALSE,"LC","LC",,
235052,"Tracheophyta","Magnoliopsida","Myrtales","Combretaceae","Lumnitzera","Lumnitzera littorea",FALSE,,,,,,FALSE,TRUE,FALSE,"LC","LC",,
235053,"Tracheophyta","Magnoliopsida","Myrtales","Combretaceae","Lumnitzera","Lumnitzera racemosa",FALSE,,,,,,FALSE,TRUE,FALSE,"LC","LC",,
235107,"Tracheophyta","Magnoliopsida","Myrtales","Lythraceae","Sonneratia","Sonneratia alba",FALSE,,,,,,FALSE,TRUE,FALSE,"LC","LC",,
235109,"Tracheophyta","Magnoliopsida","Myrtales","Lythraceae","Sonneratia","Sonneratia caseolaris",FALSE,,,,,,FALSE,TRUE,FALSE,"LC","LC",,
235080,"Tracheophyta","Polypodiopsida","Polypodiales","Pteridaceae","Acrostichum","Acrostichum aureum",FALSE,,,,,,FALSE,TRUE,FALSE,"LC","LC",,
