"AphiaID","phylum","class","order","family","genus","species","remove","records","reads","asvs","max_year","target_gene","source_obis","source_gbif","source_dna","category","redlist_category","vernacular","group"
149004,"Bacillariophyta","Bacillariophyceae","Bacillariales","Bacillariaceae","Cylindrotheca","Cylindrotheca closterium",FALSE,,,,,,FALSE,TRUE,FALSE,,,,"algae"
149150,"Bacillariophyta","Bacillariophyceae","Bacillariales","Bacillariaceae","Nitzschia","Nitzschia longissima",FALSE,,,,,,FALSE,TRUE,FALSE,,,,"algae"
149153,"Bacillariophyta","Bacillariophyceae","Bacillariales","Bacillariaceae","Pseudo-nitzschia","Pseudo-nitzschia delicatissima",FALSE,,,,,,FALSE,TRUE,FALSE,,,,"algae"
149119,"Bacillariophyta","Bacillariophyceae","Chaetocerotanae incertae sedis","Chaetocerotaceae","Bacteriastrum","Bacteriastrum hyalinum",FALSE,,,,,,FALSE,TRUE,FALSE,,,,"algae"
149241,"Bacillariophyta","Bacillariophyceae","Chaetocerotanae incertae sedis","Chaetocerotaceae","Chaetoceros","Chaetoceros affinis",FALSE,,,,,,FALSE,TRUE,FALSE,,,,"algae"
149124,"Bacillariophyta","Bacillariophyceae","Chaetocerotanae incertae sedis","Chaetocerotaceae","Chaetoceros","Chaetoceros borealis",FALSE,,,,,,FALSE,TRUE,FALSE,,,,"algae"
149291,"Bacillariophyta","Bacillariophyceae","Chaetocerotanae incertae sedis","Chaetocerotaceae","Chaetoceros","Chaetoceros brevis",FALSE,,,,,,FALSE,TRUE,FALSE,,,,"algae"
341473,"Bacillariophyta","Bacillariophyceae","Chaetocerotanae incertae sedis","Chaetocerotaceae","Chaetoceros","Chaetoceros castracanei",FALSE,,,,,,FALSE,TRUE,FALSE,,,,"algae"
149297,"Bacillariophyta","Bacillariophyceae","Chaetocerotanae incertae sedis","Chaetocerotaceae","Chaetoceros","Chaetoceros ceratosporus",FALSE,,,,,,FALSE,TRUE,FALSE,,,,"algae"
149129,"Bacillariophyta","Bacillariophyceae","Chaetocerotanae incertae sedis","Chaetocerotaceae","Chaetoceros","Chaetoceros compressus",FALSE,,,,,,FALSE,TRUE,FALSE,,,,"algae"
156607,"Bacillariophyta","Bacillariophyceae","Chaetocerotanae incertae sedis","Chaetocerotaceae","Chaetoceros","Chaetoceros concavicornis",FALSE,,,,,,FALSE,TRUE,FALSE,,,,"algae"
149623,"Bacillariophyta","Bacillariophyceae","Chaetocerotanae incertae sedis","Chaetocerotaceae","Chaetoceros","Chaetoceros contortus",FALSE,,,,,,FALSE,TRUE,FALSE,,,,"algae"
156611,"Bacillariophyta","Bacillariophyceae","Chaetocerotanae incertae sedis","Chaetocerotaceae","Chaetoceros","Chaetoceros convolutus",FALSE,,,,,,FALSE,TRUE,FALSE,,,,"algae"
149221,"Bacillariophyta","Bacillariophyceae","Chaetocerotanae incertae sedis","Chaetocerotaceae","Chaetoceros","Chaetoceros curvisetus",FALSE,,,,,,FALSE,TRUE,FALSE,,,,"algae"
149120,"Bacillariophyta","Bacillariophyceae","Chaetocerotanae incertae sedis","Chaetocerotaceae","Chaetoceros","Chaetoceros danicus",FALSE,,,,,,FALSE,TRUE,FALSE,,,,"algae"
149219,"Bacillariophyta","Bacillariophyceae","Chaetocerotanae incertae sedis","Chaetocerotaceae","Chaetoceros","Chaetoceros debilis",FALSE,,,,,,FALSE,TRUE,FALSE,,,,"algae"
149126,"Bacillariophyta","Bacillariophyceae","Chaetocerotanae incertae sedis","Chaetocerotaceae","Chaetoceros","Chaetoceros decipiens",FALSE,,,,,,FALSE,TRUE,FALSE,,,,"algae"
149121,"Bacillariophyta","Bacillariophyceae","Chaetocerotanae incertae sedis","Chaetocerotaceae","Chaetoceros","Chaetoceros densus",FALSE,,,,,,FALSE,TRUE,FALSE,,,,"algae"
149122,"Bacillariophyta","Bacillariophyceae","Chaetocerotanae incertae sedis","Chaetocerotaceae","Chaetoceros","Chaetoceros didymus",FALSE,,,,,,FALSE,TRUE,FALSE,,,,"algae"
149624,"Bacillariophyta","Bacillariophyceae","Chaetocerotanae incertae sedis","Chaetocerotaceae","Chaetoceros","Chaetoceros furcellatus",FALSE,,,,,,FALSE,TRUE,FALSE,,,,"algae"
839985,"Bacillariophyta","Bacillariophyceae","Chaetocerotanae incertae sedis","Chaetocerotaceae","Chaetoceros","Chaetoceros gelidus",FALSE,,,,,,FALSE,TRUE,FALSE,,,,"algae"
149228,"Bacillariophyta","Bacillariophyceae","Chaetocerotanae incertae sedis","Chaetocerotaceae","Chaetoceros","Chaetoceros laciniosus",FALSE,,,,,,FALSE,TRUE,FALSE,,,,"algae"
156617,"Bacillariophyta","Bacillariophyceae","Chaetocerotanae incertae sedis","Chaetocerotaceae","Chaetoceros","Chaetoceros lorenzianus",FALSE,,,,,,FALSE,TRUE,FALSE,,,,"algae"
163098,"Bacillariophyta","Bacillariophyceae","Chaetocerotanae incertae sedis","Chaetocerotaceae","Chaetoceros","Chaetoceros muelleri",FALSE,,,,,,FALSE,TRUE,FALSE,,,,"algae"
163112,"Bacillariophyta","Bacillariophyceae","Chaetocerotanae incertae sedis","Chaetocerotaceae","Chaetoceros","Chaetoceros radicans",FALSE,,,,,,FALSE,TRUE,FALSE,,,,"algae"
149127,"Bacillariophyta","Bacillariophyceae","Chaetocerotanae incertae sedis","Chaetocerotaceae","Chaetoceros","Chaetoceros similis",FALSE,,,,,,FALSE,TRUE,FALSE,,,,"algae"
149294,"Bacillariophyta","Bacillariophyceae","Chaetocerotanae incertae sedis","Chaetocerotaceae","Chaetoceros","Chaetoceros simplex",FALSE,,,,,,FALSE,TRUE,FALSE,,,,"algae"
149123,"Bacillariophyta","Bacillariophyceae","Chaetocerotanae incertae sedis","Chaetocerotaceae","Chaetoceros","Chaetoceros socialis",FALSE,,,,,,FALSE,TRUE,FALSE,,,,"algae"
156621,"Bacillariophyta","Bacillariophyceae","Chaetocerotanae incertae sedis","Chaetocerotaceae","Chaetoceros","Chaetoceros subtilis",FALSE,,,,,,FALSE,TRUE,FALSE,,,,"algae"
156623,"Bacillariophyta","Bacillariophyceae","Chaetocerotanae incertae sedis","Chaetocerotaceae","Chaetoceros","Chaetoceros tenuissimus",FALSE,,,,,,FALSE,TRUE,FALSE,,,,"algae"
149125,"Bacillariophyta","Bacillariophyceae","Chaetocerotanae incertae sedis","Chaetocerotaceae","Chaetoceros","Chaetoceros teres",FALSE,,,,,,FALSE,TRUE,FALSE,,,,"algae"
163161,"Bacillariophyta","Bacillariophyceae","Chaetocerotanae incertae sedis","Chaetocerotaceae","Chaetoceros","Chaetoceros tortissimus",FALSE,,,,,,FALSE,TRUE,FALSE,,,,"algae"
160524,"Bacillariophyta","Bacillariophyceae","Chaetocerotanae incertae sedis","Chaetocerotaceae","Chaetoceros","Chaetoceros wighamii",FALSE,,,,,,FALSE,TRUE,FALSE,,,,"algae"
163143,"Bacillariophyta","Bacillariophyceae","Chaetocerotanae incertae sedis","Chaetocerotaceae","Miraltia","Miraltia throndsenii",FALSE,,,,,,FALSE,TRUE,FALSE,,,,"algae"
179596,"Bacillariophyta","Bacillariophyceae","Corethrales","Corethraceae","Corethron","Corethron hystrix",FALSE,,,,,,FALSE,TRUE,FALSE,,,,"algae"
148992,"Bacillariophyta","Bacillariophyceae","Coscinodiscales","Coscinodiscaceae","Coscinodiscus","Coscinodiscus concinnus",FALSE,,,,,,FALSE,TRUE,FALSE,,,,"algae"
149158,"Bacillariophyta","Bacillariophyceae","Coscinodiscales","Coscinodiscaceae","Coscinodiscus","Coscinodiscus radiatus",FALSE,,,,,,FALSE,TRUE,FALSE,,,,"algae"
464322,"Bacillariophyta","Bacillariophyceae","Cymatosirales","Cymatosiraceae","Arcocellulus","Arcocellulus cornucervis",FALSE,,,,,,FALSE,TRUE,FALSE,,,,"algae"
549205,"Bacillariophyta","Bacillariophyceae","Cymatosirales","Cymatosiraceae","Lennoxia","Lennoxia faveolata",FALSE,,,,,,FALSE,TRUE,FALSE,,,,"algae"
148954,"Bacillariophyta","Bacillariophyceae","Fragilariales","Fragilariaceae","Asterionella","Asterionella formosa",FALSE,,,,,,FALSE,TRUE,FALSE,,,,"algae"
573470,"Bacillariophyta","Bacillariophyceae","Fragilariales","Fragilariaceae","Fragilaria","Fragilaria unipunctata",FALSE,,,,,,FALSE,TRUE,FALSE,,,,"algae"
961694,"Bacillariophyta","Bacillariophyceae","Hemiaulales","Hemiaulaceae","Cerataulina","Cerataulina bergonii",FALSE,,,,,,FALSE,TRUE,FALSE,,,,"algae"
157430,"Bacillariophyta","Bacillariophyceae","Hemiaulales","Hemiaulaceae","Eucampia","Eucampia groenlandica",FALSE,,,,,,FALSE,TRUE,FALSE,,,,"algae"
163243,"Bacillariophyta","Bacillariophyceae","Hemiaulales","Hemiaulaceae","Eucampia","Eucampia striata",FALSE,,,,,,FALSE,TRUE,FALSE,,,,"algae"
149131,"Bacillariophyta","Bacillariophyceae","Hemiaulales","Hemiaulaceae","Eucampia","Eucampia zodiacus",FALSE,,,,,,FALSE,TRUE,FALSE,,,,"algae"
149106,"Bacillariophyta","Bacillariophyceae","Leptocylindrales","Leptocylindraceae","Leptocylindrus","Leptocylindrus danicus",FALSE,,,,,,FALSE,TRUE,FALSE,,,,"algae"
149039,"Bacillariophyta","Bacillariophyceae","Leptocylindrales","Leptocylindraceae","Leptocylindrus","Leptocylindrus minimus",FALSE,,,,,,FALSE,TRUE,FALSE,,,,"algae"
157062,"Bacillariophyta","Bacillariophyceae","Licmophorales","Licmophoraceae","Licmophora","Licmophora abbreviata",FALSE,,,,,,FALSE,TRUE,FALSE,,,,"algae"
149023,"Bacillariophyta","Bacillariophyceae","Lithodesmiales","Lithodesmiaceae","Ditylum","Ditylum brightwellii",FALSE,,,,,,FALSE,TRUE,FALSE,,,,"algae"
418547,"Bacillariophyta","Bacillariophyceae","Melosirales","Melosiraceae","Melosira","Melosira moniliformis",FALSE,,,,,,FALSE,TRUE,FALSE,,,,"algae"
149320,"Bacillariophyta","Bacillariophyceae","Naviculales","Naviculaceae","Navicula","Navicula transitans",FALSE,,,,,,FALSE,TRUE,FALSE,,,,"algae"
149168,"Bacillariophyta","Bacillariophyceae","Rhizosoleniales","Rhizosoleniaceae","Proboscia","Proboscia alata",FALSE,,,,,,FALSE,TRUE,FALSE,,,,"algae"
163344,"Bacillariophyta","Bacillariophyceae","Rhizosoleniales","Rhizosoleniaceae","Pseudosolenia","Pseudosolenia calcar-avis",FALSE,,,,,,FALSE,TRUE,FALSE,,,,"algae"
149114,"Bacillariophyta","Bacillariophyceae","Rhizosoleniales","Rhizosoleniaceae","Rhizosolenia","Rhizosolenia delicatula",FALSE,,,,,,FALSE,TRUE,FALSE,,,,"algae"
160530,"Bacillariophyta","Bacillariophyceae","Rhizosoleniales","Rhizosoleniaceae","Rhizosolenia","Rhizosolenia flaccida",FALSE,,,,,,FALSE,TRUE,FALSE,,,,"algae"
149070,"Bacillariophyta","Bacillariophyceae","Rhizosoleniales","Rhizosoleniaceae","Rhizosolenia","Rhizosolenia hebetata",FALSE,,,,,,FALSE,TRUE,FALSE,,,,"algae"
149116,"Bacillariophyta","Bacillariophyceae","Rhizosoleniales","Rhizosoleniaceae","Rhizosolenia","Rhizosolenia imbricata",FALSE,,,,,,FALSE,TRUE,FALSE,,,,"algae"
149287,"Bacillariophyta","Bacillariophyceae","Rhizosoleniales","Rhizosoleniaceae","Rhizosolenia","Rhizosolenia minima",FALSE,,,,,,FALSE,TRUE,FALSE,,,,"algae"
573582,"Bacillariophyta","Bacillariophyceae","Rhizosoleniales","Rhizosoleniaceae","Rhizosolenia","Rhizosolenia phuketensis",FALSE,,,,,,FALSE,TRUE,FALSE,,,,"algae"
163348,"Bacillariophyta","Bacillariophyceae","Rhizosoleniales","Rhizosoleniaceae","Rhizosolenia","Rhizosolenia semispina",FALSE,,,,,,FALSE,TRUE,FALSE,,,,"algae"
149165,"Bacillariophyta","Bacillariophyceae","Rhizosoleniales","Rhizosoleniaceae","Rhizosolenia","Rhizosolenia shrubsolei",FALSE,,,,,,FALSE,TRUE,FALSE,,,,"algae"
149629,"Bacillariophyta","Bacillariophyceae","Rhizosoleniales","Rhizosoleniaceae","Rhizosolenia","Rhizosolenia styliformis",FALSE,,,,,,FALSE,TRUE,FALSE,,,,"algae"
1590708,"Bacillariophyta","Bacillariophyceae","Rhizosoleniales","Rhizosoleniaceae","Sundstroemia","Sundstroemia pungens",FALSE,,,,,,FALSE,TRUE,FALSE,,,,"algae"
1590706,"Bacillariophyta","Bacillariophyceae","Rhizosoleniales","Rhizosoleniaceae","Sundstroemia","Sundstroemia setigera",FALSE,,,,,,FALSE,TRUE,FALSE,,,,"algae"
555052,"Bacillariophyta","Bacillariophyceae","Thalassionematales","Thalassionemataceae","Thalassionema","Thalassionema frauenfeldii",FALSE,,,,,,FALSE,TRUE,FALSE,,,,"algae"
149093,"Bacillariophyta","Bacillariophyceae","Thalassionematales","Thalassionemataceae","Thalassionema","Thalassionema nitzschioides",FALSE,,,,,,FALSE,TRUE,FALSE,,,,"algae"
149135,"Bacillariophyta","Bacillariophyceae","Thalassiosirales","Lauderiaceae","Lauderia","Lauderia annulata",FALSE,,,,,,FALSE,TRUE,FALSE,,,,"algae"
163261,"Bacillariophyta","Bacillariophyceae","Thalassiosirales","Lauderiaceae","Lauderia","Lauderia mediterranea",FALSE,,,,,,FALSE,TRUE,FALSE,,,,"algae"
149102,"Bacillariophyta","Bacillariophyceae","Thalassiosirales","Thalassiosiraceae","Thalassiosira","Thalassiosira gravida",FALSE,,,,,,FALSE,TRUE,FALSE,,,,"algae"
148931,"Bacillariophyta","Bacillariophyceae","Thalassiosirales","Thalassiosiraceae","Thalassiosira","Thalassiosira nordenskioeldii",FALSE,,,,,,FALSE,TRUE,FALSE,,,,"algae"
163097,"Bacillariophyta","Bacillariophyceae",,,"Dicladia","Dicladia mitra",FALSE,,,,,,FALSE,TRUE,FALSE,,,,"algae"
163042,"Bacillariophyta","Bacillariophyceae",,,"Syndendrium","Syndendrium diadema",FALSE,,,,,,FALSE,TRUE,FALSE,,,,"algae"
376081,"Chlorophyta","Prasinophyceae","Halosphaerales","Pterospermataceae","Pterosperma","Pterosperma cristatum",FALSE,,,,,,FALSE,TRUE,FALSE,,,,"algae"
345882,"Chlorophyta","Prasinophyceae","Halosphaerales","Pterospermataceae","Pterosperma","Pterosperma moebii",FALSE,,,,,,FALSE,TRUE,FALSE,,,,"algae"
376693,"Chlorophyta","Prasinophyceae","Halosphaerales","Pterospermataceae","Pterosperma","Pterosperma porosum",FALSE,,,,,,FALSE,TRUE,FALSE,,,,"algae"
376688,"Chlorophyta","Prasinophyceae","Halosphaerales","Pterospermataceae","Pterosperma","Pterosperma rotondum",FALSE,,,,,,FALSE,TRUE,FALSE,,,,"algae"
376084,"Chlorophyta","Prasinophyceae","Halosphaerales","Pterospermataceae","Pterosperma","Pterosperma undulatum",FALSE,,,,,,FALSE,TRUE,FALSE,,,,"algae"
345881,"Chlorophyta","Prasinophyceae","Halosphaerales","Pterospermataceae","Pterosperma","Pterosperma vanhoeffenii",FALSE,,,,,,FALSE,TRUE,FALSE,,,,"algae"
134566,"Chlorophyta","Pyramimonadophyceae","Pseudoscourfieldiales","Pycnococcaceae","Pseudoscourfieldia","Pseudoscourfieldia marina",FALSE,,,,,,FALSE,TRUE,FALSE,,,,"algae"
134545,"Chlorophyta","Pyramimonadophyceae","Pyramimonadales","Pyramimonadaceae","Cymbomonas","Cymbomonas tetramitiformis",FALSE,,,,,,FALSE,TRUE,FALSE,,,,"algae"
145800,"Chlorophyta","Trebouxiophyceae","Prasiolales","Prasiolaceae","Prasiola","Prasiola stipitata",FALSE,,,,,,FALSE,TRUE,FALSE,,,,"algae"
145033,"Chlorophyta","Ulvophyceae","Cladophorales","Cladophoraceae","Cladophora","Cladophora albida",FALSE,,,,,,FALSE,TRUE,FALSE,,,,"algae"
145064,"Chlorophyta","Ulvophyceae","Cladophorales","Cladophoraceae","Cladophora","Cladophora rupestris",FALSE,,,,,,FALSE,TRUE,FALSE,,,,"algae"
145933,"Chlorophyta","Ulvophyceae","Ulotrichales","Ulotrichaceae","Ulothrix","Ulothrix tenuissima",FALSE,,,,,,FALSE,TRUE,FALSE,,,,"algae"
145950,"Chlorophyta","Ulvophyceae","Ulvales","Kornmanniaceae","Blidingia","Blidingia minima",FALSE,,,,,,FALSE,TRUE,FALSE,,,,"algae"
234462,"Chlorophyta","Ulvophyceae","Ulvales","Ulvaceae","Ulva","Ulva compressa",FALSE,,,,,,FALSE,TRUE,FALSE,,,,"algae"
234471,"Chlorophyta","Ulvophyceae","Ulvales","Ulvaceae","Ulva","Ulva intestinalis",FALSE,,,,,,FALSE,TRUE,FALSE,,,,"algae"
641754,"Chlorophyta","Ulvophyceae","Ulvales","Ulvaceae","Ulva","Ulva lapathifolia",FALSE,,,,,,FALSE,TRUE,FALSE,,,,"algae"
837255,"Haptophyta","Coccolithophyceae","Isochrysidales","Isochrysidaceae","Chrysotila","Chrysotila carterae",FALSE,,,,,,FALSE,TRUE,FALSE,,,,"algae"
115104,"Haptophyta","Coccolithophyceae","Isochrysidales","Noelaerhabdaceae","Emiliania","Emiliania huxleyi",FALSE,,,,,,FALSE,TRUE,FALSE,,,,"algae"
115128,"Haptophyta","Coccolithophyceae","Prymnesiales","Chrysochromulinaceae","Chrysochromulina","Chrysochromulina pringsheimii",FALSE,,,,,,FALSE,TRUE,FALSE,,,,"algae"
624976,"Haptophyta","Coccolithophyceae","Prymnesiales","Prymnesiaceae","Haptolina","Haptolina ericina",FALSE,,,,,,FALSE,TRUE,FALSE,,,,"algae"
699623,"Haptophyta","Coccolithophyceae","Prymnesiales","Prymnesiaceae","Haptolina","Haptolina hirta",FALSE,,,,,,FALSE,TRUE,FALSE,,,,"algae"
160564,"Haptophyta","Coccolithophyceae","Prymnesiales","Prymnesiaceae","Prymnesium","Prymnesium parvum",FALSE,,,,,,FALSE,TRUE,FALSE,,,,"algae"
235802,"Haptophyta","Coccolithophyceae","Syracosphaerales","Rhabdosphaeraceae","Acanthoica","Acanthoica quattrospina",FALSE,,,,,,FALSE,TRUE,FALSE,,,,"algae"
115099,"Haptophyta","Coccolithophyceae","Syracosphaerales","Syracosphaeraceae","Ophiaster","Ophiaster hydroideus",FALSE,,,,,,FALSE,TRUE,FALSE,,,,"algae"
578575,"Haptophyta","Coccolithophyceae","Zygodiscales","Pontosphaeraceae","Pontosphaera","Pontosphaera bigelowi",FALSE,,,,,,FALSE,TRUE,FALSE,,,,"algae"
160552,"Ochrophyta","Chrysophyceae","Chromulinales","Dinobryaceae","Dinobryon","Dinobryon balticum",FALSE,,,,,,FALSE,TRUE,FALSE,,,,"algae"
160553,"Ochrophyta","Chrysophyceae","Chromulinales","Dinobryaceae","Dinobryon","Dinobryon faculiferum",FALSE,,,,,,FALSE,TRUE,FALSE,,,,"algae"
157463,"Ochrophyta","Dictyochophyceae","Dictyochales","Dictyochaceae","Dictyocha","Dictyocha fibula",FALSE,,,,,,FALSE,TRUE,FALSE,,,,"algae"
1310442,"Ochrophyta","Dictyochophyceae","Dictyochales","Dictyochaceae","Octactis","Octactis speculum",FALSE,,,,,,FALSE,TRUE,FALSE,,,,"algae"
707927,"Ochrophyta","Dictyochophyceae","Dictyochales","Dictyochaceae","Vicicitus","Vicicitus globosus",FALSE,,,,,,FALSE,TRUE,FALSE,,,,"algae"
248097,"Ochrophyta","Dictyochophyceae","Pedinellales","Actinomonadaceae","Apedinella","Apedinella radians",FALSE,,,,,,FALSE,TRUE,FALSE,,,,"algae"
573933,"Ochrophyta","Dictyochophyceae","Pedinellales","Actinomonadaceae","Helicopedinella","Helicopedinella tricostata",FALSE,,,,,,FALSE,TRUE,FALSE,,,,"algae"
160600,"Ochrophyta","Dictyochophyceae","Pedinellales","Actinomonadaceae","Pseudopedinella","Pseudopedinella pyriformis",FALSE,,,,,,FALSE,TRUE,FALSE,,,,"algae"
375699,"Ochrophyta","Pelagophyceae","Pelagomonadales","Pelagomonadaceae","Aureococcus","Aureococcus anophagefferens",FALSE,,,,,,FALSE,TRUE,FALSE,,,,"algae"
145722,"Ochrophyta","Phaeophyceae","Chordales","Chordaceae","Chorda","Chorda filum",FALSE,,,,,,FALSE,TRUE,FALSE,,,,"algae"
144910,"Ochrophyta","Phaeophyceae","Ectocarpales","Chordariaceae","Chordaria","Chordaria flagelliformis",FALSE,,,,,,FALSE,TRUE,FALSE,,,,"algae"
145322,"Ochrophyta","Phaeophyceae","Ectocarpales","Chordariaceae","Dictyosiphon","Dictyosiphon foeniculaceus",FALSE,,,,,,FALSE,TRUE,FALSE,,,,"algae"
145404,"Ochrophyta","Phaeophyceae","Ectocarpales","Ectocarpaceae","Ectocarpus","Ectocarpus fasciculatus",FALSE,,,,,,FALSE,TRUE,FALSE,,,,"algae"
145405,"Ochrophyta","Phaeophyceae","Ectocarpales","Ectocarpaceae","Ectocarpus","Ectocarpus flagelliformis",FALSE,,,,,,FALSE,TRUE,FALSE,,,,"algae"
144937,"Ochrophyta","Phaeophyceae","Ectocarpales","Chordariaceae","Elachista","Elachista fucicola",FALSE,,,,,,FALSE,TRUE,FALSE,,,,"algae"
157188,"Ochrophyta","Phaeophyceae","Ectocarpales","Acinetosporaceae","Pylaiella","Pylaiella littoralis",FALSE,,,,,,FALSE,TRUE,FALSE,,,,"algae"
145459,"Ochrophyta","Phaeophyceae","Ectocarpales","Ectocarpaceae","Spongonema","Spongonema tomentosum",FALSE,,,,,,FALSE,TRUE,FALSE,,,,"algae"
145355,"Ochrophyta","Phaeophyceae","Ectocarpales","Chordariaceae","Stictyosiphon","Stictyosiphon tortilis",FALSE,,,,,,FALSE,TRUE,FALSE,,,,"algae"
145541,"Ochrophyta","Phaeophyceae","Fucales","Fucaceae","Ascophyllum","Ascophyllum nodosum",FALSE,,,,,,FALSE,TRUE,FALSE,,,,"algae"
145542,"Ochrophyta","Phaeophyceae","Fucales","Fucaceae","Fucus","Fucus ceranoides",FALSE,,,,,,FALSE,TRUE,FALSE,,,,"algae"
145546,"Ochrophyta","Phaeophyceae","Fucales","Fucaceae","Fucus","Fucus serratus",FALSE,,,,,,FALSE,TRUE,FALSE,,,,"algae"
145547,"Ochrophyta","Phaeophyceae","Fucales","Fucaceae","Fucus","Fucus spiralis",FALSE,,,,,,FALSE,TRUE,FALSE,,,,"algae"
145548,"Ochrophyta","Phaeophyceae","Fucales","Fucaceae","Fucus","Fucus vesiculosus",FALSE,,,,,,FALSE,TRUE,FALSE,,,,"algae"
145540,"Ochrophyta","Phaeophyceae","Fucales","Sargassaceae","Halidrys","Halidrys siliquosa",FALSE,,,,,,FALSE,TRUE,FALSE,,,,"algae"
145550,"Ochrophyta","Phaeophyceae","Fucales","Fucaceae","Pelvetia","Pelvetia canaliculata",FALSE,,,,,,FALSE,TRUE,FALSE,,,,"algae"
145725,"Ochrophyta","Phaeophyceae","Laminariales","Laminariaceae","Laminaria","Laminaria hyperborea",FALSE,,,,,,FALSE,TRUE,FALSE,,,,"algae"
234483,"Ochrophyta","Phaeophyceae","Laminariales","Laminariaceae","Saccharina","Saccharina latissima",FALSE,,,,,,FALSE,TRUE,FALSE,,,,"algae"
497297,"Ochrophyta","Phaeophyceae","Sphacelariales","Sphacelariaceae","Chaetopteris","Chaetopteris plumosa",FALSE,,,,,,FALSE,TRUE,FALSE,,,,"algae"
624202,"Ochrophyta","Phaeophyceae","Sphacelariales","Stypocaulaceae","Protohalopteris","Protohalopteris radicans",FALSE,,,,,,FALSE,TRUE,FALSE,,,,"algae"
145892,"Ochrophyta","Phaeophyceae","Sphacelariales","Sphacelariaceae","Sphacelaria","Sphacelaria cirrosa",FALSE,,,,,,FALSE,TRUE,FALSE,,,,"algae"
160585,"Ochrophyta","Raphidophyceae","Chattonellales","Chattonellaceae","Heterosigma","Heterosigma akashiwo",FALSE,,,,,,FALSE,TRUE,FALSE,,,,"algae"
248129,"Ochrophyta","Xanthophyceae","Mischococcales","Pleurochloridaceae","Meringosphaera","Meringosphaera mediterranea",FALSE,,,,,,FALSE,TRUE,FALSE,,,,"algae"
144404,"Rhodophyta","Florideophyceae","Acrochaetiales","Rhodochortonaceae","Rhodochorton","Rhodochorton purpureum",FALSE,,,,,,FALSE,TRUE,FALSE,,,,"algae"
144569,"Rhodophyta","Florideophyceae","Ceramiales","Ceramiaceae","Ceramium","Ceramium tenuicorne",FALSE,,,,,,FALSE,TRUE,FALSE,,,,"algae"
178915,"Rhodophyta","Florideophyceae","Ceramiales","Ceramiaceae","Ceramium","Ceramium virgatum",FALSE,,,,,,FALSE,TRUE,FALSE,,,,"algae"
377258,"Rhodophyta","Florideophyceae","Ceramiales","Ceramiaceae","Ceramium","Ceramium virgatum",FALSE,,,,,,FALSE,TRUE,FALSE,,,,"algae"
1340377,"Rhodophyta","Florideophyceae","Ceramiales","Rhodomelaceae","Leptosiphonia","Leptosiphonia brodiei",FALSE,,,,,,FALSE,TRUE,FALSE,,,,"algae"
144758,"Rhodophyta","Florideophyceae","Ceramiales","Delesseriaceae","Membranoptera","Membranoptera alata",FALSE,,,,,,FALSE,TRUE,FALSE,,,,"algae"
144854,"Rhodophyta","Florideophyceae","Ceramiales","Rhodomelaceae","Rhodomela","Rhodomela confervoides",FALSE,,,,,,FALSE,TRUE,FALSE,,,,"algae"
475211,"Rhodophyta","Florideophyceae","Ceramiales","Rhodomelaceae","Vertebrata","Vertebrata lanosa",FALSE,,,,,,FALSE,TRUE,FALSE,,,,"algae"
145202,"Rhodophyta","Florideophyceae","Corallinales","Hapalidiaceae","Phymatolithon","Phymatolithon lenormandii",FALSE,,,,,,FALSE,TRUE,FALSE,,,,"algae"
145625,"Rhodophyta","Florideophyceae","Gigartinales","Gigartinaceae","Chondrus","Chondrus crispus",FALSE,,,,,,FALSE,TRUE,FALSE,,,,"algae"
145615,"Rhodophyta","Florideophyceae","Gigartinales","Cystocloniaceae","Cystoclonium","Cystoclonium purpureum",FALSE,,,,,,FALSE,TRUE,FALSE,,,,"algae"
145228,"Rhodophyta","Florideophyceae","Gigartinales","Dumontiaceae","Dumontia","Dumontia contorta",FALSE,,,,,,FALSE,TRUE,FALSE,,,,"algae"
145660,"Rhodophyta","Florideophyceae","Gigartinales","Phyllophoraceae","Phyllophora","Phyllophora crispa",FALSE,,,,,,FALSE,TRUE,FALSE,,,,"algae"
145712,"Rhodophyta","Florideophyceae","Hildenbrandiales","Hildenbrandiaceae","Hildenbrandia","Hildenbrandia rubra",FALSE,,,,,,FALSE,TRUE,FALSE,,,,"algae"
158943,"Chordata","Aves","Anseriformes","Anatidae","Anas","Anas crecca",FALSE,,,,,,FALSE,TRUE,FALSE,"LC","LC","common teal, sarcelle d'hiver","birds"
148791,"Chordata","Aves","Anseriformes","Anatidae","Anas","Anas platyrhynchos",FALSE,1,,,,,TRUE,TRUE,FALSE,"LC","LC","mallard, canard colvert","birds"
159089,"Chordata","Aves","Anseriformes","Anatidae","Cygnus","Cygnus cygnus",FALSE,2,,,,,TRUE,FALSE,FALSE,"LC","LC",,"birds"
137072,"Chordata","Aves","Anseriformes","Anatidae","Melanitta","Melanitta fusca",FALSE,,,,,,FALSE,TRUE,FALSE,"VU","VU","white-winged scoter, macreuse brune","birds"
137073,"Chordata","Aves","Anseriformes","Anatidae","Melanitta","Melanitta nigra",FALSE,,,,,,FALSE,TRUE,FALSE,"LC","LC","black scoter, macreuse noire","birds"
159097,"Chordata","Aves","Anseriformes","Anatidae","Mergus","Mergus merganser",FALSE,,,,,,FALSE,TRUE,FALSE,"LC","LC","common merganser, harle bièvre","birds"
159098,"Chordata","Aves","Anseriformes","Anatidae","Mergus","Mergus serrator",FALSE,2,,,,,TRUE,TRUE,FALSE,"LC","LC","red-breasted merganser, harle huppé","birds"
137074,"Chordata","Aves","Anseriformes","Anatidae","Somateria","Somateria mollissima",FALSE,3,,,,,TRUE,TRUE,FALSE,"NT","NT","common eider, eider commun","birds"
212603,"Chordata","Aves","Charadriiformes","Scolopacidae","Actitis","Actitis hypoleucos",FALSE,,,,,,FALSE,TRUE,FALSE,"LC","LC","common sandpiper, chevalier guignette","birds"
137128,"Chordata","Aves","Charadriiformes","Alcidae","Alca","Alca torda",FALSE,,,,,,FALSE,TRUE,FALSE,"LC","LC","razorbill, pingouin macroptère","birds"
137129,"Chordata","Aves","Charadriiformes","Alcidae","Alle","Alle alle",FALSE,,,,,,FALSE,TRUE,FALSE,"LC","LC","dovekie, mergule nain","birds"
159047,"Chordata","Aves","Charadriiformes","Scolopacidae","Calidris","Calidris alpina",FALSE,,,,,,FALSE,TRUE,FALSE,"LC","LC","dunlin, bécasseau variable","birds"
159052,"Chordata","Aves","Charadriiformes","Scolopacidae","Calidris","Calidris maritima",FALSE,,,,,,FALSE,TRUE,FALSE,"LC","LC","purple sandpiper, bécasseau violet","birds"
137130,"Chordata","Aves","Charadriiformes","Alcidae","Cepphus","Cepphus grylle",FALSE,1,,,,,TRUE,TRUE,FALSE,"LC","LC","black guillemot, guillemot à miroir","birds"
212619,"Chordata","Aves","Charadriiformes","Charadriidae","Charadrius","Charadrius hiaticula",FALSE,,,,,,FALSE,TRUE,FALSE,"LC","LC","common ringed plover, grand gravelot","birds"
232043,"Chordata","Aves","Charadriiformes","Charadriidae","Charadrius","Charadrius morinellus",FALSE,,,,,,FALSE,TRUE,FALSE,,,"Eurasian dotterel, pluvier guignard","birds"
137131,"Chordata","Aves","Charadriiformes","Alcidae","Fratercula","Fratercula arctica",FALSE,,,,,,FALSE,TRUE,FALSE,"VU","VU","Atlantic puffin, macareux moine","birds"
147436,"Chordata","Aves","Charadriiformes","Charadriidae","Haematopus","Haematopus ostralegus",FALSE,3,,,2017,,TRUE,TRUE,FALSE,"NT","NT","Eurasian oyster catcher, huîtrier pie","birds"
567449,"Chordata","Aves","Charadriiformes","Laridae","Hydrocoloeus","Hydrocoloeus minutus",FALSE,,,,,,FALSE,TRUE,FALSE,"LC","LC","little gull","birds"
137138,"Chordata","Aves","Charadriiformes","Laridae","Larus","Larus argentatus",FALSE,,,,,,FALSE,TRUE,FALSE,"LC","LC","herring gull, goéland argenté","birds"
137141,"Chordata","Aves","Charadriiformes","Laridae","Larus","Larus canus",FALSE,4,,,,,TRUE,TRUE,FALSE,"LC","LC","mew gull, goéland cendré","birds"
137142,"Chordata","Aves","Charadriiformes","Laridae","Larus","Larus fuscus",FALSE,,,,,,FALSE,TRUE,FALSE,"LC","LC","lesser black-backed gull, goéland de la Balqitue","birds"
137145,"Chordata","Aves","Charadriiformes","Laridae","Larus","Larus hyperboreus",FALSE,,,,,,FALSE,TRUE,FALSE,"LC","LC","glaucous gull, goéland bourgmestre","birds"
137146,"Chordata","Aves","Charadriiformes","Laridae","Larus","Larus marinus",FALSE,,,,,,FALSE,TRUE,FALSE,"LC","LC","great black-backed gull, goéland marin","birds"
137149,"Chordata","Aves","Charadriiformes","Laridae","Larus","Larus ridibundus",FALSE,1,,,,,TRUE,TRUE,FALSE,"LC","LC","common black-headed gull, mouette rieuse","birds"
159037,"Chordata","Aves","Charadriiformes","Scolopacidae","Numenius","Numenius arquata",FALSE,,,,,,FALSE,TRUE,FALSE,"NT","NT","Eurasian curlew, courlis cendré","birds"
159135,"Chordata","Aves","Charadriiformes","Charadriidae","Pluvialis","Pluvialis apricaria",FALSE,,,,,,FALSE,TRUE,FALSE,"LC","LC","European golden plover, pluvier doré","birds"
137156,"Chordata","Aves","Charadriiformes","Laridae","Rissa","Rissa tridactyla",FALSE,,,,,,FALSE,TRUE,FALSE,"VU","VU","black-legged kittiwake, risse tridactyle","birds"
137171,"Chordata","Aves","Charadriiformes","Stercorariidae","Stercorarius","Stercorarius longicaudus",FALSE,,,,,,FALSE,TRUE,FALSE,"LC","LC","long-tailed jaeger, labbe à longue queue","birds"
137162,"Chordata","Aves","Charadriiformes","Laridae","Sterna","Sterna hirundo",FALSE,,,,,,FALSE,TRUE,FALSE,"LC","LC","common tern, sterne pierregarin","birds"
137165,"Chordata","Aves","Charadriiformes","Laridae","Sterna","Sterna paradisaea",FALSE,,,,,,FALSE,TRUE,FALSE,"LC","LC","Arctic tern, sterne à longue queue","birds"
158970,"Chordata","Aves","Charadriiformes","Scolopacidae","Tringa","Tringa totanus",FALSE,,,,,,FALSE,TRUE,FALSE,"LC","LC","redshank, chevalier gambette","birds"
232053,"Chordata","Aves","Falconiformes","Accipitridae","Haliaeetus","Haliaeetus albicilla",FALSE,,,,,,FALSE,TRUE,FALSE,"LC","LC","white-tailed eagle, pygargue à queue blanche","birds"
137186,"Chordata","Aves","Gaviiformes","Gaviidae","Gavia","Gavia arctica",FALSE,,,,,,FALSE,TRUE,FALSE,"LC","LC","black-throated loon, plongeon arctique","birds"
137187,"Chordata","Aves","Gaviiformes","Gaviidae","Gavia","Gavia immer",FALSE,,,,,,FALSE,TRUE,FALSE,"LC","LC","common loon, plongeon imbrin","birds"
137188,"Chordata","Aves","Gaviiformes","Gaviidae","Gavia","Gavia stellata",FALSE,,,,,,FALSE,TRUE,FALSE,"LC","LC","red-throated loon, plongeon catmarin","birds"
137179,"Chordata","Aves","Pelecaniformes","Phalacrocoracidae","Phalacrocorax","Phalacrocorax carbo",FALSE,,,,,,FALSE,TRUE,FALSE,"LC","LC","great cormorant, grand cormoran","birds"
137181,"Chordata","Aves","Podicipediformes","Podicipedidae","Podiceps","Podiceps auritus",FALSE,,,,,,FALSE,TRUE,FALSE,"VU","VU","horned grebe, grèbe esclavon","birds"
137195,"Chordata","Aves","Procellariiformes","Procellariidae","Fulmarus","Fulmarus glacialis",FALSE,,,,,,FALSE,TRUE,FALSE,"LC","LC","northern fulmar, pétrel fulmar","birds"
137189,"Chordata","Aves","Procellariiformes","Hydrobatidae","Hydrobates","Hydrobates pelagicus",FALSE,,,,,,FALSE,TRUE,FALSE,"LC","LC","European storm-petrel, océanite tempête","birds"
1704278,"Chordata","Aves",,,"Gulosus","Gulosus aristotelis",FALSE,,,,,,FALSE,TRUE,FALSE,"LC","LC",,"birds"
149755,"Arthropoda","Copepoda","Calanoida","Acartiidae","Acartia","Acartia (Acartiura) clausi",FALSE,,,,,,FALSE,TRUE,FALSE,,,,"copepods"
346037,"Arthropoda","Copepoda","Calanoida","Acartiidae","Acartia","Acartia (Acartiura) longiremis",FALSE,,,,,,FALSE,TRUE,FALSE,,,,"copepods"
104464,"Arthropoda","Copepoda","Calanoida","Calanidae","Calanus","Calanus finmarchicus",FALSE,,,,,,FALSE,TRUE,FALSE,,,,"copepods"
104466,"Arthropoda","Copepoda","Calanoida","Calanidae","Calanus","Calanus helgolandicus",FALSE,,,,,,FALSE,TRUE,FALSE,,,,"copepods"
102870,"Arthropoda","Malacostraca","Amphipoda","Oedicerotidae","Arrhis","Arrhis phyllonyx",FALSE,,,,,,FALSE,TRUE,FALSE,,,"sea piglet","crustaceans"
102873,"Arthropoda","Malacostraca","Amphipoda","Oedicerotidae","Bathymedon","Bathymedon longimanus",FALSE,,,,,,FALSE,TRUE,FALSE,,,,"crustaceans"
102876,"Arthropoda","Malacostraca","Amphipoda","Oedicerotidae","Bathymedon","Bathymedon saussurei",FALSE,,,,,,FALSE,TRUE,FALSE,,,,"crustaceans"
102807,"Arthropoda","Malacostraca","Amphipoda","Eriopisidae","Eriopisa","Eriopisa elongata",FALSE,,,,,,FALSE,TRUE,FALSE,,,,"crustaceans"
234085,"Arthropoda","Malacostraca","Amphipoda","Gammaridae","Gammarus","Gammarus lacustris",FALSE,,,,,,FALSE,TRUE,FALSE,,,,"crustaceans"
102904,"Arthropoda","Malacostraca","Amphipoda","Oedicerotidae","Oediceropsis","Oediceropsis brevicornis",FALSE,,,,,,FALSE,TRUE,FALSE,,,,"crustaceans"
102949,"Arthropoda","Malacostraca","Amphipoda","Pardaliscidae","Pardalisca","Pardalisca tenuipes",FALSE,,,,,,FALSE,TRUE,FALSE,,,,"crustaceans"
110474,"Arthropoda","Malacostraca","Cumacea","Diastylidae","Diastylis","Diastylis cornuta",FALSE,,,,,,FALSE,TRUE,FALSE,,,,"crustaceans"
110497,"Arthropoda","Malacostraca","Cumacea","Diastylidae","Diastyloides","Diastyloides serratus",FALSE,,,,,,FALSE,TRUE,FALSE,,,,"crustaceans"
110524,"Arthropoda","Malacostraca","Cumacea","Leuconidae","Eudorella","Eudorella emarginata",FALSE,,,,,,FALSE,TRUE,FALSE,,,,"crustaceans"
158351,"Arthropoda","Malacostraca","Decapoda","Pandalidae","Atlantopandalus","Atlantopandalus propinqvus",FALSE,,,,,,FALSE,TRUE,FALSE,,,"similar shrimp, crevette similaire","crustaceans"
107723,"Arthropoda","Malacostraca","Decapoda","Axiidae","Calocarides","Calocarides coronatus",FALSE,,,,,,FALSE,TRUE,FALSE,,,,"crustaceans"
107726,"Arthropoda","Malacostraca","Decapoda","Axiidae","Calocaris","Calocaris macandreae",FALSE,,,,,,FALSE,TRUE,FALSE,,,,"crustaceans"
107276,"Arthropoda","Malacostraca","Decapoda","Cancridae","Cancer","Cancer pagurus",FALSE,,,,,,FALSE,TRUE,FALSE,,,"edible crab, dormeur","crustaceans"
107381,"Arthropoda","Malacostraca","Decapoda","Carcinidae","Carcinus","Carcinus maenas",FALSE,,,,,,FALSE,TRUE,FALSE,,,"green crab, crabe enragé","crustaceans"
107643,"Arthropoda","Malacostraca","Decapoda","Pandalidae","Dichelopandalus","Dichelopandalus bonnieri",FALSE,,,,,,FALSE,TRUE,FALSE,,,,"crustaceans"
107150,"Arthropoda","Malacostraca","Decapoda","Galatheidae","Galathea","Galathea intermedia",FALSE,,,,,,FALSE,TRUE,FALSE,,,,"crustaceans"
107253,"Arthropoda","Malacostraca","Decapoda","Nephropidae","Homarus","Homarus gammarus",FALSE,,,,,,FALSE,TRUE,FALSE,"LC","LC","European lobster, homard","crustaceans"
107521,"Arthropoda","Malacostraca","Decapoda","Thoridae","Lebbeus","Lebbeus polaris",FALSE,,,,,,FALSE,TRUE,FALSE,,,"polar lebbeid, crevette polaire","crustaceans"
107163,"Arthropoda","Malacostraca","Decapoda","Munididae","Munida","Munida sarsi",FALSE,,,,,,FALSE,TRUE,FALSE,,,"rugose squat lobster","crustaceans"
107166,"Arthropoda","Malacostraca","Decapoda","Munididae","Munida","Munida tenuimana",FALSE,,,,,,FALSE,TRUE,FALSE,,,"narrow-legged squat lobster, galathée à pinces fines","crustaceans"
107254,"Arthropoda","Malacostraca","Decapoda","Nephropidae","Nephrops","Nephrops norvegicus",FALSE,,,,,,FALSE,TRUE,FALSE,"LC","LC","scampi, langoustine","crustaceans"
107232,"Arthropoda","Malacostraca","Decapoda","Paguridae","Pagurus","Pagurus bernhardus",FALSE,,,,,,FALSE,TRUE,FALSE,,,"common hermit crab, Bernard-l'ermite commun","crustaceans"
107648,"Arthropoda","Malacostraca","Decapoda","Pandalidae","Pandalina","Pandalina profunda",FALSE,,,,,,FALSE,TRUE,FALSE,,,,"crustaceans"
107563,"Arthropoda","Malacostraca","Decapoda","Crangonidae","Pontophilus","Pontophilus norvegicus",FALSE,,,,,,FALSE,TRUE,FALSE,,,"Norwegian shrimp, crevette de Norvège","crustaceans"
118834,"Arthropoda","Malacostraca","Isopoda","Aegidae","Rocinela","Rocinela danmoniensis",FALSE,,,,,,FALSE,TRUE,FALSE,,,,"crustaceans"
156257,"Arthropoda","Malacostraca","Leptostraca","Nebaliidae","Nebalia","Nebalia borealis",FALSE,,,,,,FALSE,TRUE,FALSE,,,,"crustaceans"
119936,"Arthropoda","Malacostraca","Lophogastrida","Lophogastridae","Lophogaster","Lophogaster typicus",FALSE,,,,,,FALSE,TRUE,FALSE,,,,"crustaceans"
120002,"Arthropoda","Malacostraca","Mysida","Mysidae","Erythrops","Erythrops microps",FALSE,,,,,,FALSE,TRUE,FALSE,,,,"crustaceans"
120024,"Arthropoda","Malacostraca","Mysida","Mysidae","Hemimysis","Hemimysis abyssicola",FALSE,,,,,,FALSE,TRUE,FALSE,,,,"crustaceans"
120052,"Arthropoda","Malacostraca","Mysida","Mysidae","Leptomysis","Leptomysis gracilis",FALSE,,,,,,FALSE,TRUE,FALSE,,,,"crustaceans"
120080,"Arthropoda","Malacostraca","Mysida","Mysidae","Mysideis","Mysideis insignis",FALSE,,,,,,FALSE,TRUE,FALSE,,,,"crustaceans"
120087,"Arthropoda","Malacostraca","Mysida","Mysidae","Mysidopsis","Mysidopsis angusta",FALSE,,,,,,FALSE,TRUE,FALSE,,,,"crustaceans"
120088,"Arthropoda","Malacostraca","Mysida","Mysidae","Mysidopsis","Mysidopsis didelphys",FALSE,,,,,,FALSE,TRUE,FALSE,,,,"crustaceans"
446464,"Arthropoda","Malacostraca","Mysida","Mysidae","Parerythrops","Parerythrops obesus",FALSE,,,,,,FALSE,TRUE,FALSE,,,,"crustaceans"
111355,"Bryozoa","Gymnolaemata","Cheilostomatida","Electridae","Electra","Electra pilosa",FALSE,,,,,,FALSE,TRUE,FALSE,,,"hairy sea-mat, ecorce pileuse","filter-feeders"
111411,"Bryozoa","Gymnolaemata","Cheilostomatida","Membraniporidae","Membranipora","Membranipora membranacea",FALSE,,,,,,FALSE,TRUE,FALSE,,,"lacy crust bryozoan, membranipore","filter-feeders"
111600,"Bryozoa","Gymnolaemata","Ctenostomatida","Alcyonidiidae","Alcyonidium","Alcyonidium gelatinosum",FALSE,,,,,,FALSE,TRUE,FALSE,,,,"filter-feeders"
111601,"Bryozoa","Gymnolaemata","Ctenostomatida","Alcyonidiidae","Alcyonidium","Alcyonidium hirsutum",FALSE,,,,,,FALSE,TRUE,FALSE,,,,"filter-feeders"
105812,"Chordata","Elasmobranchii","Carcharhiniformes","Pentanchidae","Galeus","Galeus melastomus",FALSE,,,,,,FALSE,TRUE,FALSE,"LC","LC","blackmouth catshark, chien espagnol","fish"
105814,"Chordata","Elasmobranchii","Carcharhiniformes","Scyliorhinidae","Scyliorhinus","Scyliorhinus canicula",FALSE,,,,,,FALSE,TRUE,FALSE,"LC","LC","small-spotted catshark, petite rousette","fish"
105872,"Chordata","Elasmobranchii","Rajiformes","Rajidae","Dipturus","Dipturus oxyrinchus",FALSE,,,,,,FALSE,TRUE,FALSE,"NT","NT","long-nosed skate, tyre","fish"
105913,"Chordata","Elasmobranchii","Squaliformes","Etmopteridae","Etmopterus","Etmopterus spinax",FALSE,,,,,,FALSE,TRUE,FALSE,"VU","VU","velvet belly, sagre commum","fish"
105923,"Chordata","Elasmobranchii","Squaliformes","Squalidae","Squalus","Squalus acanthias",FALSE,,,,,,FALSE,TRUE,FALSE,"VU","VU","spiny dogfish, chien dard","fish"
105824,"Chordata","Holocephali","Chimaeriformes","Chimaeridae","Chimaera","Chimaera monstrosa",FALSE,,,,,,FALSE,TRUE,FALSE,"VU","VU","rat fish, chimère commune","fish"
126281,"Chordata","Teleostei","Anguilliformes","Anguillidae","Anguilla","Anguilla anguilla",FALSE,,,,,,FALSE,TRUE,FALSE,"CR","CR","European eel, anguille d'Europe","fish"
126285,"Chordata","Teleostei","Anguilliformes","Congridae","Conger","Conger conger",FALSE,,,,,,FALSE,TRUE,FALSE,"LC","LC","conger, congre","fish"
126715,"Chordata","Teleostei","Argentiniformes","Argentinidae","Argentina","Argentina silus",FALSE,,,,,,FALSE,TRUE,FALSE,,,"silver smelt, argentine","fish"
126716,"Chordata","Teleostei","Argentiniformes","Argentinidae","Argentina","Argentina sphyraena",FALSE,,,,,,FALSE,TRUE,FALSE,,,"argentine, agrentine","fish"
126375,"Chordata","Teleostei","Beloniformes","Belonidae","Belone","Belone belone",FALSE,,,,,,FALSE,TRUE,FALSE,"LC","LC","sea needle, aiquille","fish"
126417,"Chordata","Teleostei","Clupeiformes","Clupeidae","Clupea","Clupea harengus",FALSE,,,,,,FALSE,TRUE,FALSE,"LC","LC","herring, hareng de l'Atlantique","fish"
126964,"Chordata","Teleostei","Eupercaria incertae sedis","Labridae","Ctenolabrus","Ctenolabrus rupestris",FALSE,,,,,,FALSE,TRUE,FALSE,"LC","LC","goldsinny, cténolabre rupestre","fish"
126975,"Chordata","Teleostei","Eupercaria incertae sedis","Moronidae","Dicentrarchus","Dicentrarchus labrax",FALSE,,,,,,FALSE,TRUE,FALSE,"LC","LC","seabass, bar","fish"
126965,"Chordata","Teleostei","Eupercaria incertae sedis","Labridae","Labrus","Labrus bergylta",FALSE,,,,,,FALSE,TRUE,FALSE,"LC","LC","wrasse, labre","fish"
151501,"Chordata","Teleostei","Eupercaria incertae sedis","Labridae","Labrus","Labrus mixtus",FALSE,,,,,,FALSE,TRUE,FALSE,"LC","LC","cuckoo wrasse, vieille coquette","fish"
273571,"Chordata","Teleostei","Eupercaria incertae sedis","Labridae","Symphodus","Symphodus melops",FALSE,,,,,,FALSE,TRUE,FALSE,"LC","LC","crénilabre mélops","fish"
126436,"Chordata","Teleostei","Gadiformes","Gadidae","Gadus","Gadus morhua",FALSE,,,,,,FALSE,TRUE,FALSE,"VU","VU","cod, morue franche","fish"
126437,"Chordata","Teleostei","Gadiformes","Gadidae","Melanogrammus","Melanogrammus aeglefinus",FALSE,,,,,,FALSE,TRUE,FALSE,"VU","VU","haddock, églefin","fish"
126438,"Chordata","Teleostei","Gadiformes","Gadidae","Merlangius","Merlangius merlangus",FALSE,,,,,,FALSE,TRUE,FALSE,"LC","LC","whiting, merlan","fish"
126484,"Chordata","Teleostei","Gadiformes","Merlucciidae","Merluccius","Merluccius merluccius",FALSE,,,,,,FALSE,TRUE,FALSE,"LC","LC","European hake, merluchón","fish"
126439,"Chordata","Teleostei","Gadiformes","Gadidae","Micromesistius","Micromesistius poutassou",FALSE,,,,,,FALSE,TRUE,FALSE,,,"poutassou, poutassou","fish"
126459,"Chordata","Teleostei","Gadiformes","Lotidae","Molva","Molva dypterygia",FALSE,,,,,,FALSE,TRUE,FALSE,,,"blue ling, lingue bleue","fish"
126461,"Chordata","Teleostei","Gadiformes","Lotidae","Molva","Molva molva",FALSE,,,,,,FALSE,TRUE,FALSE,,,"common ling, lingue franche","fish"
126501,"Chordata","Teleostei","Gadiformes","Phycidae","Phycis","Phycis blennoides",FALSE,,,,,,FALSE,TRUE,FALSE,,,"forkbeard, mostelle de vase","fish"
126440,"Chordata","Teleostei","Gadiformes","Gadidae","Pollachius","Pollachius pollachius",FALSE,,,,,,FALSE,TRUE,FALSE,"LC","LC","green pollack, lieu jaune","fish"
126441,"Chordata","Teleostei","Gadiformes","Gadidae","Pollachius","Pollachius virens",FALSE,,,,,,FALSE,TRUE,FALSE,,,"pollock, colin (lieu)","fish"
126444,"Chordata","Teleostei","Gadiformes","Gadidae","Trisopterus","Trisopterus esmarkii",FALSE,,,,,,FALSE,TRUE,FALSE,"LC","LC","Norway pout, tacaud norvégien","fish"
126446,"Chordata","Teleostei","Gadiformes","Gadidae","Trisopterus","Trisopterus minutus",FALSE,,,,,,FALSE,TRUE,FALSE,,,"cepelan, capelan de Méditerranée","fish"
126522,"Chordata","Teleostei","Lampriformes","Lampridae","Lampris","Lampris guttatus",FALSE,,,,,,FALSE,TRUE,FALSE,"LC","LC","moonfish, poisson lune","fish"
126555,"Chordata","Teleostei","Lophiiformes","Lophiidae","Lophius","Lophius piscatorius",FALSE,,,,,,FALSE,TRUE,FALSE,"LC","LC","angler-fish, lotte","fish"
126977,"Chordata","Teleostei","Mugiliformes","Mugilidae","Chelon","Chelon labrosus",FALSE,,,,,,FALSE,TRUE,FALSE,"LC","LC","thick-lipped grey mullet, muge lippu","fish"
126758,"Chordata","Teleostei","Perciformes","Anarhichadidae","Anarhichas","Anarhichas lupus",FALSE,,,,,,FALSE,TRUE,FALSE,,,"catfish, loup marin","fish"
127196,"Chordata","Teleostei","Perciformes","Cottidae","Cottus","Cottus gobio",FALSE,,,,,,FALSE,TRUE,FALSE,"LC","LC","bullhead, chabot","fish"
150637,"Chordata","Teleostei","Perciformes","Triglidae","Eutrigla","Eutrigla gurnardus",FALSE,,,,,,FALSE,TRUE,FALSE,,,"grey gurnard, grondin gris","fish"
126505,"Chordata","Teleostei","Perciformes","Gasterosteidae","Gasterosteus","Gasterosteus aculeatus",FALSE,,,,,,FALSE,TRUE,FALSE,"LC","LC","threespine stickleback, epinoche à trois pointes","fish"
127251,"Chordata","Teleostei","Perciformes","Sebastidae","Helicolenus","Helicolenus dactylopterus",FALSE,,,,,,FALSE,TRUE,FALSE,"LC","LC","bleumouth rockfish, sébaste chèvre","fish"
127138,"Chordata","Teleostei","Pleuronectiformes","Pleuronectidae","Hippoglossus","Hippoglossus hippoglossus",FALSE,,,,,,FALSE,TRUE,FALSE,"NT","NT","halibut, flétan atlantique","fish"
127146,"Chordata","Teleostei","Pleuronectiformes","Scophthalmidae","Lepidorhombus","Lepidorhombus whiffiagonis",FALSE,,,,,,FALSE,TRUE,FALSE,"LC","LC","sail-fluke, cardine","fish"
127139,"Chordata","Teleostei","Pleuronectiformes","Pleuronectidae","Limanda","Limanda limanda",FALSE,,,,,,FALSE,TRUE,FALSE,"LC","LC","common dab, limande","fish"
127140,"Chordata","Teleostei","Pleuronectiformes","Pleuronectidae","Microstomus","Microstomus kitt",FALSE,,,,,,FALSE,TRUE,FALSE,"LC","LC","lemon sole, sole limande","fish"
127141,"Chordata","Teleostei","Pleuronectiformes","Pleuronectidae","Platichthys","Platichthys flesus",FALSE,,,,,,FALSE,TRUE,FALSE,"LC","LC","flounder, flet d'Europe","fish"
127143,"Chordata","Teleostei","Pleuronectiformes","Pleuronectidae","Pleuronectes","Pleuronectes platessa",FALSE,,,,,,FALSE,TRUE,FALSE,"LC","LC","European plaice, plie d'Europe","fish"
127185,"Chordata","Teleostei","Salmoniformes","Salmonidae","Oncorhynchus","Oncorhynchus mykiss",FALSE,,,,,,FALSE,TRUE,FALSE,,,"rainbow trout, truite saumonée","fish"
127186,"Chordata","Teleostei","Salmoniformes","Salmonidae","Salmo","Salmo salar",FALSE,,,,,,FALSE,TRUE,FALSE,"LR/lc","LR/lc","Atlantic salmon, saumon d'Atlantique","fish"
127187,"Chordata","Teleostei","Salmoniformes","Salmonidae","Salmo","Salmo trutta",FALSE,,,,,,FALSE,TRUE,FALSE,"LC","LC","brown trout, truite brune","fish"
127023,"Chordata","Teleostei","Scombriformes","Scombridae","Scomber","Scomber scombrus",FALSE,,,,,,FALSE,TRUE,FALSE,"LC","LC","Atlantic mackerel, maquereau bleu","fish"
127427,"Chordata","Teleostei","Zeiformes","Zeidae","Zeus","Zeus faber",FALSE,,,,,,FALSE,TRUE,FALSE,"DD","DD","dory, jean-doré","fish"
147709,"Ascomycota","Lecanoromycetes","Teloschistales","Teloschistaceae","Xanthoria","Xanthoria parietina",FALSE,,,,,,FALSE,TRUE,FALSE,,,"common orange lichen","fungi"
100908,"Cnidaria","Anthozoa","Actiniaria","Edwardsiidae","Paraedwardsia","Paraedwardsia arenaria",FALSE,,,,,,FALSE,TRUE,FALSE,,,,"jellyfish"
125333,"Cnidaria","Anthozoa","Malacalcyonacea","Alcyoniidae","Alcyonium","Alcyonium digitatum",FALSE,,,,,,FALSE,TRUE,FALSE,,,"sea-fingers, corail digité","jellyfish"
1245747,"Cnidaria","Anthozoa","Scleractinia","Caryophylliidae","Desmophyllum","Desmophyllum pertusum",FALSE,,,,,,FALSE,TRUE,FALSE,,,,"jellyfish"
128506,"Cnidaria","Anthozoa","Scleralcyonacea","Funiculinidae","Funiculina","Funiculina quadrangularis",FALSE,,,,,,FALSE,TRUE,FALSE,,,"tall seapen, pennatule à rachis carré","jellyfish"
128512,"Cnidaria","Anthozoa","Scleralcyonacea","Kophobelemnidae","Kophobelemnon","Kophobelemnon stelliferum",FALSE,,,,,,FALSE,TRUE,FALSE,,,"wild Star sea pen, pennatule étoilée","jellyfish"
128517,"Cnidaria","Anthozoa","Scleralcyonacea","Pennatulidae","Pennatula","Pennatula phosphorea",FALSE,,,,,,FALSE,TRUE,FALSE,,,"phosphorescent sea pen, pennatule phosphorescente","jellyfish"
128539,"Cnidaria","Anthozoa","Scleralcyonacea","Virgulariidae","Virgularia","Virgularia mirabilis",FALSE,,,,,,FALSE,TRUE,FALSE,,,"elegant sea pen, pennatule magnifique","jellyfish"
1674631,"Cnidaria","Anthozoa",,"Synarachnactidae","Synarachnactis","Synarachnactis lloydii",FALSE,,,,,,FALSE,TRUE,FALSE,,,,"jellyfish"
117888,"Cnidaria","Hydrozoa","Leptothecata","Sertulariidae","Dynamena","Dynamena pumila",FALSE,,,,,,FALSE,TRUE,FALSE,,,"sea oak","jellyfish"
135306,"Cnidaria","Scyphozoa","Semaeostomeae","Ulmaridae","Aurelia","Aurelia aurita",FALSE,,,,,,FALSE,TRUE,FALSE,,,"common jellyfish, aurélie","jellyfish"
135301,"Cnidaria","Scyphozoa","Semaeostomeae","Cyaneidae","Cyanea","Cyanea capillata",FALSE,,,,,,FALSE,TRUE,FALSE,,,"lion’s mane, cyanée à crinière de lion","jellyfish"
137076,"Chordata","Mammalia","Carnivora","Mustelidae","Lutra","Lutra lutra",FALSE,,,,,,FALSE,TRUE,FALSE,"NT","NT","European otter, loutre commune","mammals"
137084,"Chordata","Mammalia","Carnivora","Phocidae","Phoca","Phoca vitulina",FALSE,,,,,,FALSE,TRUE,FALSE,"LC","LC","harbour seal, phoque veau marin","mammals"
343899,"Chordata","Mammalia","Cetartiodactyla","Ziphiidae","Hyperoodon","Hyperoodon ampullatus",FALSE,1,,,2001,,TRUE,TRUE,FALSE,"NT","NT","northern bottlenose whale, hyperodon arctique","mammals"
137102,"Chordata","Mammalia","Cetartiodactyla","Delphinidae","Orcinus","Orcinus orca",FALSE,,,,,,FALSE,TRUE,FALSE,"DD","DD","killer-trasher, orque","mammals"
137117,"Chordata","Mammalia","Cetartiodactyla","Phocoenidae","Phocoena","Phocoena phocoena",FALSE,8,,,2012,,TRUE,TRUE,FALSE,"LC","LC","harbor porpoise, poursille","mammals"
138799,"Mollusca","Bivalvia","Arcida","Arcidae","Bathyarca","Bathyarca pectunculoides",FALSE,,,,,,FALSE,TRUE,FALSE,,,"comb bathyark","molluscs"
141434,"Mollusca","Bivalvia","Cardiida","Semelidae","Abra","Abra longicallus",FALSE,,,,,,FALSE,TRUE,FALSE,,,,"molluscs"
141435,"Mollusca","Bivalvia","Cardiida","Semelidae","Abra","Abra nitida",FALSE,,,,,,FALSE,TRUE,FALSE,,,"glossy furrow-shell","molluscs"
138992,"Mollusca","Bivalvia","Cardiida","Cardiidae","Acanthocardia","Acanthocardia echinata",FALSE,,,,,,FALSE,TRUE,FALSE,,,"prickly cockle, bucarde","molluscs"
1417307,"Mollusca","Bivalvia","Cardiida","Cardiidae","Papillicardium","Papillicardium minimum",FALSE,,,,,,FALSE,TRUE,FALSE,,,,"molluscs"
138821,"Mollusca","Bivalvia","Carditida","Astartidae","Astarte","Astarte elliptica",FALSE,,,,,,FALSE,TRUE,FALSE,,,"elliptical astarte","molluscs"
146952,"Mollusca","Bivalvia","Galeommatida","Lasaeidae","Tellimya","Tellimya ferruginosa",FALSE,,,,,,FALSE,TRUE,FALSE,,,"rusty Montagu shell","molluscs"
152397,"Mollusca","Bivalvia","Galeommatida","Lasaeidae","Tellimya","Tellimya tenella",FALSE,,,,,,FALSE,TRUE,FALSE,,,,"molluscs"
345774,"Mollusca","Bivalvia","Lucinida","Thyasiridae","Adontorhina","Adontorhina similis",FALSE,,,,,,FALSE,TRUE,FALSE,,,,"molluscs"
851922,"Mollusca","Bivalvia","Lucinida","Thyasiridae","Genaxinus","Genaxinus eumyarius",FALSE,,,,,,FALSE,TRUE,FALSE,,,,"molluscs"
140283,"Mollusca","Bivalvia","Lucinida","Lucinidae","Lucinoma","Lucinoma borealis",FALSE,,,,,,FALSE,TRUE,FALSE,,,"northern lucina","molluscs"
152905,"Mollusca","Bivalvia","Lucinida","Thyasiridae","Mendicula","Mendicula ferruginosa",FALSE,,,,,,FALSE,TRUE,FALSE,,,,"molluscs"
954693,"Mollusca","Bivalvia","Lucinida","Thyasiridae","Parathyasira","Parathyasira equalis",FALSE,,,,,,FALSE,TRUE,FALSE,,,,"molluscs"
851917,"Mollusca","Bivalvia","Lucinida","Thyasiridae","Parathyasira","Parathyasira granulosa",FALSE,,,,,,FALSE,TRUE,FALSE,,,,"molluscs"
141668,"Mollusca","Bivalvia","Lucinida","Thyasiridae","Thyasira","Thyasira obsoleta",FALSE,,,,,,FALSE,TRUE,FALSE,,,,"molluscs"
140467,"Mollusca","Bivalvia","Mytilida","Mytilidae","Modiolus","Modiolus modiolus",FALSE,,,,,,FALSE,TRUE,FALSE,,,"northern horsemussel, modiole","molluscs"
140480,"Mollusca","Bivalvia","Mytilida","Mytilidae","Mytilus","Mytilus edulis",FALSE,,,,,,FALSE,TRUE,FALSE,,,"blue mussel, moule commune","molluscs"
1476740,"Mollusca","Bivalvia","Nuculanida","Malletiidae","Malletia","Malletia pianii",FALSE,,,,,,FALSE,TRUE,FALSE,,,,"molluscs"
142002,"Mollusca","Bivalvia","Nuculanida","Yoldiidae","Yoldiella","Yoldiella lucida",FALSE,,,,,,FALSE,TRUE,FALSE,,,,"molluscs"
142004,"Mollusca","Bivalvia","Nuculanida","Yoldiidae","Yoldiella","Yoldiella nana",FALSE,,,,,,FALSE,TRUE,FALSE,,,"sibling yoldia","molluscs"
140584,"Mollusca","Bivalvia","Nuculida","Nuculidae","Ennucula","Ennucula tenuis",FALSE,,,,,,FALSE,TRUE,FALSE,,,"smooth nutclam","molluscs"
140590,"Mollusca","Bivalvia","Nuculida","Nuculidae","Nucula","Nucula nucleus",FALSE,,,,,,FALSE,TRUE,FALSE,,,"common nut clam, nucule","molluscs"
140593,"Mollusca","Bivalvia","Nuculida","Nuculidae","Nucula","Nucula tumidula",FALSE,,,,,,FALSE,TRUE,FALSE,,,,"molluscs"
140702,"Mollusca","Bivalvia","Pectinida","Pectinidae","Delectopecten","Delectopecten vitreus",FALSE,,,,,,FALSE,TRUE,FALSE,,,"vitreous scallop","molluscs"
140709,"Mollusca","Bivalvia","Pectinida","Pectinidae","Palliolum","Palliolum striatum",FALSE,,,,,,FALSE,TRUE,FALSE,,,"striate scallop","molluscs"
140712,"Mollusca","Bivalvia","Pectinida","Pectinidae","Pecten","Pecten maximus",FALSE,,,,,,FALSE,TRUE,FALSE,,,"great scallop, grande coquille st. Jacques","molluscs"
141911,"Mollusca","Bivalvia","Venerida","Veneridae","Dosinia","Dosinia exoleta",FALSE,,,,,,FALSE,TRUE,FALSE,,,"rayed dosinia","molluscs"
152396,"Mollusca","Bivalvia","Venerida","Kelliellidae","Kelliella","Kelliella miliaris",FALSE,,,,,,FALSE,TRUE,FALSE,,,,"molluscs"
139450,"Mollusca","Bivalvia",,"Cuspidariidae","Cuspidaria","Cuspidaria obesa",FALSE,,,,,,FALSE,TRUE,FALSE,,,,"molluscs"
139470,"Mollusca","Bivalvia",,"Cuspidariidae","Tropidomya","Tropidomya abbreviata",FALSE,,,,,,FALSE,TRUE,FALSE,,,,"molluscs"
140600,"Mollusca","Cephalopoda","Octopoda","Eledonidae","Eledone","Eledone cirrhosa",FALSE,,,,,,FALSE,TRUE,FALSE,"LC","LC","lesser octopus, elédone","molluscs"
140624,"Mollusca","Cephalopoda","Oegopsida","Ommastrephidae","Todarodes","Todarodes sagittatus",FALSE,,,,,,FALSE,TRUE,FALSE,"LC","LC","European flying squid, toutenon commun","molluscs"
141417,"Mollusca","Gastropoda","Lepetellida","Anatomidae","Anatoma","Anatoma crispata",FALSE,,,,,,FALSE,TRUE,FALSE,,,"crispate scissurelle","molluscs"
141200,"Mollusca","Gastropoda","Littorinimorpha","Rissoidae","Alvania","Alvania jeffreysi",FALSE,,,,,,FALSE,TRUE,FALSE,,,,"molluscs"
138760,"Mollusca","Gastropoda","Littorinimorpha","Aporrhaidae","Aporrhais","Aporrhais pespelecani",FALSE,,,,,,FALSE,TRUE,FALSE,,,"pelican's foot, pied de pélican","molluscs"
139825,"Mollusca","Gastropoda","Littorinimorpha","Eulimidae","Haliella","Haliella stenostoma",FALSE,,,,,,FALSE,TRUE,FALSE,,,,"molluscs"
140129,"Mollusca","Gastropoda","Littorinimorpha","Iravadiidae","Hyala","Hyala vitrea",FALSE,,,,,,FALSE,TRUE,FALSE,,,"translucent hyala","molluscs"
140170,"Mollusca","Gastropoda","Littorinimorpha","Littorinidae","Lacuna","Lacuna vincta",FALSE,,,,,,FALSE,TRUE,FALSE,,,"northern lacuna, lacune commune de l'Atlantique","molluscs"
140262,"Mollusca","Gastropoda","Littorinimorpha","Littorinidae","Littorina","Littorina littorea",FALSE,,,,,,FALSE,TRUE,FALSE,,,"common periwinkle, bigorneau","molluscs"
140264,"Mollusca","Gastropoda","Littorinimorpha","Littorinidae","Littorina","Littorina saxatilis",FALSE,,,,,,FALSE,TRUE,FALSE,,,"black-lined periwinkle, littorine des rochers","molluscs"
139835,"Mollusca","Gastropoda","Littorinimorpha","Eulimidae","Melanella","Melanella compactilis",FALSE,,,,,,FALSE,TRUE,FALSE,,,,"molluscs"
141365,"Mollusca","Gastropoda","Littorinimorpha","Rissoidae","Rissoa","Rissoa parva",FALSE,,,,,,FALSE,TRUE,FALSE,,,"tiny risso snail","molluscs"
139384,"Mollusca","Gastropoda","Neogastropoda","Raphitomidae","Taranis","Taranis moerchii",FALSE,,,,,,FALSE,TRUE,FALSE,,,,"molluscs"
141774,"Mollusca","Gastropoda","Trochida","Trochidae","Clelandella","Clelandella miliaris",FALSE,,,,,,FALSE,TRUE,FALSE,,,,"molluscs"
140942,"Mollusca","Gastropoda",,"Pyramidellidae","Eulimella","Eulimella acicula",FALSE,,,,,,FALSE,TRUE,FALSE,,,"needle pyramidsnail","molluscs"
140685,"Mollusca","Gastropoda",,"Patellidae","Patella","Patella vulgata",FALSE,,,,,,FALSE,TRUE,FALSE,,,"common limpet, bernique","molluscs"
386411,"Mollusca","Polyplacophora","Chitonida","Tonicellidae","Boreochiton","Boreochiton ruber",FALSE,2,,,1974,,TRUE,FALSE,FALSE,,,"northern red chiton","molluscs"
152774,"Mollusca","Polyplacophora","Chitonida","Tonicellidae","Lepidochitona","Lepidochitona cinerea",FALSE,2,,,1973,,TRUE,FALSE,FALSE,,,"cinereous chiton","molluscs"
247773,"Mollusca","Polyplacophora","Chitonida","Ischnochitonidae","Stenosemus","Stenosemus albus",FALSE,,,,,,FALSE,TRUE,FALSE,,,"northern white chiton","molluscs"
136903,"Cercozoa","Imbricatea","Euglyphida","Paulinellideae","Paulinella","Paulinella ovalis",FALSE,,,,,,FALSE,TRUE,FALSE,,,,"single-cell"
391892,"Cercozoa","Thecofilosea","Phaeogromida","Challengeridae","Challengeron","Challengeron diodon",FALSE,,,,,,FALSE,TRUE,FALSE,,,,"single-cell"
391957,"Cercozoa","Thecofilosea","Phaeogromida","Challengeridae","Protocystis","Protocystis harstoni",FALSE,,,,,,FALSE,TRUE,FALSE,,,,"single-cell"
109726,"Myzozoa","Dinophyceae","Amphidiniales","Amphidiniaceae","Amphidinium","Amphidinium crassum",FALSE,,,,,,FALSE,TRUE,FALSE,,,,"single-cell"
109741,"Myzozoa","Dinophyceae","Amphidiniales","Amphidiniaceae","Amphidinium","Amphidinium longum",FALSE,,,,,,FALSE,TRUE,FALSE,,,,"single-cell"
109754,"Myzozoa","Dinophyceae","Amphidiniales","Amphidiniaceae","Amphidinium","Amphidinium sphenoides",FALSE,,,,,,FALSE,TRUE,FALSE,,,,"single-cell"
837075,"Myzozoa","Dinophyceae","Dinophyceae incertae sedis","Amphidomataceae","Azadinium","Azadinium caudatum",FALSE,,,,,,FALSE,TRUE,FALSE,,,,"single-cell"
391509,"Myzozoa","Dinophyceae","Dinophyceae incertae sedis","Amphidomataceae","Azadinium","Azadinium spinosum",FALSE,,,,,,FALSE,TRUE,FALSE,,,,"single-cell"
109603,"Myzozoa","Dinophyceae","Dinophysiales","Dinophysaceae","Dinophysis","Dinophysis acuminata",FALSE,5,,,2022,,TRUE,TRUE,FALSE,,,,"single-cell"
109604,"Myzozoa","Dinophyceae","Dinophysiales","Dinophysaceae","Dinophysis","Dinophysis acuta",FALSE,7,,,2018,,TRUE,TRUE,FALSE,,,,"single-cell"
109616,"Myzozoa","Dinophyceae","Dinophysiales","Dinophysaceae","Dinophysis","Dinophysis dens",FALSE,,,,,,FALSE,TRUE,FALSE,,,,"single-cell"
109637,"Myzozoa","Dinophyceae","Dinophysiales","Dinophysaceae","Dinophysis","Dinophysis norvegica",FALSE,2,,,2003,,TRUE,TRUE,FALSE,,,,"single-cell"
109638,"Myzozoa","Dinophyceae","Dinophysiales","Dinophysaceae","Dinophysis","Dinophysis odiosa",FALSE,,,,,,FALSE,TRUE,FALSE,,,,"single-cell"
109641,"Myzozoa","Dinophyceae","Dinophysiales","Dinophysaceae","Dinophysis","Dinophysis ovata",FALSE,,,,,,FALSE,TRUE,FALSE,,,,"single-cell"
109662,"Myzozoa","Dinophyceae","Dinophysiales","Dinophysaceae","Dinophysis","Dinophysis tripos",FALSE,,,,,,FALSE,TRUE,FALSE,,,,"single-cell"
156505,"Myzozoa","Dinophyceae","Dinophysiales","Oxyphysaceae","Phalacroma","Phalacroma rotundatum",FALSE,,,,,,FALSE,TRUE,FALSE,,,,"single-cell"
109711,"Myzozoa","Dinophyceae","Gonyaulacales","Ostreopsidaceae","Alexandrium","Alexandrium minutum",FALSE,,,,,,FALSE,TRUE,FALSE,,,,"single-cell"
109712,"Myzozoa","Dinophyceae","Gonyaulacales","Ostreopsidaceae","Alexandrium","Alexandrium ostenfeldii",FALSE,,,,,,FALSE,TRUE,FALSE,,,,"single-cell"
109713,"Myzozoa","Dinophyceae","Gonyaulacales","Ostreopsidaceae","Alexandrium","Alexandrium pseudogonyaulax",FALSE,,,,,,FALSE,TRUE,FALSE,,,,"single-cell"
109714,"Myzozoa","Dinophyceae","Gonyaulacales","Ostreopsidaceae","Alexandrium","Alexandrium tamarense",FALSE,5,,,2023,,TRUE,TRUE,FALSE,,,,"single-cell"
110007,"Myzozoa","Dinophyceae","Gonyaulacales","Gonyaulacaceae","Amylax","Amylax triacantha",FALSE,,,,,,FALSE,TRUE,FALSE,,,,"single-cell"
109705,"Myzozoa","Dinophyceae","Gonyaulacales","Pyrophacaceae","Fragilidium","Fragilidium subglobosum",FALSE,,,,,,FALSE,TRUE,FALSE,,,,"single-cell"
233509,"Myzozoa","Dinophyceae","Gonyaulacales","Gonyaulacaceae","Gonyaulax","Gonyaulax ceratocoroides",FALSE,,,,,,FALSE,TRUE,FALSE,,,,"single-cell"
110015,"Myzozoa","Dinophyceae","Gonyaulacales","Gonyaulacaceae","Gonyaulax","Gonyaulax digitale",FALSE,,,,,,FALSE,TRUE,FALSE,,,,"single-cell"
110035,"Myzozoa","Dinophyceae","Gonyaulacales","Gonyaulacaceae","Gonyaulax","Gonyaulax polygramma",FALSE,,,,,,FALSE,TRUE,FALSE,,,,"single-cell"
110039,"Myzozoa","Dinophyceae","Gonyaulacales","Gonyaulacaceae","Gonyaulax","Gonyaulax scrippsae",FALSE,,,,,,FALSE,TRUE,FALSE,,,,"single-cell"
110041,"Myzozoa","Dinophyceae","Gonyaulacales","Gonyaulacaceae","Gonyaulax","Gonyaulax spinifera",FALSE,,,,,,FALSE,TRUE,FALSE,,,,"single-cell"
110045,"Myzozoa","Dinophyceae","Gonyaulacales","Gonyaulacaceae","Gonyaulax","Gonyaulax verior",FALSE,,,,,,FALSE,TRUE,FALSE,,,,"single-cell"
233592,"Myzozoa","Dinophyceae","Gonyaulacales","Gonyaulacaceae","Lingulodinium","Lingulodinium polyedra",FALSE,1,,,2003,,TRUE,TRUE,FALSE,,,,"single-cell"
109992,"Myzozoa","Dinophyceae","Gonyaulacales","Cladopyxidaceae","Micracanthodinium","Micracanthodinium claytonii",FALSE,,,,,,FALSE,TRUE,FALSE,,,,"single-cell"
110156,"Myzozoa","Dinophyceae","Gonyaulacales","Cladopyxidaceae","Peridiniella","Peridiniella catenata",FALSE,,,,,,FALSE,TRUE,FALSE,,,,"single-cell"
110321,"Myzozoa","Dinophyceae","Gonyaulacales","Gonyaulacaceae","Protoceratium","Protoceratium reticulatum",FALSE,,,,,,FALSE,TRUE,FALSE,,,,"single-cell"
232598,"Myzozoa","Dinophyceae","Gonyaulacales","Pyrophacaceae","Pyrophacus","Pyrophacus horologium",FALSE,,,,,,FALSE,TRUE,FALSE,,,,"single-cell"
841190,"Myzozoa","Dinophyceae","Gonyaulacales","Ceratiaceae","Tripos","Tripos bucephalus",FALSE,,,,,,FALSE,TRUE,FALSE,,,,"single-cell"
840627,"Myzozoa","Dinophyceae","Gonyaulacales","Ceratiaceae","Tripos","Tripos furca",FALSE,1,,,1987,,TRUE,TRUE,FALSE,,,,"single-cell"
840626,"Myzozoa","Dinophyceae","Gonyaulacales","Ceratiaceae","Tripos","Tripos fusus",FALSE,,,,,,FALSE,TRUE,FALSE,,,,"single-cell"
837459,"Myzozoa","Dinophyceae","Gonyaulacales","Ceratiaceae","Tripos","Tripos lineatus",FALSE,,,,,,FALSE,TRUE,FALSE,,,,"single-cell"
841259,"Myzozoa","Dinophyceae","Gonyaulacales","Ceratiaceae","Tripos","Tripos longipes",FALSE,,,,,,FALSE,TRUE,FALSE,,,,"single-cell"
841260,"Myzozoa","Dinophyceae","Gonyaulacales","Ceratiaceae","Tripos","Tripos macroceros",FALSE,,,,,,FALSE,TRUE,FALSE,,,,"single-cell"
1391716,"Myzozoa","Dinophyceae","Gonyaulacales","Ceratiaceae","Tripos","Tripos macroceros",FALSE,,,,,,FALSE,TRUE,FALSE,,,,"single-cell"
495363,"Myzozoa","Dinophyceae","Gonyaulacales","Ceratiaceae","Tripos","Tripos muelleri",FALSE,,,,,,FALSE,TRUE,FALSE,,,,"single-cell"
232546,"Myzozoa","Dinophyceae","Gymnodiniales","Gymnodiniaceae","Akashiwo","Akashiwo sanguinea",FALSE,,,,,,FALSE,TRUE,FALSE,,,,"single-cell"
109784,"Myzozoa","Dinophyceae","Gymnodiniales","Gymnodiniaceae","Gymnodinium","Gymnodinium catenatum",FALSE,,,,,,FALSE,TRUE,FALSE,,,,"single-cell"
232792,"Myzozoa","Dinophyceae","Gymnodiniales","Gymnodiniaceae","Gymnodinium","Gymnodinium irregulare",FALSE,,,,,,FALSE,TRUE,FALSE,,,,"single-cell"
109834,"Myzozoa","Dinophyceae","Gymnodiniales","Gymnodiniaceae","Gymnodinium","Gymnodinium uberrimum",FALSE,,,,,,FALSE,TRUE,FALSE,,,,"single-cell"
109856,"Myzozoa","Dinophyceae","Gymnodiniales","Gymnodiniaceae","Gyrodinium","Gyrodinium fusiforme",FALSE,,,,,,FALSE,TRUE,FALSE,,,,"single-cell"
109876,"Myzozoa","Dinophyceae","Gymnodiniales","Gymnodiniaceae","Gyrodinium","Gyrodinium spirale",FALSE,,,,,,FALSE,TRUE,FALSE,,,,"single-cell"
233024,"Myzozoa","Dinophyceae","Gymnodiniales","Brachidiniaceae","Karenia","Karenia mikimotoi",FALSE,,,,,,FALSE,TRUE,FALSE,,,,"single-cell"
233037,"Myzozoa","Dinophyceae","Gymnodiniales","Kareniaceae","Karlodinium","Karlodinium veneficum",FALSE,,,,,,FALSE,TRUE,FALSE,,,,"single-cell"
1382182,"Myzozoa","Dinophyceae","Gymnodiniales","Gymnodiniales incertae sedis","Lebouridinium","Lebouridinium glaucum",FALSE,,,,,,FALSE,TRUE,FALSE,,,,"single-cell"
547527,"Myzozoa","Dinophyceae","Gymnodiniales","Warnowiaceae","Nematopsides","Nematopsides vigilans",FALSE,,,,,,FALSE,TRUE,FALSE,,,,"single-cell"
109899,"Myzozoa","Dinophyceae","Gymnodiniales","Polykrikaceae","Polykrikos","Polykrikos kofoidii",FALSE,,,,,,FALSE,TRUE,FALSE,,,,"single-cell"
109901,"Myzozoa","Dinophyceae","Gymnodiniales","Polykrikaceae","Polykrikos","Polykrikos schwartzii",FALSE,,,,,,FALSE,TRUE,FALSE,,,,"single-cell"
615516,"Myzozoa","Dinophyceae","Gymnodiniales","Gymnodiniaceae","Sclerodinium","Sclerodinium calyptroglyphe",FALSE,,,,,,FALSE,TRUE,FALSE,,,,"single-cell"
109889,"Myzozoa","Dinophyceae","Gymnodiniales","Gymnodiniaceae","Torodinium","Torodinium robustum",FALSE,,,,,,FALSE,TRUE,FALSE,,,,"single-cell"
109920,"Myzozoa","Dinophyceae","Noctilucales","Kofoidiniaceae","Kofoidinium","Kofoidinium velleloides",FALSE,,,,,,FALSE,TRUE,FALSE,,,,"single-cell"
109903,"Myzozoa","Dinophyceae","Noctilucales","Protodiniferaceae","Pronoctiluca","Pronoctiluca pelagica",FALSE,,,,,,FALSE,TRUE,FALSE,,,,"single-cell"
109923,"Myzozoa","Dinophyceae","Noctilucales","Kofoidiniaceae","Spatulodinium","Spatulodinium pseudonoctiluca",FALSE,,,,,,FALSE,TRUE,FALSE,,,,"single-cell"
110133,"Myzozoa","Dinophyceae","Peridiniales","Protoperidiniaceae","Diplopelta","Diplopelta bomba",FALSE,,,,,,FALSE,TRUE,FALSE,,,,"single-cell"
155560,"Myzozoa","Dinophyceae","Peridiniales","Protoperidiniaceae","Diplopsalopsis","Diplopsalopsis bomba",FALSE,,,,,,FALSE,TRUE,FALSE,,,,"single-cell"
233620,"Myzozoa","Dinophyceae","Peridiniales","Heterocapsaceae","Heterocapsa","Heterocapsa niei",FALSE,,,,,,FALSE,TRUE,FALSE,,,,"single-cell"
110152,"Myzozoa","Dinophyceae","Peridiniales","Heterocapsaceae","Heterocapsa","Heterocapsa rotundata",FALSE,,,,,,FALSE,TRUE,FALSE,,,,"single-cell"
1346683,"Myzozoa","Dinophyceae","Peridiniales","Peridiniaceae","Kryptoperidinium","Kryptoperidinium triquetrum",FALSE,,,,,,FALSE,TRUE,FALSE,,,,"single-cell"
232703,"Myzozoa","Dinophyceae","Peridiniales","Lessardiaceae","Lessardia","Lessardia elongata",FALSE,,,,,,FALSE,TRUE,FALSE,,,,"single-cell"
110155,"Myzozoa","Dinophyceae","Peridiniales","Protoperidiniaceae","Oblea","Oblea rotunda",FALSE,,,,,,FALSE,TRUE,FALSE,,,,"single-cell"
233857,"Myzozoa","Dinophyceae","Peridiniales","Oxytoxaceae","Oxytoxum","Oxytoxum criophilum",FALSE,,,,,,FALSE,TRUE,FALSE,,,,"single-cell"
233870,"Myzozoa","Dinophyceae","Peridiniales","Oxytoxaceae","Oxytoxum","Oxytoxum gracile",FALSE,,,,,,FALSE,TRUE,FALSE,,,,"single-cell"
110199,"Myzozoa","Dinophyceae","Peridiniales","Podolampadaceae","Podolampas","Podolampas bipes",FALSE,,,,,,FALSE,TRUE,FALSE,,,,"single-cell"
232625,"Myzozoa","Dinophyceae","Peridiniales","Podolampadaceae","Podolampas","Podolampas palmipes",FALSE,,,,,,FALSE,TRUE,FALSE,,,,"single-cell"
110208,"Myzozoa","Dinophyceae","Peridiniales","Protoperidiniaceae","Protoperidinium","Protoperidinium bipes",FALSE,,,,,,FALSE,TRUE,FALSE,,,,"single-cell"
110210,"Myzozoa","Dinophyceae","Peridiniales","Protoperidiniaceae","Protoperidinium","Protoperidinium brevipes",FALSE,,,,,,FALSE,TRUE,FALSE,,,,"single-cell"
162749,"Myzozoa","Dinophyceae","Peridiniales","Protoperidiniaceae","Protoperidinium","Protoperidinium cerasus",FALSE,,,,,,FALSE,TRUE,FALSE,,,,"single-cell"
110212,"Myzozoa","Dinophyceae","Peridiniales","Protoperidiniaceae","Protoperidinium","Protoperidinium conicoides",FALSE,,,,,,FALSE,TRUE,FALSE,,,,"single-cell"
110213,"Myzozoa","Dinophyceae","Peridiniales","Protoperidiniaceae","Protoperidinium","Protoperidinium conicum",FALSE,,,,,,FALSE,TRUE,FALSE,,,,"single-cell"
110214,"Myzozoa","Dinophyceae","Peridiniales","Protoperidiniaceae","Protoperidinium","Protoperidinium crassipes",FALSE,,,,,,FALSE,TRUE,FALSE,,,,"single-cell"
110215,"Myzozoa","Dinophyceae","Peridiniales","Protoperidiniaceae","Protoperidinium","Protoperidinium curtipes",FALSE,,,,,,FALSE,TRUE,FALSE,,,,"single-cell"
163934,"Myzozoa","Dinophyceae","Peridiniales","Protoperidiniaceae","Protoperidinium","Protoperidinium curvipes",FALSE,,,,,,FALSE,TRUE,FALSE,,,,"single-cell"
110216,"Myzozoa","Dinophyceae","Peridiniales","Protoperidiniaceae","Protoperidinium","Protoperidinium denticulatum",FALSE,,,,,,FALSE,TRUE,FALSE,,,,"single-cell"
110217,"Myzozoa","Dinophyceae","Peridiniales","Protoperidiniaceae","Protoperidinium","Protoperidinium depressum",FALSE,,,,,,FALSE,TRUE,FALSE,,,,"single-cell"
110219,"Myzozoa","Dinophyceae","Peridiniales","Protoperidiniaceae","Protoperidinium","Protoperidinium divergens",FALSE,,,,,,FALSE,TRUE,FALSE,,,,"single-cell"
110223,"Myzozoa","Dinophyceae","Peridiniales","Protoperidiniaceae","Protoperidinium","Protoperidinium granii",FALSE,,,,,,FALSE,TRUE,FALSE,,,,"single-cell"
110229,"Myzozoa","Dinophyceae","Peridiniales","Protoperidiniaceae","Protoperidinium","Protoperidinium leonis",FALSE,,,,,,FALSE,TRUE,FALSE,,,,"single-cell"
614620,"Myzozoa","Dinophyceae","Peridiniales","Protoperidiniaceae","Protoperidinium","Protoperidinium marielebouriae",FALSE,,,,,,FALSE,TRUE,FALSE,,,,"single-cell"
110238,"Myzozoa","Dinophyceae","Peridiniales","Protoperidiniaceae","Protoperidinium","Protoperidinium oblongum",FALSE,,,,,,FALSE,TRUE,FALSE,,,,"single-cell"
110241,"Myzozoa","Dinophyceae","Peridiniales","Protoperidiniaceae","Protoperidinium","Protoperidinium ovatum",FALSE,,,,,,FALSE,TRUE,FALSE,,,,"single-cell"
110244,"Myzozoa","Dinophyceae","Peridiniales","Protoperidiniaceae","Protoperidinium","Protoperidinium pallidum",FALSE,,,,,,FALSE,TRUE,FALSE,,,,"single-cell"
110245,"Myzozoa","Dinophyceae","Peridiniales","Protoperidiniaceae","Protoperidinium","Protoperidinium pellucidum",FALSE,,,,,,FALSE,TRUE,FALSE,,,,"single-cell"
110247,"Myzozoa","Dinophyceae","Peridiniales","Protoperidiniaceae","Protoperidinium","Protoperidinium pentagonum",FALSE,,,,,,FALSE,TRUE,FALSE,,,,"single-cell"
110249,"Myzozoa","Dinophyceae","Peridiniales","Protoperidiniaceae","Protoperidinium","Protoperidinium pyriforme",FALSE,,,,,,FALSE,TRUE,FALSE,,,,"single-cell"
110257,"Myzozoa","Dinophyceae","Peridiniales","Protoperidiniaceae","Protoperidinium","Protoperidinium steinii",FALSE,,,,,,FALSE,TRUE,FALSE,,,,"single-cell"
110259,"Myzozoa","Dinophyceae","Peridiniales","Protoperidiniaceae","Protoperidinium","Protoperidinium subinerme",FALSE,,,,,,FALSE,TRUE,FALSE,,,,"single-cell"
1321853,"Myzozoa","Dinophyceae","Peridiniales","Peridiniaceae","Scrippsiella","Scrippsiella acuminata",FALSE,,,,,,FALSE,TRUE,FALSE,,,,"single-cell"
232516,"Myzozoa","Dinophyceae","Prorocentrales","Prorocentraceae","Mesoporos","Mesoporos perforatus",FALSE,,,,,,FALSE,TRUE,FALSE,,,,"single-cell"
110291,"Myzozoa","Dinophyceae","Prorocentrales","Prorocentraceae","Prorocentrum","Prorocentrum aporum",FALSE,,,,,,FALSE,TRUE,FALSE,,,,"single-cell"
110293,"Myzozoa","Dinophyceae","Prorocentrales","Prorocentraceae","Prorocentrum","Prorocentrum balticum",FALSE,,,,,,FALSE,TRUE,FALSE,,,,"single-cell"
232376,"Myzozoa","Dinophyceae","Prorocentrales","Prorocentraceae","Prorocentrum","Prorocentrum cordatum",FALSE,,,,,,FALSE,TRUE,FALSE,,,,"single-cell"
110300,"Myzozoa","Dinophyceae","Prorocentrales","Prorocentraceae","Prorocentrum","Prorocentrum gracile",FALSE,,,,,,FALSE,TRUE,FALSE,,,,"single-cell"
110303,"Myzozoa","Dinophyceae","Prorocentrales","Prorocentraceae","Prorocentrum","Prorocentrum micans",FALSE,,,,,,FALSE,TRUE,FALSE,,,,"single-cell"
110316,"Myzozoa","Dinophyceae","Prorocentrales","Prorocentraceae","Prorocentrum","Prorocentrum triestinum",FALSE,,,,,,FALSE,TRUE,FALSE,,,,"single-cell"
110324,"Myzozoa","Dinophyceae","Pyrocystales","Pyrocystaceae","Dissodinium","Dissodinium pseudocalani",FALSE,,,,,,FALSE,TRUE,FALSE,,,,"single-cell"
110325,"Myzozoa","Dinophyceae","Pyrocystales","Pyrocystaceae","Dissodinium","Dissodinium pseudolunula",FALSE,,,,,,FALSE,TRUE,FALSE,,,,"single-cell"
123776,"Echinodermata","Asteroidea","Forcipulatida","Asteriidae","Asterias","Asterias rubens",FALSE,,,,,,FALSE,TRUE,FALSE,,,"common sea star, étoile de mer","starfish"
125158,"Echinodermata","Asteroidea","Forcipulatida","Asteriidae","Leptasterias","Leptasterias (Leptasterias) muelleri",FALSE,,,,,,FALSE,TRUE,FALSE,,,,"starfish"
123803,"Echinodermata","Asteroidea","Forcipulatida","Asteriidae","Marthasterias","Marthasterias glacialis",FALSE,,,,,,FALSE,TRUE,FALSE,,,"spiny starfish, astérie","starfish"
124154,"Echinodermata","Asteroidea","Valvatida","Solasteridae","Crossaster","Crossaster papposus",FALSE,,,,,,FALSE,TRUE,FALSE,,,"common sun star","starfish"
124287,"Echinodermata","Echinoidea","Camarodonta","Echinidae","Echinus","Echinus esculentus",FALSE,,,,,,FALSE,TRUE,FALSE,"LR/nt","LR/nt","edible sea urchin, oursin globuleux","starfish"
532031,"Echinodermata","Echinoidea","Camarodonta","Echinidae","Gracilechinus","Gracilechinus acutus",FALSE,,,,,,FALSE,TRUE,FALSE,,,,"starfish"
124319,"Echinodermata","Echinoidea","Camarodonta","Parechinidae","Psammechinus","Psammechinus miliaris",FALSE,,,,,,FALSE,TRUE,FALSE,,,"green sea urchin, petit oursin vert","starfish"
124404,"Echinodermata","Echinoidea","Spatangoida","Schizasteridae","Brisaster","Brisaster fragilis",FALSE,,,,,,FALSE,TRUE,FALSE,,,"delicate heart sea urchin, oursin délicat","starfish"
124373,"Echinodermata","Echinoidea","Spatangoida","Brissidae","Brissopsis","Brissopsis lyrifera",FALSE,,,,,,FALSE,TRUE,FALSE,,,"heart urchin","starfish"
124455,"Echinodermata","Holothuroidea","Apodida","Synaptidae","Labidoplax","Labidoplax buskii",FALSE,,,,,,FALSE,TRUE,FALSE,,,,"starfish"
125057,"Echinodermata","Ophiuroidea","Amphilepidida","Amphilepididae","Amphilepis","Amphilepis norvegica",FALSE,,,,,,FALSE,TRUE,FALSE,,,,"starfish"
125073,"Echinodermata","Ophiuroidea","Amphilepidida","Amphiuridae","Amphiura","Amphiura chiajei",FALSE,,,,,,FALSE,TRUE,FALSE,,,"brittlestar","starfish"
125190,"Echinodermata","Ophiuroidea","Ophiurida","Ophiuridae","Ophiura","Ophiura (Dictenophiura) carnea",FALSE,,,,,,FALSE,TRUE,FALSE,,,,"starfish"
137427,"Annelida","Clitellata","Enchytraeida","Enchytraeidae","Lumbricillus","Lumbricillus buelowi",FALSE,,,,,,FALSE,TRUE,FALSE,,,,"worms"
137433,"Annelida","Clitellata","Enchytraeida","Enchytraeidae","Lumbricillus","Lumbricillus helgolandicus",FALSE,,,,,,FALSE,TRUE,FALSE,,,,"worms"
1037490,"Annelida","Clitellata","Enchytraeida","Enchytraeidae","Lumbricillus","Lumbricillus scandicus",FALSE,,,,,,FALSE,TRUE,FALSE,,,,"worms"
137470,"Annelida","Clitellata","Enchytraeida","Enchytraeidae","Marionina","Marionina southerni",FALSE,,,,,,FALSE,TRUE,FALSE,,,,"worms"
137471,"Annelida","Clitellata","Enchytraeida","Enchytraeidae","Marionina","Marionina spicula",FALSE,,,,,,FALSE,TRUE,FALSE,,,,"worms"
416520,"Annelida","Clitellata","Enchytraeida","Enchytraeidae","Mesenchytraeus","Mesenchytraeus armatus",FALSE,,,,,,FALSE,TRUE,FALSE,,,,"worms"
177538,"Annelida","Clitellata","Lumbriculida","Lumbriculidae","Lumbriculus","Lumbriculus variegatus",FALSE,,,,,,FALSE,TRUE,FALSE,,,"blackworm","worms"
137507,"Annelida","Clitellata","Tubificida","Naididae","Aktedrilus","Aktedrilus monospermathecus",FALSE,,,,,,FALSE,TRUE,FALSE,,,,"worms"
137483,"Annelida","Clitellata","Tubificida","Naididae","Paranais","Paranais botniensis",FALSE,,,,,,FALSE,TRUE,FALSE,,,,"worms"
137544,"Annelida","Clitellata","Tubificida","Naididae","Spiridion","Spiridion modricensis",FALSE,,,,,,FALSE,TRUE,FALSE,,,,"worms"
137547,"Annelida","Clitellata","Tubificida","Naididae","Thalassodrilus","Thalassodrilus prostatus",FALSE,,,,,,FALSE,TRUE,FALSE,,,,"worms"
137569,"Annelida","Clitellata","Tubificida","Naididae","Tubifex","Tubifex tubifex",FALSE,,,,,,FALSE,TRUE,FALSE,,,"river worm","worms"
129837,"Annelida","Polychaeta","Amphinomida","Amphinomidae","Paramphinome","Paramphinome jeffreysii",FALSE,,,,,,FALSE,TRUE,FALSE,,,,"worms"
146469,"Annelida","Polychaeta","Eunicida","Lumbrineridae","Abyssoninoe","Abyssoninoe hibernica",FALSE,,,,,,FALSE,TRUE,FALSE,,,,"worms"
130225,"Annelida","Polychaeta","Eunicida","Lumbrineridae","Augeneria","Augeneria tentaculata",FALSE,,,,,,FALSE,TRUE,FALSE,,,,"worms"
130476,"Annelida","Polychaeta","Eunicida","Onuphidae","Paradiopatra","Paradiopatra fiordica",FALSE,,,,,,FALSE,TRUE,FALSE,,,,"worms"
130480,"Annelida","Polychaeta","Eunicida","Onuphidae","Paradiopatra","Paradiopatra quadricuspis",FALSE,,,,,,FALSE,TRUE,FALSE,,,,"worms"
130041,"Annelida","Polychaeta","Eunicida","Dorvilleidae","Protodorvillea","Protodorvillea kefersteini",FALSE,,,,,,FALSE,TRUE,FALSE,,,,"worms"
547398,"Annelida","Polychaeta","Phyllodocida","Nephtyidae","Aglaophamus","Aglaophamus pulcher",FALSE,,,,,,FALSE,TRUE,FALSE,,,,"worms"
234851,"Annelida","Polychaeta","Phyllodocida","Nereididae","Alitta","Alitta virens",FALSE,,,,,,FALSE,TRUE,FALSE,,,"sandworm","worms"
129840,"Annelida","Polychaeta","Phyllodocida","Aphroditidae","Aphrodita","Aphrodita aculeata",FALSE,,,,,,FALSE,TRUE,FALSE,,,"sea mouse, aphrodite","worms"
130733,"Annelida","Polychaeta","Phyllodocida","Polynoidae","Bylgides","Bylgides groenlandicus",FALSE,,,,,,FALSE,TRUE,FALSE,,,,"worms"
130735,"Annelida","Polychaeta","Phyllodocida","Polynoidae","Bylgides","Bylgides sarsi",FALSE,,,,,,FALSE,TRUE,FALSE,,,,"worms"
130367,"Annelida","Polychaeta","Phyllodocida","Nereididae","Ceratocephale","Ceratocephale loveni",FALSE,,,,,,FALSE,TRUE,FALSE,,,,"worms"
130696,"Annelida","Polychaeta","Phyllodocida","Pilargidae","Glyphohesione","Glyphohesione klatti",FALSE,,,,,,FALSE,TRUE,FALSE,,,,"worms"
130140,"Annelida","Polychaeta","Phyllodocida","Goniadidae","Goniada","Goniada maculata",FALSE,,,,,,FALSE,TRUE,FALSE,,,,"worms"
131069,"Annelida","Polychaeta","Phyllodocida","Sigalionidae","Neoleanira","Neoleanira tetragona",FALSE,,,,,,FALSE,TRUE,FALSE,,,,"worms"
130360,"Annelida","Polychaeta","Phyllodocida","Nephtyidae","Nephtys","Nephtys hystricis",FALSE,,,,,,FALSE,TRUE,FALSE,,,,"worms"
130365,"Annelida","Polychaeta","Phyllodocida","Nephtyidae","Nephtys","Nephtys paradoxa",FALSE,,,,,,FALSE,TRUE,FALSE,,,,"worms"
130185,"Annelida","Polychaeta","Phyllodocida","Hesionidae","Nereimyra","Nereimyra punctata",FALSE,,,,,,FALSE,TRUE,FALSE,,,,"worms"
710680,"Annelida","Polychaeta","Phyllodocida","Hesionidae","Oxydromus","Oxydromus flexuosus",FALSE,,,,,,FALSE,TRUE,FALSE,,,,"worms"
852864,"Annelida","Polychaeta","Phyllodocida","Syllidae","Parexogone","Parexogone longicirris",FALSE,,,,,,FALSE,TRUE,FALSE,,,,"worms"
130604,"Annelida","Polychaeta","Phyllodocida","Sigalionidae","Pholoe","Pholoe pallida",FALSE,,,,,,FALSE,TRUE,FALSE,,,,"worms"
130699,"Annelida","Polychaeta","Phyllodocida","Pilargidae","Pilargis","Pilargis papillata",FALSE,,,,,,FALSE,TRUE,FALSE,,,,"worms"
130906,"Annelida","Polychaeta","Sabellida","Sabellidae","Euchone","Euchone papillosa",FALSE,,,,,,FALSE,TRUE,FALSE,,,,"worms"
555935,"Annelida","Polychaeta","Sabellida","Serpulidae","Spirobranchus","Spirobranchus triqueter",FALSE,,,,,,FALSE,TRUE,FALSE,,,,"worms"
334842,"Annelida","Polychaeta","Sabellida","Serpulidae","Spirorbis","Spirorbis (Spirorbis) spirorbis",FALSE,,,,,,FALSE,TRUE,FALSE,,,"spirorbe boréal","worms"
131126,"Annelida","Polychaeta","Spionida","Spionidae","Laonice","Laonice appelloefi",FALSE,,,,,,FALSE,TRUE,FALSE,,,,"worms"
131129,"Annelida","Polychaeta","Spionida","Spionidae","Laonice","Laonice sarsi",FALSE,,,,,,FALSE,TRUE,FALSE,,,,"worms"
131153,"Annelida","Polychaeta","Spionida","Spionidae","Prionospio","Prionospio cirrifera",FALSE,,,,,,FALSE,TRUE,FALSE,,,,"worms"
131155,"Annelida","Polychaeta","Spionida","Spionidae","Prionospio","Prionospio dubia",FALSE,,,,,,FALSE,TRUE,FALSE,,,,"worms"
131188,"Annelida","Polychaeta","Spionida","Spionidae","Spiophanes","Spiophanes kroyeri",FALSE,,,,,,FALSE,TRUE,FALSE,,,,"worms"
129788,"Annelida","Polychaeta","Terebellida","Ampharetidae","Amythasides","Amythasides macroglossus",FALSE,,,,,,FALSE,TRUE,FALSE,,,,"worms"
332976,"Annelida","Polychaeta","Terebellida","Ampharetidae","Anobothrus","Anobothrus laubieri",FALSE,,,,,,FALSE,TRUE,FALSE,,,,"worms"
1355594,"Annelida","Polychaeta","Terebellida","Flabelligeridae","Bradabyssa","Bradabyssa villosa",FALSE,,,,,,FALSE,TRUE,FALSE,,,,"worms"
129955,"Annelida","Polychaeta","Terebellida","Cirratulidae","Chaetozone","Chaetozone setosa",FALSE,,,,,,FALSE,TRUE,FALSE,,,,"worms"
130100,"Annelida","Polychaeta","Terebellida","Flabelligeridae","Diplocirrus","Diplocirrus glaucus",FALSE,,,,,,FALSE,TRUE,FALSE,,,,"worms"
129792,"Annelida","Polychaeta","Terebellida","Ampharetidae","Eclysippe","Eclysippe vanelli",FALSE,,,,,,FALSE,TRUE,FALSE,,,,"worms"
1318022,"Annelida","Polychaeta","Terebellida","Cirratulidae","Kirkegaardia","Kirkegaardia serrata",FALSE,,,,,,FALSE,TRUE,FALSE,,,,"worms"
334417,"Annelida","Polychaeta","Terebellida","Pectinariidae","Pectinaria","Pectinaria belgica",FALSE,,,,,,FALSE,TRUE,FALSE,,,,"worms"
1468928,"Annelida","Polychaeta","Terebellida","Flabelligeridae","Saphobranchia","Saphobranchia hirsuta",FALSE,,,,,,FALSE,TRUE,FALSE,,,,"worms"
131573,"Annelida","Polychaeta","Terebellida","Trichobranchidae","Terebellides","Terebellides stroemii",FALSE,,,,,,FALSE,TRUE,FALSE,,,,"worms"
129868,"Annelida","Polychaeta",,"Arenicolidae","Arenicola","Arenicola marina",FALSE,,,,,,FALSE,TRUE,FALSE,,,"lugworm, arénicole","worms"
130281,"Annelida","Polychaeta",,"Maldanidae","Clymenura","Clymenura borealis",FALSE,,,,,,FALSE,TRUE,FALSE,,,,"worms"
130292,"Annelida","Polychaeta",,"Maldanidae","Euclymene","Euclymene lindrothi",FALSE,,,,,,FALSE,TRUE,FALSE,,,,"worms"
129884,"Annelida","Polychaeta",,"Capitellidae","Heteromastus","Heteromastus filiformis",FALSE,,,,,,FALSE,TRUE,FALSE,,,"capitellid thread worm","worms"
130578,"Annelida","Polychaeta",,"Paraonidae","Levinsenia","Levinsenia gracilis",FALSE,,,,,,FALSE,TRUE,FALSE,,,,"worms"
130542,"Annelida","Polychaeta",,"Oweniidae","Myriochele","Myriochele heeri",FALSE,,,,,,FALSE,TRUE,FALSE,,,,"worms"
390394,"Annelida","Polychaeta",,"Oweniidae","Myrioglobula","Myrioglobula malmgreni",FALSE,,,,,,FALSE,TRUE,FALSE,,,,"worms"
130581,"Annelida","Polychaeta",,"Paraonidae","Paradoneis","Paradoneis eliasoni",FALSE,,,,,,FALSE,TRUE,FALSE,,,,"worms"
130585,"Annelida","Polychaeta",,"Paraonidae","Paradoneis","Paradoneis lyra",FALSE,,,,,,FALSE,TRUE,FALSE,,,,"worms"
130331,"Annelida","Polychaeta",,"Maldanidae","Rhodine","Rhodine loveni",FALSE,,,,,,FALSE,TRUE,FALSE,,,,"worms"
129924,"Annelida","Polychaeta",,"Chaetopteridae","Spiochaetopterus","Spiochaetopterus typicus",FALSE,,,,,,FALSE,TRUE,FALSE,,,,"worms"
136060,"Annelida",,"Sipuncula","Golfingiidae","Nephasoma","Nephasoma (Nephasoma) minutum",FALSE,,,,,,FALSE,TRUE,FALSE,,,,"worms"
424622,"Annelida",,"Sipuncula","Golfingiidae","Onchnesoma","Onchnesoma steenstrupii",FALSE,,,,,,FALSE,TRUE,FALSE,,,,"worms"
148407,"Arthropoda","Branchiopoda","Anomopoda","Chydoridae","Acroperus","Acroperus harpae",FALSE,,,,,,FALSE,TRUE,FALSE,,,"common duck waterflea",
412807,"Arthropoda","Branchiopoda","Anomopoda","Chydoridae","Alona","Alona affinis",FALSE,,,,,,FALSE,TRUE,FALSE,,,,
148406,"Arthropoda","Branchiopoda","Anomopoda","Chydoridae","Chydorus","Chydorus sphaericus",FALSE,,,,,,FALSE,TRUE,FALSE,,,"common ball waterflea",
148373,"Arthropoda","Branchiopoda","Anomopoda","Daphniidae","Daphnia","Daphnia longispina",FALSE,,,,,,FALSE,TRUE,FALSE,,,"long-tailed waterflea",
412813,"Arthropoda","Branchiopoda","Anomopoda","Eurycercidae","Eurycercus","Eurycercus lamellatus",FALSE,,,,,,FALSE,TRUE,FALSE,,,"giant crawling waterflea",
160273,"Arthropoda","Branchiopoda","Ctenopoda","Holopediidae","Holopedium","Holopedium gibberum",FALSE,,,,,,FALSE,TRUE,FALSE,,,"jelly waterflea",
409915,"Arthropoda","Branchiopoda","Onychopoda","Polyphemidae","Polyphemus","Polyphemus pediculus",FALSE,,,,,,FALSE,TRUE,FALSE,,,"predatory giant-eyed waterflea",
709574,"Arthropoda","Hexapoda","Coleoptera","Staphylinidae","Omalium","Omalium laeviusculum",FALSE,,,,,,FALSE,TRUE,FALSE,,,,
494273,"Arthropoda","Hexapoda","Hemiptera","Corixidae","Callicorixa","Callicorixa producta",FALSE,,,,,,FALSE,TRUE,FALSE,,,,
778960,"Arthropoda","Ostracoda","Palaeocopida","Aparchitidae","Cyathus","Cyathus striatus",FALSE,,,,,,FALSE,TRUE,FALSE,,,,
394531,"Arthropoda","Symphyla",,"Scolopendrellidae","Symphylella","Symphylella vulgaris",FALSE,,,,,,FALSE,TRUE,FALSE,,,,
106210,"Arthropoda","Thecostraca","Balanomorpha","Balanidae","Semibalanus","Semibalanus balanoides",FALSE,,,,,,FALSE,TRUE,FALSE,,,"barnacle, balane",
1456971,"Basidiomycota","Agaricomycetes","Agaricales","Agaricaceae","Amanita","Amanita muscaria",FALSE,,,,,,FALSE,TRUE,FALSE,,,,
1456973,"Basidiomycota","Agaricomycetes","Agaricales","Agaricaceae","Amanita","Amanita phalloides",FALSE,,,,,,FALSE,TRUE,FALSE,,,,
437702,"Basidiomycota","Agaricomycetes","Agaricales","Marasmiaceae","Henningsomyces","Henningsomyces candidus",FALSE,,,,,,FALSE,TRUE,FALSE,,,,
382471,"Bryophyta","Bryopsida","Dicranales","Dicranaceae","Dicranum","Dicranum scoparium",FALSE,,,,,,FALSE,TRUE,FALSE,,,"broom fork-moss",
232069,"Ciliophora","Litostomatea","Cyclotrichiida","Mesodiniidae","Mesodinium","Mesodinium rubrum",FALSE,,,,,,FALSE,TRUE,FALSE,,,,
417328,"Ciliophora","Litostomatea","Haptorida","Didiniidae","Didinium","Didinium nasutum",FALSE,,,,,,FALSE,TRUE,FALSE,,,,
183556,"Ciliophora","Oligotrichea","Choreotrichida","Ascampbelliellidae","Acanthostomella","Acanthostomella norvegica",FALSE,,,,,,FALSE,TRUE,FALSE,,,,
183557,"Ciliophora","Oligotrichea","Choreotrichida","Eutintinnidae","Eutintinnus","Eutintinnus elongatus",FALSE,,,,,,FALSE,TRUE,FALSE,,,,
417184,"Ciliophora","Oligotrichea","Choreotrichida","Metacylididae","Helicostomella","Helicostomella fusiformis",FALSE,,,,,,FALSE,TRUE,FALSE,,,,
240437,"Ciliophora","Oligotrichea","Choreotrichida","Metacylididae","Helicostomella","Helicostomella subulata",FALSE,,,,,,FALSE,TRUE,FALSE,,,,
625430,"Ciliophora","Oligotrichea","Choreotrichida","Tintinnidiidae","Leprotintinnus","Leprotintinnus pellucidus",FALSE,,,,,,FALSE,TRUE,FALSE,,,,
254723,"Ciliophora","Oligotrichea","Choreotrichida","Xystonellidae","Parafavella","Parafavella denticulata",FALSE,,,,,,FALSE,TRUE,FALSE,,,,
345883,"Ciliophora","Oligotrichea","Choreotrichida","Ptychocylididae","Ptychocylis","Ptychocylis urnula",FALSE,,,,,,FALSE,TRUE,FALSE,,,,
417228,"Ciliophora","Oligotrichea","Choreotrichida","Tintinnidae","Salpingella","Salpingella acuminata",FALSE,,,,,,FALSE,TRUE,FALSE,,,,
235758,"Ciliophora","Oligotrichea","Choreotrichida","Codonellopsidae","Stenosemella","Stenosemella ventricosa",FALSE,,,,,,FALSE,TRUE,FALSE,,,,
163782,"Ciliophora","Oligotrichea","Choreotrichida","Codonellidae","Tintinnopsis","Tintinnopsis beroidea",FALSE,,,,,,FALSE,TRUE,FALSE,,,,
163913,"Ciliophora","Oligotrichea","Choreotrichida","Codonellidae","Tintinnopsis","Tintinnopsis campanula",FALSE,,,,,,FALSE,TRUE,FALSE,,,,
106305,"Cryptophyta","Cryptophyceae","Pyrenomonadales","Geminigeraceae","Teleaulax","Teleaulax acuta",FALSE,,,,,,FALSE,TRUE,FALSE,,,,
119077,"Cryptophyta","Cryptophyta incertae sedis",,"Katablepharidaceae","Leucocryptos","Leucocryptos marina",FALSE,,,,,,FALSE,TRUE,FALSE,,,,
118075,"Cryptophyta","Telonemea","Telonemida",,"Telonema","Telonema subtile",FALSE,,,,,,FALSE,TRUE,FALSE,,,,
110652,"Euglenozoa","Euglenoidea","Eutreptiida","Eutreptiaceae","Eutreptiella","Eutreptiella gymnastica",FALSE,,,,,,FALSE,TRUE,FALSE,,,,
146166,"Euglenozoa","Kinetoplastea",,,"Hemistasia","Hemistasia phaeocysticola",FALSE,,,,,,FALSE,TRUE,FALSE,,,,
417865,"Foraminifera","Nodosariata","Polymorphinida","Ellipsolagenidae","Cushmanina","Cushmanina striatopunctata",FALSE,,,,,,FALSE,TRUE,FALSE,,,,
493509,"Radiozoa","Polycystina","Nassellaria","Plagiacanthidae","Amphiplecta","Amphiplecta acrostoma",FALSE,,,,,,FALSE,TRUE,FALSE,,,,
413014,"Radiozoa","Polycystina","Nassellaria","Pterocorythidae","Androcyclas","Androcyclas gamphonycha",FALSE,,,,,,FALSE,TRUE,FALSE,,,,
493516,"Radiozoa","Polycystina","Nassellaria","Plagiacanthidae","Arachnocorys","Arachnocorys umbellifera",FALSE,,,,,,FALSE,TRUE,FALSE,,,,
493522,"Radiozoa","Polycystina","Nassellaria","Plagiacanthidae","Ceratocyrtis","Ceratocyrtis galeus",FALSE,,,,,,FALSE,TRUE,FALSE,,,,
413101,"Radiozoa","Polycystina","Nassellaria","Trissocyclidae","Ceratospyris","Ceratospyris hyperborea",FALSE,,,,,,FALSE,TRUE,FALSE,,,,
367388,"Radiozoa","Polycystina","Nassellaria","Plagiacanthidae","Cladoscenium","Cladoscenium tricolpium",FALSE,,,,,,FALSE,TRUE,FALSE,,,,
410037,"Radiozoa","Polycystina","Nassellaria","Theoperidae","Cycladophora","Cycladophora davisiana",FALSE,,,,,,FALSE,TRUE,FALSE,,,,
413103,"Radiozoa","Polycystina","Nassellaria","Theoperidae","Eucyrtidium","Eucyrtidium calvertense",FALSE,,,,,,FALSE,TRUE,FALSE,,,,
345829,"Radiozoa","Polycystina","Nassellaria","Plagiacanthidae","Lithomelissa","Lithomelissa setosa",FALSE,,,,,,FALSE,TRUE,FALSE,,,,
345901,"Radiozoa","Polycystina","Nassellaria","Plagiacanthidae","Phormacantha","Phormacantha hystrix",FALSE,,,,,,FALSE,TRUE,FALSE,,,,
345914,"Radiozoa","Polycystina","Nassellaria","Plagiacanthidae","Plagiacantha","Plagiacantha arachnoides",FALSE,,,,,,FALSE,TRUE,FALSE,,,,
493570,"Radiozoa","Polycystina","Nassellaria","Plagiacanthidae","Pseudodictyophimus","Pseudodictyophimus gracilipes",FALSE,,,,,,FALSE,TRUE,FALSE,,,,
346135,"Radiozoa","Polycystina","Nassellaria","Theoperidae","Stichocorys","Stichocorys seriata",FALSE,,,,,,FALSE,TRUE,FALSE,,,,
413047,"Radiozoa","Polycystina","Spumellaria","Actinommidae","Actinomma","Actinomma boreale",FALSE,,,,,,FALSE,TRUE,FALSE,,,,
409622,"Radiozoa","Polycystina","Spumellaria","Actinommidae","Actinomma","Actinomma leptodermum",FALSE,,,,,,FALSE,TRUE,FALSE,,,,
493301,"Radiozoa","Polycystina","Spumellaria","Actinommidae","Arachnosphaera","Arachnosphaera dichotoma",FALSE,,,,,,FALSE,TRUE,FALSE,,,,
493318,"Radiozoa","Polycystina","Spumellaria","Actinommidae","Cladococcus","Cladococcus viminalis",FALSE,,,,,,FALSE,TRUE,FALSE,,,,
493340,"Radiozoa","Polycystina","Spumellaria","Actinommidae","Gonosphaera","Gonosphaera primordialis",FALSE,,,,,,FALSE,TRUE,FALSE,,,,
385291,"Radiozoa","Polycystina","Spumellaria","Actinommidae","Hexacontium","Hexacontium enthacanthum",FALSE,,,,,,FALSE,TRUE,FALSE,,,,
345897,"Radiozoa","Polycystina","Spumellaria","Actinommidae","Hexacontium","Hexacontium pachydermum",FALSE,,,,,,FALSE,TRUE,FALSE,,,,
493595,"Radiozoa","Polycystina","Spumellaria","Pyloniidae","Phorticium","Phorticium clevei",FALSE,,,,,,FALSE,TRUE,FALSE,,,,
493600,"Radiozoa","Polycystina","Spumellaria","Pyloniidae","Streblacantha","Streblacantha circumtexta",FALSE,,,,,,FALSE,TRUE,FALSE,,,,
413068,"Radiozoa","Polycystina","Spumellaria","Spongodiscidae","Stylodictya","Stylodictya tenuispina",FALSE,,,,,,FALSE,TRUE,FALSE,,,,
145795,"Tracheophyta","Magnoliopsida","Alismatales","Zosteraceae","Zostera","Zostera subg. Zostera marina",FALSE,,,,,,FALSE,TRUE,FALSE,,,"eelgrass, zostère",
425785,"Tracheophyta","Magnoliopsida","Brassicales","Brassicaceae","Cochlearia","Cochlearia officinalis",FALSE,,,,,,FALSE,TRUE,FALSE,,,"common scurvygrass",
182769,"Tracheophyta","Magnoliopsida","Caryophyllales","Plumbaginaceae","Armeria","Armeria maritima",FALSE,,,,,,FALSE,TRUE,FALSE,,,"sea pink",
412894,"Tracheophyta","Magnoliopsida","Caryophyllales","Caryophyllaceae","Honckenya","Honckenya peploides",FALSE,,,,,,FALSE,TRUE,FALSE,,,"seaside sandplant",
577514,"Tracheophyta","Magnoliopsida","Poales","Poaceae","Anthoxanthum","Anthoxanthum nitens",FALSE,,,,,,FALSE,TRUE,FALSE,,,"vanilla grass",
577510,"Tracheophyta","Magnoliopsida","Poales","Poaceae","Avenella","Avenella flexuosa",FALSE,,,,,,FALSE,TRUE,FALSE,,,"wavy hairgrass",
577504,"Tracheophyta","Magnoliopsida","Poales","Cyperaceae","Carex","Carex mackenziei",FALSE,,,,,,FALSE,TRUE,FALSE,,,"Mackenzie's sedge",
577518,"Tracheophyta","Magnoliopsida","Poales","Cyperaceae","Eleocharis","Eleocharis uniglumis",FALSE,,,,,,FALSE,TRUE,FALSE,"LC","LC","onescale spikerush",
577506,"Tracheophyta","Magnoliopsida","Poales","Poaceae","Elymus","Elymus repens",FALSE,,,,,,FALSE,TRUE,FALSE,,,"quackgrass",
431962,"Tracheophyta","Magnoliopsida","Poales","Poaceae","Festuca","Festuca rubra",FALSE,,,,,,FALSE,TRUE,FALSE,,,"red fescue",
577515,"Tracheophyta","Magnoliopsida","Poales","Juncaceae","Juncus","Juncus filiformis",FALSE,,,,,,FALSE,TRUE,FALSE,"LC","LC","thread rush",
577519,"Tracheophyta","Magnoliopsida","Poales","Poaceae","Phleum","Phleum pratense",FALSE,,,,,,FALSE,TRUE,FALSE,,,"common timothy",
557444,"Tracheophyta","Magnoliopsida","Poales","Poaceae","Puccinellia","Puccinellia distans",FALSE,,,,,,FALSE,TRUE,FALSE,,,,
416216,"Tracheophyta","Magnoliopsida","Ranunculales","Ranunculaceae","Ranunculus","Ranunculus aquatilis",FALSE,,,,,,FALSE,TRUE,FALSE,"LC","LC","water crowfoot",
1523497,"Tracheophyta","Polypodiopsida","Equisetales","Equisetaceae","Equisetum","Equisetum arvense",FALSE,,,,,,FALSE,TRUE,FALSE,"LC","LC",,
118051,,"Ebriophyceae","Ebriales","Ebriaceae","Ebria","Ebria tripartita",FALSE,,,,,,FALSE,TRUE,FALSE,,,,
118073,,,,,"Solenicola","Solenicola setigera",FALSE,,,,,,FALSE,TRUE,FALSE,,,,
